Date: 2026-09-06 UTC
[08:15:33.175] weston 14.0.1
               https://wayland.freedesktop.org
               Bug reports to: https://gitlab.freedesktop.org/wayland/weston/issues/
               Build: 14.0.1
[08:15:33.182] Command line: /root/udroid-weston-socket-v1/frontend/weston --backend=headless --renderer=gl --shell=desktop --no-config --gbm-allocator-socket=/tmp/kumquat-gpu-0 --gfxstream-presenter-icd=/opt/udroid/gfxstream/lib/libvulkan_gfxstream.so --socket=wayland-gfxstream-animated --width=720 --height=720 --idle-time=0 --log=/root/udroid-weston-socket-v1/weston-animated.log -- /usr/bin/weston-simple-shm
[08:15:33.183] OS: Linux, 6.1.157-android14-11-gbd23337e42e7-ab14791245, #1 SMP PREEMPT Wed Jan 28 05:34:14 UTC 2026, aarch64
[08:15:33.183] Flight recorder: enabled
[08:15:33.184] Starting with no config file.
[08:15:33.188] Output repaint window is 7 ms maximum.
[08:15:33.192] Loading module '/root/udroid-weston-socket-v1/libweston/backend-headless/headless-backend.so'
[08:15:33.512] Loading module '/root/udroid-weston-contract/libweston/renderer-gl/gl-renderer.so'
[08:15:33.722] warning: failed to query rendering device from EGL
[08:15:33.743] Using external GBM allocator backend: gfxstream
[08:15:33.743] EGL version: 1.5
[08:15:33.743] EGL vendor: Mesa Project
[08:15:33.743] EGL client APIs: OpenGL OpenGL_ES 
[08:15:33.743] EGL features:
               EGL Wayland extension: no
               context priority: no
               buffer age: no
               partial update: yes
               swap buffers with damage: no
               configless context: yes
               surfaceless context: yes
               dmabuf support: modifiers
[08:15:33.765] GL version: OpenGL ES 2.0 Mesa 25.0.7
[08:15:33.765] GLSL version: OpenGL ES GLSL ES 1.0.16
[08:15:33.765] GL vendor: Mesa
[08:15:33.765] GL renderer: zink Vulkan 1.4(Virtio-GPU GFXStream (Mali-G78) (Driver Unknown))
[08:15:33.785] GL ES 2.0 - renderer features:
               read-back format: ARGB8888
               glReadPixels supports y-flip: yes
               glReadPixels supports PBO: yes
               wl_shm 10 bpc formats: yes
               wl_shm 16 bpc formats: no
               wl_shm half-float formats: no
               internal R and RG formats: yes
               OES_EGL_image_external: yes
[08:15:33.785] Using GL renderer
[08:15:33.786] Registered plugin API 'weston_windowed_output_api_headless_v2' of size 16
[08:15:33.786] Color manager: no-op
                 protocol support: no
[08:15:33.786] Output 'headless' attempts EOTF mode SDR and colorimetry mode default.
[08:15:33.786] Output 'headless' using color profile: stock sRGB color profile
[08:15:33.853] Direct gfxstream output enabled with 6 slots.
[08:15:33.853] Output 'headless' enabled with head(s) headless
[08:15:33.853] Compositor capabilities:
               arbitrary surface rotation: yes
               screen capture uses y-flip: yes
               cursor planes: no
               arbitrary resolutions: no
               view mask clipping: yes
               explicit sync: yes
               color operations: no
               presentation clock: CLOCK_MONOTONIC_RAW, id 4
               presentation clock resolution: 0.000000001 s
[08:15:33.857] Loading module '/usr/lib/aarch64-linux-gnu/weston/desktop-shell.so'
[08:15:33.859] launching '/usr/local/libexec/weston-keyboard'
[08:15:33.862] launching '/usr/local/libexec/weston-desktop-shell'
[08:15:36.320] GL repaint stages at frame 120 (avg/max us): use-output=7/28 setup=18/35 draw=118/3246 create-sync=11542/128302 flush=6/22 post=4/24 total=8073
[08:15:36.329] gfxstream output: presents=120 releases=120 present-us(avg/max)=1274/4365 release-signal-after-response-us(avg/max)=3561/22727 no-free-slot=0.
[08:15:36.330] gfxstream cadence: inter-repaint-us(avg/max)=20535/259545 finish-interval-us(avg/max)=19370/245196 finish-late-us(avg/max)=0/0 finish-to-repaint-us(avg/max)=3226/240305.
[08:15:36.332] gfxstream repaint: full-us(avg/max)=14242/132474 renderer-us(avg/max)=11720/131616 fence-us(avg/max)=1205/3628 remainder-us(avg/max)=42/206 thread-cpu/wall-window-us=394973/1709143.
[08:15:36.333] gfxstream inter-present buckets (n=119): upper-bound-ms=8.3/16.7/25/33.3/50/>50 counts=1/69/42/2/1/4.
[08:15:38.618] GL repaint stages at frame 240 (avg/max us): use-output=7/28 setup=21/148 draw=110/3246 create-sync=11488/128302 flush=6/24 post=4/24 total=9804
[08:15:38.627] gfxstream output: presents=240 releases=240 present-us(avg/max)=1404/4365 release-signal-after-response-us(avg/max)=3658/22727 no-free-slot=0.
[08:15:38.628] gfxstream cadence: inter-repaint-us(avg/max)=19829/259545 finish-interval-us(avg/max)=19258/245196 finish-late-us(avg/max)=0/0 finish-to-repaint-us(avg/max)=2249/240305.
[08:15:38.629] gfxstream repaint: full-us(avg/max)=14451/132474 renderer-us(avg/max)=11658/131616 fence-us(avg/max)=1342/4530 remainder-us(avg/max)=45/214 thread-cpu/wall-window-us=407596/1759227.
[08:15:38.630] gfxstream inter-present buckets (n=239): upper-bound-ms=8.3/16.7/25/33.3/50/>50 counts=2/128/94/5/1/9.
[08:15:40.937] GL repaint stages at frame 360 (avg/max us): use-output=7/28 setup=22/148 draw=110/3246 create-sync=11502/128302 flush=7/42 post=4/34 total=9385
[08:15:40.945] gfxstream output: presents=360 releases=360 present-us(avg/max)=1457/6137 release-signal-after-response-us(avg/max)=3669/22727 no-free-slot=0.
[08:15:40.946] gfxstream cadence: inter-repaint-us(avg/max)=19662/259545 finish-interval-us(avg/max)=19277/245196 finish-late-us(avg/max)=0/0 finish-to-repaint-us(avg/max)=1953/240305.
[08:15:40.947] gfxstream repaint: full-us(avg/max)=14559/132474 renderer-us(avg/max)=11675/131616 fence-us(avg/max)=1376/5052 remainder-us(avg/max)=49/879 thread-cpu/wall-window-us=412606/1772889.
[08:15:40.947] gfxstream inter-present buckets (n=359): upper-bound-ms=8.3/16.7/25/33.3/50/>50 counts=3/180/154/7/2/13.
[08:15:43.236] GL repaint stages at frame 480 (avg/max us): use-output=8/28 setup=22/148 draw=109/3246 create-sync=11432/128302 flush=7/42 post=4/34 total=10549
[08:15:43.247] gfxstream output: presents=480 releases=480 present-us(avg/max)=1472/6137 release-signal-after-response-us(avg/max)=3743/22727 no-free-slot=0.
[08:15:43.248] gfxstream cadence: inter-repaint-us(avg/max)=19534/259545 finish-interval-us(avg/max)=19254/245196 finish-late-us(avg/max)=0/0 finish-to-repaint-us(avg/max)=1786/240305.
[08:15:43.249] gfxstream repaint: full-us(avg/max)=14531/132474 renderer-us(avg/max)=11604/131616 fence-us(avg/max)=1403/7010 remainder-us(avg/max)=50/879 thread-cpu/wall-window-us=406779/1733682.
[08:15:43.249] gfxstream inter-present buckets (n=479): upper-bound-ms=8.3/16.7/25/33.3/50/>50 counts=3/234/215/7/2/18.
[08:15:45.576] GL repaint stages at frame 600 (avg/max us): use-output=8/28 setup=22/148 draw=107/3246 create-sync=11443/128302 flush=7/42 post=4/128 total=8348
[08:15:45.585] gfxstream output: presents=600 releases=600 present-us(avg/max)=1493/6137 release-signal-after-response-us(avg/max)=3801/22727 no-free-slot=0.
[08:15:45.586] gfxstream cadence: inter-repaint-us(avg/max)=19530/259545 finish-interval-us(avg/max)=19300/245196 finish-late-us(avg/max)=0/0 finish-to-repaint-us(avg/max)=1680/240305.
[08:15:45.587] gfxstream repaint: full-us(avg/max)=14576/132474 renderer-us(avg/max)=11612/131616 fence-us(avg/max)=1418/7010 remainder-us(avg/max)=50/879 thread-cpu/wall-window-us=411130/1770688.
[08:15:45.588] gfxstream inter-present buckets (n=599): upper-bound-ms=8.3/16.7/25/33.3/50/>50 counts=3/284/279/8/2/23.
[08:15:47.868] GL repaint stages at frame 720 (avg/max us): use-output=8/83 setup=22/163 draw=107/3246 create-sync=11429/128302 flush=7/42 post=4/128 total=11643
[08:15:47.877] gfxstream output: presents=720 releases=720 present-us(avg/max)=1505/6137 release-signal-after-response-us(avg/max)=3782/22727 no-free-slot=0.
[08:15:47.878] gfxstream cadence: inter-repaint-us(avg/max)=19454/259545 finish-interval-us(avg/max)=19266/245196 finish-late-us(avg/max)=0/0 finish-to-repaint-us(avg/max)=1614/240305.
[08:15:47.879] gfxstream repaint: full-us(avg/max)=14589/132474 renderer-us(avg/max)=11598/131616 fence-us(avg/max)=1434/12485 remainder-us(avg/max)=51/879 thread-cpu/wall-window-us=401540/1758741.
[08:15:47.880] gfxstream inter-present buckets (n=719): upper-bound-ms=8.3/16.7/25/33.3/50/>50 counts=3/349/326/11/2/28.
[08:15:50.098] GL repaint stages at frame 840 (avg/max us): use-output=8/171 setup=22/181 draw=106/3246 create-sync=11334/128302 flush=6/42 post=4/128 total=9133
[08:15:50.107] gfxstream output: presents=840 releases=840 present-us(avg/max)=1508/6137 release-signal-after-response-us(avg/max)=3790/22727 no-free-slot=0.
[08:15:50.108] gfxstream cadence: inter-repaint-us(avg/max)=19333/259545 finish-interval-us(avg/max)=19169/245196 finish-late-us(avg/max)=0/0 finish-to-repaint-us(avg/max)=1567/240305.
[08:15:50.109] gfxstream repaint: full-us(avg/max)=14506/132474 renderer-us(avg/max)=11502/131616 fence-us(avg/max)=1444/12485 remainder-us(avg/max)=51/879 thread-cpu/wall-window-us=398540/1681146.
[08:15:50.110] gfxstream inter-present buckets (n=839): upper-bound-ms=8.3/16.7/25/33.3/50/>50 counts=3/403/385/15/2/31.
[08:15:52.438] GL repaint stages at frame 960 (avg/max us): use-output=8/171 setup=22/181 draw=106/3246 create-sync=11384/128302 flush=6/42 post=4/128 total=8214
[08:15:52.445] gfxstream output: presents=960 releases=960 present-us(avg/max)=1518/13546 release-signal-after-response-us(avg/max)=3779/22727 no-free-slot=0.
[08:15:52.446] gfxstream cadence: inter-repaint-us(avg/max)=19355/259545 finish-interval-us(avg/max)=19208/245196 finish-late-us(avg/max)=0/0 finish-to-repaint-us(avg/max)=1535/240305.
[08:15:52.446] gfxstream repaint: full-us(avg/max)=14570/132474 renderer-us(avg/max)=11551/131616 fence-us(avg/max)=1450/12485 remainder-us(avg/max)=51/879 thread-cpu/wall-window-us=437686/1802429.
[08:15:52.447] gfxstream inter-present buckets (n=959): upper-bound-ms=8.3/16.7/25/33.3/50/>50 counts=5/460/437/19/2/36.
[08:15:54.398] GL repaint stages at frame 1080 (avg/max us): use-output=8/171 setup=22/181 draw=104/3246 create-sync=11172/128302 flush=6/42 post=4/128 total=8916
[08:15:54.407] gfxstream output: presents=1080 releases=1080 present-us(avg/max)=1509/13546 release-signal-after-response-us(avg/max)=3745/22727 no-free-slot=0.
[08:15:54.408] gfxstream cadence: inter-repaint-us(avg/max)=19018/259545 finish-interval-us(avg/max)=18891/245196 finish-late-us(avg/max)=0/0 finish-to-repaint-us(avg/max)=1509/240305.
[08:15:54.409] gfxstream repaint: full-us(avg/max)=14324/132474 renderer-us(avg/max)=11338/131616 fence-us(avg/max)=1426/12485 remainder-us(avg/max)=50/879 thread-cpu/wall-window-us=347558/1482077.
[08:15:54.410] gfxstream inter-present buckets (n=1079): upper-bound-ms=8.3/16.7/25/33.3/50/>50 counts=16/523/478/20/3/39.
[08:15:56.749] GL repaint stages at frame 1200 (avg/max us): use-output=8/171 setup=22/181 draw=104/3246 create-sync=11211/128302 flush=6/42 post=4/128 total=8814
[08:15:56.758] gfxstream output: presents=1200 releases=1200 present-us(avg/max)=1517/13546 release-signal-after-response-us(avg/max)=3760/22727 no-free-slot=0.
[08:15:56.759] gfxstream cadence: inter-repaint-us(avg/max)=19075/259545 finish-interval-us(avg/max)=18961/245196 finish-late-us(avg/max)=0/0 finish-to-repaint-us(avg/max)=1483/240305.
[08:15:56.760] gfxstream repaint: full-us(avg/max)=14387/132474 renderer-us(avg/max)=11376/131616 fence-us(avg/max)=1442/12485 remainder-us(avg/max)=50/879 thread-cpu/wall-window-us=424582/1794775.
[08:15:56.761] gfxstream inter-present buckets (n=1199): upper-bound-ms=8.3/16.7/25/33.3/50/>50 counts=16/575/539/22/3/44.
[08:15:58.927] GL repaint stages at frame 1320 (avg/max us): use-output=8/171 setup=21/181 draw=103/3246 create-sync=11163/128302 flush=6/42 post=4/128 total=9718
[08:15:58.938] gfxstream output: presents=1320 releases=1320 present-us(avg/max)=1509/13546 release-signal-after-response-us(avg/max)=3760/22727 no-free-slot=0.
[08:15:58.940] gfxstream cadence: inter-repaint-us(avg/max)=18990/259545 finish-interval-us(avg/max)=18888/245196 finish-late-us(avg/max)=0/0 finish-to-repaint-us(avg/max)=1466/240305.
[08:15:58.940] gfxstream repaint: full-us(avg/max)=14324/132474 renderer-us(avg/max)=11327/131616 fence-us(avg/max)=1437/12485 remainder-us(avg/max)=50/879 thread-cpu/wall-window-us=399860/1643639.
[08:15:58.941] gfxstream inter-present buckets (n=1319): upper-bound-ms=8.3/16.7/25/33.3/50/>50 counts=17/633/594/23/4/48.
[08:16:00.927] GL repaint stages at frame 1440 (avg/max us): use-output=8/171 setup=21/181 draw=102/3246 create-sync=11053/128302 flush=6/42 post=4/128 total=9234
[08:16:00.934] gfxstream output: presents=1440 releases=1440 present-us(avg/max)=1494/13546 release-signal-after-response-us(avg/max)=3721/22727 no-free-slot=0.
[08:16:00.934] gfxstream cadence: inter-repaint-us(avg/max)=18797/259545 finish-interval-us(avg/max)=18700/245196 finish-late-us(avg/max)=0/0 finish-to-repaint-us(avg/max)=1452/240305.
[08:16:00.935] gfxstream repaint: full-us(avg/max)=14185/132474 renderer-us(avg/max)=11216/131616 fence-us(avg/max)=1424/12485 remainder-us(avg/max)=49/879 thread-cpu/wall-window-us=345061/1517960.
[08:16:00.936] gfxstream inter-present buckets (n=1439): upper-bound-ms=8.3/16.7/25/33.3/50/>50 counts=19/707/632/25/5/51.
[08:16:03.090] GL repaint stages at frame 1560 (avg/max us): use-output=8/171 setup=21/181 draw=104/3246 create-sync=11025/128302 flush=6/42 post=4/128 total=17544
[08:16:03.100] gfxstream output: presents=1560 releases=1560 present-us(avg/max)=1495/13546 release-signal-after-response-us(avg/max)=3705/22727 no-free-slot=0.
[08:16:03.101] gfxstream cadence: inter-repaint-us(avg/max)=18732/259545 finish-interval-us(avg/max)=18650/245196 finish-late-us(avg/max)=0/0 finish-to-repaint-us(avg/max)=1438/240305.
[08:16:03.101] gfxstream repaint: full-us(avg/max)=14155/132474 renderer-us(avg/max)=11189/131616 fence-us(avg/max)=1420/12485 remainder-us(avg/max)=49/879 thread-cpu/wall-window-us=380161/1656740.
[08:16:03.102] gfxstream inter-present buckets (n=1559): upper-bound-ms=8.3/16.7/25/33.3/50/>50 counts=19/774/679/27/6/54.
[08:16:05.456] GL repaint stages at frame 1680 (avg/max us): use-output=8/171 setup=22/203 draw=104/3246 create-sync=11083/128302 flush=6/42 post=4/128 total=8299
[08:16:05.466] gfxstream output: presents=1680 releases=1680 present-us(avg/max)=1495/13546 release-signal-after-response-us(avg/max)=3716/22727 no-free-slot=0.
[08:16:05.467] gfxstream cadence: inter-repaint-us(avg/max)=18808/259545 finish-interval-us(avg/max)=18725/245196 finish-late-us(avg/max)=0/0 finish-to-repaint-us(avg/max)=1432/240305.
[08:16:05.468] gfxstream repaint: full-us(avg/max)=14221/132474 renderer-us(avg/max)=11248/131616 fence-us(avg/max)=1427/12485 remainder-us(avg/max)=50/879 thread-cpu/wall-window-us=431090/1808698.
[08:16:05.469] gfxstream inter-present buckets (n=1679): upper-bound-ms=8.3/16.7/25/33.3/50/>50 counts=19/824/741/30/6/59.
[08:16:07.839] GL repaint stages at frame 1800 (avg/max us): use-output=8/171 setup=22/203 draw=104/3246 create-sync=11129/128302 flush=6/42 post=4/128 total=8361
[08:16:07.847] gfxstream output: presents=1800 releases=1800 present-us(avg/max)=1496/13546 release-signal-after-response-us(avg/max)=3732/22727 no-free-slot=0.
[08:16:07.849] gfxstream cadence: inter-repaint-us(avg/max)=18878/259545 finish-interval-us(avg/max)=18801/245196 finish-late-us(avg/max)=0/0 finish-to-repaint-us(avg/max)=1425/240305.
[08:16:07.850] gfxstream repaint: full-us(avg/max)=14281/132474 renderer-us(avg/max)=11294/131616 fence-us(avg/max)=1440/12485 remainder-us(avg/max)=50/879 thread-cpu/wall-window-us=437069/1814848.
[08:16:07.851] gfxstream inter-present buckets (n=1799): upper-bound-ms=8.3/16.7/25/33.3/50/>50 counts=19/875/803/32/6/64.
[08:16:10.229] GL repaint stages at frame 1920 (avg/max us): use-output=8/171 setup=22/203 draw=104/3246 create-sync=11190/128302 flush=7/42 post=4/128 total=10494
[08:16:10.237] gfxstream output: presents=1920 releases=1920 present-us(avg/max)=1502/13546 release-signal-after-response-us(avg/max)=3734/22727 no-free-slot=0.
[08:16:10.238] gfxstream cadence: inter-repaint-us(avg/max)=18942/259545 finish-interval-us(avg/max)=18871/245196 finish-late-us(avg/max)=0/0 finish-to-repaint-us(avg/max)=1421/240305.
[08:16:10.239] gfxstream repaint: full-us(avg/max)=14347/132474 renderer-us(avg/max)=11354/131616 fence-us(avg/max)=1440/12485 remainder-us(avg/max)=50/879 thread-cpu/wall-window-us=428397/1840726.
[08:16:10.240] gfxstream inter-present buckets (n=1919): upper-bound-ms=8.3/16.7/25/33.3/50/>50 counts=19/931/858/36/6/69.
[08:16:12.543] GL repaint stages at frame 2040 (avg/max us): use-output=8/171 setup=22/203 draw=104/3246 create-sync=11195/128302 flush=7/42 post=4/128 total=8979
[08:16:12.551] gfxstream output: presents=2040 releases=2040 present-us(avg/max)=1508/13546 release-signal-after-response-us(avg/max)=3755/22727 no-free-slot=0.
[08:16:12.553] gfxstream cadence: inter-repaint-us(avg/max)=18963/259545 finish-interval-us(avg/max)=18895/245196 finish-late-us(avg/max)=0/0 finish-to-repaint-us(avg/max)=1412/240305.
[08:16:12.554] gfxstream repaint: full-us(avg/max)=14362/132474 renderer-us(avg/max)=11360/131616 fence-us(avg/max)=1443/12485 remainder-us(avg/max)=50/879 thread-cpu/wall-window-us=424436/1751816.
[08:16:12.555] gfxstream inter-present buckets (n=2039): upper-bound-ms=8.3/16.7/25/33.3/50/>50 counts=20/988/913/38/6/74.
[08:16:14.896] GL repaint stages at frame 2160 (avg/max us): use-output=8/171 setup=22/203 draw=104/3246 create-sync=11222/128302 flush=7/42 post=4/128 total=9170
[08:16:14.905] gfxstream output: presents=2160 releases=2160 present-us(avg/max)=1498/13546 release-signal-after-response-us(avg/max)=3776/22727 no-free-slot=0.
[08:16:14.906] gfxstream cadence: inter-repaint-us(avg/max)=18998/259545 finish-interval-us(avg/max)=18935/245196 finish-late-us(avg/max)=0/0 finish-to-repaint-us(avg/max)=1409/240305.
[08:16:14.907] gfxstream repaint: full-us(avg/max)=14386/132474 renderer-us(avg/max)=11387/131616 fence-us(avg/max)=1449/12485 remainder-us(avg/max)=50/879 thread-cpu/wall-window-us=411331/1774869.
[08:16:14.907] gfxstream inter-present buckets (n=2159): upper-bound-ms=8.3/16.7/25/33.3/50/>50 counts=20/1041/975/38/6/79.
[08:16:17.256] GL repaint stages at frame 2280 (avg/max us): use-output=8/171 setup=22/203 draw=104/3246 create-sync=11248/128302 flush=7/42 post=4/128 total=6234
[08:16:17.264] gfxstream output: presents=2280 releases=2280 present-us(avg/max)=1503/13546 release-signal-after-response-us(avg/max)=3782/22727 no-free-slot=0.
[08:16:17.265] gfxstream cadence: inter-repaint-us(avg/max)=19035/259545 finish-interval-us(avg/max)=18973/245196 finish-late-us(avg/max)=0/0 finish-to-repaint-us(avg/max)=1404/240305.
[08:16:17.266] gfxstream repaint: full-us(avg/max)=14421/132474 renderer-us(avg/max)=11413/131616 fence-us(avg/max)=1453/12485 remainder-us(avg/max)=50/879 thread-cpu/wall-window-us=428281/1806467.
[08:16:17.267] gfxstream inter-present buckets (n=2279): upper-bound-ms=8.3/16.7/25/33.3/50/>50 counts=20/1088/1041/39/8/83.
[08:16:19.583] GL repaint stages at frame 2400 (avg/max us): use-output=8/171 setup=22/203 draw=105/3246 create-sync=11248/128302 flush=7/42 post=4/128 total=12980
[08:16:19.593] gfxstream output: presents=2400 releases=2400 present-us(avg/max)=1504/13546 release-signal-after-response-us(avg/max)=3802/22727 no-free-slot=0.
[08:16:19.594] gfxstream cadence: inter-repaint-us(avg/max)=19050/259545 finish-interval-us(avg/max)=18995/245196 finish-late-us(avg/max)=0/0 finish-to-repaint-us(avg/max)=1398/240305.
[08:16:19.595] gfxstream repaint: full-us(avg/max)=14430/132474 renderer-us(avg/max)=11414/131616 fence-us(avg/max)=1461/12485 remainder-us(avg/max)=50/879 thread-cpu/wall-window-us=389668/1752106.
[08:16:19.596] gfxstream inter-present buckets (n=2399): upper-bound-ms=8.3/16.7/25/33.3/50/>50 counts=20/1143/1098/41/10/87.
[08:16:21.698] GL repaint stages at frame 2520 (avg/max us): use-output=8/171 setup=22/1119 draw=104/3246 create-sync=11216/128302 flush=7/42 post=4/128 total=8961
[08:16:21.708] gfxstream output: presents=2520 releases=2520 present-us(avg/max)=1500/13546 release-signal-after-response-us(avg/max)=3773/22727 no-free-slot=0.
[08:16:21.709] gfxstream cadence: inter-repaint-us(avg/max)=18983/259545 finish-interval-us(avg/max)=18929/245196 finish-late-us(avg/max)=0/0 finish-to-repaint-us(avg/max)=1391/240305.
[08:16:21.711] gfxstream repaint: full-us(avg/max)=14394/132474 renderer-us(avg/max)=11382/131616 fence-us(avg/max)=1460/12485 remainder-us(avg/max)=50/879 thread-cpu/wall-window-us=374880/1641401.
[08:16:21.712] gfxstream inter-present buckets (n=2519): upper-bound-ms=8.3/16.7/25/33.3/50/>50 counts=24/1212/1137/44/11/91.
[08:16:24.016] GL repaint stages at frame 2640 (avg/max us): use-output=8/171 setup=22/1119 draw=105/3246 create-sync=11238/128302 flush=7/42 post=4/128 total=10407
[08:16:24.025] gfxstream output: presents=2640 releases=2640 present-us(avg/max)=1506/13546 release-signal-after-response-us(avg/max)=3766/22727 no-free-slot=0.
[08:16:24.026] gfxstream cadence: inter-repaint-us(avg/max)=18998/259545 finish-interval-us(avg/max)=18946/245196 finish-late-us(avg/max)=0/0 finish-to-repaint-us(avg/max)=1386/240305.
[08:16:24.027] gfxstream repaint: full-us(avg/max)=14419/132474 renderer-us(avg/max)=11404/131616 fence-us(avg/max)=1456/12485 remainder-us(avg/max)=52/3787 thread-cpu/wall-window-us=444549/1794226.
[08:16:24.028] gfxstream inter-present buckets (n=2639): upper-bound-ms=8.3/16.7/25/33.3/50/>50 counts=24/1275/1187/46/12/95.
[08:16:26.420] GL repaint stages at frame 2760 (avg/max us): use-output=8/171 setup=22/1119 draw=105/3246 create-sync=11263/128302 flush=7/342 post=4/128 total=8562
[08:16:26.430] gfxstream output: presents=2760 releases=2760 present-us(avg/max)=1512/13546 release-signal-after-response-us(avg/max)=3780/22727 no-free-slot=0.
[08:16:26.431] gfxstream cadence: inter-repaint-us(avg/max)=19044/259545 finish-interval-us(avg/max)=18994/245196 finish-late-us(avg/max)=0/0 finish-to-repaint-us(avg/max)=1383/240305.
[08:16:26.432] gfxstream repaint: full-us(avg/max)=14453/132474 renderer-us(avg/max)=11430/131616 fence-us(avg/max)=1458/12485 remainder-us(avg/max)=52/3787 thread-cpu/wall-window-us=417402/1822388.
[08:16:26.433] gfxstream inter-present buckets (n=2759): upper-bound-ms=8.3/16.7/25/33.3/50/>50 counts=24/1328/1245/50/12/100.
[08:16:28.666] GL repaint stages at frame 2880 (avg/max us): use-output=8/171 setup=22/1119 draw=105/3246 create-sync=11263/128302 flush=7/342 post=4/128 total=15055
[08:16:28.675] gfxstream output: presents=2880 releases=2880 present-us(avg/max)=1510/13546 release-signal-after-response-us(avg/max)=3769/22727 no-free-slot=0.
[08:16:28.676] gfxstream cadence: inter-repaint-us(avg/max)=19028/259545 finish-interval-us(avg/max)=18982/245196 finish-late-us(avg/max)=0/0 finish-to-repaint-us(avg/max)=1379/240305.
[08:16:28.677] gfxstream repaint: full-us(avg/max)=14452/132474 renderer-us(avg/max)=11430/131616 fence-us(avg/max)=1458/12485 remainder-us(avg/max)=51/3787 thread-cpu/wall-window-us=389888/1732551.
[08:16:28.678] gfxstream inter-present buckets (n=2879): upper-bound-ms=8.3/16.7/25/33.3/50/>50 counts=24/1390/1295/53/12/105.
[08:16:31.007] GL repaint stages at frame 3000 (avg/max us): use-output=8/171 setup=22/1119 draw=105/3246 create-sync=11273/128302 flush=7/342 post=4/128 total=6801
[08:16:31.012] gfxstream output: presents=3000 releases=3000 present-us(avg/max)=1515/13546 release-signal-after-response-us(avg/max)=3772/22727 no-free-slot=0.
[08:16:31.013] gfxstream cadence: inter-repaint-us(avg/max)=19050/259545 finish-interval-us(avg/max)=19002/245196 finish-late-us(avg/max)=0/0 finish-to-repaint-us(avg/max)=1374/240305.
[08:16:31.013] gfxstream repaint: full-us(avg/max)=14470/132474 renderer-us(avg/max)=11440/131616 fence-us(avg/max)=1463/12485 remainder-us(avg/max)=51/3787 thread-cpu/wall-window-us=434440/1789231.
[08:16:31.014] gfxstream inter-present buckets (n=2999): upper-bound-ms=8.3/16.7/25/33.3/50/>50 counts=24/1449/1347/57/12/110.
[08:16:33.101] GL repaint stages at frame 3120 (avg/max us): use-output=8/171 setup=22/1119 draw=105/3246 create-sync=11236/128302 flush=7/342 post=4/128 total=9252
[08:16:33.108] gfxstream output: presents=3120 releases=3120 present-us(avg/max)=1517/13546 release-signal-after-response-us(avg/max)=3755/22727 no-free-slot=0.
[08:16:33.110] gfxstream cadence: inter-repaint-us(avg/max)=18987/259545 finish-interval-us(avg/max)=18943/245196 finish-late-us(avg/max)=0/0 finish-to-repaint-us(avg/max)=1370/240305.
[08:16:33.111] gfxstream repaint: full-us(avg/max)=14429/132474 renderer-us(avg/max)=11403/131616 fence-us(avg/max)=1456/12485 remainder-us(avg/max)=51/3787 thread-cpu/wall-window-us=385039/1606451.
[08:16:33.112] gfxstream inter-present buckets (n=3119): upper-bound-ms=8.3/16.7/25/33.3/50/>50 counts=24/1519/1393/57/13/113.
[08:16:35.553] GL repaint stages at frame 3240 (avg/max us): use-output=8/171 setup=22/1119 draw=105/3246 create-sync=11269/128302 flush=7/342 post=4/128 total=8612
[08:16:35.561] gfxstream output: presents=3240 releases=3240 present-us(avg/max)=1519/13546 release-signal-after-response-us(avg/max)=3771/22727 no-free-slot=0.
[08:16:35.562] gfxstream cadence: inter-repaint-us(avg/max)=19041/259545 finish-interval-us(avg/max)=18998/245196 finish-late-us(avg/max)=0/0 finish-to-repaint-us(avg/max)=1367/240305.
[08:16:35.563] gfxstream repaint: full-us(avg/max)=14469/132474 renderer-us(avg/max)=11436/131616 fence-us(avg/max)=1461/12485 remainder-us(avg/max)=51/3787 thread-cpu/wall-window-us=450333/1861036.
[08:16:35.564] gfxstream inter-present buckets (n=3239): upper-bound-ms=8.3/16.7/25/33.3/50/>50 counts=24/1562/1461/61/13/118.
[08:16:37.848] GL repaint stages at frame 3360 (avg/max us): use-output=8/171 setup=22/1119 draw=105/3246 create-sync=11277/128302 flush=7/342 post=4/128 total=11532
[08:16:37.860] gfxstream output: presents=3360 releases=3360 present-us(avg/max)=1517/13546 release-signal-after-response-us(avg/max)=3773/22727 no-free-slot=0.
[08:16:37.861] gfxstream cadence: inter-repaint-us(avg/max)=19043/259545 finish-interval-us(avg/max)=19004/245196 finish-late-us(avg/max)=0/0 finish-to-repaint-us(avg/max)=1363/240305.
[08:16:37.862] gfxstream repaint: full-us(avg/max)=14475/132474 renderer-us(avg/max)=11444/131616 fence-us(avg/max)=1461/12485 remainder-us(avg/max)=51/3787 thread-cpu/wall-window-us=426795/1757497.
[08:16:37.863] gfxstream inter-present buckets (n=3359): upper-bound-ms=8.3/16.7/25/33.3/50/>50 counts=24/1618/1519/62/13/123.
[08:16:40.196] GL repaint stages at frame 3480 (avg/max us): use-output=8/171 setup=22/1119 draw=105/3246 create-sync=11286/128302 flush=7/342 post=4/128 total=9169
[08:16:40.204] gfxstream output: presents=3480 releases=3480 present-us(avg/max)=1521/13546 release-signal-after-response-us(avg/max)=3776/22727 no-free-slot=0.
[08:16:40.206] gfxstream cadence: inter-repaint-us(avg/max)=19062/259545 finish-interval-us(avg/max)=19022/245196 finish-late-us(avg/max)=0/0 finish-to-repaint-us(avg/max)=1361/240305.
[08:16:40.207] gfxstream repaint: full-us(avg/max)=14490/132474 renderer-us(avg/max)=11452/131616 fence-us(avg/max)=1463/12485 remainder-us(avg/max)=52/3787 thread-cpu/wall-window-us=413329/1789331.
[08:16:40.208] gfxstream inter-present buckets (n=3479): upper-bound-ms=8.3/16.7/25/33.3/50/>50 counts=24/1666/1585/62/14/128.
[08:16:42.537] GL repaint stages at frame 3600 (avg/max us): use-output=8/171 setup=22/1119 draw=105/3246 create-sync=11296/128302 flush=7/342 post=4/128 total=11374
[08:16:42.548] gfxstream output: presents=3600 releases=3600 present-us(avg/max)=1521/13546 release-signal-after-response-us(avg/max)=3780/22727 no-free-slot=0.
[08:16:42.549] gfxstream cadence: inter-repaint-us(avg/max)=19076/259545 finish-interval-us(avg/max)=19039/245196 finish-late-us(avg/max)=0/0 finish-to-repaint-us(avg/max)=1358/240305.
[08:16:42.550] gfxstream repaint: full-us(avg/max)=14505/132474 renderer-us(avg/max)=11463/131616 fence-us(avg/max)=1468/12485 remainder-us(avg/max)=52/3787 thread-cpu/wall-window-us=416961/1792055.
[08:16:42.551] gfxstream inter-present buckets (n=3599): upper-bound-ms=8.3/16.7/25/33.3/50/>50 counts=24/1716/1649/63/14/133.
[08:16:44.852] GL repaint stages at frame 3720 (avg/max us): use-output=8/171 setup=22/1119 draw=105/3246 create-sync=11298/128302 flush=7/342 post=4/128 total=10250
[08:16:44.865] gfxstream output: presents=3720 releases=3720 present-us(avg/max)=1524/13546 release-signal-after-response-us(avg/max)=3780/22727 no-free-slot=0.
[08:16:44.867] gfxstream cadence: inter-repaint-us(avg/max)=19083/259545 finish-interval-us(avg/max)=19048/245196 finish-late-us(avg/max)=0/0 finish-to-repaint-us(avg/max)=1356/240305.
[08:16:44.867] gfxstream repaint: full-us(avg/max)=14514/132474 renderer-us(avg/max)=11464/131616 fence-us(avg/max)=1473/12485 remainder-us(avg/max)=51/3787 thread-cpu/wall-window-us=417784/1776324.
[08:16:44.868] gfxstream inter-present buckets (n=3719): upper-bound-ms=8.3/16.7/25/33.3/50/>50 counts=25/1772/1706/64/14/138.
[08:16:47.397] GL repaint stages at frame 3840 (avg/max us): use-output=8/171 setup=22/1119 draw=105/3246 create-sync=11340/128302 flush=7/342 post=4/128 total=18721
[08:16:47.408] gfxstream output: presents=3840 releases=3840 present-us(avg/max)=1531/13546 release-signal-after-response-us(avg/max)=3787/22727 no-free-slot=0.
[08:16:47.409] gfxstream cadence: inter-repaint-us(avg/max)=19148/259545 finish-interval-us(avg/max)=19115/245196 finish-late-us(avg/max)=0/0 finish-to-repaint-us(avg/max)=1357/240305.
[08:16:47.410] gfxstream repaint: full-us(avg/max)=14571/132474 renderer-us(avg/max)=11507/131616 fence-us(avg/max)=1480/12485 remainder-us(avg/max)=52/3787 thread-cpu/wall-window-us=468702/1957544.
[08:16:47.410] gfxstream inter-present buckets (n=3839): upper-bound-ms=8.3/16.7/25/33.3/50/>50 counts=25/1808/1779/69/15/143.
[08:16:49.690] GL repaint stages at frame 3960 (avg/max us): use-output=8/171 setup=22/1119 draw=105/3246 create-sync=11331/128302 flush=7/342 post=4/128 total=11802
[08:16:49.700] gfxstream output: presents=3960 releases=3960 present-us(avg/max)=1532/13546 release-signal-after-response-us(avg/max)=3788/22727 no-free-slot=0.
[08:16:49.701] gfxstream cadence: inter-repaint-us(avg/max)=19148/259545 finish-interval-us(avg/max)=19114/245196 finish-late-us(avg/max)=0/0 finish-to-repaint-us(avg/max)=1357/240305.
[08:16:49.702] gfxstream repaint: full-us(avg/max)=14568/132474 renderer-us(avg/max)=11497/131616 fence-us(avg/max)=1486/12485 remainder-us(avg/max)=52/3787 thread-cpu/wall-window-us=410717/1737053.
[08:16:49.703] gfxstream inter-present buckets (n=3959): upper-bound-ms=8.3/16.7/25/33.3/50/>50 counts=25/1860/1842/70/15/147.
[08:16:51.897] GL repaint stages at frame 4080 (avg/max us): use-output=8/171 setup=22/1119 draw=105/3246 create-sync=11320/128302 flush=7/342 post=4/128 total=9420
[08:16:51.907] gfxstream output: presents=4080 releases=4080 present-us(avg/max)=1529/13546 release-signal-after-response-us(avg/max)=3781/22727 no-free-slot=0.
[08:16:51.908] gfxstream cadence: inter-repaint-us(avg/max)=19127/259545 finish-interval-us(avg/max)=19093/245196 finish-late-us(avg/max)=0/0 finish-to-repaint-us(avg/max)=1353/240305.
[08:16:51.910] gfxstream repaint: full-us(avg/max)=14555/132474 renderer-us(avg/max)=11486/131616 fence-us(avg/max)=1487/12485 remainder-us(avg/max)=51/3787 thread-cpu/wall-window-us=411540/1695491.
[08:16:51.911] gfxstream inter-present buckets (n=4079): upper-bound-ms=8.3/16.7/25/33.3/50/>50 counts=25/1939/1877/71/15/152.
[08:16:54.185] GL repaint stages at frame 4200 (avg/max us): use-output=8/171 setup=22/1119 draw=105/3246 create-sync=11323/128302 flush=7/342 post=4/128 total=4889
[08:16:54.189] gfxstream output: presents=4200 releases=4200 present-us(avg/max)=1529/13546 release-signal-after-response-us(avg/max)=3777/22727 no-free-slot=0.
[08:16:54.189] gfxstream cadence: inter-repaint-us(avg/max)=19126/259545 finish-interval-us(avg/max)=19091/245196 finish-late-us(avg/max)=0/0 finish-to-repaint-us(avg/max)=1352/240305.
[08:16:54.189] gfxstream repaint: full-us(avg/max)=14556/132474 renderer-us(avg/max)=11489/131616 fence-us(avg/max)=1485/12485 remainder-us(avg/max)=51/3787 thread-cpu/wall-window-us=415091/1754071.
[08:16:54.190] gfxstream inter-present buckets (n=4199): upper-bound-ms=8.3/16.7/25/33.3/50/>50 counts=25/2007/1920/75/15/157.
[08:16:55.776] GL repaint stages at frame 4320 (avg/max us): use-output=8/171 setup=22/1119 draw=104/3246 create-sync=11229/128302 flush=7/342 post=4/128 total=11697
[08:16:55.785] gfxstream output: presents=4320 releases=4320 present-us(avg/max)=1520/13546 release-signal-after-response-us(avg/max)=3738/22727 no-free-slot=0.
[08:16:55.786] gfxstream cadence: inter-repaint-us(avg/max)=18961/259545 finish-interval-us(avg/max)=18930/245196 finish-late-us(avg/max)=0/0 finish-to-repaint-us(avg/max)=1348/240305.
[08:16:55.787] gfxstream repaint: full-us(avg/max)=14436/132474 renderer-us(avg/max)=11394/131616 fence-us(avg/max)=1469/12485 remainder-us(avg/max)=51/3787 thread-cpu/wall-window-us=243976/1224426.
[08:16:55.788] gfxstream inter-present buckets (n=4319): upper-bound-ms=8.3/16.7/25/33.3/50/>50 counts=50/2084/1934/75/17/159.
[08:16:58.109] GL repaint stages at frame 4440 (avg/max us): use-output=8/171 setup=22/1119 draw=104/3246 create-sync=11239/128302 flush=7/342 post=4/128 total=7664
[08:16:58.116] gfxstream output: presents=4440 releases=4440 present-us(avg/max)=1520/13546 release-signal-after-response-us(avg/max)=3746/22727 no-free-slot=0.
[08:16:58.117] gfxstream cadence: inter-repaint-us(avg/max)=18975/259545 finish-interval-us(avg/max)=18944/245196 finish-late-us(avg/max)=0/0 finish-to-repaint-us(avg/max)=1347/240305.
[08:16:58.118] gfxstream repaint: full-us(avg/max)=14445/132474 renderer-us(avg/max)=11404/131616 fence-us(avg/max)=1469/12485 remainder-us(avg/max)=51/3787 thread-cpu/wall-window-us=415636/1774468.
[08:16:58.119] gfxstream inter-present buckets (n=4439): upper-bound-ms=8.3/16.7/25/33.3/50/>50 counts=50/2149/1980/78/18/164.
[08:17:00.381] GL repaint stages at frame 4560 (avg/max us): use-output=8/171 setup=22/1119 draw=104/3246 create-sync=11237/128302 flush=7/342 post=4/128 total=8444
[08:17:00.391] gfxstream output: presents=4560 releases=4560 present-us(avg/max)=1521/13546 release-signal-after-response-us(avg/max)=3746/22727 no-free-slot=0.
[08:17:00.393] gfxstream cadence: inter-repaint-us(avg/max)=18974/259545 finish-interval-us(avg/max)=18944/245196 finish-late-us(avg/max)=0/0 finish-to-repaint-us(avg/max)=1344/240305.
[08:17:00.394] gfxstream repaint: full-us(avg/max)=14445/132474 renderer-us(avg/max)=11403/131616 fence-us(avg/max)=1469/12485 remainder-us(avg/max)=51/3787 thread-cpu/wall-window-us=409314/1733742.
[08:17:00.395] gfxstream inter-present buckets (n=4559): upper-bound-ms=8.3/16.7/25/33.3/50/>50 counts=50/2212/2028/81/19/169.
[08:17:02.670] GL repaint stages at frame 4680 (avg/max us): use-output=8/171 setup=22/1119 draw=105/3246 create-sync=11233/128302 flush=7/342 post=4/128 total=11413
[08:17:02.680] gfxstream output: presents=4680 releases=4680 present-us(avg/max)=1524/13546 release-signal-after-response-us(avg/max)=3752/22727 no-free-slot=0.
[08:17:02.681] gfxstream cadence: inter-repaint-us(avg/max)=18976/259545 finish-interval-us(avg/max)=18947/245196 finish-late-us(avg/max)=0/0 finish-to-repaint-us(avg/max)=1343/240305.
[08:17:02.682] gfxstream repaint: full-us(avg/max)=14446/132474 renderer-us(avg/max)=11399/131616 fence-us(avg/max)=1470/12485 remainder-us(avg/max)=51/3787 thread-cpu/wall-window-us=397728/1735446.
[08:17:02.684] gfxstream inter-present buckets (n=4679): upper-bound-ms=8.3/16.7/25/33.3/50/>50 counts=50/2265/2088/84/19/173.
[08:17:05.056] GL repaint stages at frame 4800 (avg/max us): use-output=8/171 setup=22/1119 draw=105/3246 create-sync=11247/128302 flush=7/342 post=4/128 total=12948
[08:17:05.067] gfxstream output: presents=4800 releases=4800 present-us(avg/max)=1525/13546 release-signal-after-response-us(avg/max)=3759/22727 no-free-slot=0.
[08:17:05.068] gfxstream cadence: inter-repaint-us(avg/max)=18998/259545 finish-interval-us(avg/max)=18971/245196 finish-late-us(avg/max)=0/0 finish-to-repaint-us(avg/max)=1342/240305.
[08:17:05.069] gfxstream repaint: full-us(avg/max)=14462/132474 renderer-us(avg/max)=11412/131616 fence-us(avg/max)=1473/12485 remainder-us(avg/max)=51/3787 thread-cpu/wall-window-us=441832/1812519.
[08:17:05.070] gfxstream inter-present buckets (n=4799): upper-bound-ms=8.3/16.7/25/33.3/50/>50 counts=50/2311/2155/86/19/178.
[08:17:07.211] GL repaint stages at frame 4920 (avg/max us): use-output=8/171 setup=22/1119 draw=105/3246 create-sync=11228/128302 flush=7/342 post=4/128 total=8391
[08:17:07.220] gfxstream output: presents=4920 releases=4920 present-us(avg/max)=1525/13546 release-signal-after-response-us(avg/max)=3752/22727 no-free-slot=0.
[08:17:07.221] gfxstream cadence: inter-repaint-us(avg/max)=18974/259545 finish-interval-us(avg/max)=18946/245196 finish-late-us(avg/max)=0/0 finish-to-repaint-us(avg/max)=1341/240305.
[08:17:07.222] gfxstream repaint: full-us(avg/max)=14445/132474 renderer-us(avg/max)=11394/131616 fence-us(avg/max)=1473/12485 remainder-us(avg/max)=51/3787 thread-cpu/wall-window-us=377885/1649772.
[08:17:07.223] gfxstream inter-present buckets (n=4919): upper-bound-ms=8.3/16.7/25/33.3/50/>50 counts=50/2380/2198/86/24/181.
[08:17:09.527] GL repaint stages at frame 5040 (avg/max us): use-output=8/171 setup=22/1119 draw=105/3246 create-sync=11232/128302 flush=7/342 post=4/128 total=8982
[08:17:09.534] gfxstream output: presents=5040 releases=5040 present-us(avg/max)=1524/13546 release-signal-after-response-us(avg/max)=3755/22727 no-free-slot=0.
[08:17:09.536] gfxstream cadence: inter-repaint-us(avg/max)=18981/259545 finish-interval-us(avg/max)=18954/245196 finish-late-us(avg/max)=0/0 finish-to-repaint-us(avg/max)=1339/240305.
[08:17:09.537] gfxstream repaint: full-us(avg/max)=14450/132474 renderer-us(avg/max)=11398/131616 fence-us(avg/max)=1476/12485 remainder-us(avg/max)=51/3787 thread-cpu/wall-window-us=428532/1760681.
[08:17:09.538] gfxstream inter-present buckets (n=5039): upper-bound-ms=8.3/16.7/25/33.3/50/>50 counts=50/2434/2259/86/24/186.
[08:17:11.826] GL repaint stages at frame 5160 (avg/max us): use-output=8/171 setup=22/1119 draw=105/3246 create-sync=11240/128302 flush=7/342 post=4/128 total=12377
[08:17:11.835] gfxstream output: presents=5160 releases=5160 present-us(avg/max)=1522/13546 release-signal-after-response-us(avg/max)=3754/22727 no-free-slot=0.
[08:17:11.836] gfxstream cadence: inter-repaint-us(avg/max)=18985/259545 finish-interval-us(avg/max)=18959/245196 finish-late-us(avg/max)=0/0 finish-to-repaint-us(avg/max)=1340/240305.
[08:17:11.837] gfxstream repaint: full-us(avg/max)=14455/132474 renderer-us(avg/max)=11406/131616 fence-us(avg/max)=1475/12485 remainder-us(avg/max)=51/3787 thread-cpu/wall-window-us=408342/1759808.
[08:17:11.837] gfxstream inter-present buckets (n=5159): upper-bound-ms=8.3/16.7/25/33.3/50/>50 counts=50/2493/2311/90/24/191.
[08:17:14.112] GL repaint stages at frame 5280 (avg/max us): use-output=8/171 setup=22/1119 draw=105/3246 create-sync=11246/128302 flush=7/342 post=4/128 total=8343
[08:17:14.120] gfxstream output: presents=5280 releases=5280 present-us(avg/max)=1523/13546 release-signal-after-response-us(avg/max)=3752/22727 no-free-slot=0.
[08:17:14.121] gfxstream cadence: inter-repaint-us(avg/max)=18987/259545 finish-interval-us(avg/max)=18961/245196 finish-late-us(avg/max)=0/0 finish-to-repaint-us(avg/max)=1339/240305.
[08:17:14.122] gfxstream repaint: full-us(avg/max)=14459/132474 renderer-us(avg/max)=11412/131616 fence-us(avg/max)=1472/12485 remainder-us(avg/max)=51/3787 thread-cpu/wall-window-us=395443/1756874.
[08:17:14.123] gfxstream inter-present buckets (n=5279): upper-bound-ms=8.3/16.7/25/33.3/50/>50 counts=51/2550/2368/90/24/196.
[08:17:16.204] GL repaint stages at frame 5400 (avg/max us): use-output=8/171 setup=22/1119 draw=105/3246 create-sync=11225/128302 flush=7/342 post=4/128 total=8769
[08:17:16.212] gfxstream output: presents=5400 releases=5400 present-us(avg/max)=1522/13546 release-signal-after-response-us(avg/max)=3746/22727 no-free-slot=0.
[08:17:16.212] gfxstream cadence: inter-repaint-us(avg/max)=18952/259545 finish-interval-us(avg/max)=18927/245196 finish-late-us(avg/max)=0/0 finish-to-repaint-us(avg/max)=1338/240305.
[08:17:16.212] gfxstream repaint: full-us(avg/max)=14433/132474 renderer-us(avg/max)=11390/131616 fence-us(avg/max)=1468/12485 remainder-us(avg/max)=51/3787 thread-cpu/wall-window-us=371777/1594760.
[08:17:16.213] gfxstream inter-present buckets (n=5399): upper-bound-ms=8.3/16.7/25/33.3/50/>50 counts=54/2616/2414/91/24/200.
[08:17:18.518] GL repaint stages at frame 5520 (avg/max us): use-output=8/171 setup=22/1119 draw=105/3246 create-sync=11229/128302 flush=7/342 post=4/128 total=9218
[08:17:18.528] gfxstream output: presents=5520 releases=5520 present-us(avg/max)=1522/13546 release-signal-after-response-us(avg/max)=3750/22727 no-free-slot=0.
[08:17:18.529] gfxstream cadence: inter-repaint-us(avg/max)=18959/259545 finish-interval-us(avg/max)=18935/245196 finish-late-us(avg/max)=0/0 finish-to-repaint-us(avg/max)=1336/240305.
[08:17:18.531] gfxstream repaint: full-us(avg/max)=14438/132474 renderer-us(avg/max)=11395/131616 fence-us(avg/max)=1469/12485 remainder-us(avg/max)=51/3787 thread-cpu/wall-window-us=401692/1761135.
[08:17:18.532] gfxstream inter-present buckets (n=5519): upper-bound-ms=8.3/16.7/25/33.3/50/>50 counts=54/2671/2473/93/24/204.
[08:17:20.762] GL repaint stages at frame 5640 (avg/max us): use-output=8/171 setup=22/1119 draw=105/3246 create-sync=11226/128302 flush=7/342 post=4/128 total=6316
[08:17:20.769] gfxstream output: presents=5640 releases=5640 present-us(avg/max)=1518/13546 release-signal-after-response-us(avg/max)=3750/22727 no-free-slot=0.
[08:17:20.770] gfxstream cadence: inter-repaint-us(avg/max)=18955/259545 finish-interval-us(avg/max)=18929/245196 finish-late-us(avg/max)=0/0 finish-to-repaint-us(avg/max)=1335/240305.
[08:17:20.770] gfxstream repaint: full-us(avg/max)=14433/132474 renderer-us(avg/max)=11392/131616 fence-us(avg/max)=1471/12485 remainder-us(avg/max)=51/3787 thread-cpu/wall-window-us=397715/1703255.
[08:17:20.771] gfxstream inter-present buckets (n=5639): upper-bound-ms=8.3/16.7/25/33.3/50/>50 counts=54/2740/2517/95/24/209.
[08:17:22.745] GL repaint stages at frame 5760 (avg/max us): use-output=8/171 setup=22/1119 draw=105/3246 create-sync=11199/128302 flush=7/342 post=4/128 total=12075
[08:17:22.758] gfxstream output: presents=5760 releases=5760 present-us(avg/max)=1513/13546 release-signal-after-response-us(avg/max)=3739/22727 no-free-slot=0.
[08:17:22.758] gfxstream cadence: inter-repaint-us(avg/max)=18903/259545 finish-interval-us(avg/max)=18880/245196 finish-late-us(avg/max)=0/0 finish-to-repaint-us(avg/max)=1333/240305.
[08:17:22.759] gfxstream repaint: full-us(avg/max)=14398/132474 renderer-us(avg/max)=11364/131616 fence-us(avg/max)=1468/12485 remainder-us(avg/max)=51/3787 thread-cpu/wall-window-us=370658/1529571.
[08:17:22.760] gfxstream inter-present buckets (n=5759): upper-bound-ms=8.3/16.7/25/33.3/50/>50 counts=54/2818/2553/96/24/214.
[08:17:25.046] GL repaint stages at frame 5880 (avg/max us): use-output=8/171 setup=22/1119 draw=105/3246 create-sync=11204/128302 flush=7/342 post=4/128 total=9471
[08:17:25.058] gfxstream output: presents=5880 releases=5880 present-us(avg/max)=1512/13546 release-signal-after-response-us(avg/max)=3740/22727 no-free-slot=0.
[08:17:25.059] gfxstream cadence: inter-repaint-us(avg/max)=18909/259545 finish-interval-us(avg/max)=18886/245196 finish-late-us(avg/max)=0/0 finish-to-repaint-us(avg/max)=1331/240305.
[08:17:25.061] gfxstream repaint: full-us(avg/max)=14404/132474 renderer-us(avg/max)=11370/131616 fence-us(avg/max)=1469/12485 remainder-us(avg/max)=51/3787 thread-cpu/wall-window-us=431143/1759972.
[08:17:25.062] gfxstream inter-present buckets (n=5879): upper-bound-ms=8.3/16.7/25/33.3/50/>50 counts=55/2876/2608/97/24/219.
[08:17:27.350] GL repaint stages at frame 6000 (avg/max us): use-output=8/171 setup=22/1119 draw=104/3246 create-sync=11212/128302 flush=7/342 post=4/128 total=12137
[08:17:27.358] gfxstream output: presents=6000 releases=6000 present-us(avg/max)=1509/13546 release-signal-after-response-us(avg/max)=3740/22727 no-free-slot=0.
[08:17:27.360] gfxstream cadence: inter-repaint-us(avg/max)=18914/259545 finish-interval-us(avg/max)=18892/245196 finish-late-us(avg/max)=0/0 finish-to-repaint-us(avg/max)=1330/240305.
[08:17:27.361] gfxstream repaint: full-us(avg/max)=14408/132474 renderer-us(avg/max)=11377/131616 fence-us(avg/max)=1469/12485 remainder-us(avg/max)=51/3787 thread-cpu/wall-window-us=414032/1753247.
[08:17:27.362] gfxstream inter-present buckets (n=5999): upper-bound-ms=8.3/16.7/25/33.3/50/>50 counts=56/2938/2657/100/24/224.
[08:17:29.676] GL repaint stages at frame 6120 (avg/max us): use-output=8/171 setup=22/1119 draw=104/3246 create-sync=11216/128302 flush=7/342 post=4/128 total=10454
[08:17:29.686] gfxstream output: presents=6120 releases=6120 present-us(avg/max)=1508/13546 release-signal-after-response-us(avg/max)=3744/22727 no-free-slot=0.
[08:17:29.687] gfxstream cadence: inter-repaint-us(avg/max)=18924/259545 finish-interval-us(avg/max)=18902/245196 finish-late-us(avg/max)=0/0 finish-to-repaint-us(avg/max)=1329/240305.
[08:17:29.687] gfxstream repaint: full-us(avg/max)=14415/132474 renderer-us(avg/max)=11382/131616 fence-us(avg/max)=1472/12485 remainder-us(avg/max)=51/3787 thread-cpu/wall-window-us=418990/1773802.
[08:17:29.688] gfxstream inter-present buckets (n=6119): upper-bound-ms=8.3/16.7/25/33.3/50/>50 counts=56/2997/2711/102/24/229.
[08:17:31.887] GL repaint stages at frame 6240 (avg/max us): use-output=8/171 setup=22/1119 draw=105/3246 create-sync=11208/128302 flush=7/342 post=4/128 total=8592
[08:17:31.900] gfxstream output: presents=6240 releases=6240 present-us(avg/max)=1509/13546 release-signal-after-response-us(avg/max)=3742/22727 no-free-slot=0.
[08:17:31.901] gfxstream cadence: inter-repaint-us(avg/max)=18914/259545 finish-interval-us(avg/max)=18893/245196 finish-late-us(avg/max)=0/0 finish-to-repaint-us(avg/max)=1328/240305.
[08:17:31.901] gfxstream repaint: full-us(avg/max)=14408/132474 renderer-us(avg/max)=11374/131616 fence-us(avg/max)=1472/12485 remainder-us(avg/max)=51/3787 thread-cpu/wall-window-us=389184/1686225.
[08:17:31.902] gfxstream inter-present buckets (n=6239): upper-bound-ms=8.3/16.7/25/33.3/50/>50 counts=57/3058/2765/102/24/233.
[08:17:34.164] GL repaint stages at frame 6360 (avg/max us): use-output=8/171 setup=22/1119 draw=105/3246 create-sync=11210/128302 flush=7/342 post=4/128 total=9069
[08:17:34.172] gfxstream output: presents=6360 releases=6360 present-us(avg/max)=1509/13546 release-signal-after-response-us(avg/max)=3741/22727 no-free-slot=0.
[08:17:34.174] gfxstream cadence: inter-repaint-us(avg/max)=18915/259545 finish-interval-us(avg/max)=18894/245196 finish-late-us(avg/max)=0/0 finish-to-repaint-us(avg/max)=1327/240305.
[08:17:34.175] gfxstream repaint: full-us(avg/max)=14410/132474 renderer-us(avg/max)=11375/131616 fence-us(avg/max)=1473/12485 remainder-us(avg/max)=51/3787 thread-cpu/wall-window-us=403300/1741296.
[08:17:34.176] gfxstream inter-present buckets (n=6359): upper-bound-ms=8.3/16.7/25/33.3/50/>50 counts=57/3118/2819/103/24/238.
[08:17:36.564] GL repaint stages at frame 6480 (avg/max us): use-output=8/171 setup=22/1119 draw=105/3246 create-sync=11222/128302 flush=7/342 post=4/128 total=8772
[08:17:36.574] gfxstream output: presents=6480 releases=6480 present-us(avg/max)=1509/13546 release-signal-after-response-us(avg/max)=3746/22727 no-free-slot=0.
[08:17:36.575] gfxstream cadence: inter-repaint-us(avg/max)=18936/259545 finish-interval-us(avg/max)=18915/245196 finish-late-us(avg/max)=0/0 finish-to-repaint-us(avg/max)=1326/240305.
[08:17:36.576] gfxstream repaint: full-us(avg/max)=14425/132474 renderer-us(avg/max)=11388/131616 fence-us(avg/max)=1475/12485 remainder-us(avg/max)=51/3787 thread-cpu/wall-window-us=425045/1826627.
[08:17:36.577] gfxstream inter-present buckets (n=6479): upper-bound-ms=8.3/16.7/25/33.3/50/>50 counts=57/3166/2883/106/24/243.
[08:17:38.873] GL repaint stages at frame 6600 (avg/max us): use-output=8/171 setup=22/1119 draw=105/3246 create-sync=11230/128302 flush=7/342 post=4/128 total=7207
[08:17:38.881] gfxstream output: presents=6600 releases=6600 present-us(avg/max)=1509/13546 release-signal-after-response-us(avg/max)=3745/22727 no-free-slot=0.
[08:17:38.882] gfxstream cadence: inter-repaint-us(avg/max)=18941/259545 finish-interval-us(avg/max)=18920/245196 finish-late-us(avg/max)=0/0 finish-to-repaint-us(avg/max)=1325/240305.
[08:17:38.883] gfxstream repaint: full-us(avg/max)=14433/132474 renderer-us(avg/max)=11396/131616 fence-us(avg/max)=1475/12485 remainder-us(avg/max)=51/3787 thread-cpu/wall-window-us=420157/1782053.
[08:17:38.883] gfxstream inter-present buckets (n=6599): upper-bound-ms=8.3/16.7/25/33.3/50/>50 counts=57/3228/2936/106/24/248.
[08:17:41.190] GL repaint stages at frame 6720 (avg/max us): use-output=8/2537 setup=22/1119 draw=105/3246 create-sync=11232/128302 flush=7/342 post=4/128 total=9971
[08:17:41.199] gfxstream output: presents=6720 releases=6720 present-us(avg/max)=1509/13546 release-signal-after-response-us(avg/max)=3750/22727 no-free-slot=0.
[08:17:41.200] gfxstream cadence: inter-repaint-us(avg/max)=18947/259545 finish-interval-us(avg/max)=18927/245196 finish-late-us(avg/max)=0/0 finish-to-repaint-us(avg/max)=1325/240305.
[08:17:41.201] gfxstream repaint: full-us(avg/max)=14435/132474 renderer-us(avg/max)=11398/131616 fence-us(avg/max)=1475/12485 remainder-us(avg/max)=51/3787 thread-cpu/wall-window-us=409384/1746342.
[08:17:41.202] gfxstream inter-present buckets (n=6719): upper-bound-ms=8.3/16.7/25/33.3/50/>50 counts=57/3283/2995/107/24/253.
[08:17:43.587] GL repaint stages at frame 6840 (avg/max us): use-output=8/2537 setup=22/1119 draw=105/3246 create-sync=11239/128302 flush=7/342 post=4/128 total=5222
[08:17:43.593] gfxstream output: presents=6840 releases=6840 present-us(avg/max)=1512/13546 release-signal-after-response-us(avg/max)=3753/22727 no-free-slot=0.
[08:17:43.594] gfxstream cadence: inter-repaint-us(avg/max)=18966/259545 finish-interval-us(avg/max)=18945/245196 finish-late-us(avg/max)=0/0 finish-to-repaint-us(avg/max)=1324/240305.
[08:17:43.594] gfxstream repaint: full-us(avg/max)=14449/132474 renderer-us(avg/max)=11405/131616 fence-us(avg/max)=1478/12485 remainder-us(avg/max)=51/3787 thread-cpu/wall-window-us=433560/1829371.
[08:17:43.595] gfxstream inter-present buckets (n=6839): upper-bound-ms=8.3/16.7/25/33.3/50/>50 counts=57/3327/3062/110/25/258.
[08:17:45.406] GL repaint stages at frame 6960 (avg/max us): use-output=8/2537 setup=22/1119 draw=104/3246 create-sync=11202/128302 flush=7/342 post=4/128 total=6820
[08:17:45.416] gfxstream output: presents=6960 releases=6960 present-us(avg/max)=1506/13546 release-signal-after-response-us(avg/max)=3739/22727 no-free-slot=0.
[08:17:45.417] gfxstream cadence: inter-repaint-us(avg/max)=18900/259545 finish-interval-us(avg/max)=18880/245196 finish-late-us(avg/max)=0/0 finish-to-repaint-us(avg/max)=1323/240305.
[08:17:45.418] gfxstream repaint: full-us(avg/max)=14399/132474 renderer-us(avg/max)=11367/131616 fence-us(avg/max)=1473/12485 remainder-us(avg/max)=51/3787 thread-cpu/wall-window-us=314660/1383683.
[08:17:45.419] gfxstream inter-present buckets (n=6959): upper-bound-ms=8.3/16.7/25/33.3/50/>50 counts=85/3380/3096/111/26/261.
[08:17:47.597] GL repaint stages at frame 7080 (avg/max us): use-output=8/2537 setup=22/1119 draw=104/3246 create-sync=11195/128302 flush=7/342 post=4/128 total=10129
[08:17:47.608] gfxstream output: presents=7080 releases=7080 present-us(avg/max)=1505/13546 release-signal-after-response-us(avg/max)=3737/22727 no-free-slot=0.
[08:17:47.612] gfxstream cadence: inter-repaint-us(avg/max)=18889/259545 finish-interval-us(avg/max)=18870/245196 finish-late-us(avg/max)=0/0 finish-to-repaint-us(avg/max)=1322/240305.
[08:17:47.613] gfxstream repaint: full-us(avg/max)=14391/132474 renderer-us(avg/max)=11360/131616 fence-us(avg/max)=1473/12485 remainder-us(avg/max)=51/3787 thread-cpu/wall-window-us=385971/1672409.
[08:17:47.614] gfxstream inter-present buckets (n=7079): upper-bound-ms=8.3/16.7/25/33.3/50/>50 counts=85/3446/3146/111/26/265.
[08:17:49.930] GL repaint stages at frame 7200 (avg/max us): use-output=8/2537 setup=22/1119 draw=104/3246 create-sync=11198/128302 flush=7/342 post=4/128 total=11817
[08:17:49.939] gfxstream output: presents=7200 releases=7200 present-us(avg/max)=1507/13546 release-signal-after-response-us(avg/max)=3739/22727 no-free-slot=0.
[08:17:49.940] gfxstream cadence: inter-repaint-us(avg/max)=18898/259545 finish-interval-us(avg/max)=18879/245196 finish-late-us(avg/max)=0/0 finish-to-repaint-us(avg/max)=1321/240305.
[08:17:49.942] gfxstream repaint: full-us(avg/max)=14396/132474 renderer-us(avg/max)=11363/131616 fence-us(avg/max)=1474/12485 remainder-us(avg/max)=51/3787 thread-cpu/wall-window-us=404076/1765423.
[08:17:49.943] gfxstream inter-present buckets (n=7199): upper-bound-ms=8.3/16.7/25/33.3/50/>50 counts=85/3499/3207/112/27/269.
[08:17:52.265] GL repaint stages at frame 7320 (avg/max us): use-output=8/2537 setup=22/1119 draw=104/3246 create-sync=11204/128302 flush=7/342 post=4/128 total=12320
[08:17:52.276] gfxstream output: presents=7320 releases=7320 present-us(avg/max)=1508/13546 release-signal-after-response-us(avg/max)=3740/22727 no-free-slot=0.
[08:17:52.277] gfxstream cadence: inter-repaint-us(avg/max)=18907/259545 finish-interval-us(avg/max)=18889/245196 finish-late-us(avg/max)=0/0 finish-to-repaint-us(avg/max)=1320/240305.
[08:17:52.278] gfxstream repaint: full-us(avg/max)=14405/132474 renderer-us(avg/max)=11369/131616 fence-us(avg/max)=1475/12485 remainder-us(avg/max)=51/3787 thread-cpu/wall-window-us=433402/1789258.
[08:17:52.279] gfxstream inter-present buckets (n=7319): upper-bound-ms=8.3/16.7/25/33.3/50/>50 counts=85/3552/3269/112/27/274.
[08:17:54.664] GL repaint stages at frame 7440 (avg/max us): use-output=8/2537 setup=22/1119 draw=104/3246 create-sync=11214/128302 flush=7/342 post=4/141 total=8332
[08:17:54.673] gfxstream output: presents=7440 releases=7440 present-us(avg/max)=1508/13546 release-signal-after-response-us(avg/max)=3747/22727 no-free-slot=0.
[08:17:54.674] gfxstream cadence: inter-repaint-us(avg/max)=18925/259545 finish-interval-us(avg/max)=18906/245196 finish-late-us(avg/max)=0/0 finish-to-repaint-us(avg/max)=1320/240305.
[08:17:54.675] gfxstream repaint: full-us(avg/max)=14415/132474 renderer-us(avg/max)=11380/131616 fence-us(avg/max)=1476/12485 remainder-us(avg/max)=51/3787 thread-cpu/wall-window-us=419312/1808339.
[08:17:54.676] gfxstream inter-present buckets (n=7439): upper-bound-ms=8.3/16.7/25/33.3/50/>50 counts=85/3600/3334/113/28/279.
[08:17:57.003] GL repaint stages at frame 7560 (avg/max us): use-output=8/2537 setup=22/1119 draw=104/3246 create-sync=11220/128302 flush=7/342 post=4/141 total=11382
[08:17:57.015] gfxstream output: presents=7560 releases=7560 present-us(avg/max)=1507/13546 release-signal-after-response-us(avg/max)=3749/22727 no-free-slot=0.
[08:17:57.016] gfxstream cadence: inter-repaint-us(avg/max)=18934/259545 finish-interval-us(avg/max)=18916/245196 finish-late-us(avg/max)=0/0 finish-to-repaint-us(avg/max)=1320/240305.
[08:17:57.017] gfxstream repaint: full-us(avg/max)=14423/132474 renderer-us(avg/max)=11386/131616 fence-us(avg/max)=1477/12485 remainder-us(avg/max)=51/3787 thread-cpu/wall-window-us=406095/1785857.
[08:17:57.018] gfxstream inter-present buckets (n=7559): upper-bound-ms=8.3/16.7/25/33.3/50/>50 counts=86/3652/3394/115/28/284.
[08:17:59.269] GL repaint stages at frame 7680 (avg/max us): use-output=8/2537 setup=22/1119 draw=104/3246 create-sync=11220/128302 flush=7/342 post=4/141 total=9394
[08:17:59.278] gfxstream output: presents=7680 releases=7680 present-us(avg/max)=1506/13546 release-signal-after-response-us(avg/max)=3750/22727 no-free-slot=0.
[08:17:59.280] gfxstream cadence: inter-repaint-us(avg/max)=18933/259545 finish-interval-us(avg/max)=18915/245196 finish-late-us(avg/max)=0/0 finish-to-repaint-us(avg/max)=1319/240305.
[08:17:59.281] gfxstream repaint: full-us(avg/max)=14421/132474 renderer-us(avg/max)=11385/131616 fence-us(avg/max)=1477/12485 remainder-us(avg/max)=51/3787 thread-cpu/wall-window-us=406603/1715096.
[08:17:59.282] gfxstream inter-present buckets (n=7679): upper-bound-ms=8.3/16.7/25/33.3/50/>50 counts=86/3715/3446/115/28/289.
[08:18:01.288] GL repaint stages at frame 7800 (avg/max us): use-output=8/2537 setup=22/1119 draw=104/3246 create-sync=11200/128302 flush=7/342 post=4/141 total=3252
[08:18:01.290] gfxstream output: presents=7800 releases=7800 present-us(avg/max)=1503/13546 release-signal-after-response-us(avg/max)=3743/22727 no-free-slot=0.
[08:18:01.291] gfxstream cadence: inter-repaint-us(avg/max)=18901/259545 finish-interval-us(avg/max)=18882/245196 finish-late-us(avg/max)=0/0 finish-to-repaint-us(avg/max)=1319/240305.
[08:18:01.291] gfxstream repaint: full-us(avg/max)=14394/132474 renderer-us(avg/max)=11365/131616 fence-us(avg/max)=1473/12485 remainder-us(avg/max)=51/3787 thread-cpu/wall-window-us=337821/1519896.
[08:18:01.291] gfxstream inter-present buckets (n=7799): upper-bound-ms=8.3/16.7/25/33.3/50/>50 counts=101/3773/3487/117/28/293.
[08:18:03.171] GL repaint stages at frame 7920 (avg/max us): use-output=8/2537 setup=23/3529 draw=104/3246 create-sync=11170/128302 flush=7/342 post=4/141 total=9081
[08:18:03.180] gfxstream output: presents=7920 releases=7920 present-us(avg/max)=1499/13546 release-signal-after-response-us(avg/max)=3734/22727 no-free-slot=0.
[08:18:03.181] gfxstream cadence: inter-repaint-us(avg/max)=18852/259545 finish-interval-us(avg/max)=18835/245196 finish-late-us(avg/max)=0/0 finish-to-repaint-us(avg/max)=1318/240305.
[08:18:03.182] gfxstream repaint: full-us(avg/max)=14355/132474 renderer-us(avg/max)=11335/131616 fence-us(avg/max)=1469/12485 remainder-us(avg/max)=51/3787 thread-cpu/wall-window-us=327080/1423706.
[08:18:03.183] gfxstream inter-present buckets (n=7919): upper-bound-ms=8.3/16.7/25/33.3/50/>50 counts=117/3835/3522/121/28/296.
[08:18:05.420] GL repaint stages at frame 8040 (avg/max us): use-output=8/2537 setup=23/3529 draw=104/3246 create-sync=11170/128302 flush=7/342 post=4/141 total=9451
[08:18:05.428] gfxstream output: presents=8040 releases=8040 present-us(avg/max)=1499/13546 release-signal-after-response-us(avg/max)=3733/22727 no-free-slot=0.
[08:18:05.429] gfxstream cadence: inter-repaint-us(avg/max)=18850/259545 finish-interval-us(avg/max)=18833/245196 finish-late-us(avg/max)=0/0 finish-to-repaint-us(avg/max)=1317/240305.
[08:18:05.430] gfxstream repaint: full-us(avg/max)=14355/132474 renderer-us(avg/max)=11336/131616 fence-us(avg/max)=1468/12485 remainder-us(avg/max)=51/3787 thread-cpu/wall-window-us=390499/1719675.
[08:18:05.431] gfxstream inter-present buckets (n=8039): upper-bound-ms=8.3/16.7/25/33.3/50/>50 counts=117/3895/3576/123/28/300.
[08:18:07.746] GL repaint stages at frame 8160 (avg/max us): use-output=8/2537 setup=23/3529 draw=104/3246 create-sync=11178/128302 flush=7/342 post=4/141 total=9534
[08:18:07.754] gfxstream output: presents=8160 releases=8160 present-us(avg/max)=1498/13546 release-signal-after-response-us(avg/max)=3735/22727 no-free-slot=0.
[08:18:07.756] gfxstream cadence: inter-repaint-us(avg/max)=18858/259545 finish-interval-us(avg/max)=18841/245196 finish-late-us(avg/max)=0/0 finish-to-repaint-us(avg/max)=1316/240305.
[08:18:07.757] gfxstream repaint: full-us(avg/max)=14361/132474 renderer-us(avg/max)=11344/131616 fence-us(avg/max)=1467/12485 remainder-us(avg/max)=51/3787 thread-cpu/wall-window-us=412528/1773690.
[08:18:07.758] gfxstream inter-present buckets (n=8159): upper-bound-ms=8.3/16.7/25/33.3/50/>50 counts=117/3956/3627/125/29/305.
[08:18:10.054] GL repaint stages at frame 8280 (avg/max us): use-output=8/2537 setup=23/3529 draw=104/3246 create-sync=11179/128302 flush=7/342 post=4/141 total=9488
[08:18:10.064] gfxstream output: presents=8280 releases=8280 present-us(avg/max)=1497/13546 release-signal-after-response-us(avg/max)=3740/22727 no-free-slot=0.
[08:18:10.065] gfxstream cadence: inter-repaint-us(avg/max)=18864/259545 finish-interval-us(avg/max)=18847/245196 finish-late-us(avg/max)=0/0 finish-to-repaint-us(avg/max)=1316/240305.
[08:18:10.066] gfxstream repaint: full-us(avg/max)=14362/132474 renderer-us(avg/max)=11345/131616 fence-us(avg/max)=1467/12485 remainder-us(avg/max)=51/3787 thread-cpu/wall-window-us=393464/1730876.
[08:18:10.067] gfxstream inter-present buckets (n=8279): upper-bound-ms=8.3/16.7/25/33.3/50/>50 counts=118/4012/3683/126/30/310.
[08:18:12.421] GL repaint stages at frame 8400 (avg/max us): use-output=8/2537 setup=23/3529 draw=104/3246 create-sync=11187/128302 flush=7/342 post=4/141 total=9519
[08:18:12.431] gfxstream output: presents=8400 releases=8400 present-us(avg/max)=1498/13546 release-signal-after-response-us(avg/max)=3743/22727 no-free-slot=0.
[08:18:12.433] gfxstream cadence: inter-repaint-us(avg/max)=18876/259545 finish-interval-us(avg/max)=18860/245196 finish-late-us(avg/max)=0/0 finish-to-repaint-us(avg/max)=1316/240305.
[08:18:12.436] gfxstream repaint: full-us(avg/max)=14371/132474 renderer-us(avg/max)=11353/131616 fence-us(avg/max)=1468/12485 remainder-us(avg/max)=51/3787 thread-cpu/wall-window-us=429938/1798716.
[08:18:12.439] gfxstream inter-present buckets (n=8399): upper-bound-ms=8.3/16.7/25/33.3/50/>50 counts=118/4072/3735/129/30/315.
[08:18:14.904] GL repaint stages at frame 8520 (avg/max us): use-output=8/2537 setup=22/3529 draw=104/3246 create-sync=11206/153429 flush=7/342 post=4/141 total=6638
[08:18:14.911] gfxstream output: presents=8520 releases=8520 present-us(avg/max)=1499/13546 release-signal-after-response-us(avg/max)=3748/22727 no-free-slot=0.
[08:18:14.912] gfxstream cadence: inter-repaint-us(avg/max)=18902/259545 finish-interval-us(avg/max)=18885/245196 finish-late-us(avg/max)=0/0 finish-to-repaint-us(avg/max)=1316/240305.
[08:18:14.913] gfxstream repaint: full-us(avg/max)=14392/158886 renderer-us(avg/max)=11371/153665 fence-us(avg/max)=1469/12485 remainder-us(avg/max)=51/3787 thread-cpu/wall-window-us=455538/1901078.
[08:18:14.914] gfxstream inter-present buckets (n=8519): upper-bound-ms=8.3/16.7/25/33.3/50/>50 counts=118/4129/3786/136/30/320.
[08:18:17.182] GL repaint stages at frame 8640 (avg/max us): use-output=8/2537 setup=22/3529 draw=104/3246 create-sync=11207/153429 flush=7/342 post=4/141 total=9054
[08:18:17.192] gfxstream output: presents=8640 releases=8640 present-us(avg/max)=1499/13546 release-signal-after-response-us(avg/max)=3748/22727 no-free-slot=0.
[08:18:17.193] gfxstream cadence: inter-repaint-us(avg/max)=18903/259545 finish-interval-us(avg/max)=18887/245196 finish-late-us(avg/max)=0/0 finish-to-repaint-us(avg/max)=1316/240305.
[08:18:17.194] gfxstream repaint: full-us(avg/max)=14393/158886 renderer-us(avg/max)=11372/153665 fence-us(avg/max)=1469/12485 remainder-us(avg/max)=51/3787 thread-cpu/wall-window-us=393262/1738964.
[08:18:17.195] gfxstream inter-present buckets (n=8639): upper-bound-ms=8.3/16.7/25/33.3/50/>50 counts=118/4190/3839/138/30/324.
[08:18:19.454] GL repaint stages at frame 8760 (avg/max us): use-output=8/2537 setup=22/3529 draw=103/3246 create-sync=11209/153429 flush=7/342 post=4/141 total=7998
[08:18:19.459] gfxstream output: presents=8760 releases=8760 present-us(avg/max)=1499/13546 release-signal-after-response-us(avg/max)=3747/22727 no-free-slot=0.
[08:18:19.460] gfxstream cadence: inter-repaint-us(avg/max)=18903/259545 finish-interval-us(avg/max)=18887/245196 finish-late-us(avg/max)=0/0 finish-to-repaint-us(avg/max)=1317/240305.
[08:18:19.460] gfxstream repaint: full-us(avg/max)=14393/158886 renderer-us(avg/max)=11375/153665 fence-us(avg/max)=1467/12485 remainder-us(avg/max)=51/3787 thread-cpu/wall-window-us=402731/1727283.
[08:18:19.461] gfxstream inter-present buckets (n=8759): upper-bound-ms=8.3/16.7/25/33.3/50/>50 counts=119/4241/3901/139/30/329.
[08:18:21.780] GL repaint stages at frame 8880 (avg/max us): use-output=8/2537 setup=23/3529 draw=104/3246 create-sync=11216/153429 flush=7/342 post=4/141 total=10628
[08:18:21.788] gfxstream output: presents=8880 releases=8880 present-us(avg/max)=1498/13546 release-signal-after-response-us(avg/max)=3748/22727 no-free-slot=0.
[08:18:21.789] gfxstream cadence: inter-repaint-us(avg/max)=18909/259545 finish-interval-us(avg/max)=18894/245196 finish-late-us(avg/max)=0/0 finish-to-repaint-us(avg/max)=1316/240305.
[08:18:21.790] gfxstream repaint: full-us(avg/max)=14399/158886 renderer-us(avg/max)=11381/153665 fence-us(avg/max)=1467/12485 remainder-us(avg/max)=51/3787 thread-cpu/wall-window-us=418046/1779080.
[08:18:21.791] gfxstream inter-present buckets (n=8879): upper-bound-ms=8.3/16.7/25/33.3/50/>50 counts=119/4298/3957/140/31/334.
Date: 2026-09-06 UTC
[08:35:00.037] weston 14.0.1
               https://wayland.freedesktop.org
               Bug reports to: https://gitlab.freedesktop.org/wayland/weston/issues/
               Build: 14.0.1
[08:35:00.039] Command line: /root/udroid-weston-socket-v1/frontend/weston --backend=headless --renderer=gl --shell=desktop --no-config --gbm-allocator-socket=/tmp/kumquat-gpu-0 --gfxstream-presenter-icd=/opt/udroid/gfxstream/lib/libvulkan_gfxstream.so --socket=wayland-gfxstream-animated --width=720 --height=720 --idle-time=0 --log=/root/udroid-weston-socket-v1/weston-animated.log -- /usr/bin/weston-simple-shm
[08:35:00.040] OS: Linux, 6.1.157-android14-11-gbd23337e42e7-ab14791245, #1 SMP PREEMPT Wed Jan 28 05:34:14 UTC 2026, aarch64
[08:35:00.040] Flight recorder: enabled
[08:35:00.041] Starting with no config file.
[08:35:00.042] Output repaint window is 7 ms maximum.
[08:35:00.043] Loading module '/root/udroid-weston-socket-v1/libweston/backend-headless/headless-backend.so'
[08:35:00.137] Loading module '/root/udroid-weston-contract/libweston/renderer-gl/gl-renderer.so'
[08:35:00.234] warning: failed to query rendering device from EGL
[08:35:00.250] Using external GBM allocator backend: gfxstream
[08:35:00.251] EGL version: 1.5
[08:35:00.251] EGL vendor: Mesa Project
[08:35:00.251] EGL client APIs: OpenGL OpenGL_ES 
[08:35:00.251] EGL features:
               EGL Wayland extension: no
               context priority: no
               buffer age: no
               partial update: yes
               swap buffers with damage: no
               configless context: yes
               surfaceless context: yes
               dmabuf support: modifiers
[08:35:00.269] GL version: OpenGL ES 2.0 Mesa 25.0.7
[08:35:00.269] GLSL version: OpenGL ES GLSL ES 1.0.16
[08:35:00.269] GL vendor: Mesa
[08:35:00.269] GL renderer: zink Vulkan 1.4(Virtio-GPU GFXStream (Mali-G78) (Driver Unknown))
[08:35:00.288] GL ES 2.0 - renderer features:
               read-back format: ARGB8888
               glReadPixels supports y-flip: yes
               glReadPixels supports PBO: yes
               wl_shm 10 bpc formats: yes
               wl_shm 16 bpc formats: no
               wl_shm half-float formats: no
               internal R and RG formats: yes
               OES_EGL_image_external: yes
[08:35:00.288] Using GL renderer
[08:35:00.288] Registered plugin API 'weston_windowed_output_api_headless_v2' of size 16
[08:35:00.288] Color manager: no-op
                 protocol support: no
[08:35:00.289] Output 'headless' attempts EOTF mode SDR and colorimetry mode default.
[08:35:00.289] Output 'headless' using color profile: stock sRGB color profile
[08:35:00.368] Direct gfxstream output enabled with 6 slots.
[08:35:00.368] Output 'headless' enabled with head(s) headless
[08:35:00.368] Compositor capabilities:
               arbitrary surface rotation: yes
               screen capture uses y-flip: yes
               cursor planes: no
               arbitrary resolutions: no
               view mask clipping: yes
               explicit sync: yes
               color operations: no
               presentation clock: CLOCK_MONOTONIC_RAW, id 4
               presentation clock resolution: 0.000000001 s
[08:35:00.371] Loading module '/usr/lib/aarch64-linux-gnu/weston/desktop-shell.so'
[08:35:00.373] launching '/usr/local/libexec/weston-keyboard'
[08:35:00.375] launching '/usr/local/libexec/weston-desktop-shell'
[08:35:03.170] gfxstream output: presents=120 releases=120 present-us(avg/max)=1348/3975 release-signal-after-response-us(avg/max)=4620/22485 no-free-slot=0.
[08:35:03.171] gfxstream cadence: inter-repaint-us(avg/max)=23284/269971 finish-interval-us(avg/max)=22737/258131 finish-late-us(avg/max)=0/0 finish-to-repaint-us(avg/max)=3364/249883.
[08:35:03.172] gfxstream repaint: full-us(avg/max)=16144/87835 renderer-us(avg/max)=13424/86216 fence-us(avg/max)=1321/2951 remainder-us(avg/max)=50/227 thread-cpu/wall-window-us=473755/1937319.
[08:35:03.172] gfxstream inter-present buckets (n=119): upper-bound-ms=8.3/16.7/25/33.3/50/>50 counts=0/49/52/11/2/5.
[08:35:05.489] gfxstream output: presents=240 releases=240 present-us(avg/max)=1411/5710 release-signal-after-response-us(avg/max)=4232/22485 no-free-slot=0.
[08:35:05.490] gfxstream cadence: inter-repaint-us(avg/max)=21241/269971 finish-interval-us(avg/max)=21026/258131 finish-late-us(avg/max)=0/0 finish-to-repaint-us(avg/max)=2308/249883.
[08:35:05.490] gfxstream repaint: full-us(avg/max)=15437/87835 renderer-us(avg/max)=12525/86216 fence-us(avg/max)=1452/9358 remainder-us(avg/max)=48/244 thread-cpu/wall-window-us=416856/1767726.
[08:35:05.491] gfxstream inter-present buckets (n=239): upper-bound-ms=8.3/16.7/25/33.3/50/>50 counts=1/104/109/13/2/10.
[08:35:07.863] gfxstream output: presents=360 releases=360 present-us(avg/max)=1483/5710 release-signal-after-response-us(avg/max)=4139/22485 no-free-slot=0.
[08:35:07.864] gfxstream cadence: inter-repaint-us(avg/max)=20792/269971 finish-interval-us(avg/max)=20609/258131 finish-late-us(avg/max)=0/0 finish-to-repaint-us(avg/max)=1973/249883.
[08:35:07.865] gfxstream repaint: full-us(avg/max)=15312/87835 renderer-us(avg/max)=12290/86216 fence-us(avg/max)=1488/9358 remainder-us(avg/max)=49/252 thread-cpu/wall-window-us=424389/1807322.
[08:35:07.866] gfxstream inter-present buckets (n=359): upper-bound-ms=8.3/16.7/25/33.3/50/>50 counts=1/148/178/15/2/15.
[08:35:10.079] gfxstream output: presents=480 releases=480 present-us(avg/max)=1482/5710 release-signal-after-response-us(avg/max)=3962/22485 no-free-slot=0.
[08:35:10.081] gfxstream cadence: inter-repaint-us(avg/max)=20209/269971 finish-interval-us(avg/max)=20074/258131 finish-late-us(avg/max)=0/0 finish-to-repaint-us(avg/max)=1796/249883.
[08:35:10.082] gfxstream repaint: full-us(avg/max)=15059/87835 renderer-us(avg/max)=12056/86216 fence-us(avg/max)=1471/9358 remainder-us(avg/max)=49/263 thread-cpu/wall-window-us=387983/1716146.
[08:35:10.083] gfxstream inter-present buckets (n=479): upper-bound-ms=8.3/16.7/25/33.3/50/>50 counts=1/219/221/16/2/20.
[08:35:12.495] gfxstream output: presents=600 releases=600 present-us(avg/max)=1490/6419 release-signal-after-response-us(avg/max)=3968/22485 no-free-slot=0.
[08:35:12.497] gfxstream cadence: inter-repaint-us(avg/max)=20190/269971 finish-interval-us(avg/max)=20086/258131 finish-late-us(avg/max)=0/0 finish-to-repaint-us(avg/max)=1700/249883.
[08:35:12.498] gfxstream repaint: full-us(avg/max)=15124/89068 renderer-us(avg/max)=12090/86216 fence-us(avg/max)=1493/9358 remainder-us(avg/max)=49/263 thread-cpu/wall-window-us=431146/1845932.
[08:35:12.499] gfxstream inter-present buckets (n=599): upper-bound-ms=8.3/16.7/25/33.3/50/>50 counts=1/267/286/18/2/25.
[08:35:14.829] gfxstream output: presents=720 releases=720 present-us(avg/max)=1517/6419 release-signal-after-response-us(avg/max)=3920/22485 no-free-slot=0.
[08:35:14.830] gfxstream cadence: inter-repaint-us(avg/max)=20067/269971 finish-interval-us(avg/max)=19979/258131 finish-late-us(avg/max)=0/0 finish-to-repaint-us(avg/max)=1634/249883.
[08:35:14.831] gfxstream repaint: full-us(avg/max)=15107/89068 renderer-us(avg/max)=12068/86216 fence-us(avg/max)=1471/9358 remainder-us(avg/max)=49/263 thread-cpu/wall-window-us=407494/1803306.
[08:35:14.832] gfxstream inter-present buckets (n=719): upper-bound-ms=8.3/16.7/25/33.3/50/>50 counts=1/323/343/20/2/30.
[08:35:17.112] gfxstream output: presents=840 releases=840 present-us(avg/max)=1542/6419 release-signal-after-response-us(avg/max)=3901/22485 no-free-slot=0.
[08:35:17.113] gfxstream cadence: inter-repaint-us(avg/max)=19915/269971 finish-interval-us(avg/max)=19842/258131 finish-late-us(avg/max)=0/0 finish-to-repaint-us(avg/max)=1584/249883.
[08:35:17.114] gfxstream repaint: full-us(avg/max)=15021/89068 renderer-us(avg/max)=11965/86216 fence-us(avg/max)=1463/9358 remainder-us(avg/max)=49/287 thread-cpu/wall-window-us=390812/1740024.
[08:35:17.114] gfxstream inter-present buckets (n=839): upper-bound-ms=8.3/16.7/25/33.3/50/>50 counts=1/375/406/21/2/34.
[08:35:19.506] gfxstream output: presents=960 releases=960 present-us(avg/max)=1531/6419 release-signal-after-response-us(avg/max)=3931/22485 no-free-slot=0.
[08:35:19.508] gfxstream cadence: inter-repaint-us(avg/max)=19924/269971 finish-interval-us(avg/max)=19855/258131 finish-late-us(avg/max)=0/0 finish-to-repaint-us(avg/max)=1548/249883.
[08:35:19.509] gfxstream repaint: full-us(avg/max)=15029/89068 renderer-us(avg/max)=11971/86216 fence-us(avg/max)=1475/9358 remainder-us(avg/max)=50/287 thread-cpu/wall-window-us=408832/1810256.
[08:35:19.510] gfxstream inter-present buckets (n=959): upper-bound-ms=8.3/16.7/25/33.3/50/>50 counts=1/416/472/29/2/39.
[08:35:21.944] gfxstream output: presents=1080 releases=1080 present-us(avg/max)=1546/6419 release-signal-after-response-us(avg/max)=3930/22485 no-free-slot=0.
[08:35:21.946] gfxstream cadence: inter-repaint-us(avg/max)=19965/269971 finish-interval-us(avg/max)=19906/258131 finish-late-us(avg/max)=0/0 finish-to-repaint-us(avg/max)=1516/249883.
[08:35:21.947] gfxstream repaint: full-us(avg/max)=15101/89068 renderer-us(avg/max)=12016/86216 fence-us(avg/max)=1487/9358 remainder-us(avg/max)=50/545 thread-cpu/wall-window-us=437448/1881261.
[08:35:21.949] gfxstream inter-present buckets (n=1079): upper-bound-ms=8.3/16.7/25/33.3/50/>50 counts=1/463/535/34/2/44.
[08:35:24.223] gfxstream output: presents=1200 releases=1200 present-us(avg/max)=1536/6419 release-signal-after-response-us(avg/max)=3934/22485 no-free-slot=0.
[08:35:24.225] gfxstream cadence: inter-repaint-us(avg/max)=19870/269971 finish-interval-us(avg/max)=19815/258131 finish-late-us(avg/max)=0/0 finish-to-repaint-us(avg/max)=1490/249883.
[08:35:24.226] gfxstream repaint: full-us(avg/max)=15023/89068 renderer-us(avg/max)=11948/86216 fence-us(avg/max)=1487/9358 remainder-us(avg/max)=50/545 thread-cpu/wall-window-us=406315/1719367.
[08:35:24.227] gfxstream inter-present buckets (n=1199): upper-bound-ms=8.3/16.7/25/33.3/50/>50 counts=1/524/588/35/2/49.
[08:35:26.491] gfxstream output: presents=1320 releases=1320 present-us(avg/max)=1537/6419 release-signal-after-response-us(avg/max)=3914/22485 no-free-slot=0.
[08:35:26.493] gfxstream cadence: inter-repaint-us(avg/max)=19781/269971 finish-interval-us(avg/max)=19732/258131 finish-late-us(avg/max)=0/0 finish-to-repaint-us(avg/max)=1470/249883.
[08:35:26.494] gfxstream repaint: full-us(avg/max)=14971/89068 renderer-us(avg/max)=11903/86216 fence-us(avg/max)=1479/9358 remainder-us(avg/max)=50/545 thread-cpu/wall-window-us=411472/1733544.
[08:35:26.495] gfxstream inter-present buckets (n=1319): upper-bound-ms=8.3/16.7/25/33.3/50/>50 counts=2/585/641/35/2/54.
[08:35:28.820] gfxstream output: presents=1440 releases=1440 present-us(avg/max)=1547/6752 release-signal-after-response-us(avg/max)=3905/22485 no-free-slot=0.
[08:35:28.822] gfxstream cadence: inter-repaint-us(avg/max)=19749/269971 finish-interval-us(avg/max)=19705/258131 finish-late-us(avg/max)=0/0 finish-to-repaint-us(avg/max)=1456/249883.
[08:35:28.823] gfxstream repaint: full-us(avg/max)=14960/89068 renderer-us(avg/max)=11887/86216 fence-us(avg/max)=1473/9358 remainder-us(avg/max)=51/935 thread-cpu/wall-window-us=435019/1780499.
[08:35:28.823] gfxstream inter-present buckets (n=1439): upper-bound-ms=8.3/16.7/25/33.3/50/>50 counts=2/644/695/37/2/59.
[08:35:30.992] gfxstream output: presents=1560 releases=1560 present-us(avg/max)=1547/6752 release-signal-after-response-us(avg/max)=3883/22485 no-free-slot=0.
[08:35:30.994] gfxstream cadence: inter-repaint-us(avg/max)=19621/269971 finish-interval-us(avg/max)=19581/258131 finish-late-us(avg/max)=0/0 finish-to-repaint-us(avg/max)=1443/249883.
[08:35:30.995] gfxstream repaint: full-us(avg/max)=14872/89068 renderer-us(avg/max)=11810/86216 fence-us(avg/max)=1462/9358 remainder-us(avg/max)=51/935 thread-cpu/wall-window-us=386698/1658792.
[08:35:30.996] gfxstream inter-present buckets (n=1559): upper-bound-ms=8.3/16.7/25/33.3/50/>50 counts=2/718/735/39/2/63.
[08:35:33.253] gfxstream output: presents=1680 releases=1680 present-us(avg/max)=1551/6752 release-signal-after-response-us(avg/max)=3865/22485 no-free-slot=0.
[08:35:33.254] gfxstream cadence: inter-repaint-us(avg/max)=19566/269971 finish-interval-us(avg/max)=19529/258131 finish-late-us(avg/max)=0/0 finish-to-repaint-us(avg/max)=1431/249883.
[08:35:33.255] gfxstream repaint: full-us(avg/max)=14846/89068 renderer-us(avg/max)=11787/86216 fence-us(avg/max)=1456/9358 remainder-us(avg/max)=51/935 thread-cpu/wall-window-us=407639/1741340.
[08:35:33.256] gfxstream inter-present buckets (n=1679): upper-bound-ms=8.3/16.7/25/33.3/50/>50 counts=2/785/781/41/2/68.
[08:35:35.337] gfxstream output: presents=1800 releases=1800 present-us(avg/max)=1535/6752 release-signal-after-response-us(avg/max)=3831/22485 no-free-slot=0.
[08:35:35.338] gfxstream cadence: inter-repaint-us(avg/max)=19422/269971 finish-interval-us(avg/max)=19385/258131 finish-late-us(avg/max)=0/0 finish-to-repaint-us(avg/max)=1419/249883.
[08:35:35.339] gfxstream repaint: full-us(avg/max)=14739/89068 renderer-us(avg/max)=11702/86216 fence-us(avg/max)=1450/9358 remainder-us(avg/max)=51/935 thread-cpu/wall-window-us=378389/1588069.
[08:35:35.340] gfxstream inter-present buckets (n=1799): upper-bound-ms=8.3/16.7/25/33.3/50/>50 counts=7/850/824/44/2/72.
[08:35:37.685] gfxstream output: presents=1920 releases=1920 present-us(avg/max)=1533/6752 release-signal-after-response-us(avg/max)=3843/22485 no-free-slot=0.
[08:35:37.687] gfxstream cadence: inter-repaint-us(avg/max)=19430/269971 finish-interval-us(avg/max)=19396/258131 finish-late-us(avg/max)=0/0 finish-to-repaint-us(avg/max)=1415/249883.
[08:35:37.687] gfxstream repaint: full-us(avg/max)=14740/89068 renderer-us(avg/max)=11701/86216 fence-us(avg/max)=1454/9358 remainder-us(avg/max)=51/935 thread-cpu/wall-window-us=405031/1771438.
[08:35:37.688] gfxstream inter-present buckets (n=1919): upper-bound-ms=8.3/16.7/25/33.3/50/>50 counts=7/910/873/50/2/77.
[08:35:40.036] gfxstream output: presents=2040 releases=2040 present-us(avg/max)=1528/6752 release-signal-after-response-us(avg/max)=3844/22485 no-free-slot=0.
[08:35:40.037] gfxstream cadence: inter-repaint-us(avg/max)=19434/269971 finish-interval-us(avg/max)=19407/258131 finish-late-us(avg/max)=0/0 finish-to-repaint-us(avg/max)=1408/249883.
[08:35:40.039] gfxstream repaint: full-us(avg/max)=14754/89068 renderer-us(avg/max)=11721/86216 fence-us(avg/max)=1452/9358 remainder-us(avg/max)=51/935 thread-cpu/wall-window-us=405264/1796212.
[08:35:40.040] gfxstream inter-present buckets (n=2039): upper-bound-ms=8.3/16.7/25/33.3/50/>50 counts=8/965/931/51/2/82.
[08:35:41.847] gfxstream output: presents=2160 releases=2160 present-us(avg/max)=1522/7029 release-signal-after-response-us(avg/max)=3777/22485 no-free-slot=0.
[08:35:41.848] gfxstream cadence: inter-repaint-us(avg/max)=19197/269971 finish-interval-us(avg/max)=19167/258131 finish-late-us(avg/max)=0/0 finish-to-repaint-us(avg/max)=1398/249883.
[08:35:41.850] gfxstream repaint: full-us(avg/max)=14585/89068 renderer-us(avg/max)=11587/86216 fence-us(avg/max)=1425/9358 remainder-us(avg/max)=50/935 thread-cpu/wall-window-us=313973/1406410.
[08:35:41.851] gfxstream inter-present buckets (n=2159): upper-bound-ms=8.3/16.7/25/33.3/50/>50 counts=21/1034/963/52/3/86.
[08:35:44.251] gfxstream output: presents=2280 releases=2280 present-us(avg/max)=1527/9282 release-signal-after-response-us(avg/max)=3798/22485 no-free-slot=0.
[08:35:44.252] gfxstream cadence: inter-repaint-us(avg/max)=19241/269971 finish-interval-us(avg/max)=19213/258131 finish-late-us(avg/max)=0/0 finish-to-repaint-us(avg/max)=1396/249883.
[08:35:44.253] gfxstream repaint: full-us(avg/max)=14617/89068 renderer-us(avg/max)=11605/86216 fence-us(avg/max)=1433/9358 remainder-us(avg/max)=50/935 thread-cpu/wall-window-us=423376/1822337.
[08:35:44.254] gfxstream inter-present buckets (n=2279): upper-bound-ms=8.3/16.7/25/33.3/50/>50 counts=21/1076/1033/55/3/91.
[08:35:46.519] gfxstream output: presents=2400 releases=2400 present-us(avg/max)=1524/9282 release-signal-after-response-us(avg/max)=3800/22485 no-free-slot=0.
[08:35:46.520] gfxstream cadence: inter-repaint-us(avg/max)=19223/269971 finish-interval-us(avg/max)=19197/258131 finish-late-us(avg/max)=0/0 finish-to-repaint-us(avg/max)=1392/249883.
[08:35:46.521] gfxstream repaint: full-us(avg/max)=14601/89068 renderer-us(avg/max)=11594/86216 fence-us(avg/max)=1431/9358 remainder-us(avg/max)=50/935 thread-cpu/wall-window-us=382530/1717242.
[08:35:46.522] gfxstream inter-present buckets (n=2399): upper-bound-ms=8.3/16.7/25/33.3/50/>50 counts=21/1133/1092/55/3/95.
[08:35:48.834] gfxstream output: presents=2520 releases=2520 present-us(avg/max)=1526/9282 release-signal-after-response-us(avg/max)=3797/22485 no-free-slot=0.
[08:35:48.836] gfxstream cadence: inter-repaint-us(avg/max)=19228/269971 finish-interval-us(avg/max)=19202/258131 finish-late-us(avg/max)=0/0 finish-to-repaint-us(avg/max)=1388/249883.
[08:35:48.837] gfxstream repaint: full-us(avg/max)=14611/89068 renderer-us(avg/max)=11604/86216 fence-us(avg/max)=1429/9358 remainder-us(avg/max)=50/935 thread-cpu/wall-window-us=398371/1775801.
[08:35:48.838] gfxstream inter-present buckets (n=2519): upper-bound-ms=8.3/16.7/25/33.3/50/>50 counts=21/1192/1147/56/3/100.
[08:35:51.175] gfxstream output: presents=2640 releases=2640 present-us(avg/max)=1529/9282 release-signal-after-response-us(avg/max)=3800/22485 no-free-slot=0.
[08:35:51.176] gfxstream cadence: inter-repaint-us(avg/max)=19241/269971 finish-interval-us(avg/max)=19215/258131 finish-late-us(avg/max)=0/0 finish-to-repaint-us(avg/max)=1381/249883.
[08:35:51.178] gfxstream repaint: full-us(avg/max)=14627/89068 renderer-us(avg/max)=11614/86216 fence-us(avg/max)=1432/9358 remainder-us(avg/max)=50/935 thread-cpu/wall-window-us=431194/1796698.
[08:35:51.179] gfxstream inter-present buckets (n=2639): upper-bound-ms=8.3/16.7/25/33.3/50/>50 counts=21/1245/1208/57/3/105.
[08:35:53.288] gfxstream output: presents=2760 releases=2760 present-us(avg/max)=1527/9282 release-signal-after-response-us(avg/max)=3781/22485 no-free-slot=0.
[08:35:53.289] gfxstream cadence: inter-repaint-us(avg/max)=19172/269971 finish-interval-us(avg/max)=19146/258131 finish-late-us(avg/max)=0/0 finish-to-repaint-us(avg/max)=1380/249883.
[08:35:53.289] gfxstream repaint: full-us(avg/max)=14573/89068 renderer-us(avg/max)=11568/86216 fence-us(avg/max)=1427/9358 remainder-us(avg/max)=50/935 thread-cpu/wall-window-us=377856/1604882.
[08:35:53.290] gfxstream inter-present buckets (n=2759): upper-bound-ms=8.3/16.7/25/33.3/50/>50 counts=23/1307/1257/60/4/108.
[08:35:55.613] gfxstream output: presents=2880 releases=2880 present-us(avg/max)=1529/9282 release-signal-after-response-us(avg/max)=3779/22485 no-free-slot=0.
[08:35:55.615] gfxstream cadence: inter-repaint-us(avg/max)=19176/269971 finish-interval-us(avg/max)=19155/258131 finish-late-us(avg/max)=0/0 finish-to-repaint-us(avg/max)=1376/249883.
[08:35:55.615] gfxstream repaint: full-us(avg/max)=14586/89068 renderer-us(avg/max)=11576/86216 fence-us(avg/max)=1429/9358 remainder-us(avg/max)=50/935 thread-cpu/wall-window-us=407681/1786242.
[08:35:55.616] gfxstream inter-present buckets (n=2879): upper-bound-ms=8.3/16.7/25/33.3/50/>50 counts=24/1363/1314/60/5/113.
[08:35:57.949] gfxstream output: presents=3000 releases=3000 present-us(avg/max)=1531/9282 release-signal-after-response-us(avg/max)=3783/22485 no-free-slot=0.
[08:35:57.951] gfxstream cadence: inter-repaint-us(avg/max)=19187/269971 finish-interval-us(avg/max)=19168/258131 finish-late-us(avg/max)=0/0 finish-to-repaint-us(avg/max)=1373/249883.
[08:35:57.952] gfxstream repaint: full-us(avg/max)=14594/89068 renderer-us(avg/max)=11585/86216 fence-us(avg/max)=1426/9358 remainder-us(avg/max)=50/935 thread-cpu/wall-window-us=403650/1774356.
[08:35:57.954] gfxstream inter-present buckets (n=2999): upper-bound-ms=8.3/16.7/25/33.3/50/>50 counts=25/1418/1369/64/5/118.
[08:36:00.125] gfxstream output: presents=3120 releases=3120 present-us(avg/max)=1532/9282 release-signal-after-response-us(avg/max)=3770/22485 no-free-slot=0.
[08:36:00.125] gfxstream cadence: inter-repaint-us(avg/max)=19151/269971 finish-interval-us(avg/max)=19128/258131 finish-late-us(avg/max)=0/0 finish-to-repaint-us(avg/max)=1371/249883.
[08:36:00.126] gfxstream repaint: full-us(avg/max)=14568/89068 renderer-us(avg/max)=11563/86216 fence-us(avg/max)=1421/9358 remainder-us(avg/max)=50/935 thread-cpu/wall-window-us=374321/1669838.
[08:36:00.126] gfxstream inter-present buckets (n=3119): upper-bound-ms=8.3/16.7/25/33.3/50/>50 counts=26/1483/1417/66/5/122.
[08:36:02.191] gfxstream output: presents=3240 releases=3240 present-us(avg/max)=1531/9282 release-signal-after-response-us(avg/max)=3746/22485 no-free-slot=0.
[08:36:02.192] gfxstream cadence: inter-repaint-us(avg/max)=19076/269971 finish-interval-us(avg/max)=19057/258131 finish-late-us(avg/max)=0/0 finish-to-repaint-us(avg/max)=1366/249883.
[08:36:02.194] gfxstream repaint: full-us(avg/max)=14521/89068 renderer-us(avg/max)=11521/86216 fence-us(avg/max)=1417/9358 remainder-us(avg/max)=50/935 thread-cpu/wall-window-us=367417/1596698.
[08:36:02.196] gfxstream inter-present buckets (n=3239): upper-bound-ms=8.3/16.7/25/33.3/50/>50 counts=27/1556/1455/70/5/126.
[08:36:04.551] gfxstream output: presents=3360 releases=3360 present-us(avg/max)=1531/9282 release-signal-after-response-us(avg/max)=3754/22485 no-free-slot=0.
[08:36:04.553] gfxstream cadence: inter-repaint-us(avg/max)=19098/269971 finish-interval-us(avg/max)=19079/258131 finish-late-us(avg/max)=0/0 finish-to-repaint-us(avg/max)=1365/249883.
[08:36:04.554] gfxstream repaint: full-us(avg/max)=14537/89068 renderer-us(avg/max)=11534/86216 fence-us(avg/max)=1420/9358 remainder-us(avg/max)=50/935 thread-cpu/wall-window-us=397981/1795814.
[08:36:04.555] gfxstream inter-present buckets (n=3359): upper-bound-ms=8.3/16.7/25/33.3/50/>50 counts=27/1610/1511/75/5/131.
[08:36:06.944] gfxstream output: presents=3480 releases=3480 present-us(avg/max)=1531/9282 release-signal-after-response-us(avg/max)=3765/22485 no-free-slot=0.
[08:36:06.945] gfxstream cadence: inter-repaint-us(avg/max)=19126/269971 finish-interval-us(avg/max)=19108/258131 finish-late-us(avg/max)=0/0 finish-to-repaint-us(avg/max)=1364/249883.
[08:36:06.946] gfxstream repaint: full-us(avg/max)=14557/98429 renderer-us(avg/max)=11552/95111 fence-us(avg/max)=1422/9358 remainder-us(avg/max)=50/935 thread-cpu/wall-window-us=418104/1815890.
[08:36:06.947] gfxstream inter-present buckets (n=3479): upper-bound-ms=8.3/16.7/25/33.3/50/>50 counts=27/1663/1570/78/5/136.
[08:36:09.288] gfxstream output: presents=3600 releases=3600 present-us(avg/max)=1534/9282 release-signal-after-response-us(avg/max)=3775/22485 no-free-slot=0.
[08:36:09.290] gfxstream cadence: inter-repaint-us(avg/max)=19141/269971 finish-interval-us(avg/max)=19123/258131 finish-late-us(avg/max)=0/0 finish-to-repaint-us(avg/max)=1362/249883.
[08:36:09.292] gfxstream repaint: full-us(avg/max)=14563/98429 renderer-us(avg/max)=11553/95111 fence-us(avg/max)=1423/9358 remainder-us(avg/max)=51/935 thread-cpu/wall-window-us=411842/1767602.
[08:36:09.293] gfxstream inter-present buckets (n=3599): upper-bound-ms=8.3/16.7/25/33.3/50/>50 counts=27/1718/1628/80/5/141.
[08:36:11.745] gfxstream output: presents=3720 releases=3720 present-us(avg/max)=1533/9282 release-signal-after-response-us(avg/max)=3785/22485 no-free-slot=0.
[08:36:11.747] gfxstream cadence: inter-repaint-us(avg/max)=19183/269971 finish-interval-us(avg/max)=19166/258131 finish-late-us(avg/max)=0/0 finish-to-repaint-us(avg/max)=1363/249883.
[08:36:11.747] gfxstream repaint: full-us(avg/max)=14597/98429 renderer-us(avg/max)=11583/95111 fence-us(avg/max)=1428/9358 remainder-us(avg/max)=51/935 thread-cpu/wall-window-us=420249/1872542.
[08:36:11.748] gfxstream inter-present buckets (n=3719): upper-bound-ms=8.3/16.7/25/33.3/50/>50 counts=27/1761/1696/82/7/146.
[08:36:14.085] gfxstream output: presents=3840 releases=3840 present-us(avg/max)=1533/9282 release-signal-after-response-us(avg/max)=3789/22485 no-free-slot=0.
[08:36:14.087] gfxstream cadence: inter-repaint-us(avg/max)=19195/269971 finish-interval-us(avg/max)=19177/258131 finish-late-us(avg/max)=0/0 finish-to-repaint-us(avg/max)=1361/249883.
[08:36:14.087] gfxstream repaint: full-us(avg/max)=14606/98429 renderer-us(avg/max)=11588/95111 fence-us(avg/max)=1433/9358 remainder-us(avg/max)=51/935 thread-cpu/wall-window-us=422327/1786407.
[08:36:14.089] gfxstream inter-present buckets (n=3839): upper-bound-ms=8.3/16.7/25/33.3/50/>50 counts=27/1808/1762/84/8/150.
[08:36:16.352] gfxstream output: presents=3960 releases=3960 present-us(avg/max)=1536/9282 release-signal-after-response-us(avg/max)=3786/22485 no-free-slot=0.
[08:36:16.354] gfxstream cadence: inter-repaint-us(avg/max)=19184/269971 finish-interval-us(avg/max)=19168/258131 finish-late-us(avg/max)=0/0 finish-to-repaint-us(avg/max)=1359/249883.
[08:36:16.355] gfxstream repaint: full-us(avg/max)=14602/98429 renderer-us(avg/max)=11578/95111 fence-us(avg/max)=1436/9358 remainder-us(avg/max)=51/935 thread-cpu/wall-window-us=409422/1738066.
[08:36:16.356] gfxstream inter-present buckets (n=3959): upper-bound-ms=8.3/16.7/25/33.3/50/>50 counts=27/1869/1815/86/8/154.
[08:36:18.614] gfxstream output: presents=4080 releases=4080 present-us(avg/max)=1538/9282 release-signal-after-response-us(avg/max)=3780/22485 no-free-slot=0.
[08:36:18.615] gfxstream cadence: inter-repaint-us(avg/max)=19176/269971 finish-interval-us(avg/max)=19159/258131 finish-late-us(avg/max)=0/0 finish-to-repaint-us(avg/max)=1357/249883.
[08:36:18.616] gfxstream repaint: full-us(avg/max)=14598/98429 renderer-us(avg/max)=11572/95111 fence-us(avg/max)=1436/9358 remainder-us(avg/max)=51/935 thread-cpu/wall-window-us=398479/1737609.
[08:36:18.617] gfxstream inter-present buckets (n=4079): upper-bound-ms=8.3/16.7/25/33.3/50/>50 counts=29/1927/1868/88/9/158.
[08:36:20.955] gfxstream output: presents=4200 releases=4200 present-us(avg/max)=1540/9282 release-signal-after-response-us(avg/max)=3780/22485 no-free-slot=0.
[08:36:20.956] gfxstream cadence: inter-repaint-us(avg/max)=19184/269971 finish-interval-us(avg/max)=19168/258131 finish-late-us(avg/max)=0/0 finish-to-repaint-us(avg/max)=1356/249883.
[08:36:20.957] gfxstream repaint: full-us(avg/max)=14606/98429 renderer-us(avg/max)=11573/95111 fence-us(avg/max)=1440/9358 remainder-us(avg/max)=51/935 thread-cpu/wall-window-us=426398/1785548.
[08:36:20.958] gfxstream inter-present buckets (n=4199): upper-bound-ms=8.3/16.7/25/33.3/50/>50 counts=29/1979/1928/91/9/163.
[08:36:23.259] gfxstream output: presents=4320 releases=4320 present-us(avg/max)=1540/9282 release-signal-after-response-us(avg/max)=3778/22485 no-free-slot=0.
[08:36:23.260] gfxstream cadence: inter-repaint-us(avg/max)=19185/269971 finish-interval-us(avg/max)=19169/258131 finish-late-us(avg/max)=0/0 finish-to-repaint-us(avg/max)=1354/249883.
[08:36:23.261] gfxstream repaint: full-us(avg/max)=14610/98429 renderer-us(avg/max)=11577/95111 fence-us(avg/max)=1441/9358 remainder-us(avg/max)=51/935 thread-cpu/wall-window-us=416780/1769885.
[08:36:23.262] gfxstream inter-present buckets (n=4319): upper-bound-ms=8.3/16.7/25/33.3/50/>50 counts=29/2039/1983/91/9/168.
[08:36:25.558] gfxstream output: presents=4440 releases=4440 present-us(avg/max)=1538/9282 release-signal-after-response-us(avg/max)=3775/22485 no-free-slot=0.
[08:36:25.559] gfxstream cadence: inter-repaint-us(avg/max)=19185/269971 finish-interval-us(avg/max)=19169/258131 finish-late-us(avg/max)=0/0 finish-to-repaint-us(avg/max)=1352/249883.
[08:36:25.559] gfxstream repaint: full-us(avg/max)=14615/98429 renderer-us(avg/max)=11579/95111 fence-us(avg/max)=1446/9358 remainder-us(avg/max)=51/935 thread-cpu/wall-window-us=404804/1775250.
[08:36:25.560] gfxstream inter-present buckets (n=4439): upper-bound-ms=8.3/16.7/25/33.3/50/>50 counts=30/2095/2039/93/9/173.
[08:36:27.903] gfxstream output: presents=4560 releases=4560 present-us(avg/max)=1538/9282 release-signal-after-response-us(avg/max)=3777/22485 no-free-slot=0.
[08:36:27.904] gfxstream cadence: inter-repaint-us(avg/max)=19193/269971 finish-interval-us(avg/max)=19179/258131 finish-late-us(avg/max)=0/0 finish-to-repaint-us(avg/max)=1351/249883.
[08:36:27.904] gfxstream repaint: full-us(avg/max)=14622/98429 renderer-us(avg/max)=11584/95111 fence-us(avg/max)=1449/9358 remainder-us(avg/max)=51/935 thread-cpu/wall-window-us=434364/1786368.
[08:36:27.905] gfxstream inter-present buckets (n=4559): upper-bound-ms=8.3/16.7/25/33.3/50/>50 counts=30/2145/2104/93/9/178.
[08:36:30.218] gfxstream output: presents=4680 releases=4680 present-us(avg/max)=1540/9282 release-signal-after-response-us(avg/max)=3777/22485 no-free-slot=0.
[08:36:30.219] gfxstream cadence: inter-repaint-us(avg/max)=19195/269971 finish-interval-us(avg/max)=19182/258131 finish-late-us(avg/max)=0/0 finish-to-repaint-us(avg/max)=1348/249883.
[08:36:30.221] gfxstream repaint: full-us(avg/max)=14628/98619 renderer-us(avg/max)=11587/95651 fence-us(avg/max)=1449/9358 remainder-us(avg/max)=51/935 thread-cpu/wall-window-us=407476/1781196.
[08:36:30.222] gfxstream inter-present buckets (n=4679): upper-bound-ms=8.3/16.7/25/33.3/50/>50 counts=30/2198/2164/96/9/182.
[08:36:32.560] gfxstream output: presents=4800 releases=4800 present-us(avg/max)=1540/9282 release-signal-after-response-us(avg/max)=3782/22485 no-free-slot=0.
[08:36:32.562] gfxstream cadence: inter-repaint-us(avg/max)=19203/269971 finish-interval-us(avg/max)=19190/258131 finish-late-us(avg/max)=0/0 finish-to-repaint-us(avg/max)=1347/249883.
[08:36:32.563] gfxstream repaint: full-us(avg/max)=14632/98619 renderer-us(avg/max)=11592/95651 fence-us(avg/max)=1448/9358 remainder-us(avg/max)=51/935 thread-cpu/wall-window-us=407173/1774973.
[08:36:32.565] gfxstream inter-present buckets (n=4799): upper-bound-ms=8.3/16.7/25/33.3/50/>50 counts=30/2251/2223/99/9/187.
[08:36:34.841] gfxstream output: presents=4920 releases=4920 present-us(avg/max)=1539/9282 release-signal-after-response-us(avg/max)=3785/22485 no-free-slot=0.
[08:36:34.843] gfxstream cadence: inter-repaint-us(avg/max)=19199/269971 finish-interval-us(avg/max)=19186/258131 finish-late-us(avg/max)=0/0 finish-to-repaint-us(avg/max)=1346/249883.
[08:36:34.844] gfxstream repaint: full-us(avg/max)=14625/98619 renderer-us(avg/max)=11586/95651 fence-us(avg/max)=1448/9358 remainder-us(avg/max)=51/935 thread-cpu/wall-window-us=409588/1722368.
[08:36:34.845] gfxstream inter-present buckets (n=4919): upper-bound-ms=8.3/16.7/25/33.3/50/>50 counts=31/2309/2277/101/9/192.
[08:36:37.156] gfxstream output: presents=5040 releases=5040 present-us(avg/max)=1541/9282 release-signal-after-response-us(avg/max)=3784/22485 no-free-slot=0.
[08:36:37.157] gfxstream cadence: inter-repaint-us(avg/max)=19200/269971 finish-interval-us(avg/max)=19188/258131 finish-late-us(avg/max)=0/0 finish-to-repaint-us(avg/max)=1345/249883.
[08:36:37.158] gfxstream repaint: full-us(avg/max)=14629/98619 renderer-us(avg/max)=11590/95651 fence-us(avg/max)=1446/9358 remainder-us(avg/max)=51/935 thread-cpu/wall-window-us=408240/1776109.
[08:36:37.159] gfxstream inter-present buckets (n=5039): upper-bound-ms=8.3/16.7/25/33.3/50/>50 counts=31/2374/2326/102/9/197.
[08:36:39.487] gfxstream output: presents=5160 releases=5160 present-us(avg/max)=1538/9282 release-signal-after-response-us(avg/max)=3786/22485 no-free-slot=0.
[08:36:39.489] gfxstream cadence: inter-repaint-us(avg/max)=19207/269971 finish-interval-us(avg/max)=19194/258131 finish-late-us(avg/max)=0/0 finish-to-repaint-us(avg/max)=1343/249883.
[08:36:39.490] gfxstream repaint: full-us(avg/max)=14634/98619 renderer-us(avg/max)=11598/95651 fence-us(avg/max)=1446/9358 remainder-us(avg/max)=51/935 thread-cpu/wall-window-us=405105/1778748.
[08:36:39.491] gfxstream inter-present buckets (n=5159): upper-bound-ms=8.3/16.7/25/33.3/50/>50 counts=32/2426/2387/103/9/202.
[08:36:41.796] gfxstream output: presents=5280 releases=5280 present-us(avg/max)=1540/9319 release-signal-after-response-us(avg/max)=3788/22485 no-free-slot=0.
[08:36:41.798] gfxstream cadence: inter-repaint-us(avg/max)=19207/269971 finish-interval-us(avg/max)=19195/258131 finish-late-us(avg/max)=0/0 finish-to-repaint-us(avg/max)=1341/249883.
[08:36:41.799] gfxstream repaint: full-us(avg/max)=14634/98619 renderer-us(avg/max)=11594/95651 fence-us(avg/max)=1448/11382 remainder-us(avg/max)=51/935 thread-cpu/wall-window-us=413428/1755555.
[08:36:41.800] gfxstream inter-present buckets (n=5279): upper-bound-ms=8.3/16.7/25/33.3/50/>50 counts=32/2487/2438/106/9/207.
[08:36:44.082] gfxstream output: presents=5400 releases=5400 present-us(avg/max)=1541/9319 release-signal-after-response-us(avg/max)=3788/22485 no-free-slot=0.
[08:36:44.083] gfxstream cadence: inter-repaint-us(avg/max)=19204/269971 finish-interval-us(avg/max)=19192/258131 finish-late-us(avg/max)=0/0 finish-to-repaint-us(avg/max)=1341/249883.
[08:36:44.083] gfxstream repaint: full-us(avg/max)=14630/98619 renderer-us(avg/max)=11590/95651 fence-us(avg/max)=1447/11382 remainder-us(avg/max)=51/935 thread-cpu/wall-window-us=403300/1737018.
[08:36:44.084] gfxstream inter-present buckets (n=5399): upper-bound-ms=8.3/16.7/25/33.3/50/>50 counts=32/2545/2495/106/9/212.
[08:36:46.325] gfxstream output: presents=5520 releases=5520 present-us(avg/max)=1542/9319 release-signal-after-response-us(avg/max)=3785/22485 no-free-slot=0.
[08:36:46.326] gfxstream cadence: inter-repaint-us(avg/max)=19192/269971 finish-interval-us(avg/max)=19181/258131 finish-late-us(avg/max)=0/0 finish-to-repaint-us(avg/max)=1339/249883.
[08:36:46.327] gfxstream repaint: full-us(avg/max)=14626/98619 renderer-us(avg/max)=11584/95651 fence-us(avg/max)=1448/11382 remainder-us(avg/max)=51/935 thread-cpu/wall-window-us=392524/1732058.
[08:36:46.327] gfxstream inter-present buckets (n=5519): upper-bound-ms=8.3/16.7/25/33.3/50/>50 counts=32/2604/2552/106/9/216.
[08:36:48.667] gfxstream output: presents=5640 releases=5640 present-us(avg/max)=1543/9319 release-signal-after-response-us(avg/max)=3784/22485 no-free-slot=0.
[08:36:48.669] gfxstream cadence: inter-repaint-us(avg/max)=19199/269971 finish-interval-us(avg/max)=19188/258131 finish-late-us(avg/max)=0/0 finish-to-repaint-us(avg/max)=1338/249883.
[08:36:48.670] gfxstream repaint: full-us(avg/max)=14635/98619 renderer-us(avg/max)=11591/95651 fence-us(avg/max)=1449/11382 remainder-us(avg/max)=51/935 thread-cpu/wall-window-us=404596/1807474.
[08:36:48.671] gfxstream inter-present buckets (n=5639): upper-bound-ms=8.3/16.7/25/33.3/50/>50 counts=32/2653/2618/106/9/221.
[08:36:50.994] gfxstream output: presents=5760 releases=5760 present-us(avg/max)=1546/9319 release-signal-after-response-us(avg/max)=3783/22485 no-free-slot=0.
[08:36:50.995] gfxstream cadence: inter-repaint-us(avg/max)=19204/269971 finish-interval-us(avg/max)=19192/258131 finish-late-us(avg/max)=0/0 finish-to-repaint-us(avg/max)=1339/249883.
[08:36:50.995] gfxstream repaint: full-us(avg/max)=14639/98619 renderer-us(avg/max)=11590/95651 fence-us(avg/max)=1451/11382 remainder-us(avg/max)=51/935 thread-cpu/wall-window-us=406936/1780404.
[08:36:50.996] gfxstream inter-present buckets (n=5759): upper-bound-ms=8.3/16.7/25/33.3/50/>50 counts=32/2706/2677/108/10/226.
[08:36:52.978] gfxstream output: presents=5880 releases=5880 present-us(avg/max)=1545/9319 release-signal-after-response-us(avg/max)=3764/22485 no-free-slot=0.
[08:36:52.979] gfxstream cadence: inter-repaint-us(avg/max)=19149/269971 finish-interval-us(avg/max)=19138/258131 finish-late-us(avg/max)=0/0 finish-to-repaint-us(avg/max)=1337/249883.
[08:36:52.980] gfxstream repaint: full-us(avg/max)=14604/115404 renderer-us(avg/max)=11562/111021 fence-us(avg/max)=1444/11382 remainder-us(avg/max)=51/935 thread-cpu/wall-window-us=373898/1546628.
[08:36:52.981] gfxstream inter-present buckets (n=5879): upper-bound-ms=8.3/16.7/25/33.3/50/>50 counts=34/2784/2710/110/12/229.
[08:36:55.079] gfxstream output: presents=6000 releases=6000 present-us(avg/max)=1547/9319 release-signal-after-response-us(avg/max)=3750/22485 no-free-slot=0.
[08:36:55.079] gfxstream cadence: inter-repaint-us(avg/max)=19116/269971 finish-interval-us(avg/max)=19105/258131 finish-late-us(avg/max)=0/0 finish-to-repaint-us(avg/max)=1337/249883.
[08:36:55.080] gfxstream repaint: full-us(avg/max)=14584/115404 renderer-us(avg/max)=11544/111021 fence-us(avg/max)=1439/11382 remainder-us(avg/max)=51/935 thread-cpu/wall-window-us=375078/1631883.
[08:36:55.080] gfxstream inter-present buckets (n=5999): upper-bound-ms=8.3/16.7/25/33.3/50/>50 counts=34/2861/2746/113/12/233.
[08:36:57.120] gfxstream output: presents=6120 releases=6120 present-us(avg/max)=1544/9319 release-signal-after-response-us(avg/max)=3738/22485 no-free-slot=0.
[08:36:57.121] gfxstream cadence: inter-repaint-us(avg/max)=19076/269971 finish-interval-us(avg/max)=19064/258131 finish-late-us(avg/max)=0/0 finish-to-repaint-us(avg/max)=1334/249883.
[08:36:57.121] gfxstream repaint: full-us(avg/max)=14556/115404 renderer-us(avg/max)=11524/111021 fence-us(avg/max)=1435/11382 remainder-us(avg/max)=51/935 thread-cpu/wall-window-us=395169/1579228.
[08:36:57.122] gfxstream inter-present buckets (n=6119): upper-bound-ms=8.3/16.7/25/33.3/50/>50 counts=35/2937/2782/116/13/236.
[08:36:59.214] gfxstream output: presents=6240 releases=6240 present-us(avg/max)=1543/9319 release-signal-after-response-us(avg/max)=3728/22485 no-free-slot=0.
[08:36:59.215] gfxstream cadence: inter-repaint-us(avg/max)=19044/269971 finish-interval-us(avg/max)=19033/258131 finish-late-us(avg/max)=0/0 finish-to-repaint-us(avg/max)=1333/249883.
[08:36:59.216] gfxstream repaint: full-us(avg/max)=14534/115404 renderer-us(avg/max)=11507/111021 fence-us(avg/max)=1432/11382 remainder-us(avg/max)=51/935 thread-cpu/wall-window-us=387538/1611604.
[08:36:59.216] gfxstream inter-present buckets (n=6239): upper-bound-ms=8.3/16.7/25/33.3/50/>50 counts=35/3011/2822/118/13/240.
[08:37:01.269] gfxstream output: presents=6360 releases=6360 present-us(avg/max)=1543/16749 release-signal-after-response-us(avg/max)=3720/22485 no-free-slot=0.
[08:37:01.270] gfxstream cadence: inter-repaint-us(avg/max)=19007/269971 finish-interval-us(avg/max)=18997/258131 finish-late-us(avg/max)=0/0 finish-to-repaint-us(avg/max)=1331/249883.
[08:37:01.271] gfxstream repaint: full-us(avg/max)=14508/115404 renderer-us(avg/max)=11486/111021 fence-us(avg/max)=1426/11382 remainder-us(avg/max)=51/935 thread-cpu/wall-window-us=362120/1575942.
[08:37:01.272] gfxstream inter-present buckets (n=6359): upper-bound-ms=8.3/16.7/25/33.3/50/>50 counts=35/3084/2861/121/14/244.
[08:37:03.620] gfxstream output: presents=6480 releases=6480 present-us(avg/max)=1546/16749 release-signal-after-response-us(avg/max)=3719/22485 no-free-slot=0.
[08:37:03.622] gfxstream cadence: inter-repaint-us(avg/max)=19018/269971 finish-interval-us(avg/max)=19008/258131 finish-late-us(avg/max)=0/0 finish-to-repaint-us(avg/max)=1331/249883.
[08:37:03.623] gfxstream repaint: full-us(avg/max)=14518/115404 renderer-us(avg/max)=11491/111021 fence-us(avg/max)=1429/11382 remainder-us(avg/max)=51/935 thread-cpu/wall-window-us=421624/1809069.
[08:37:03.624] gfxstream inter-present buckets (n=6479): upper-bound-ms=8.3/16.7/25/33.3/50/>50 counts=35/3135/2924/122/14/249.
[08:37:05.952] gfxstream output: presents=6600 releases=6600 present-us(avg/max)=1549/16749 release-signal-after-response-us(avg/max)=3721/22485 no-free-slot=0.
[08:37:05.954] gfxstream cadence: inter-repaint-us(avg/max)=19025/269971 finish-interval-us(avg/max)=19016/258131 finish-late-us(avg/max)=0/0 finish-to-repaint-us(avg/max)=1331/249883.
[08:37:05.955] gfxstream repaint: full-us(avg/max)=14525/115404 renderer-us(avg/max)=11494/111021 fence-us(avg/max)=1430/11382 remainder-us(avg/max)=51/935 thread-cpu/wall-window-us=411625/1785328.
[08:37:05.956] gfxstream inter-present buckets (n=6599): upper-bound-ms=8.3/16.7/25/33.3/50/>50 counts=37/3188/2981/125/14/254.
[08:37:08.193] gfxstream output: presents=6720 releases=6720 present-us(avg/max)=1546/16749 release-signal-after-response-us(avg/max)=3723/22485 no-free-slot=0.
[08:37:08.195] gfxstream cadence: inter-repaint-us(avg/max)=19020/269971 finish-interval-us(avg/max)=19010/258131 finish-late-us(avg/max)=0/0 finish-to-repaint-us(avg/max)=1330/249883.
[08:37:08.196] gfxstream repaint: full-us(avg/max)=14519/115404 renderer-us(avg/max)=11491/111021 fence-us(avg/max)=1430/11382 remainder-us(avg/max)=51/935 thread-cpu/wall-window-us=395112/1706555.
[08:37:08.197] gfxstream inter-present buckets (n=6719): upper-bound-ms=8.3/16.7/25/33.3/50/>50 counts=37/3249/3034/126/15/258.
[08:37:10.469] gfxstream output: presents=6840 releases=6840 present-us(avg/max)=1547/16749 release-signal-after-response-us(avg/max)=3724/22485 no-free-slot=0.
[08:37:10.470] gfxstream cadence: inter-repaint-us(avg/max)=19018/269971 finish-interval-us(avg/max)=19009/258131 finish-late-us(avg/max)=0/0 finish-to-repaint-us(avg/max)=1330/249883.
[08:37:10.471] gfxstream repaint: full-us(avg/max)=14516/115404 renderer-us(avg/max)=11488/111021 fence-us(avg/max)=1430/11382 remainder-us(avg/max)=51/935 thread-cpu/wall-window-us=405723/1723393.
[08:37:10.473] gfxstream inter-present buckets (n=6839): upper-bound-ms=8.3/16.7/25/33.3/50/>50 counts=37/3311/3087/126/15/263.
[08:37:12.843] gfxstream output: presents=6960 releases=6960 present-us(avg/max)=1547/16749 release-signal-after-response-us(avg/max)=3727/22485 no-free-slot=0.
[08:37:12.844] gfxstream cadence: inter-repaint-us(avg/max)=19032/269971 finish-interval-us(avg/max)=19022/258131 finish-late-us(avg/max)=0/0 finish-to-repaint-us(avg/max)=1329/249883.
[08:37:12.844] gfxstream repaint: full-us(avg/max)=14527/115404 renderer-us(avg/max)=11497/111021 fence-us(avg/max)=1431/11382 remainder-us(avg/max)=51/935 thread-cpu/wall-window-us=419239/1818183.
[08:37:12.845] gfxstream inter-present buckets (n=6959): upper-bound-ms=8.3/16.7/25/33.3/50/>50 counts=37/3363/3147/129/15/268.
[08:37:15.158] gfxstream output: presents=7080 releases=7080 present-us(avg/max)=1548/16749 release-signal-after-response-us(avg/max)=3730/22485 no-free-slot=0.
[08:37:15.160] gfxstream cadence: inter-repaint-us(avg/max)=19036/269971 finish-interval-us(avg/max)=19027/258131 finish-late-us(avg/max)=0/0 finish-to-repaint-us(avg/max)=1328/249883.
[08:37:15.161] gfxstream repaint: full-us(avg/max)=14530/115404 renderer-us(avg/max)=11498/111021 fence-us(avg/max)=1432/11382 remainder-us(avg/max)=51/935 thread-cpu/wall-window-us=395225/1759775.
[08:37:15.162] gfxstream inter-present buckets (n=7079): upper-bound-ms=8.3/16.7/25/33.3/50/>50 counts=37/3416/3208/131/16/271.
[08:37:17.493] gfxstream output: presents=7200 releases=7200 present-us(avg/max)=1547/16749 release-signal-after-response-us(avg/max)=3731/22485 no-free-slot=0.
[08:37:17.494] gfxstream cadence: inter-repaint-us(avg/max)=19043/269971 finish-interval-us(avg/max)=19034/258131 finish-late-us(avg/max)=0/0 finish-to-repaint-us(avg/max)=1327/249883.
[08:37:17.495] gfxstream repaint: full-us(avg/max)=14536/115404 renderer-us(avg/max)=11504/111021 fence-us(avg/max)=1433/11382 remainder-us(avg/max)=51/935 thread-cpu/wall-window-us=422151/1788358.
[08:37:17.496] gfxstream inter-present buckets (n=7199): upper-bound-ms=8.3/16.7/25/33.3/50/>50 counts=37/3467/3270/133/16/276.
[08:37:19.900] gfxstream output: presents=7320 releases=7320 present-us(avg/max)=1548/16749 release-signal-after-response-us(avg/max)=3734/22485 no-free-slot=0.
[08:37:19.901] gfxstream cadence: inter-repaint-us(avg/max)=19059/269971 finish-interval-us(avg/max)=19051/258131 finish-late-us(avg/max)=0/0 finish-to-repaint-us(avg/max)=1326/249883.
[08:37:19.902] gfxstream repaint: full-us(avg/max)=14550/115404 renderer-us(avg/max)=11516/111021 fence-us(avg/max)=1435/11382 remainder-us(avg/max)=51/935 thread-cpu/wall-window-us=421537/1849602.
[08:37:19.903] gfxstream inter-present buckets (n=7319): upper-bound-ms=8.3/16.7/25/33.3/50/>50 counts=37/3522/3325/138/16/281.
[08:37:22.234] gfxstream output: presents=7440 releases=7440 present-us(avg/max)=1548/16749 release-signal-after-response-us(avg/max)=3734/22485 no-free-slot=0.
[08:37:22.236] gfxstream cadence: inter-repaint-us(avg/max)=19066/269971 finish-interval-us(avg/max)=19057/258131 finish-late-us(avg/max)=0/0 finish-to-repaint-us(avg/max)=1327/249883.
[08:37:22.237] gfxstream repaint: full-us(avg/max)=14557/115404 renderer-us(avg/max)=11520/111021 fence-us(avg/max)=1437/11382 remainder-us(avg/max)=51/935 thread-cpu/wall-window-us=427077/1796432.
[08:37:22.238] gfxstream inter-present buckets (n=7439): upper-bound-ms=8.3/16.7/25/33.3/50/>50 counts=37/3584/3374/142/16/286.
[08:37:24.598] gfxstream output: presents=7560 releases=7560 present-us(avg/max)=1547/16749 release-signal-after-response-us(avg/max)=3739/22485 no-free-slot=0.
[08:37:24.601] gfxstream cadence: inter-repaint-us(avg/max)=19075/269971 finish-interval-us(avg/max)=19067/258131 finish-late-us(avg/max)=0/0 finish-to-repaint-us(avg/max)=1327/249883.
[08:37:24.603] gfxstream repaint: full-us(avg/max)=14563/115404 renderer-us(avg/max)=11525/111021 fence-us(avg/max)=1438/11382 remainder-us(avg/max)=51/935 thread-cpu/wall-window-us=417240/1788840.
[08:37:24.605] gfxstream inter-present buckets (n=7559): upper-bound-ms=8.3/16.7/25/33.3/50/>50 counts=37/3636/3431/148/16/291.
[08:37:27.026] gfxstream output: presents=7680 releases=7680 present-us(avg/max)=1548/16749 release-signal-after-response-us(avg/max)=3742/22485 no-free-slot=0.
[08:37:27.027] gfxstream cadence: inter-repaint-us(avg/max)=19094/269971 finish-interval-us(avg/max)=19086/258131 finish-late-us(avg/max)=0/0 finish-to-repaint-us(avg/max)=1327/249883.
[08:37:27.028] gfxstream repaint: full-us(avg/max)=14577/115404 renderer-us(avg/max)=11535/111021 fence-us(avg/max)=1441/11382 remainder-us(avg/max)=51/935 thread-cpu/wall-window-us=446983/1859438.
[08:37:27.029] gfxstream inter-present buckets (n=7679): upper-bound-ms=8.3/16.7/25/33.3/50/>50 counts=37/3674/3504/151/17/296.
[08:37:29.348] gfxstream output: presents=7800 releases=7800 present-us(avg/max)=1549/16749 release-signal-after-response-us(avg/max)=3747/22485 no-free-slot=0.
[08:37:29.349] gfxstream cadence: inter-repaint-us(avg/max)=19098/269971 finish-interval-us(avg/max)=19090/258131 finish-late-us(avg/max)=0/0 finish-to-repaint-us(avg/max)=1326/249883.
[08:37:29.351] gfxstream repaint: full-us(avg/max)=14576/115404 renderer-us(avg/max)=11533/111021 fence-us(avg/max)=1442/15303 remainder-us(avg/max)=51/935 thread-cpu/wall-window-us=378134/1740100.
[08:37:29.352] gfxstream inter-present buckets (n=7799): upper-bound-ms=8.3/16.7/25/33.3/50/>50 counts=37/3726/3564/153/19/300.
[08:37:31.698] gfxstream output: presents=7920 releases=7920 present-us(avg/max)=1547/16749 release-signal-after-response-us(avg/max)=3748/22485 no-free-slot=0.
[08:37:31.699] gfxstream cadence: inter-repaint-us(avg/max)=19105/269971 finish-interval-us(avg/max)=19097/258131 finish-late-us(avg/max)=0/0 finish-to-repaint-us(avg/max)=1326/249883.
[08:37:31.700] gfxstream repaint: full-us(avg/max)=14582/115404 renderer-us(avg/max)=11539/111021 fence-us(avg/max)=1444/15303 remainder-us(avg/max)=51/935 thread-cpu/wall-window-us=415098/1797306.
[08:37:31.701] gfxstream inter-present buckets (n=7919): upper-bound-ms=8.3/16.7/25/33.3/50/>50 counts=37/3771/3631/156/19/305.
[08:37:33.863] gfxstream output: presents=8040 releases=8040 present-us(avg/max)=1548/16749 release-signal-after-response-us(avg/max)=3742/22485 no-free-slot=0.
[08:37:33.864] gfxstream cadence: inter-repaint-us(avg/max)=19089/269971 finish-interval-us(avg/max)=19081/258131 finish-late-us(avg/max)=0/0 finish-to-repaint-us(avg/max)=1326/249883.
[08:37:33.865] gfxstream repaint: full-us(avg/max)=14571/115404 renderer-us(avg/max)=11528/111021 fence-us(avg/max)=1442/15303 remainder-us(avg/max)=51/935 thread-cpu/wall-window-us=378920/1658272.
[08:37:33.866] gfxstream inter-present buckets (n=8039): upper-bound-ms=8.3/16.7/25/33.3/50/>50 counts=40/3837/3675/158/21/308.
[08:37:36.254] gfxstream output: presents=8160 releases=8160 present-us(avg/max)=1548/16749 release-signal-after-response-us(avg/max)=3747/22485 no-free-slot=0.
[08:37:36.255] gfxstream cadence: inter-repaint-us(avg/max)=19102/269971 finish-interval-us(avg/max)=19094/258131 finish-late-us(avg/max)=0/0 finish-to-repaint-us(avg/max)=1325/249883.
[08:37:36.256] gfxstream repaint: full-us(avg/max)=14579/115404 renderer-us(avg/max)=11534/111021 fence-us(avg/max)=1445/15303 remainder-us(avg/max)=51/935 thread-cpu/wall-window-us=422194/1818175.
[08:37:36.257] gfxstream inter-present buckets (n=8159): upper-bound-ms=8.3/16.7/25/33.3/50/>50 counts=40/3878/3749/158/21/313.
[08:37:38.694] gfxstream output: presents=8280 releases=8280 present-us(avg/max)=1550/16749 release-signal-after-response-us(avg/max)=3750/22485 no-free-slot=0.
[08:37:38.696] gfxstream cadence: inter-repaint-us(avg/max)=19120/269971 finish-interval-us(avg/max)=19112/258131 finish-late-us(avg/max)=0/0 finish-to-repaint-us(avg/max)=1325/249883.
[08:37:38.697] gfxstream repaint: full-us(avg/max)=14595/115404 renderer-us(avg/max)=11545/111021 fence-us(avg/max)=1447/15303 remainder-us(avg/max)=51/935 thread-cpu/wall-window-us=433949/1879576.
[08:37:38.699] gfxstream inter-present buckets (n=8279): upper-bound-ms=8.3/16.7/25/33.3/50/>50 counts=40/3920/3820/160/21/318.
Date: 2026-09-06 UTC
[12:04:23.612] weston 14.0.1
               https://wayland.freedesktop.org
               Bug reports to: https://gitlab.freedesktop.org/wayland/weston/issues/
               Build: 14.0.1
[12:04:23.615] Command line: /root/udroid-weston-socket-v1/frontend/weston --backend=headless --renderer=gl --shell=desktop --no-config --gbm-allocator-socket=/tmp/kumquat-gpu-0 --gfxstream-presenter-icd=/opt/udroid/gfxstream/lib/libvulkan_gfxstream.so --socket=wayland-gfxstream-animated --width=720 --height=720 --idle-time=0 --log=/root/udroid-weston-socket-v1/weston-animated.log -- /usr/bin/weston-simple-shm
[12:04:23.616] OS: Linux, 6.1.157-android14-11-gbd23337e42e7-ab14791245, #1 SMP PREEMPT Wed Jan 28 05:34:14 UTC 2026, aarch64
[12:04:23.616] Flight recorder: enabled
[12:04:23.616] Starting with no config file.
[12:04:23.619] Output repaint window is 7 ms maximum.
[12:04:23.622] Loading module '/root/udroid-weston-socket-v1/libweston/backend-headless/headless-backend.so'
[12:04:23.762] Loading module '/root/udroid-weston-contract/libweston/renderer-gl/gl-renderer.so'
[12:04:23.891] warning: failed to query rendering device from EGL
[12:04:23.907] Using external GBM allocator backend: gfxstream
[12:04:23.908] EGL version: 1.5
[12:04:23.908] EGL vendor: Mesa Project
[12:04:23.908] EGL client APIs: OpenGL OpenGL_ES 
[12:04:23.908] EGL features:
               EGL Wayland extension: no
               context priority: no
               buffer age: no
               partial update: yes
               swap buffers with damage: no
               configless context: yes
               surfaceless context: yes
               dmabuf support: modifiers
[12:04:23.927] GL version: OpenGL ES 2.0 Mesa 25.0.7
[12:04:23.927] GLSL version: OpenGL ES GLSL ES 1.0.16
[12:04:23.927] GL vendor: Mesa
[12:04:23.927] GL renderer: zink Vulkan 1.4(Virtio-GPU GFXStream (Mali-G78) (Driver Unknown))
[12:04:23.942] GL ES 2.0 - renderer features:
               read-back format: ARGB8888
               glReadPixels supports y-flip: yes
               glReadPixels supports PBO: yes
               wl_shm 10 bpc formats: yes
               wl_shm 16 bpc formats: no
               wl_shm half-float formats: no
               internal R and RG formats: yes
               OES_EGL_image_external: yes
[12:04:23.942] Using GL renderer
[12:04:23.943] Registered plugin API 'weston_windowed_output_api_headless_v2' of size 16
[12:04:23.943] Color manager: no-op
                 protocol support: no
[12:04:23.943] Output 'headless' attempts EOTF mode SDR and colorimetry mode default.
[12:04:23.943] Output 'headless' using color profile: stock sRGB color profile
[12:04:24.000] Direct gfxstream output enabled with 6 slots.
[12:04:24.000] Output 'headless' enabled with head(s) headless
[12:04:24.000] Compositor capabilities:
               arbitrary surface rotation: yes
               screen capture uses y-flip: yes
               cursor planes: no
               arbitrary resolutions: no
               view mask clipping: yes
               explicit sync: yes
               color operations: no
               presentation clock: CLOCK_MONOTONIC_RAW, id 4
               presentation clock resolution: 0.000000001 s
[12:04:24.003] Loading module '/usr/lib/aarch64-linux-gnu/weston/desktop-shell.so'
[12:04:24.005] launching '/usr/local/libexec/weston-keyboard'
[12:04:24.005] launching '/usr/local/libexec/weston-desktop-shell'
[12:04:26.804] gfxstream output: presents=120 releases=120 present-us(avg/max)=1491/6926 release-signal-after-response-us(avg/max)=3925/11332 no-free-slot=0.
[12:04:26.806] gfxstream cadence: inter-repaint-us(avg/max)=23281/237973 finish-interval-us(avg/max)=22969/234426 finish-late-us(avg/max)=0/0 finish-to-repaint-us(avg/max)=3262/225035.
[12:04:26.807] gfxstream repaint: full-us(avg/max)=16835/104805 renderer-us(avg/max)=13782/100956 fence-us(avg/max)=1514/11283 remainder-us(avg/max)=47/138 thread-cpu/wall-window-us=476958/2020286.
[12:04:26.808] gfxstream inter-present buckets (n=119): upper-bound-ms=8.3/16.7/25/33.3/50/>50 counts=0/35/62/16/1/5.
[12:04:29.297] gfxstream output: presents=240 releases=240 present-us(avg/max)=1639/10553 release-signal-after-response-us(avg/max)=3845/11332 no-free-slot=0.
[12:04:29.299] gfxstream cadence: inter-repaint-us(avg/max)=22023/237973 finish-interval-us(avg/max)=21867/234426 finish-late-us(avg/max)=0/0 finish-to-repaint-us(avg/max)=2270/225035.
[12:04:29.300] gfxstream repaint: full-us(avg/max)=16544/104805 renderer-us(avg/max)=13394/100956 fence-us(avg/max)=1457/11283 remainder-us(avg/max)=53/328 thread-cpu/wall-window-us=401444/1950377.
[12:04:29.300] gfxstream inter-present buckets (n=239): upper-bound-ms=8.3/16.7/25/33.3/50/>50 counts=0/68/138/21/2/10.
[12:04:31.853] gfxstream output: presents=360 releases=360 present-us(avg/max)=1667/10553 release-signal-after-response-us(avg/max)=3834/14856 no-free-slot=0.
[12:04:31.855] gfxstream cadence: inter-repaint-us(avg/max)=21789/237973 finish-interval-us(avg/max)=21677/234426 finish-late-us(avg/max)=0/0 finish-to-repaint-us(avg/max)=1960/225035.
[12:04:31.855] gfxstream repaint: full-us(avg/max)=16594/104805 renderer-us(avg/max)=13406/100956 fence-us(avg/max)=1466/11283 remainder-us(avg/max)=53/328 thread-cpu/wall-window-us=410852/2003183.
[12:04:31.856] gfxstream inter-present buckets (n=359): upper-bound-ms=8.3/16.7/25/33.3/50/>50 counts=0/93/218/31/2/15.
[12:04:34.598] gfxstream output: presents=480 releases=480 present-us(avg/max)=1714/10553 release-signal-after-response-us(avg/max)=3877/14856 no-free-slot=0.
[12:04:34.599] gfxstream cadence: inter-repaint-us(avg/max)=22049/237973 finish-interval-us(avg/max)=21977/234426 finish-late-us(avg/max)=0/0 finish-to-repaint-us(avg/max)=1804/225035.
[12:04:34.600] gfxstream repaint: full-us(avg/max)=16964/118137 renderer-us(avg/max)=13702/114899 fence-us(avg/max)=1492/11283 remainder-us(avg/max)=55/328 thread-cpu/wall-window-us=466298/2169292.
[12:04:34.601] gfxstream inter-present buckets (n=479): upper-bound-ms=8.3/16.7/25/33.3/50/>50 counts=0/106/306/42/5/20.
[12:04:37.170] gfxstream output: presents=600 releases=600 present-us(avg/max)=1712/10553 release-signal-after-response-us(avg/max)=3890/14856 no-free-slot=0.
[12:04:37.171] gfxstream cadence: inter-repaint-us(avg/max)=21932/237973 finish-interval-us(avg/max)=21867/234426 finish-late-us(avg/max)=0/0 finish-to-repaint-us(avg/max)=1701/225035.
[12:04:37.172] gfxstream repaint: full-us(avg/max)=16924/118137 renderer-us(avg/max)=13665/114899 fence-us(avg/max)=1491/11283 remainder-us(avg/max)=55/328 thread-cpu/wall-window-us=434453/2011741.
[12:04:37.173] gfxstream inter-present buckets (n=599): upper-bound-ms=8.3/16.7/25/33.3/50/>50 counts=0/131/389/49/5/25.
[12:04:39.817] gfxstream output: presents=720 releases=720 present-us(avg/max)=1723/10553 release-signal-after-response-us(avg/max)=3904/14856 no-free-slot=0.
[12:04:39.818] gfxstream cadence: inter-repaint-us(avg/max)=21945/237973 finish-interval-us(avg/max)=21900/234426 finish-late-us(avg/max)=0/0 finish-to-repaint-us(avg/max)=1639/225035.
[12:04:39.818] gfxstream repaint: full-us(avg/max)=16996/118137 renderer-us(avg/max)=13733/114899 fence-us(avg/max)=1483/11283 remainder-us(avg/max)=55/328 thread-cpu/wall-window-us=452233/2082429.
[12:04:39.819] gfxstream inter-present buckets (n=719): upper-bound-ms=8.3/16.7/25/33.3/50/>50 counts=0/154/472/58/5/30.
[12:04:42.419] gfxstream output: presents=840 releases=840 present-us(avg/max)=1731/10553 release-signal-after-response-us(avg/max)=3910/14856 no-free-slot=0.
[12:04:42.421] gfxstream cadence: inter-repaint-us(avg/max)=21908/237973 finish-interval-us(avg/max)=21869/234426 finish-late-us(avg/max)=0/0 finish-to-repaint-us(avg/max)=1583/225035.
[12:04:42.422] gfxstream repaint: full-us(avg/max)=17004/118137 renderer-us(avg/max)=13710/114899 fence-us(avg/max)=1507/11283 remainder-us(avg/max)=55/328 thread-cpu/wall-window-us=428974/2046192.
[12:04:42.423] gfxstream inter-present buckets (n=839): upper-bound-ms=8.3/16.7/25/33.3/50/>50 counts=0/176/556/67/6/34.
[12:04:44.792] gfxstream output: presents=960 releases=960 present-us(avg/max)=1736/12075 release-signal-after-response-us(avg/max)=3843/14856 no-free-slot=0.
[12:04:44.794] gfxstream cadence: inter-repaint-us(avg/max)=21648/237973 finish-interval-us(avg/max)=21607/234426 finish-late-us(avg/max)=0/0 finish-to-repaint-us(avg/max)=1542/225035.
[12:04:44.795] gfxstream repaint: full-us(avg/max)=16833/118137 renderer-us(avg/max)=13564/114899 fence-us(avg/max)=1477/11283 remainder-us(avg/max)=54/328 thread-cpu/wall-window-us=389834/1876640.
[12:04:44.796] gfxstream inter-present buckets (n=959): upper-bound-ms=8.3/16.7/25/33.3/50/>50 counts=0/221/622/71/6/39.
[12:04:47.328] gfxstream output: presents=1080 releases=1080 present-us(avg/max)=1713/12075 release-signal-after-response-us(avg/max)=3856/18190 no-free-slot=0.
[12:04:47.330] gfxstream cadence: inter-repaint-us(avg/max)=21578/237973 finish-interval-us(avg/max)=21554/234426 finish-late-us(avg/max)=0/0 finish-to-repaint-us(avg/max)=1517/225035.
[12:04:47.331] gfxstream repaint: full-us(avg/max)=16797/118137 renderer-us(avg/max)=13548/114899 fence-us(avg/max)=1481/11283 remainder-us(avg/max)=54/328 thread-cpu/wall-window-us=438043/1981451.
[12:04:47.332] gfxstream inter-present buckets (n=1079): upper-bound-ms=8.3/16.7/25/33.3/50/>50 counts=2/247/704/75/8/43.
[12:04:49.814] gfxstream output: presents=1200 releases=1200 present-us(avg/max)=1700/12075 release-signal-after-response-us(avg/max)=3851/18190 no-free-slot=0.
[12:04:49.815] gfxstream cadence: inter-repaint-us(avg/max)=21501/237973 finish-interval-us(avg/max)=21470/234426 finish-late-us(avg/max)=0/0 finish-to-repaint-us(avg/max)=1502/225035.
[12:04:49.816] gfxstream repaint: full-us(avg/max)=16723/118137 renderer-us(avg/max)=13505/114899 fence-us(avg/max)=1462/11283 remainder-us(avg/max)=54/330 thread-cpu/wall-window-us=411316/1927024.
[12:04:49.817] gfxstream inter-present buckets (n=1199): upper-bound-ms=8.3/16.7/25/33.3/50/>50 counts=2/278/774/89/8/48.
[12:04:52.494] gfxstream output: presents=1320 releases=1320 present-us(avg/max)=1714/12075 release-signal-after-response-us(avg/max)=3895/65684 no-free-slot=0.
[12:04:52.495] gfxstream cadence: inter-repaint-us(avg/max)=21580/237973 finish-interval-us(avg/max)=21552/234426 finish-late-us(avg/max)=0/0 finish-to-repaint-us(avg/max)=1497/225035.
[12:04:52.496] gfxstream repaint: full-us(avg/max)=16816/118137 renderer-us(avg/max)=13572/114899 fence-us(avg/max)=1472/11283 remainder-us(avg/max)=56/805 thread-cpu/wall-window-us=448255/2128800.
[12:04:52.497] gfxstream inter-present buckets (n=1319): upper-bound-ms=8.3/16.7/25/33.3/50/>50 counts=2/312/838/104/10/53.
[12:04:55.014] gfxstream output: presents=1440 releases=1440 present-us(avg/max)=1711/12075 release-signal-after-response-us(avg/max)=3881/65684 no-free-slot=0.
[12:04:55.015] gfxstream cadence: inter-repaint-us(avg/max)=21531/237973 finish-interval-us(avg/max)=21503/234426 finish-late-us(avg/max)=0/0 finish-to-repaint-us(avg/max)=1477/225035.
[12:04:55.017] gfxstream repaint: full-us(avg/max)=16791/118137 renderer-us(avg/max)=13551/114899 fence-us(avg/max)=1472/11591 remainder-us(avg/max)=56/805 thread-cpu/wall-window-us=431012/1982673.
[12:04:55.018] gfxstream inter-present buckets (n=1439): upper-bound-ms=8.3/16.7/25/33.3/50/>50 counts=2/340/918/111/10/58.
[12:04:57.627] gfxstream output: presents=1560 releases=1560 present-us(avg/max)=1717/12075 release-signal-after-response-us(avg/max)=3884/65684 no-free-slot=0.
[12:04:57.628] gfxstream cadence: inter-repaint-us(avg/max)=21544/237973 finish-interval-us(avg/max)=21523/234426 finish-late-us(avg/max)=0/0 finish-to-repaint-us(avg/max)=1476/225035.
[12:04:57.628] gfxstream repaint: full-us(avg/max)=16805/118137 renderer-us(avg/max)=13564/114899 fence-us(avg/max)=1467/11591 remainder-us(avg/max)=56/805 thread-cpu/wall-window-us=432591/2036700.
[12:04:57.629] gfxstream inter-present buckets (n=1559): upper-bound-ms=8.3/16.7/25/33.3/50/>50 counts=2/362/1003/119/11/62.
[12:04:59.980] gfxstream output: presents=1680 releases=1680 present-us(avg/max)=1722/12075 release-signal-after-response-us(avg/max)=3849/65684 no-free-slot=0.
[12:04:59.981] gfxstream cadence: inter-repaint-us(avg/max)=21409/237973 finish-interval-us(avg/max)=21387/234426 finish-late-us(avg/max)=0/0 finish-to-repaint-us(avg/max)=1464/225035.
[12:04:59.982] gfxstream repaint: full-us(avg/max)=16709/118137 renderer-us(avg/max)=13473/114899 fence-us(avg/max)=1457/11591 remainder-us(avg/max)=55/805 thread-cpu/wall-window-us=387773/1855091.
[12:04:59.982] gfxstream inter-present buckets (n=1679): upper-bound-ms=8.3/16.7/25/33.3/50/>50 counts=2/408/1066/124/13/66.
[12:05:02.311] gfxstream output: presents=1800 releases=1800 present-us(avg/max)=1714/12075 release-signal-after-response-us(avg/max)=3831/65684 no-free-slot=0.
[12:05:02.312] gfxstream cadence: inter-repaint-us(avg/max)=21283/237973 finish-interval-us(avg/max)=21256/234426 finish-late-us(avg/max)=0/0 finish-to-repaint-us(avg/max)=1455/225035.
[12:05:02.312] gfxstream repaint: full-us(avg/max)=16599/118137 renderer-us(avg/max)=13381/114899 fence-us(avg/max)=1448/11591 remainder-us(avg/max)=55/805 thread-cpu/wall-window-us=377558/1806453.
[12:05:02.313] gfxstream inter-present buckets (n=1799): upper-bound-ms=8.3/16.7/25/33.3/50/>50 counts=4/450/1135/126/13/71.
[12:05:04.644] gfxstream output: presents=1920 releases=1920 present-us(avg/max)=1707/12075 release-signal-after-response-us(avg/max)=3810/65684 no-free-slot=0.
[12:05:04.645] gfxstream cadence: inter-repaint-us(avg/max)=21160/237973 finish-interval-us(avg/max)=21142/234426 finish-late-us(avg/max)=0/0 finish-to-repaint-us(avg/max)=1445/225035.
[12:05:04.646] gfxstream repaint: full-us(avg/max)=16509/118137 renderer-us(avg/max)=13305/114899 fence-us(avg/max)=1441/11591 remainder-us(avg/max)=54/805 thread-cpu/wall-window-us=361463/1819089.
[12:05:04.647] gfxstream inter-present buckets (n=1919): upper-bound-ms=8.3/16.7/25/33.3/50/>50 counts=12/488/1195/135/14/75.
[12:05:07.309] gfxstream output: presents=2040 releases=2040 present-us(avg/max)=1714/12075 release-signal-after-response-us(avg/max)=3806/65684 no-free-slot=0.
[12:05:07.311] gfxstream cadence: inter-repaint-us(avg/max)=21223/237973 finish-interval-us(avg/max)=21205/234426 finish-late-us(avg/max)=0/0 finish-to-repaint-us(avg/max)=1438/225035.
[12:05:07.312] gfxstream repaint: full-us(avg/max)=16579/163057 renderer-us(avg/max)=13364/155463 fence-us(avg/max)=1446/11591 remainder-us(avg/max)=54/805 thread-cpu/wall-window-us=449701/2125294.
[12:05:07.313] gfxstream inter-present buckets (n=2039): upper-bound-ms=8.3/16.7/25/33.3/50/>50 counts=12/515/1271/147/14/80.
[12:05:09.893] gfxstream output: presents=2160 releases=2160 present-us(avg/max)=1726/12075 release-signal-after-response-us(avg/max)=3813/65684 no-free-slot=0.
[12:05:09.895] gfxstream cadence: inter-repaint-us(avg/max)=21241/237973 finish-interval-us(avg/max)=21223/234426 finish-late-us(avg/max)=0/0 finish-to-repaint-us(avg/max)=1431/225035.
[12:05:09.896] gfxstream repaint: full-us(avg/max)=16596/163057 renderer-us(avg/max)=13368/155463 fence-us(avg/max)=1446/11591 remainder-us(avg/max)=55/805 thread-cpu/wall-window-us=431883/2024692.
[12:05:09.897] gfxstream inter-present buckets (n=2159): upper-bound-ms=8.3/16.7/25/33.3/50/>50 counts=12/543/1349/156/14/85.
[12:05:12.399] gfxstream output: presents=2280 releases=2280 present-us(avg/max)=1719/12075 release-signal-after-response-us(avg/max)=3816/65684 no-free-slot=0.
[12:05:12.400] gfxstream cadence: inter-repaint-us(avg/max)=21225/237973 finish-interval-us(avg/max)=21205/234426 finish-late-us(avg/max)=0/0 finish-to-repaint-us(avg/max)=1426/225035.
[12:05:12.401] gfxstream repaint: full-us(avg/max)=16576/163057 renderer-us(avg/max)=13358/155463 fence-us(avg/max)=1442/11591 remainder-us(avg/max)=55/805 thread-cpu/wall-window-us=414802/1946451.
[12:05:12.402] gfxstream inter-present buckets (n=2279): upper-bound-ms=8.3/16.7/25/33.3/50/>50 counts=12/572/1430/161/14/90.
[12:05:14.831] gfxstream output: presents=2400 releases=2400 present-us(avg/max)=1716/12075 release-signal-after-response-us(avg/max)=3818/65684 no-free-slot=0.
[12:05:14.832] gfxstream cadence: inter-repaint-us(avg/max)=21171/237973 finish-interval-us(avg/max)=21159/234426 finish-late-us(avg/max)=0/0 finish-to-repaint-us(avg/max)=1421/225035.
[12:05:14.834] gfxstream repaint: full-us(avg/max)=16529/163057 renderer-us(avg/max)=13320/155463 fence-us(avg/max)=1436/11591 remainder-us(avg/max)=55/805 thread-cpu/wall-window-us=383651/1877156.
[12:05:14.836] gfxstream inter-present buckets (n=2399): upper-bound-ms=8.3/16.7/25/33.3/50/>50 counts=12/601/1513/165/14/94.
[12:05:17.472] gfxstream output: presents=2520 releases=2520 present-us(avg/max)=1715/12075 release-signal-after-response-us(avg/max)=3830/65684 no-free-slot=0.
[12:05:17.473] gfxstream cadence: inter-repaint-us(avg/max)=21215/237973 finish-interval-us(avg/max)=21199/234426 finish-late-us(avg/max)=0/0 finish-to-repaint-us(avg/max)=1421/225035.
[12:05:17.474] gfxstream repaint: full-us(avg/max)=16558/163057 renderer-us(avg/max)=13349/155463 fence-us(avg/max)=1439/11591 remainder-us(avg/max)=55/805 thread-cpu/wall-window-us=450375/2056585.
[12:05:17.475] gfxstream inter-present buckets (n=2519): upper-bound-ms=8.3/16.7/25/33.3/50/>50 counts=12/623/1599/172/14/99.
[12:05:19.973] gfxstream output: presents=2640 releases=2640 present-us(avg/max)=1721/12075 release-signal-after-response-us(avg/max)=3824/65684 no-free-slot=0.
[12:05:19.974] gfxstream cadence: inter-repaint-us(avg/max)=21196/237973 finish-interval-us(avg/max)=21182/234426 finish-late-us(avg/max)=0/0 finish-to-repaint-us(avg/max)=1416/225035.
[12:05:19.975] gfxstream repaint: full-us(avg/max)=16551/163057 renderer-us(avg/max)=13333/155463 fence-us(avg/max)=1441/11591 remainder-us(avg/max)=55/805 thread-cpu/wall-window-us=417429/1967133.
[12:05:19.976] gfxstream inter-present buckets (n=2639): upper-bound-ms=8.3/16.7/25/33.3/50/>50 counts=12/648/1685/176/14/104.
[12:05:22.441] gfxstream output: presents=2760 releases=2760 present-us(avg/max)=1721/12075 release-signal-after-response-us(avg/max)=3817/65684 no-free-slot=0.
[12:05:22.443] gfxstream cadence: inter-repaint-us(avg/max)=21168/237973 finish-interval-us(avg/max)=21156/234426 finish-late-us(avg/max)=0/0 finish-to-repaint-us(avg/max)=1414/225035.
[12:05:22.444] gfxstream repaint: full-us(avg/max)=16530/163057 renderer-us(avg/max)=13315/155463 fence-us(avg/max)=1438/11591 remainder-us(avg/max)=54/805 thread-cpu/wall-window-us=398683/1929146.
[12:05:22.444] gfxstream inter-present buckets (n=2759): upper-bound-ms=8.3/16.7/25/33.3/50/>50 counts=13/674/1765/185/15/107.
[12:05:24.206] gfxstream output: presents=2880 releases=2880 present-us(avg/max)=1699/12075 release-signal-after-response-us(avg/max)=3769/65684 no-free-slot=0.
[12:05:24.207] gfxstream cadence: inter-repaint-us(avg/max)=20904/237973 finish-interval-us(avg/max)=20887/234426 finish-late-us(avg/max)=0/0 finish-to-repaint-us(avg/max)=1410/225035.
[12:05:24.207] gfxstream repaint: full-us(avg/max)=16315/163057 renderer-us(avg/max)=13146/155463 fence-us(avg/max)=1415/11591 remainder-us(avg/max)=54/805 thread-cpu/wall-window-us=278462/1365677.
[12:05:24.207] gfxstream inter-present buckets (n=2879): upper-bound-ms=8.3/16.7/25/33.3/50/>50 counts=40/729/1792/192/17/109.
[12:05:25.771] gfxstream output: presents=3000 releases=3000 present-us(avg/max)=1673/12075 release-signal-after-response-us(avg/max)=3712/65684 no-free-slot=0.
[12:05:25.774] gfxstream cadence: inter-repaint-us(avg/max)=20585/237973 finish-interval-us(avg/max)=20573/234426 finish-late-us(avg/max)=0/0 finish-to-repaint-us(avg/max)=1400/225035.
[12:05:25.775] gfxstream repaint: full-us(avg/max)=16065/163057 renderer-us(avg/max)=12947/155463 fence-us(avg/max)=1391/11591 remainder-us(avg/max)=53/805 thread-cpu/wall-window-us=259733/1208243.
[12:05:25.776] gfxstream inter-present buckets (n=2999): upper-bound-ms=8.3/16.7/25/33.3/50/>50 counts=79/790/1804/197/18/111.
[12:05:28.206] gfxstream output: presents=3120 releases=3120 present-us(avg/max)=1675/12075 release-signal-after-response-us(avg/max)=3704/65684 no-free-slot=0.
[12:05:28.207] gfxstream cadence: inter-repaint-us(avg/max)=20573/237973 finish-interval-us(avg/max)=20562/234426 finish-late-us(avg/max)=0/0 finish-to-repaint-us(avg/max)=1398/225035.
[12:05:28.208] gfxstream repaint: full-us(avg/max)=16061/163057 renderer-us(avg/max)=12943/155463 fence-us(avg/max)=1389/11591 remainder-us(avg/max)=53/805 thread-cpu/wall-window-us=402081/1915537.
[12:05:28.209] gfxstream inter-present buckets (n=3119): upper-bound-ms=8.3/16.7/25/33.3/50/>50 counts=80/826/1873/204/22/114.
[12:05:30.684] gfxstream output: presents=3240 releases=3240 present-us(avg/max)=1677/12075 release-signal-after-response-us(avg/max)=3711/65684 no-free-slot=0.
[12:05:30.685] gfxstream cadence: inter-repaint-us(avg/max)=20579/237973 finish-interval-us(avg/max)=20566/234426 finish-late-us(avg/max)=0/0 finish-to-repaint-us(avg/max)=1394/225035.
[12:05:30.685] gfxstream repaint: full-us(avg/max)=16066/163057 renderer-us(avg/max)=12944/155463 fence-us(avg/max)=1390/11591 remainder-us(avg/max)=53/805 thread-cpu/wall-window-us=415228/1942558.
[12:05:30.686] gfxstream inter-present buckets (n=3239): upper-bound-ms=8.3/16.7/25/33.3/50/>50 counts=80/852/1958/207/24/118.
Date: 2026-09-06 UTC
[12:05:53.613] weston 14.0.1
               https://wayland.freedesktop.org
               Bug reports to: https://gitlab.freedesktop.org/wayland/weston/issues/
               Build: 14.0.1
[12:05:53.613] Command line: /root/udroid-weston-socket-v1/frontend/weston --backend=headless --renderer=gl --shell=desktop --no-config --gbm-allocator-socket=/tmp/kumquat-gpu-0 --gfxstream-presenter-icd=/opt/udroid/gfxstream/lib/libvulkan_gfxstream.so --socket=wayland-gfxstream-animated --width=720 --height=720 --idle-time=0 --log=/root/udroid-weston-socket-v1/weston-animated.log -- /usr/bin/weston-simple-shm
[12:05:53.614] OS: Linux, 6.1.157-android14-11-gbd23337e42e7-ab14791245, #1 SMP PREEMPT Wed Jan 28 05:34:14 UTC 2026, aarch64
[12:05:53.614] Flight recorder: enabled
[12:05:53.615] Starting with no config file.
[12:05:53.616] Output repaint window is 7 ms maximum.
[12:05:53.616] Loading module '/root/udroid-weston-socket-v1/libweston/backend-headless/headless-backend.so'
[12:05:53.673] Failed to connect GBM allocator socket '/tmp/kumquat-gpu-0': Connection refused.
[12:05:53.674] fatal: failed to create compositor backend
Date: 2026-09-06 UTC
[12:06:07.771] weston 14.0.1
               https://wayland.freedesktop.org
               Bug reports to: https://gitlab.freedesktop.org/wayland/weston/issues/
               Build: 14.0.1
[12:06:07.773] Command line: /root/udroid-weston-socket-v1/frontend/weston --backend=headless --renderer=gl --shell=desktop --no-config --gbm-allocator-socket=/tmp/kumquat-gpu-0 --gfxstream-presenter-icd=/opt/udroid/gfxstream/lib/libvulkan_gfxstream.so --socket=wayland-gfxstream-animated --width=720 --height=720 --idle-time=0 --log=/root/udroid-weston-socket-v1/weston-animated.log -- /usr/bin/weston-simple-shm
[12:06:07.773] OS: Linux, 6.1.157-android14-11-gbd23337e42e7-ab14791245, #1 SMP PREEMPT Wed Jan 28 05:34:14 UTC 2026, aarch64
[12:06:07.774] Flight recorder: enabled
[12:06:07.774] Starting with no config file.
[12:06:07.775] Output repaint window is 7 ms maximum.
[12:06:07.776] Loading module '/root/udroid-weston-socket-v1/libweston/backend-headless/headless-backend.so'
[12:06:07.816] Loading module '/root/udroid-weston-contract/libweston/renderer-gl/gl-renderer.so'
[12:06:07.891] warning: failed to query rendering device from EGL
[12:06:07.901] Using external GBM allocator backend: gfxstream
[12:06:07.902] EGL version: 1.5
[12:06:07.902] EGL vendor: Mesa Project
[12:06:07.902] EGL client APIs: OpenGL OpenGL_ES 
[12:06:07.902] EGL features:
               EGL Wayland extension: no
               context priority: no
               buffer age: no
               partial update: yes
               swap buffers with damage: no
               configless context: yes
               surfaceless context: yes
               dmabuf support: modifiers
[12:06:07.915] GL version: OpenGL ES 2.0 Mesa 25.0.7
[12:06:07.915] GLSL version: OpenGL ES GLSL ES 1.0.16
[12:06:07.915] GL vendor: Mesa
[12:06:07.915] GL renderer: zink Vulkan 1.4(Virtio-GPU GFXStream (Mali-G78) (Driver Unknown))
[12:06:07.925] GL ES 2.0 - renderer features:
               read-back format: ARGB8888
               glReadPixels supports y-flip: yes
               glReadPixels supports PBO: yes
               wl_shm 10 bpc formats: yes
               wl_shm 16 bpc formats: no
               wl_shm half-float formats: no
               internal R and RG formats: yes
               OES_EGL_image_external: yes
[12:06:07.925] Using GL renderer
[12:06:07.925] Registered plugin API 'weston_windowed_output_api_headless_v2' of size 16
[12:06:07.925] Color manager: no-op
                 protocol support: no
[12:06:07.926] Output 'headless' attempts EOTF mode SDR and colorimetry mode default.
[12:06:07.926] Output 'headless' using color profile: stock sRGB color profile
[12:06:07.974] Direct gfxstream output enabled with 6 slots.
[12:06:07.975] Output 'headless' enabled with head(s) headless
[12:06:07.975] Compositor capabilities:
               arbitrary surface rotation: yes
               screen capture uses y-flip: yes
               cursor planes: no
               arbitrary resolutions: no
               view mask clipping: yes
               explicit sync: yes
               color operations: no
               presentation clock: CLOCK_MONOTONIC_RAW, id 4
               presentation clock resolution: 0.000000001 s
[12:06:07.976] Loading module '/usr/lib/aarch64-linux-gnu/weston/desktop-shell.so'
[12:06:07.977] launching '/usr/local/libexec/weston-keyboard'
[12:06:07.978] launching '/usr/local/libexec/weston-desktop-shell'
[12:06:09.843] gfxstream output: presents=120 releases=120 present-us(avg/max)=1109/4358 release-signal-after-response-us(avg/max)=2734/10189 no-free-slot=0.
[12:06:09.845] gfxstream cadence: inter-repaint-us(avg/max)=15479/128680 finish-interval-us(avg/max)=15348/117508 finish-late-us(avg/max)=0/0 finish-to-repaint-us(avg/max)=2177/113666.
[12:06:09.846] gfxstream repaint: full-us(avg/max)=11175/62687 renderer-us(avg/max)=9059/60417 fence-us(avg/max)=968/3307 remainder-us(avg/max)=37/159 thread-cpu/wall-window-us=316048/1341094.
[12:06:09.847] gfxstream inter-present buckets (n=119): upper-bound-ms=8.3/16.7/25/33.3/50/>50 counts=6/90/16/3/1/3.
[12:06:12.193] gfxstream output: presents=240 releases=240 present-us(avg/max)=1274/4358 release-signal-after-response-us(avg/max)=3429/10602 no-free-slot=0.
[12:06:12.195] gfxstream cadence: inter-repaint-us(avg/max)=17541/128680 finish-interval-us(avg/max)=17475/117508 finish-late-us(avg/max)=0/0 finish-to-repaint-us(avg/max)=1758/113666.
[12:06:12.196] gfxstream repaint: full-us(avg/max)=12951/88967 renderer-us(avg/max)=10445/83844 fence-us(avg/max)=1160/3307 remainder-us(avg/max)=70/6353 thread-cpu/wall-window-us=391750/1767147.
[12:06:12.197] gfxstream inter-present buckets (n=239): upper-bound-ms=8.3/16.7/25/33.3/50/>50 counts=6/143/77/4/1/8.
[12:06:14.450] gfxstream output: presents=360 releases=360 present-us(avg/max)=1337/4358 release-signal-after-response-us(avg/max)=3528/10602 no-free-slot=0.
[12:06:14.451] gfxstream cadence: inter-repaint-us(avg/max)=17958/128680 finish-interval-us(avg/max)=17919/117508 finish-late-us(avg/max)=0/0 finish-to-repaint-us(avg/max)=1595/113666.
[12:06:14.452] gfxstream repaint: full-us(avg/max)=13416/88967 renderer-us(avg/max)=10798/83844 fence-us(avg/max)=1216/5375 remainder-us(avg/max)=62/6353 thread-cpu/wall-window-us=399297/1721611.
[12:06:14.453] gfxstream inter-present buckets (n=359): upper-bound-ms=8.3/16.7/25/33.3/50/>50 counts=7/210/120/8/1/13.
[12:06:16.512] gfxstream output: presents=480 releases=480 present-us(avg/max)=1349/4803 release-signal-after-response-us(avg/max)=3471/10602 no-free-slot=0.
[12:06:16.513] gfxstream cadence: inter-repaint-us(avg/max)=17762/128680 finish-interval-us(avg/max)=17736/117508 finish-late-us(avg/max)=0/0 finish-to-repaint-us(avg/max)=1512/113666.
[12:06:16.515] gfxstream repaint: full-us(avg/max)=13334/88967 renderer-us(avg/max)=10716/83844 fence-us(avg/max)=1209/5375 remainder-us(avg/max)=58/6353 thread-cpu/wall-window-us=353161/1570580.
[12:06:16.516] gfxstream inter-present buckets (n=479): upper-bound-ms=8.3/16.7/25/33.3/50/>50 counts=7/287/156/10/2/17.
[12:06:18.850] gfxstream output: presents=600 releases=600 present-us(avg/max)=1409/4803 release-signal-after-response-us(avg/max)=3472/10602 no-free-slot=0.
[12:06:18.851] gfxstream cadence: inter-repaint-us(avg/max)=18109/128680 finish-interval-us(avg/max)=18084/117508 finish-late-us(avg/max)=0/0 finish-to-repaint-us(avg/max)=1491/113666.
[12:06:18.852] gfxstream repaint: full-us(avg/max)=13688/88967 renderer-us(avg/max)=10956/83844 fence-us(avg/max)=1263/9640 remainder-us(avg/max)=57/6353 thread-cpu/wall-window-us=405331/1812747.
[12:06:18.852] gfxstream inter-present buckets (n=599): upper-bound-ms=8.3/16.7/25/33.3/50/>50 counts=8/347/205/15/2/22.
[12:06:21.170] gfxstream output: presents=720 releases=720 present-us(avg/max)=1440/4803 release-signal-after-response-us(avg/max)=3525/14107 no-free-slot=0.
[12:06:21.171] gfxstream cadence: inter-repaint-us(avg/max)=18318/128680 finish-interval-us(avg/max)=18294/117508 finish-late-us(avg/max)=0/0 finish-to-repaint-us(avg/max)=1469/113666.
[12:06:21.172] gfxstream repaint: full-us(avg/max)=13862/88967 renderer-us(avg/max)=11071/83844 fence-us(avg/max)=1293/9640 remainder-us(avg/max)=56/6353 thread-cpu/wall-window-us=405129/1767847.
[12:06:21.172] gfxstream inter-present buckets (n=719): upper-bound-ms=8.3/16.7/25/33.3/50/>50 counts=8/410/251/21/2/27.
[12:06:23.405] gfxstream output: presents=840 releases=840 present-us(avg/max)=1450/5294 release-signal-after-response-us(avg/max)=3577/15953 no-free-slot=0.
[12:06:23.407] gfxstream cadence: inter-repaint-us(avg/max)=18351/128680 finish-interval-us(avg/max)=18341/117508 finish-late-us(avg/max)=0/0 finish-to-repaint-us(avg/max)=1443/113666.
[12:06:23.408] gfxstream repaint: full-us(avg/max)=13904/88967 renderer-us(avg/max)=11090/83844 fence-us(avg/max)=1305/9640 remainder-us(avg/max)=58/6353 thread-cpu/wall-window-us=384576/1698611.
[12:06:23.409] gfxstream inter-present buckets (n=839): upper-bound-ms=8.3/16.7/25/33.3/50/>50 counts=8/468/309/21/2/31.
[12:06:25.224] gfxstream output: presents=960 releases=960 present-us(avg/max)=1423/5586 release-signal-after-response-us(avg/max)=3520/19832 no-free-slot=0.
[12:06:25.226] gfxstream cadence: inter-repaint-us(avg/max)=17959/128680 finish-interval-us(avg/max)=17943/117508 finish-late-us(avg/max)=0/0 finish-to-repaint-us(avg/max)=1431/113666.
[12:06:25.227] gfxstream repaint: full-us(avg/max)=13582/88967 renderer-us(avg/max)=10818/83844 fence-us(avg/max)=1284/9640 remainder-us(avg/max)=55/6353 thread-cpu/wall-window-us=277642/1360037.
[12:06:25.228] gfxstream inter-present buckets (n=959): upper-bound-ms=8.3/16.7/25/33.3/50/>50 counts=35/524/335/30/2/33.
[12:06:27.598] gfxstream output: presents=1080 releases=1080 present-us(avg/max)=1427/5586 release-signal-after-response-us(avg/max)=3582/19832 no-free-slot=0.
[12:06:27.599] gfxstream cadence: inter-repaint-us(avg/max)=18159/128680 finish-interval-us(avg/max)=18147/117508 finish-late-us(avg/max)=0/0 finish-to-repaint-us(avg/max)=1415/113666.
[12:06:27.600] gfxstream repaint: full-us(avg/max)=13734/88967 renderer-us(avg/max)=10943/83844 fence-us(avg/max)=1308/9640 remainder-us(avg/max)=54/6353 thread-cpu/wall-window-us=428596/1793577.
[12:06:27.601] gfxstream inter-present buckets (n=1079): upper-bound-ms=8.3/16.7/25/33.3/50/>50 counts=35/576/394/33/3/38.
[12:06:29.999] gfxstream output: presents=1200 releases=1200 present-us(avg/max)=1459/7895 release-signal-after-response-us(avg/max)=3617/19832 no-free-slot=0.
[12:06:30.000] gfxstream cadence: inter-repaint-us(avg/max)=18348/128680 finish-interval-us(avg/max)=18334/117508 finish-late-us(avg/max)=0/0 finish-to-repaint-us(avg/max)=1405/113666.
[12:06:30.001] gfxstream repaint: full-us(avg/max)=13888/88967 renderer-us(avg/max)=11044/83844 fence-us(avg/max)=1330/9640 remainder-us(avg/max)=54/6353 thread-cpu/wall-window-us=426853/1833544.
[12:06:30.002] gfxstream inter-present buckets (n=1199): upper-bound-ms=8.3/16.7/25/33.3/50/>50 counts=35/625/452/40/4/43.
[12:06:31.365] gfxstream output: presents=1320 releases=1320 present-us(avg/max)=1411/7895 release-signal-after-response-us(avg/max)=3496/19832 no-free-slot=0.
[12:06:31.366] gfxstream cadence: inter-repaint-us(avg/max)=17718/128680 finish-interval-us(avg/max)=17702/117508 finish-late-us(avg/max)=0/0 finish-to-repaint-us(avg/max)=1383/113666.
[12:06:31.366] gfxstream repaint: full-us(avg/max)=13402/88967 renderer-us(avg/max)=10658/83844 fence-us(avg/max)=1280/9640 remainder-us(avg/max)=52/6353 thread-cpu/wall-window-us=231427/1024625.
[12:06:31.367] gfxstream inter-present buckets (n=1319): upper-bound-ms=8.3/16.7/25/33.3/50/>50 counts=76/694/459/41/5/44.
[12:06:33.415] gfxstream output: presents=1440 releases=1440 present-us(avg/max)=1411/7895 release-signal-after-response-us(avg/max)=3441/19832 no-free-slot=0.
[12:06:33.416] gfxstream cadence: inter-repaint-us(avg/max)=17666/128680 finish-interval-us(avg/max)=17650/123140 finish-late-us(avg/max)=0/0 finish-to-repaint-us(avg/max)=1379/113666.
[12:06:33.416] gfxstream repaint: full-us(avg/max)=13401/114957 renderer-us(avg/max)=10663/111363 fence-us(avg/max)=1274/9640 remainder-us(avg/max)=51/6353 thread-cpu/wall-window-us=373506/1606087.
[12:06:33.416] gfxstream inter-present buckets (n=1439): upper-bound-ms=8.3/16.7/25/33.3/50/>50 counts=83/768/489/43/8/48.
[12:06:34.870] gfxstream output: presents=1560 releases=1560 present-us(avg/max)=1378/7895 release-signal-after-response-us(avg/max)=3344/19832 no-free-slot=0.
[12:06:34.871] gfxstream cadence: inter-repaint-us(avg/max)=17235/128680 finish-interval-us(avg/max)=17225/123140 finish-late-us(avg/max)=0/0 finish-to-repaint-us(avg/max)=1367/113666.
[12:06:34.872] gfxstream repaint: full-us(avg/max)=13074/114957 renderer-us(avg/max)=10403/111430 fence-us(avg/max)=1242/9640 remainder-us(avg/max)=50/6353 thread-cpu/wall-window-us=250204/1098453.
[12:06:34.872] gfxstream inter-present buckets (n=1559): upper-bound-ms=8.3/16.7/25/33.3/50/>50 counts=126/830/499/46/9/49.
[12:06:36.897] gfxstream output: presents=1680 releases=1680 present-us(avg/max)=1377/7895 release-signal-after-response-us(avg/max)=3347/19832 no-free-slot=0.
[12:06:36.899] gfxstream cadence: inter-repaint-us(avg/max)=17210/128680 finish-interval-us(avg/max)=17201/123140 finish-late-us(avg/max)=0/0 finish-to-repaint-us(avg/max)=1359/113666.
[12:06:36.900] gfxstream repaint: full-us(avg/max)=13054/114957 renderer-us(avg/max)=10377/111430 fence-us(avg/max)=1249/9640 remainder-us(avg/max)=49/6353 thread-cpu/wall-window-us=364890/1535706.
[12:06:36.901] gfxstream inter-present buckets (n=1679): upper-bound-ms=8.3/16.7/25/33.3/50/>50 counts=129/904/535/48/11/52.
[12:06:39.157] gfxstream output: presents=1800 releases=1800 present-us(avg/max)=1377/7895 release-signal-after-response-us(avg/max)=3368/19832 no-free-slot=0.
[12:06:39.160] gfxstream cadence: inter-repaint-us(avg/max)=17315/128680 finish-interval-us(avg/max)=17310/123140 finish-late-us(avg/max)=0/0 finish-to-repaint-us(avg/max)=1356/113666.
[12:06:39.161] gfxstream repaint: full-us(avg/max)=13145/114957 renderer-us(avg/max)=10454/111430 fence-us(avg/max)=1264/9705 remainder-us(avg/max)=49/6353 thread-cpu/wall-window-us=412114/1731006.
[12:06:39.162] gfxstream inter-present buckets (n=1799): upper-bound-ms=8.3/16.7/25/33.3/50/>50 counts=129/972/579/51/11/57.
[12:06:41.608] gfxstream output: presents=1920 releases=1920 present-us(avg/max)=1388/9972 release-signal-after-response-us(avg/max)=3400/19832 no-free-slot=0.
[12:06:41.610] gfxstream cadence: inter-repaint-us(avg/max)=17511/128680 finish-interval-us(avg/max)=17504/123140 finish-late-us(avg/max)=0/0 finish-to-repaint-us(avg/max)=1351/113666.
[12:06:41.611] gfxstream repaint: full-us(avg/max)=13310/114957 renderer-us(avg/max)=10599/111430 fence-us(avg/max)=1271/9705 remainder-us(avg/max)=50/6353 thread-cpu/wall-window-us=416507/1892756.
[12:06:41.612] gfxstream inter-present buckets (n=1919): upper-bound-ms=8.3/16.7/25/33.3/50/>50 counts=129/1024/636/56/12/62.
[12:06:44.061] gfxstream output: presents=2040 releases=2040 present-us(avg/max)=1397/9972 release-signal-after-response-us(avg/max)=3442/19832 no-free-slot=0.
[12:06:44.063] gfxstream cadence: inter-repaint-us(avg/max)=17685/128680 finish-interval-us(avg/max)=17677/123140 finish-late-us(avg/max)=0/0 finish-to-repaint-us(avg/max)=1355/113666.
[12:06:44.064] gfxstream repaint: full-us(avg/max)=13440/114957 renderer-us(avg/max)=10704/111430 fence-us(avg/max)=1288/9705 remainder-us(avg/max)=50/6353 thread-cpu/wall-window-us=450071/1863048.
[12:06:44.065] gfxstream inter-present buckets (n=2039): upper-bound-ms=8.3/16.7/25/33.3/50/>50 counts=129/1071/702/57/13/67.
[12:06:46.461] gfxstream output: presents=2160 releases=2160 present-us(avg/max)=1414/9972 release-signal-after-response-us(avg/max)=3473/19832 no-free-slot=0.
[12:06:46.462] gfxstream cadence: inter-repaint-us(avg/max)=17810/128680 finish-interval-us(avg/max)=17806/123140 finish-late-us(avg/max)=0/0 finish-to-repaint-us(avg/max)=1353/113666.
[12:06:46.463] gfxstream repaint: full-us(avg/max)=13542/114957 renderer-us(avg/max)=10774/111430 fence-us(avg/max)=1302/9705 remainder-us(avg/max)=50/6353 thread-cpu/wall-window-us=415273/1833269.
[12:06:46.464] gfxstream inter-present buckets (n=2159): upper-bound-ms=8.3/16.7/25/33.3/50/>50 counts=129/1116/767/62/13/72.
[12:06:48.763] gfxstream output: presents=2280 releases=2280 present-us(avg/max)=1426/9972 release-signal-after-response-us(avg/max)=3484/19832 no-free-slot=0.
[12:06:48.764] gfxstream cadence: inter-repaint-us(avg/max)=17886/128680 finish-interval-us(avg/max)=17879/123140 finish-late-us(avg/max)=0/0 finish-to-repaint-us(avg/max)=1348/113666.
[12:06:48.765] gfxstream repaint: full-us(avg/max)=13605/114957 renderer-us(avg/max)=10818/111430 fence-us(avg/max)=1311/9705 remainder-us(avg/max)=50/6353 thread-cpu/wall-window-us=420587/1769759.
[12:06:48.767] gfxstream inter-present buckets (n=2279): upper-bound-ms=8.3/16.7/25/33.3/50/>50 counts=129/1181/817/62/13/77.
[12:06:51.045] gfxstream output: presents=2400 releases=2400 present-us(avg/max)=1437/9972 release-signal-after-response-us(avg/max)=3491/19832 no-free-slot=0.
[12:06:51.047] gfxstream cadence: inter-repaint-us(avg/max)=17937/128680 finish-interval-us(avg/max)=17936/123140 finish-late-us(avg/max)=0/0 finish-to-repaint-us(avg/max)=1344/113666.
[12:06:51.049] gfxstream repaint: full-us(avg/max)=13656/114957 renderer-us(avg/max)=10844/111430 fence-us(avg/max)=1324/9705 remainder-us(avg/max)=50/6353 thread-cpu/wall-window-us=382117/1754809.
[12:06:51.050] gfxstream inter-present buckets (n=2399): upper-bound-ms=8.3/16.7/25/33.3/50/>50 counts=129/1244/863/68/14/81.
[12:06:53.506] gfxstream output: presents=2520 releases=2520 present-us(avg/max)=1444/9972 release-signal-after-response-us(avg/max)=3515/19832 no-free-slot=0.
[12:06:53.508] gfxstream cadence: inter-repaint-us(avg/max)=18065/128680 finish-interval-us(avg/max)=18058/123140 finish-late-us(avg/max)=0/0 finish-to-repaint-us(avg/max)=1345/113666.
[12:06:53.509] gfxstream repaint: full-us(avg/max)=13752/114957 renderer-us(avg/max)=10922/111430 fence-us(avg/max)=1334/9705 remainder-us(avg/max)=50/6353 thread-cpu/wall-window-us=419708/1879873.
[12:06:53.511] gfxstream inter-present buckets (n=2519): upper-bound-ms=8.3/16.7/25/33.3/50/>50 counts=129/1287/931/72/14/86.
[12:06:55.853] gfxstream output: presents=2640 releases=2640 present-us(avg/max)=1452/9972 release-signal-after-response-us(avg/max)=3531/19832 no-free-slot=0.
[12:06:55.854] gfxstream cadence: inter-repaint-us(avg/max)=18130/128680 finish-interval-us(avg/max)=18126/123140 finish-late-us(avg/max)=0/0 finish-to-repaint-us(avg/max)=1345/113666.
[12:06:55.855] gfxstream repaint: full-us(avg/max)=13805/114957 renderer-us(avg/max)=10959/111430 fence-us(avg/max)=1343/9705 remainder-us(avg/max)=51/6353 thread-cpu/wall-window-us=410974/1790845.
[12:06:55.856] gfxstream inter-present buckets (n=2639): upper-bound-ms=8.3/16.7/25/33.3/50/>50 counts=130/1350/976/77/15/91.
[12:06:58.143] gfxstream output: presents=2760 releases=2760 present-us(avg/max)=1465/9972 release-signal-after-response-us(avg/max)=3538/19832 no-free-slot=0.
[12:06:58.144] gfxstream cadence: inter-repaint-us(avg/max)=18173/128680 finish-interval-us(avg/max)=18168/123140 finish-late-us(avg/max)=0/0 finish-to-repaint-us(avg/max)=1343/113666.
[12:06:58.145] gfxstream repaint: full-us(avg/max)=13840/114957 renderer-us(avg/max)=10978/111430 fence-us(avg/max)=1345/9705 remainder-us(avg/max)=51/6353 thread-cpu/wall-window-us=402281/1753709.
[12:06:58.147] gfxstream inter-present buckets (n=2759): upper-bound-ms=8.3/16.7/25/33.3/50/>50 counts=130/1413/1024/81/15/96.
[12:07:00.464] gfxstream output: presents=2880 releases=2880 present-us(avg/max)=1472/10913 release-signal-after-response-us(avg/max)=3539/19832 no-free-slot=0.
[12:07:00.465] gfxstream cadence: inter-repaint-us(avg/max)=18220/128680 finish-interval-us(avg/max)=18217/123140 finish-late-us(avg/max)=0/0 finish-to-repaint-us(avg/max)=1340/113666.
[12:07:00.467] gfxstream repaint: full-us(avg/max)=13890/114957 renderer-us(avg/max)=11006/111430 fence-us(avg/max)=1359/9705 remainder-us(avg/max)=51/6353 thread-cpu/wall-window-us=413528/1802555.
[12:07:00.468] gfxstream inter-present buckets (n=2879): upper-bound-ms=8.3/16.7/25/33.3/50/>50 counts=130/1476/1072/84/16/101.
Date: 2026-09-06 UTC
[12:08:50.387] weston 14.0.1
               https://wayland.freedesktop.org
               Bug reports to: https://gitlab.freedesktop.org/wayland/weston/issues/
               Build: 14.0.1
[12:08:50.387] Command line: /root/udroid-weston-socket-v1/frontend/weston --backend=headless --renderer=gl --shell=desktop --no-config --gbm-allocator-socket=/tmp/kumquat-gpu-0 --gfxstream-presenter-icd=/opt/udroid/gfxstream/lib/libvulkan_gfxstream.so --socket=wayland-gfxstream-animated --width=720 --height=720 --idle-time=0 --log=/root/udroid-weston-socket-v1/weston-animated.log -- /usr/bin/weston-simple-shm
[12:08:50.387] OS: Linux, 6.1.157-android14-11-gbd23337e42e7-ab14791245, #1 SMP PREEMPT Wed Jan 28 05:34:14 UTC 2026, aarch64
[12:08:50.387] Flight recorder: enabled
[12:08:50.388] Starting with no config file.
[12:08:50.388] Output repaint window is 7 ms maximum.
[12:08:50.388] Loading module '/root/udroid-weston-socket-v1/libweston/backend-headless/headless-backend.so'
[12:08:50.410] Loading module '/root/udroid-weston-contract/libweston/renderer-gl/gl-renderer.so'
[12:08:50.817] warning: failed to query rendering device from EGL
[12:08:50.840] Using external GBM allocator backend: gfxstream
[12:08:50.841] EGL version: 1.5
[12:08:50.841] EGL vendor: Mesa Project
[12:08:50.841] EGL client APIs: OpenGL OpenGL_ES 
[12:08:50.841] EGL features:
               EGL Wayland extension: no
               context priority: no
               buffer age: no
               partial update: yes
               swap buffers with damage: no
               configless context: yes
               surfaceless context: yes
               dmabuf support: modifiers
[12:08:50.862] GL version: OpenGL ES 2.0 Mesa 25.0.7-2+deb13u1
[12:08:50.863] GLSL version: OpenGL ES GLSL ES 1.0.16
[12:08:50.863] GL vendor: Mesa
[12:08:50.863] GL renderer: zink Vulkan 1.4(Virtio-GPU GFXStream (Mali-G78) (Driver Unknown))
[12:08:50.887] GL ES 2.0 - renderer features:
               read-back format: ARGB8888
               glReadPixels supports y-flip: yes
               glReadPixels supports PBO: yes
               wl_shm 10 bpc formats: yes
               wl_shm 16 bpc formats: no
               wl_shm half-float formats: no
               internal R and RG formats: yes
               OES_EGL_image_external: yes
[12:08:50.887] Using GL renderer
[12:08:50.887] Registered plugin API 'weston_windowed_output_api_headless_v2' of size 16
[12:08:50.887] Color manager: no-op
                 protocol support: no
[12:08:50.888] Output 'headless' attempts EOTF mode SDR and colorimetry mode default.
[12:08:50.888] Output 'headless' using color profile: stock sRGB color profile
[12:08:50.926] Direct gfxstream output enabled with 6 slots.
[12:08:50.926] Output 'headless' enabled with head(s) headless
[12:08:50.926] Compositor capabilities:
               arbitrary surface rotation: yes
               screen capture uses y-flip: yes
               cursor planes: no
               arbitrary resolutions: no
               view mask clipping: yes
               explicit sync: yes
               color operations: no
               presentation clock: CLOCK_MONOTONIC_RAW, id 4
               presentation clock resolution: 0.000000001 s
[12:08:50.927] Loading module '/usr/lib/aarch64-linux-gnu/weston/desktop-shell.so'
[12:08:50.928] launching '/usr/local/libexec/weston-keyboard'
[12:08:50.930] launching '/usr/local/libexec/weston-desktop-shell'
[12:08:53.605] gfxstream output: presents=120 releases=120 present-us(avg/max)=1547/4608 release-signal-after-response-us(avg/max)=3767/12277 no-free-slot=0.
[12:08:53.607] gfxstream cadence: inter-repaint-us(avg/max)=22256/108024 finish-interval-us(avg/max)=21669/100746 finish-late-us(avg/max)=0/0 finish-to-repaint-us(avg/max)=2112/76436.
[12:08:53.608] gfxstream repaint: full-us(avg/max)=16873/95112 renderer-us(avg/max)=13911/92835 fence-us(avg/max)=1362/4923 remainder-us(avg/max)=52/252 thread-cpu/wall-window-us=449396/2024864.
[12:08:53.609] gfxstream inter-present buckets (n=119): upper-bound-ms=8.3/16.7/25/33.3/50/>50 counts=3/27/75/6/2/6.
[12:08:56.483] gfxstream output: presents=240 releases=240 present-us(avg/max)=1697/8640 release-signal-after-response-us(avg/max)=4052/12277 no-free-slot=0.
[12:08:56.484] gfxstream cadence: inter-repaint-us(avg/max)=23081/132642 finish-interval-us(avg/max)=22830/132244 finish-late-us(avg/max)=0/0 finish-to-repaint-us(avg/max)=1735/76436.
[12:08:56.485] gfxstream repaint: full-us(avg/max)=17894/128737 renderer-us(avg/max)=14655/118643 fence-us(avg/max)=1479/5392 remainder-us(avg/max)=61/1064 thread-cpu/wall-window-us=503964/2269905.
[12:08:56.485] gfxstream inter-present buckets (n=239): upper-bound-ms=8.3/16.7/25/33.3/50/>50 counts=3/34/165/21/5/11.
[12:08:59.032] gfxstream output: presents=360 releases=360 present-us(avg/max)=1755/9045 release-signal-after-response-us(avg/max)=3927/12277 no-free-slot=0.
[12:08:59.033] gfxstream cadence: inter-repaint-us(avg/max)=22517/132642 finish-interval-us(avg/max)=22300/132244 finish-late-us(avg/max)=0/0 finish-to-repaint-us(avg/max)=1616/76436.
[12:08:59.033] gfxstream repaint: full-us(avg/max)=17494/128737 renderer-us(avg/max)=14199/118643 fence-us(avg/max)=1480/6394 remainder-us(avg/max)=58/1064 thread-cpu/wall-window-us=428078/2003203.
[12:08:59.034] gfxstream inter-present buckets (n=359): upper-bound-ms=8.3/16.7/25/33.3/50/>50 counts=3/60/249/25/7/15.
[12:09:01.262] gfxstream output: presents=480 releases=480 present-us(avg/max)=1670/9045 release-signal-after-response-us(avg/max)=3776/12277 no-free-slot=0.
[12:09:01.264] gfxstream cadence: inter-repaint-us(avg/max)=21512/132642 finish-interval-us(avg/max)=21369/132244 finish-late-us(avg/max)=0/0 finish-to-repaint-us(avg/max)=1529/76436.
[12:09:01.266] gfxstream repaint: full-us(avg/max)=16742/128737 renderer-us(avg/max)=13546/118643 fence-us(avg/max)=1470/9250 remainder-us(avg/max)=55/1064 thread-cpu/wall-window-us=352463/1738551.
[12:09:01.267] gfxstream inter-present buckets (n=479): upper-bound-ms=8.3/16.7/25/33.3/50/>50 counts=12/107/304/29/8/19.
[12:09:03.811] gfxstream output: presents=600 releases=600 present-us(avg/max)=1699/9045 release-signal-after-response-us(avg/max)=3784/12277 no-free-slot=0.
[12:09:03.813] gfxstream cadence: inter-repaint-us(avg/max)=21454/132642 finish-interval-us(avg/max)=21345/132244 finish-late-us(avg/max)=0/0 finish-to-repaint-us(avg/max)=1485/76436.
[12:09:03.814] gfxstream repaint: full-us(avg/max)=16730/128737 renderer-us(avg/max)=13512/118643 fence-us(avg/max)=1463/9250 remainder-us(avg/max)=55/1064 thread-cpu/wall-window-us=405195/2001824.
[12:09:03.815] gfxstream inter-present buckets (n=599): upper-bound-ms=8.3/16.7/25/33.3/50/>50 counts=12/132/387/34/10/24.
[12:09:06.312] gfxstream output: presents=720 releases=720 present-us(avg/max)=1707/9045 release-signal-after-response-us(avg/max)=3784/12277 no-free-slot=0.
[12:09:06.313] gfxstream cadence: inter-repaint-us(avg/max)=21362/132642 finish-interval-us(avg/max)=21260/132244 finish-late-us(avg/max)=0/0 finish-to-repaint-us(avg/max)=1450/76436.
[12:09:06.314] gfxstream repaint: full-us(avg/max)=16652/128737 renderer-us(avg/max)=13415/118643 fence-us(avg/max)=1474/9250 remainder-us(avg/max)=55/1064 thread-cpu/wall-window-us=424968/1951652.
[12:09:06.314] gfxstream inter-present buckets (n=719): upper-bound-ms=8.3/16.7/25/33.3/50/>50 counts=12/159/468/41/10/29.
[12:09:08.709] gfxstream output: presents=840 releases=840 present-us(avg/max)=1694/11488 release-signal-after-response-us(avg/max)=3785/12277 no-free-slot=0.
[12:09:08.709] gfxstream cadence: inter-repaint-us(avg/max)=21163/132642 finish-interval-us(avg/max)=21075/132244 finish-late-us(avg/max)=0/0 finish-to-repaint-us(avg/max)=1433/76436.
[12:09:08.710] gfxstream repaint: full-us(avg/max)=16471/128737 renderer-us(avg/max)=13248/118643 fence-us(avg/max)=1473/9250 remainder-us(avg/max)=54/1064 thread-cpu/wall-window-us=387411/1846089.
[12:09:08.711] gfxstream inter-present buckets (n=839): upper-bound-ms=8.3/16.7/25/33.3/50/>50 counts=12/186/553/45/10/33.
[12:09:11.205] gfxstream output: presents=960 releases=960 present-us(avg/max)=1711/11785 release-signal-after-response-us(avg/max)=3793/20005 no-free-slot=0.
[12:09:11.207] gfxstream cadence: inter-repaint-us(avg/max)=21108/132642 finish-interval-us(avg/max)=21041/132244 finish-late-us(avg/max)=0/0 finish-to-repaint-us(avg/max)=1409/76436.
[12:09:11.208] gfxstream repaint: full-us(avg/max)=16461/128737 renderer-us(avg/max)=13239/118643 fence-us(avg/max)=1455/9250 remainder-us(avg/max)=55/1064 thread-cpu/wall-window-us=408850/1966720.
[12:09:11.208] gfxstream inter-present buckets (n=959): upper-bound-ms=8.3/16.7/25/33.3/50/>50 counts=12/215/633/51/10/38.
[12:09:13.698] gfxstream output: presents=1080 releases=1080 present-us(avg/max)=1708/11785 release-signal-after-response-us(avg/max)=3792/20005 no-free-slot=0.
[12:09:13.700] gfxstream cadence: inter-repaint-us(avg/max)=21076/132642 finish-interval-us(avg/max)=21011/132244 finish-late-us(avg/max)=0/0 finish-to-repaint-us(avg/max)=1397/76436.
[12:09:13.701] gfxstream repaint: full-us(avg/max)=16439/128737 renderer-us(avg/max)=13227/118643 fence-us(avg/max)=1448/9250 remainder-us(avg/max)=55/1064 thread-cpu/wall-window-us=417826/1951689.
[12:09:13.702] gfxstream inter-present buckets (n=1079): upper-bound-ms=8.3/16.7/25/33.3/50/>50 counts=12/238/717/59/10/43.
[12:09:14.887] gfxstream output: presents=1200 releases=1200 present-us(avg/max)=1609/11785 release-signal-after-response-us(avg/max)=3622/20005 no-free-slot=0.
[12:09:14.888] gfxstream cadence: inter-repaint-us(avg/max)=19967/132642 finish-interval-us(avg/max)=19900/132244 finish-late-us(avg/max)=0/0 finish-to-repaint-us(avg/max)=1380/76436.
[12:09:14.889] gfxstream repaint: full-us(avg/max)=15528/128737 renderer-us(avg/max)=12504/118643 fence-us(avg/max)=1362/9250 remainder-us(avg/max)=52/1064 thread-cpu/wall-window-us=166341/879935.
[12:09:14.889] gfxstream inter-present buckets (n=1199): upper-bound-ms=8.3/16.7/25/33.3/50/>50 counts=97/256/731/60/11/44.
[12:09:15.915] gfxstream output: presents=1321 releases=1320 present-us(avg/max)=1529/11785 release-signal-after-response-us(avg/max)=3489/45167 no-free-slot=0.
[12:09:15.915] gfxstream cadence: inter-repaint-us(avg/max)=18917/132642 finish-interval-us(avg/max)=18865/132244 finish-late-us(avg/max)=0/0 finish-to-repaint-us(avg/max)=1361/76436.
[12:09:15.915] gfxstream repaint: full-us(avg/max)=14683/128737 renderer-us(avg/max)=11824/118643 fence-us(avg/max)=1279/9250 remainder-us(avg/max)=50/1064 thread-cpu/wall-window-us=148304/762389.
[12:09:15.915] gfxstream inter-present buckets (n=1320): upper-bound-ms=8.3/16.7/25/33.3/50/>50 counts=183/285/735/61/12/44.
[12:09:16.959] gfxstream output: presents=1440 releases=1440 present-us(avg/max)=1463/25648 release-signal-after-response-us(avg/max)=3367/45167 no-free-slot=0.
[12:09:16.972] gfxstream cadence: inter-repaint-us(avg/max)=18075/132642 finish-interval-us(avg/max)=18021/132244 finish-late-us(avg/max)=0/0 finish-to-repaint-us(avg/max)=1354/76436.
[12:09:16.972] gfxstream repaint: full-us(avg/max)=14002/128737 renderer-us(avg/max)=11279/118643 fence-us(avg/max)=1211/9250 remainder-us(avg/max)=47/1064 thread-cpu/wall-window-us=129769/766440.
[12:09:16.973] gfxstream inter-present buckets (n=1439): upper-bound-ms=8.3/16.7/25/33.3/50/>50 counts=272/306/738/63/16/44.
[12:09:17.992] gfxstream output: presents=1560 releases=1560 present-us(avg/max)=1410/25648 release-signal-after-response-us(avg/max)=3233/45167 no-free-slot=0.
[12:09:17.992] gfxstream cadence: inter-repaint-us(avg/max)=17347/132642 finish-interval-us(avg/max)=17296/132244 finish-late-us(avg/max)=0/0 finish-to-repaint-us(avg/max)=1363/76436.
[12:09:17.992] gfxstream repaint: full-us(avg/max)=13396/128737 renderer-us(avg/max)=10781/118643 fence-us(avg/max)=1158/9250 remainder-us(avg/max)=45/1064 thread-cpu/wall-window-us=141643/734749.
[12:09:17.992] gfxstream inter-present buckets (n=1559): upper-bound-ms=8.3/16.7/25/33.3/50/>50 counts=355/336/743/64/17/44.
[12:09:19.497] gfxstream output: presents=1680 releases=1680 present-us(avg/max)=1389/25648 release-signal-after-response-us(avg/max)=3151/45167 no-free-slot=0.
[12:09:19.497] gfxstream cadence: inter-repaint-us(avg/max)=17002/132642 finish-interval-us(avg/max)=16956/132244 finish-late-us(avg/max)=0/0 finish-to-repaint-us(avg/max)=1350/76436.
[12:09:19.498] gfxstream repaint: full-us(avg/max)=13138/128737 renderer-us(avg/max)=10581/118643 fence-us(avg/max)=1123/9250 remainder-us(avg/max)=44/1064 thread-cpu/wall-window-us=241043/1174910.
[12:09:19.498] gfxstream inter-present buckets (n=1679): upper-bound-ms=8.3/16.7/25/33.3/50/>50 counts=376/424/748/66/20/45.
[12:09:21.030] gfxstream output: presents=1800 releases=1800 present-us(avg/max)=1389/25648 release-signal-after-response-us(avg/max)=3076/45167 no-free-slot=0.
[12:09:21.030] gfxstream cadence: inter-repaint-us(avg/max)=16720/132642 finish-interval-us(avg/max)=16678/132244 finish-late-us(avg/max)=0/0 finish-to-repaint-us(avg/max)=1339/76436.
[12:09:21.031] gfxstream repaint: full-us(avg/max)=12926/128737 renderer-us(avg/max)=10396/118643 fence-us(avg/max)=1097/9250 remainder-us(avg/max)=43/1064 thread-cpu/wall-window-us=278262/1195505.
[12:09:21.031] gfxstream inter-present buckets (n=1799): upper-bound-ms=8.3/16.7/25/33.3/50/>50 counts=377/533/754/66/23/46.
[12:09:22.727] gfxstream output: presents=1920 releases=1920 present-us(avg/max)=1377/25648 release-signal-after-response-us(avg/max)=3027/45167 no-free-slot=0.
[12:09:22.728] gfxstream cadence: inter-repaint-us(avg/max)=16559/132642 finish-interval-us(avg/max)=16519/132244 finish-late-us(avg/max)=0/0 finish-to-repaint-us(avg/max)=1332/76436.
[12:09:22.728] gfxstream repaint: full-us(avg/max)=12805/128737 renderer-us(avg/max)=10300/118643 fence-us(avg/max)=1083/9250 remainder-us(avg/max)=43/1064 thread-cpu/wall-window-us=290826/1317457.
[12:09:22.729] gfxstream inter-present buckets (n=1919): upper-bound-ms=8.3/16.7/25/33.3/50/>50 counts=379/634/765/68/25/48.
[12:09:24.446] gfxstream output: presents=2040 releases=2040 present-us(avg/max)=1374/25648 release-signal-after-response-us(avg/max)=2983/45167 no-free-slot=0.
[12:09:24.447] gfxstream cadence: inter-repaint-us(avg/max)=16427/132642 finish-interval-us(avg/max)=16390/132244 finish-late-us(avg/max)=0/0 finish-to-repaint-us(avg/max)=1331/76436.
[12:09:24.447] gfxstream repaint: full-us(avg/max)=12715/128737 renderer-us(avg/max)=10227/118643 fence-us(avg/max)=1070/9250 remainder-us(avg/max)=43/1064 thread-cpu/wall-window-us=304357/1354602.
[12:09:24.448] gfxstream inter-present buckets (n=2039): upper-bound-ms=8.3/16.7/25/33.3/50/>50 counts=379/740/772/70/28/50.
[12:09:26.158] gfxstream output: presents=2160 releases=2160 present-us(avg/max)=1367/25648 release-signal-after-response-us(avg/max)=2940/45167 no-free-slot=0.
[12:09:26.159] gfxstream cadence: inter-repaint-us(avg/max)=16306/132642 finish-interval-us(avg/max)=16272/132244 finish-late-us(avg/max)=0/0 finish-to-repaint-us(avg/max)=1323/76436.
[12:09:26.160] gfxstream repaint: full-us(avg/max)=12634/128737 renderer-us(avg/max)=10161/118643 fence-us(avg/max)=1062/9250 remainder-us(avg/max)=42/1064 thread-cpu/wall-window-us=282747/1349786.
[12:09:26.161] gfxstream inter-present buckets (n=2159): upper-bound-ms=8.3/16.7/25/33.3/50/>50 counts=379/840/786/71/31/52.
[12:09:28.143] gfxstream output: presents=2280 releases=2280 present-us(avg/max)=1372/25648 release-signal-after-response-us(avg/max)=2927/45167 no-free-slot=0.
[12:09:28.144] gfxstream cadence: inter-repaint-us(avg/max)=16318/132642 finish-interval-us(avg/max)=16286/132244 finish-late-us(avg/max)=0/0 finish-to-repaint-us(avg/max)=1317/76436.
[12:09:28.144] gfxstream repaint: full-us(avg/max)=12658/128737 renderer-us(avg/max)=10186/118643 fence-us(avg/max)=1057/9250 remainder-us(avg/max)=42/1064 thread-cpu/wall-window-us=356208/1572226.
[12:09:28.145] gfxstream inter-present buckets (n=2279): upper-bound-ms=8.3/16.7/25/33.3/50/>50 counts=379/931/809/72/32/56.
[12:09:30.507] gfxstream output: presents=2400 releases=2400 present-us(avg/max)=1384/25648 release-signal-after-response-us(avg/max)=2969/45167 no-free-slot=0.
[12:09:30.508] gfxstream cadence: inter-repaint-us(avg/max)=16488/132642 finish-interval-us(avg/max)=16457/132244 finish-late-us(avg/max)=0/0 finish-to-repaint-us(avg/max)=1317/76436.
[12:09:30.508] gfxstream repaint: full-us(avg/max)=12791/128737 renderer-us(avg/max)=10290/118643 fence-us(avg/max)=1073/9250 remainder-us(avg/max)=43/1064 thread-cpu/wall-window-us=392059/1836519.
[12:09:30.509] gfxstream inter-present buckets (n=2399): upper-bound-ms=8.3/16.7/25/33.3/50/>50 counts=379/967/889/72/32/60.
[12:09:32.508] gfxstream output: presents=2520 releases=2520 present-us(avg/max)=1392/25648 release-signal-after-response-us(avg/max)=2965/45167 no-free-slot=0.
[12:09:32.510] gfxstream cadence: inter-repaint-us(avg/max)=16496/132642 finish-interval-us(avg/max)=16467/132244 finish-late-us(avg/max)=0/0 finish-to-repaint-us(avg/max)=1313/76436.
[12:09:32.511] gfxstream repaint: full-us(avg/max)=12801/128737 renderer-us(avg/max)=10295/118643 fence-us(avg/max)=1071/9250 remainder-us(avg/max)=43/1064 thread-cpu/wall-window-us=353550/1561263.
[12:09:32.512] gfxstream inter-present buckets (n=2519): upper-bound-ms=8.3/16.7/25/33.3/50/>50 counts=379/1047/923/74/33/63.
[12:09:34.813] gfxstream output: presents=2640 releases=2640 present-us(avg/max)=1400/25648 release-signal-after-response-us(avg/max)=2981/45167 no-free-slot=0.
[12:09:34.814] gfxstream cadence: inter-repaint-us(avg/max)=16618/132642 finish-interval-us(avg/max)=16592/132244 finish-late-us(avg/max)=0/0 finish-to-repaint-us(avg/max)=1314/76436.
[12:09:34.815] gfxstream repaint: full-us(avg/max)=12906/128737 renderer-us(avg/max)=10383/118643 fence-us(avg/max)=1079/9250 remainder-us(avg/max)=43/1064 thread-cpu/wall-window-us=367773/1813052.
[12:09:34.816] gfxstream inter-present buckets (n=2639): upper-bound-ms=8.3/16.7/25/33.3/50/>50 counts=384/1088/986/80/35/66.
[12:09:37.398] gfxstream output: presents=2760 releases=2760 present-us(avg/max)=1417/25648 release-signal-after-response-us(avg/max)=3029/45167 no-free-slot=0.
[12:09:37.399] gfxstream cadence: inter-repaint-us(avg/max)=16832/132642 finish-interval-us(avg/max)=16807/132244 finish-late-us(avg/max)=0/0 finish-to-repaint-us(avg/max)=1312/76436.
[12:09:37.400] gfxstream repaint: full-us(avg/max)=13074/128737 renderer-us(avg/max)=10518/118643 fence-us(avg/max)=1094/9250 remainder-us(avg/max)=44/1064 thread-cpu/wall-window-us=451254/2012986.
[12:09:37.401] gfxstream inter-present buckets (n=2759): upper-bound-ms=8.3/16.7/25/33.3/50/>50 counts=384/1114/1067/88/35/71.
[12:09:40.007] gfxstream output: presents=2880 releases=2880 present-us(avg/max)=1431/25648 release-signal-after-response-us(avg/max)=3079/45167 no-free-slot=0.
[12:09:40.009] gfxstream cadence: inter-repaint-us(avg/max)=17035/132642 finish-interval-us(avg/max)=17013/132244 finish-late-us(avg/max)=0/0 finish-to-repaint-us(avg/max)=1312/76436.
[12:09:40.010] gfxstream repaint: full-us(avg/max)=13242/128737 renderer-us(avg/max)=10649/118643 fence-us(avg/max)=1116/9250 remainder-us(avg/max)=44/1064 thread-cpu/wall-window-us=449171/2051080.
[12:09:40.011] gfxstream inter-present buckets (n=2879): upper-bound-ms=8.3/16.7/25/33.3/50/>50 counts=384/1136/1151/97/35/76.
[12:09:42.682] gfxstream output: presents=3000 releases=3000 present-us(avg/max)=1453/25648 release-signal-after-response-us(avg/max)=3116/45167 no-free-slot=0.
[12:09:42.683] gfxstream cadence: inter-repaint-us(avg/max)=17244/132642 finish-interval-us(avg/max)=17224/132244 finish-late-us(avg/max)=0/0 finish-to-repaint-us(avg/max)=1312/76436.
[12:09:42.685] gfxstream repaint: full-us(avg/max)=13411/128737 renderer-us(avg/max)=10780/118643 fence-us(avg/max)=1133/9250 remainder-us(avg/max)=45/1064 thread-cpu/wall-window-us=449989/2098129.
[12:09:42.686] gfxstream inter-present buckets (n=2999): upper-bound-ms=8.3/16.7/25/33.3/50/>50 counts=384/1151/1237/109/37/81.
[12:09:45.046] gfxstream output: presents=3120 releases=3120 present-us(avg/max)=1461/25648 release-signal-after-response-us(avg/max)=3125/45167 no-free-slot=0.
[12:09:45.047] gfxstream cadence: inter-repaint-us(avg/max)=17344/132642 finish-interval-us(avg/max)=17319/132244 finish-late-us(avg/max)=0/0 finish-to-repaint-us(avg/max)=1311/76436.
[12:09:45.048] gfxstream repaint: full-us(avg/max)=13493/128737 renderer-us(avg/max)=10842/118643 fence-us(avg/max)=1144/9250 remainder-us(avg/max)=45/1064 thread-cpu/wall-window-us=401702/1865111.
[12:09:45.048] gfxstream inter-present buckets (n=3119): upper-bound-ms=8.3/16.7/25/33.3/50/>50 counts=384/1198/1301/114/37/85.
[12:09:47.587] gfxstream output: presents=3240 releases=3240 present-us(avg/max)=1473/25648 release-signal-after-response-us(avg/max)=3152/45167 no-free-slot=0.
[12:09:47.589] gfxstream cadence: inter-repaint-us(avg/max)=17483/132642 finish-interval-us(avg/max)=17462/132244 finish-late-us(avg/max)=0/0 finish-to-repaint-us(avg/max)=1312/76436.
[12:09:47.590] gfxstream repaint: full-us(avg/max)=13607/128737 renderer-us(avg/max)=10927/118643 fence-us(avg/max)=1161/9293 remainder-us(avg/max)=45/1064 thread-cpu/wall-window-us=432348/1988255.
[12:09:47.592] gfxstream inter-present buckets (n=3239): upper-bound-ms=8.3/16.7/25/33.3/50/>50 counts=384/1228/1376/123/38/90.
[12:09:50.204] gfxstream output: presents=3360 releases=3360 present-us(avg/max)=1480/25648 release-signal-after-response-us(avg/max)=3177/45167 no-free-slot=0.
[12:09:50.205] gfxstream cadence: inter-repaint-us(avg/max)=17637/132642 finish-interval-us(avg/max)=17617/132244 finish-late-us(avg/max)=0/0 finish-to-repaint-us(avg/max)=1312/76436.
[12:09:50.206] gfxstream repaint: full-us(avg/max)=13734/128737 renderer-us(avg/max)=11028/118643 fence-us(avg/max)=1179/9293 remainder-us(avg/max)=46/1064 thread-cpu/wall-window-us=449615/2059107.
[12:09:50.207] gfxstream inter-present buckets (n=3359): upper-bound-ms=8.3/16.7/25/33.3/50/>50 counts=384/1249/1457/136/39/94.
[12:09:52.711] gfxstream output: presents=3480 releases=3480 present-us(avg/max)=1489/25648 release-signal-after-response-us(avg/max)=3197/45167 no-free-slot=0.
[12:09:52.713] gfxstream cadence: inter-repaint-us(avg/max)=17750/132642 finish-interval-us(avg/max)=17730/132244 finish-late-us(avg/max)=0/0 finish-to-repaint-us(avg/max)=1312/76436.
[12:09:52.714] gfxstream repaint: full-us(avg/max)=13825/128737 renderer-us(avg/max)=11098/118643 fence-us(avg/max)=1190/9293 remainder-us(avg/max)=46/1064 thread-cpu/wall-window-us=418310/1964420.
[12:09:52.715] gfxstream inter-present buckets (n=3479): upper-bound-ms=8.3/16.7/25/33.3/50/>50 counts=384/1277/1539/139/41/99.
[12:09:55.300] gfxstream output: presents=3600 releases=3600 present-us(avg/max)=1496/25648 release-signal-after-response-us(avg/max)=3222/45167 no-free-slot=0.
[12:09:55.301] gfxstream cadence: inter-repaint-us(avg/max)=17877/132642 finish-interval-us(avg/max)=17858/132244 finish-late-us(avg/max)=0/0 finish-to-repaint-us(avg/max)=1320/76436.
[12:09:55.302] gfxstream repaint: full-us(avg/max)=13924/128737 renderer-us(avg/max)=11176/118643 fence-us(avg/max)=1204/9293 remainder-us(avg/max)=46/1064 thread-cpu/wall-window-us=421779/2014167.
[12:09:55.303] gfxstream inter-present buckets (n=3599): upper-bound-ms=8.3/16.7/25/33.3/50/>50 counts=384/1308/1606/155/43/103.
[12:09:57.843] gfxstream output: presents=3720 releases=3720 present-us(avg/max)=1507/25648 release-signal-after-response-us(avg/max)=3249/45167 no-free-slot=0.
[12:09:57.845] gfxstream cadence: inter-repaint-us(avg/max)=17984/132642 finish-interval-us(avg/max)=17966/132244 finish-late-us(avg/max)=0/0 finish-to-repaint-us(avg/max)=1321/76436.
[12:09:57.846] gfxstream repaint: full-us(avg/max)=14011/128737 renderer-us(avg/max)=11243/118643 fence-us(avg/max)=1213/9293 remainder-us(avg/max)=47/1064 thread-cpu/wall-window-us=440917/1997764.
[12:09:57.848] gfxstream inter-present buckets (n=3719): upper-bound-ms=8.3/16.7/25/33.3/50/>50 counts=384/1335/1688/161/43/108.
[12:10:00.155] gfxstream output: presents=3840 releases=3840 present-us(avg/max)=1506/25648 release-signal-after-response-us(avg/max)=3261/45167 no-free-slot=0.
[12:10:00.155] gfxstream cadence: inter-repaint-us(avg/max)=18025/132642 finish-interval-us(avg/max)=18006/132244 finish-late-us(avg/max)=0/0 finish-to-repaint-us(avg/max)=1321/76436.
[12:10:00.156] gfxstream repaint: full-us(avg/max)=14037/128737 renderer-us(avg/max)=11266/118643 fence-us(avg/max)=1216/10292 remainder-us(avg/max)=47/1064 thread-cpu/wall-window-us=364921/1780681.
[12:10:00.156] gfxstream inter-present buckets (n=3839): upper-bound-ms=8.3/16.7/25/33.3/50/>50 counts=385/1381/1751/165/45/112.
[12:10:02.624] gfxstream output: presents=3960 releases=3960 present-us(avg/max)=1515/25648 release-signal-after-response-us(avg/max)=3278/45167 no-free-slot=0.
[12:10:02.625] gfxstream cadence: inter-repaint-us(avg/max)=18102/132642 finish-interval-us(avg/max)=18084/132244 finish-late-us(avg/max)=0/0 finish-to-repaint-us(avg/max)=1323/76436.
[12:10:02.626] gfxstream repaint: full-us(avg/max)=14095/128737 renderer-us(avg/max)=11307/118643 fence-us(avg/max)=1225/10292 remainder-us(avg/max)=47/1064 thread-cpu/wall-window-us=399483/1912562.
[12:10:02.627] gfxstream inter-present buckets (n=3959): upper-bound-ms=8.3/16.7/25/33.3/50/>50 counts=385/1410/1830/172/46/116.
[12:10:05.369] gfxstream output: presents=4080 releases=4080 present-us(avg/max)=1523/25648 release-signal-after-response-us(avg/max)=3296/45167 no-free-slot=0.
[12:10:05.371] gfxstream cadence: inter-repaint-us(avg/max)=18242/132642 finish-interval-us(avg/max)=18225/132244 finish-late-us(avg/max)=0/0 finish-to-repaint-us(avg/max)=1322/76436.
[12:10:05.372] gfxstream repaint: full-us(avg/max)=14216/128737 renderer-us(avg/max)=11412/119243 fence-us(avg/max)=1233/10292 remainder-us(avg/max)=47/1064 thread-cpu/wall-window-us=482911/2185817.
[12:10:05.373] gfxstream inter-present buckets (n=4079): upper-bound-ms=8.3/16.7/25/33.3/50/>50 counts=385/1422/1926/179/46/121.
[12:10:07.885] gfxstream output: presents=4200 releases=4200 present-us(avg/max)=1525/25648 release-signal-after-response-us(avg/max)=3309/45167 no-free-slot=0.
[12:10:07.887] gfxstream cadence: inter-repaint-us(avg/max)=18320/132642 finish-interval-us(avg/max)=18304/132244 finish-late-us(avg/max)=0/0 finish-to-repaint-us(avg/max)=1321/76436.
[12:10:07.888] gfxstream repaint: full-us(avg/max)=14279/128737 renderer-us(avg/max)=11466/119243 fence-us(avg/max)=1240/10292 remainder-us(avg/max)=47/1064 thread-cpu/wall-window-us=430117/1971536.
[12:10:07.889] gfxstream inter-present buckets (n=4199): upper-bound-ms=8.3/16.7/25/33.3/50/>50 counts=387/1459/1991/190/47/125.
[12:10:10.519] gfxstream output: presents=4320 releases=4320 present-us(avg/max)=1539/25648 release-signal-after-response-us(avg/max)=3321/45167 no-free-slot=0.
[12:10:10.521] gfxstream cadence: inter-repaint-us(avg/max)=18421/132642 finish-interval-us(avg/max)=18405/132244 finish-late-us(avg/max)=0/0 finish-to-repaint-us(avg/max)=1321/76436.
[12:10:10.522] gfxstream repaint: full-us(avg/max)=14368/128737 renderer-us(avg/max)=11536/119243 fence-us(avg/max)=1244/10292 remainder-us(avg/max)=47/1064 thread-cpu/wall-window-us=436235/2096255.
[12:10:10.523] gfxstream inter-present buckets (n=4319): upper-bound-ms=8.3/16.7/25/33.3/50/>50 counts=387/1478/2077/200/47/130.
[12:10:12.980] gfxstream output: presents=4440 releases=4440 present-us(avg/max)=1547/25648 release-signal-after-response-us(avg/max)=3329/45167 no-free-slot=0.
[12:10:12.982] gfxstream cadence: inter-repaint-us(avg/max)=18477/132642 finish-interval-us(avg/max)=18462/132244 finish-late-us(avg/max)=0/0 finish-to-repaint-us(avg/max)=1320/76436.
[12:10:12.986] gfxstream repaint: full-us(avg/max)=14416/128737 renderer-us(avg/max)=11574/119243 fence-us(avg/max)=1246/10292 remainder-us(avg/max)=47/1064 thread-cpu/wall-window-us=413311/1937470.
[12:10:12.987] gfxstream inter-present buckets (n=4439): upper-bound-ms=8.3/16.7/25/33.3/50/>50 counts=387/1508/2158/204/47/135.
[12:10:15.548] gfxstream output: presents=4560 releases=4560 present-us(avg/max)=1549/25648 release-signal-after-response-us(avg/max)=3342/45167 no-free-slot=0.
[12:10:15.549] gfxstream cadence: inter-repaint-us(avg/max)=18556/132642 finish-interval-us(avg/max)=18539/132244 finish-late-us(avg/max)=0/0 finish-to-repaint-us(avg/max)=1320/76436.
[12:10:15.550] gfxstream repaint: full-us(avg/max)=14479/128737 renderer-us(avg/max)=11628/119243 fence-us(avg/max)=1253/10292 remainder-us(avg/max)=48/1064 thread-cpu/wall-window-us=434411/2017286.
[12:10:15.551] gfxstream inter-present buckets (n=4559): upper-bound-ms=8.3/16.7/25/33.3/50/>50 counts=387/1527/2249/209/47/140.
[12:10:17.941] gfxstream output: presents=4680 releases=4680 present-us(avg/max)=1553/25648 release-signal-after-response-us(avg/max)=3348/45167 no-free-slot=0.
[12:10:17.941] gfxstream cadence: inter-repaint-us(avg/max)=18589/132642 finish-interval-us(avg/max)=18575/132244 finish-late-us(avg/max)=0/0 finish-to-repaint-us(avg/max)=1320/76436.
[12:10:17.942] gfxstream repaint: full-us(avg/max)=14507/128737 renderer-us(avg/max)=11652/119243 fence-us(avg/max)=1252/10292 remainder-us(avg/max)=48/1064 thread-cpu/wall-window-us=389816/1868687.
[12:10:17.942] gfxstream inter-present buckets (n=4679): upper-bound-ms=8.3/16.7/25/33.3/50/>50 counts=387/1563/2325/212/48/144.
[12:10:20.438] gfxstream output: presents=4800 releases=4800 present-us(avg/max)=1555/25648 release-signal-after-response-us(avg/max)=3359/45167 no-free-slot=0.
[12:10:20.440] gfxstream cadence: inter-repaint-us(avg/max)=18644/132642 finish-interval-us(avg/max)=18631/132244 finish-late-us(avg/max)=0/0 finish-to-repaint-us(avg/max)=1320/76436.
[12:10:20.441] gfxstream repaint: full-us(avg/max)=14550/128737 renderer-us(avg/max)=11689/119243 fence-us(avg/max)=1256/10292 remainder-us(avg/max)=48/1064 thread-cpu/wall-window-us=409257/1946855.
[12:10:20.443] gfxstream inter-present buckets (n=4799): upper-bound-ms=8.3/16.7/25/33.3/50/>50 counts=387/1589/2407/219/49/148.
[12:10:22.991] gfxstream output: presents=4920 releases=4920 present-us(avg/max)=1558/25648 release-signal-after-response-us(avg/max)=3372/45167 no-free-slot=0.
[12:10:22.992] gfxstream cadence: inter-repaint-us(avg/max)=18710/132642 finish-interval-us(avg/max)=18695/132244 finish-late-us(avg/max)=0/0 finish-to-repaint-us(avg/max)=1321/76436.
[12:10:22.994] gfxstream repaint: full-us(avg/max)=14599/128737 renderer-us(avg/max)=11729/119243 fence-us(avg/max)=1262/10292 remainder-us(avg/max)=48/1064 thread-cpu/wall-window-us=427479/1986474.
[12:10:22.995] gfxstream inter-present buckets (n=4919): upper-bound-ms=8.3/16.7/25/33.3/50/>50 counts=387/1613/2495/221/50/153.
[12:10:25.437] gfxstream output: presents=5040 releases=5040 present-us(avg/max)=1564/25648 release-signal-after-response-us(avg/max)=3380/45167 no-free-slot=0.
[12:10:25.437] gfxstream cadence: inter-repaint-us(avg/max)=18751/132642 finish-interval-us(avg/max)=18736/132244 finish-late-us(avg/max)=0/0 finish-to-repaint-us(avg/max)=1321/76436.
[12:10:25.438] gfxstream repaint: full-us(avg/max)=14631/128737 renderer-us(avg/max)=11750/119243 fence-us(avg/max)=1267/10292 remainder-us(avg/max)=48/1064 thread-cpu/wall-window-us=404653/1912594.
[12:10:25.438] gfxstream inter-present buckets (n=5039): upper-bound-ms=8.3/16.7/25/33.3/50/>50 counts=395/1635/2570/230/52/157.
[12:10:26.452] gfxstream output: presents=5160 releases=5160 present-us(avg/max)=1545/25648 release-signal-after-response-us(avg/max)=3347/45167 no-free-slot=0.
[12:10:26.453] gfxstream cadence: inter-repaint-us(avg/max)=18512/132642 finish-interval-us(avg/max)=18496/132244 finish-late-us(avg/max)=0/0 finish-to-repaint-us(avg/max)=1317/76436.
[12:10:26.453] gfxstream repaint: full-us(avg/max)=14432/128737 renderer-us(avg/max)=11589/119243 fence-us(avg/max)=1249/10292 remainder-us(avg/max)=48/1064 thread-cpu/wall-window-us=136570/731366.
[12:10:26.453] gfxstream inter-present buckets (n=5159): upper-bound-ms=8.3/16.7/25/33.3/50/>50 counts=491/1652/2573/232/54/157.
[12:10:27.949] gfxstream output: presents=5280 releases=5280 present-us(avg/max)=1535/25648 release-signal-after-response-us(avg/max)=3321/45167 no-free-slot=0.
[12:10:27.950] gfxstream cadence: inter-repaint-us(avg/max)=18372/132642 finish-interval-us(avg/max)=18360/132244 finish-late-us(avg/max)=0/0 finish-to-repaint-us(avg/max)=1313/76436.
[12:10:27.951] gfxstream repaint: full-us(avg/max)=14323/128737 renderer-us(avg/max)=11502/119243 fence-us(avg/max)=1237/10292 remainder-us(avg/max)=47/1064 thread-cpu/wall-window-us=248413/1157134.
[12:10:27.951] gfxstream inter-present buckets (n=5279): upper-bound-ms=8.3/16.7/25/33.3/50/>50 counts=510/1745/2577/232/56/159.
[12:10:29.666] gfxstream output: presents=5400 releases=5400 present-us(avg/max)=1529/25648 release-signal-after-response-us(avg/max)=3297/45167 no-free-slot=0.
[12:10:29.667] gfxstream cadence: inter-repaint-us(avg/max)=18284/132642 finish-interval-us(avg/max)=18270/132244 finish-late-us(avg/max)=0/0 finish-to-repaint-us(avg/max)=1311/76436.
[12:10:29.667] gfxstream repaint: full-us(avg/max)=14255/128737 renderer-us(avg/max)=11448/119243 fence-us(avg/max)=1229/10292 remainder-us(avg/max)=47/1064 thread-cpu/wall-window-us=300616/1350286.
[12:10:29.668] gfxstream inter-present buckets (n=5399): upper-bound-ms=8.3/16.7/25/33.3/50/>50 counts=513/1850/2584/232/59/161.
[12:10:31.356] gfxstream output: presents=5520 releases=5520 present-us(avg/max)=1523/25648 release-signal-after-response-us(avg/max)=3277/45167 no-free-slot=0.
[12:10:31.357] gfxstream cadence: inter-repaint-us(avg/max)=18192/132642 finish-interval-us(avg/max)=18178/132244 finish-late-us(avg/max)=0/0 finish-to-repaint-us(avg/max)=1308/76436.
[12:10:31.358] gfxstream repaint: full-us(avg/max)=14183/128737 renderer-us(avg/max)=11391/119243 fence-us(avg/max)=1221/10292 remainder-us(avg/max)=47/1064 thread-cpu/wall-window-us=285716/1312268.
[12:10:31.358] gfxstream inter-present buckets (n=5519): upper-bound-ms=8.3/16.7/25/33.3/50/>50 counts=513/1957/2593/232/61/163.
[12:10:33.135] gfxstream output: presents=5640 releases=5640 present-us(avg/max)=1518/25648 release-signal-after-response-us(avg/max)=3257/45167 no-free-slot=0.
[12:10:33.136] gfxstream cadence: inter-repaint-us(avg/max)=18120/132642 finish-interval-us(avg/max)=18107/132244 finish-late-us(avg/max)=0/0 finish-to-repaint-us(avg/max)=1306/76436.
[12:10:33.137] gfxstream repaint: full-us(avg/max)=14130/128737 renderer-us(avg/max)=11348/119243 fence-us(avg/max)=1216/10292 remainder-us(avg/max)=47/1064 thread-cpu/wall-window-us=309992/1403816.
[12:10:33.137] gfxstream inter-present buckets (n=5639): upper-bound-ms=8.3/16.7/25/33.3/50/>50 counts=513/2064/2600/233/62/167.
[12:10:34.787] gfxstream output: presents=5760 releases=5760 present-us(avg/max)=1512/25648 release-signal-after-response-us(avg/max)=3239/45167 no-free-slot=0.
[12:10:34.788] gfxstream cadence: inter-repaint-us(avg/max)=18030/132642 finish-interval-us(avg/max)=18017/132244 finish-late-us(avg/max)=0/0 finish-to-repaint-us(avg/max)=1305/76436.
[12:10:34.788] gfxstream repaint: full-us(avg/max)=14059/128737 renderer-us(avg/max)=11290/119243 fence-us(avg/max)=1209/10292 remainder-us(avg/max)=46/1064 thread-cpu/wall-window-us=282550/1288328.
[12:10:34.789] gfxstream inter-present buckets (n=5759): upper-bound-ms=8.3/16.7/25/33.3/50/>50 counts=517/2168/2606/235/65/168.
[12:10:36.574] gfxstream output: presents=5880 releases=5880 present-us(avg/max)=1508/25648 release-signal-after-response-us(avg/max)=3222/45167 no-free-slot=0.
[12:10:36.575] gfxstream cadence: inter-repaint-us(avg/max)=17966/132642 finish-interval-us(avg/max)=17953/132244 finish-late-us(avg/max)=0/0 finish-to-repaint-us(avg/max)=1304/76436.
[12:10:36.575] gfxstream repaint: full-us(avg/max)=14011/128737 renderer-us(avg/max)=11252/119243 fence-us(avg/max)=1202/10292 remainder-us(avg/max)=46/1064 thread-cpu/wall-window-us=308154/1403637.
[12:10:36.576] gfxstream inter-present buckets (n=5879): upper-bound-ms=8.3/16.7/25/33.3/50/>50 counts=517/2270/2618/236/69/169.
[12:10:38.237] gfxstream output: presents=6000 releases=6000 present-us(avg/max)=1504/25648 release-signal-after-response-us(avg/max)=3201/45167 no-free-slot=0.
[12:10:38.237] gfxstream cadence: inter-repaint-us(avg/max)=17883/132642 finish-interval-us(avg/max)=17872/132244 finish-late-us(avg/max)=0/0 finish-to-repaint-us(avg/max)=1303/76436.
[12:10:38.238] gfxstream repaint: full-us(avg/max)=13946/128737 renderer-us(avg/max)=11199/119243 fence-us(avg/max)=1196/10292 remainder-us(avg/max)=46/1064 thread-cpu/wall-window-us=288677/1292628.
[12:10:38.238] gfxstream inter-present buckets (n=5999): upper-bound-ms=8.3/16.7/25/33.3/50/>50 counts=517/2378/2625/236/72/171.
[12:10:39.883] gfxstream output: presents=6120 releases=6120 present-us(avg/max)=1500/25648 release-signal-after-response-us(avg/max)=3179/45167 no-free-slot=0.
[12:10:39.884] gfxstream cadence: inter-repaint-us(avg/max)=17802/132642 finish-interval-us(avg/max)=17789/132244 finish-late-us(avg/max)=0/0 finish-to-repaint-us(avg/max)=1301/76436.
[12:10:39.884] gfxstream repaint: full-us(avg/max)=13886/128737 renderer-us(avg/max)=11151/119243 fence-us(avg/max)=1188/10292 remainder-us(avg/max)=46/1064 thread-cpu/wall-window-us=297461/1305555.
[12:10:39.885] gfxstream inter-present buckets (n=6119): upper-bound-ms=8.3/16.7/25/33.3/50/>50 counts=520/2486/2629/236/74/174.
[12:10:41.587] gfxstream output: presents=6240 releases=6240 present-us(avg/max)=1494/25648 release-signal-after-response-us(avg/max)=3163/45167 no-free-slot=0.
[12:10:41.587] gfxstream cadence: inter-repaint-us(avg/max)=17732/132642 finish-interval-us(avg/max)=17720/132244 finish-late-us(avg/max)=0/0 finish-to-repaint-us(avg/max)=1298/76436.
[12:10:41.588] gfxstream repaint: full-us(avg/max)=13831/128737 renderer-us(avg/max)=11106/119243 fence-us(avg/max)=1184/10292 remainder-us(avg/max)=46/1064 thread-cpu/wall-window-us=282941/1325251.
[12:10:41.588] gfxstream inter-present buckets (n=6239): upper-bound-ms=8.3/16.7/25/33.3/50/>50 counts=520/2597/2634/236/75/177.
[12:10:43.286] gfxstream output: presents=6360 releases=6360 present-us(avg/max)=1490/25648 release-signal-after-response-us(avg/max)=3146/45167 no-free-slot=0.
[12:10:43.287] gfxstream cadence: inter-repaint-us(avg/max)=17665/132642 finish-interval-us(avg/max)=17653/132244 finish-late-us(avg/max)=0/0 finish-to-repaint-us(avg/max)=1297/76436.
[12:10:43.287] gfxstream repaint: full-us(avg/max)=13780/128737 renderer-us(avg/max)=11064/119243 fence-us(avg/max)=1179/10292 remainder-us(avg/max)=45/1064 thread-cpu/wall-window-us=293418/1332816.
[12:10:43.288] gfxstream inter-present buckets (n=6359): upper-bound-ms=8.3/16.7/25/33.3/50/>50 counts=520/2705/2641/236/78/179.
[12:10:45.503] gfxstream output: presents=6480 releases=6480 present-us(avg/max)=1493/25648 release-signal-after-response-us(avg/max)=3149/45167 no-free-slot=0.
[12:10:45.505] gfxstream cadence: inter-repaint-us(avg/max)=17679/132642 finish-interval-us(avg/max)=17668/132244 finish-late-us(avg/max)=0/0 finish-to-repaint-us(avg/max)=1297/76436.
[12:10:45.506] gfxstream repaint: full-us(avg/max)=13791/128737 renderer-us(avg/max)=11073/119243 fence-us(avg/max)=1177/10292 remainder-us(avg/max)=46/1064 thread-cpu/wall-window-us=368804/1726441.
[12:10:45.507] gfxstream inter-present buckets (n=6479): upper-bound-ms=8.3/16.7/25/33.3/50/>50 counts=520/2763/2693/241/79/183.
Date: 2026-09-06 UTC
[12:10:47.067] weston 14.0.1
               https://wayland.freedesktop.org
               Bug reports to: https://gitlab.freedesktop.org/wayland/weston/issues/
               Build: 14.0.1
[12:10:47.071] Command line: /root/udroid-weston-socket-v1/frontend/weston --backend=headless --renderer=gl --shell=desktop --no-config --gbm-allocator-socket=/tmp/kumquat-gpu-0 --gfxstream-presenter-icd=/opt/udroid/gfxstream/lib/libvulkan_gfxstream.so --socket=wayland-gfxstream-animated --width=720 --height=720 --idle-time=0 --log=/root/udroid-weston-socket-v1/weston-animated.log -- /usr/bin/weston-simple-shm
[12:10:47.072] OS: Linux, 6.1.157-android14-11-gbd23337e42e7-ab14791245, #1 SMP PREEMPT Wed Jan 28 05:34:14 UTC 2026, aarch64
[12:10:47.072] Flight recorder: enabled
[12:10:47.073] Starting with no config file.
[12:10:47.076] Output repaint window is 7 ms maximum.
[12:10:47.077] Loading module '/root/udroid-weston-socket-v1/libweston/backend-headless/headless-backend.so'
[12:10:47.154] Loading module '/root/udroid-weston-contract/libweston/renderer-gl/gl-renderer.so'
[12:10:47.285] warning: failed to query rendering device from EGL
[12:10:47.298] Using external GBM allocator backend: gfxstream
[12:10:47.298] EGL version: 1.5
[12:10:47.299] EGL vendor: Mesa Project
[12:10:47.299] EGL client APIs: OpenGL OpenGL_ES 
[12:10:47.299] EGL features:
               EGL Wayland extension: no
               context priority: no
               buffer age: no
               partial update: yes
               swap buffers with damage: no
               configless context: yes
               surfaceless context: yes
               dmabuf support: modifiers
[12:10:47.311] GL version: OpenGL ES 2.0 Mesa 25.0.7-2+deb13u1
[12:10:47.311] GLSL version: OpenGL ES GLSL ES 1.0.16
[12:10:47.311] GL vendor: Mesa
[12:10:47.311] GL renderer: zink Vulkan 1.4(Virtio-GPU GFXStream (Mali-G78) (Driver Unknown))
[12:10:47.323] GL ES 2.0 - renderer features:
               read-back format: ARGB8888
               glReadPixels supports y-flip: yes
               glReadPixels supports PBO: yes
               wl_shm 10 bpc formats: yes
               wl_shm 16 bpc formats: no
               wl_shm half-float formats: no
               internal R and RG formats: yes
               OES_EGL_image_external: yes
[12:10:47.323] Using GL renderer
[12:10:47.323] Registered plugin API 'weston_windowed_output_api_headless_v2' of size 16
[12:10:47.323] Color manager: no-op
                 protocol support: no
[12:10:47.323] Output 'headless' attempts EOTF mode SDR and colorimetry mode default.
[12:10:47.323] Output 'headless' using color profile: stock sRGB color profile
[12:10:47.346] gfxstream output: presents=6600 releases=6600 present-us(avg/max)=1490/25648 release-signal-after-response-us(avg/max)=3145/45167 no-free-slot=0.
[12:10:47.346] gfxstream cadence: inter-repaint-us(avg/max)=17638/132642 finish-interval-us(avg/max)=17626/132244 finish-late-us(avg/max)=0/0 finish-to-repaint-us(avg/max)=1303/76436.
[12:10:47.346] gfxstream repaint: full-us(avg/max)=13749/128737 renderer-us(avg/max)=11039/119243 fence-us(avg/max)=1173/10292 remainder-us(avg/max)=45/1064 thread-cpu/wall-window-us=286530/1375956.
[12:10:47.347] gfxstream inter-present buckets (n=6599): upper-bound-ms=8.3/16.7/25/33.3/50/>50 counts=561/2786/2741/246/79/186.
[12:10:47.377] Direct gfxstream output enabled with 6 slots.
[12:10:47.377] Output 'headless' enabled with head(s) headless
[12:10:47.377] Compositor capabilities:
               arbitrary surface rotation: yes
               screen capture uses y-flip: yes
               cursor planes: no
               arbitrary resolutions: no
               view mask clipping: yes
               explicit sync: yes
               color operations: no
               presentation clock: CLOCK_MONOTONIC_RAW, id 4
               presentation clock resolution: 0.000000001 s
[12:10:47.378] Loading module '/usr/lib/aarch64-linux-gnu/weston/desktop-shell.so'
[12:10:47.381] launching '/usr/local/libexec/weston-keyboard'
[12:10:47.382] launching '/usr/local/libexec/weston-desktop-shell'
[12:22:05.061] caught signal 15
Date: 2026-09-06 UTC
[12:42:24.532] weston 14.0.1
               https://wayland.freedesktop.org
               Bug reports to: https://gitlab.freedesktop.org/wayland/weston/issues/
               Build: 14.0.1
[12:42:24.541] Command line: /root/udroid-weston-socket-v1/frontend/weston --backend=headless --renderer=gl --shell=desktop --no-config --gbm-allocator-socket=/tmp/kumquat-gpu-0 --gfxstream-presenter-icd=/opt/udroid-diag/sync-export-20260906/gfxstream/lib/libvulkan_gfxstream.so --socket=wayland-gfxstream-animated --width=720 --height=720 --idle-time=0 --log=/root/udroid-weston-socket-v1/weston-animated.log -- /usr/bin/weston-simple-shm
[12:42:24.542] OS: Linux, 6.1.157-android14-11-gbd23337e42e7-ab14791245, #1 SMP PREEMPT Wed Jan 28 05:34:14 UTC 2026, aarch64
[12:42:24.542] Flight recorder: enabled
[12:42:24.543] Starting with no config file.
[12:42:24.549] Output repaint window is 7 ms maximum.
[12:42:24.552] Loading module '/root/udroid-weston-socket-v1/libweston/backend-headless/headless-backend.so'
[12:42:24.823] Loading module '/root/udroid-weston-contract/libweston/renderer-gl/gl-renderer.so'
[12:42:24.845] Failed to load module: libgallium-25.0.7.so: cannot open shared object file: No such file or directory
[12:42:24.846] fatal: failed to create compositor backend
Date: 2026-09-06 UTC
[12:42:44.460] weston 14.0.1
               https://wayland.freedesktop.org
               Bug reports to: https://gitlab.freedesktop.org/wayland/weston/issues/
               Build: 14.0.1
[12:42:44.462] Command line: /root/udroid-weston-socket-v1/frontend/weston --backend=headless --renderer=gl --shell=desktop --no-config --gbm-allocator-socket=/tmp/kumquat-gpu-0 --gfxstream-presenter-icd=/opt/udroid-diag/sync-export-20260906/gfxstream/lib/libvulkan_gfxstream.so --socket=wayland-gfxstream-animated --width=720 --height=720 --idle-time=0 --log=/root/udroid-weston-socket-v1/weston-animated.log -- /usr/bin/weston-simple-shm
[12:42:44.462] OS: Linux, 6.1.157-android14-11-gbd23337e42e7-ab14791245, #1 SMP PREEMPT Wed Jan 28 05:34:14 UTC 2026, aarch64
[12:42:44.463] Flight recorder: enabled
[12:42:44.463] Starting with no config file.
[12:42:44.464] Output repaint window is 7 ms maximum.
[12:42:44.465] Loading module '/root/udroid-weston-socket-v1/libweston/backend-headless/headless-backend.so'
[12:42:44.505] Loading module '/root/udroid-weston-contract/libweston/renderer-gl/gl-renderer.so'
[12:42:44.508] Failed to load module: libgallium-25.0.7.so: cannot open shared object file: No such file or directory
[12:42:44.508] fatal: failed to create compositor backend
Date: 2026-09-06 UTC
[12:43:28.437] weston 14.0.1
               https://wayland.freedesktop.org
               Bug reports to: https://gitlab.freedesktop.org/wayland/weston/issues/
               Build: 14.0.1
[12:43:28.437] Command line: /root/udroid-weston-socket-v1/frontend/weston --backend=headless --renderer=gl --shell=desktop --no-config --gbm-allocator-socket=/tmp/kumquat-gpu-0 --gfxstream-presenter-icd=/opt/udroid-diag/sync-export-20260906/gfxstream/lib/libvulkan_gfxstream.so --socket=wayland-gfxstream-animated --width=720 --height=720 --idle-time=0 --log=/root/udroid-weston-socket-v1/weston-animated.log -- /usr/bin/weston-simple-shm
[12:43:28.437] OS: Linux, 6.1.157-android14-11-gbd23337e42e7-ab14791245, #1 SMP PREEMPT Wed Jan 28 05:34:14 UTC 2026, aarch64
[12:43:28.437] Flight recorder: enabled
[12:43:28.438] Starting with no config file.
[12:43:28.438] Output repaint window is 7 ms maximum.
[12:43:28.439] Loading module '/root/udroid-weston-socket-v1/libweston/backend-headless/headless-backend.so'
[12:43:28.466] Loading module '/root/udroid-weston-contract/libweston/renderer-gl/gl-renderer.so'
[12:43:28.549] warning: failed to query rendering device from EGL
[12:43:28.550] failed to create external GBM allocator: Invalid argument
[12:43:28.550] failed to initialize allocator
[12:43:28.550] EGL version: 1.5
[12:43:28.551] EGL vendor: Mesa Project
[12:43:28.551] EGL client APIs: OpenGL OpenGL_ES 
[12:43:28.551] EGL features:
               EGL Wayland extension: no
               context priority: no
               buffer age: no
               partial update: yes
               swap buffers with damage: no
               configless context: yes
               surfaceless context: yes
               dmabuf support: modifiers
[12:43:28.560] GL version: OpenGL ES 2.0 Mesa 25.0.7
[12:43:28.560] GLSL version: OpenGL ES GLSL ES 1.0.16
[12:43:28.560] GL vendor: Mesa
[12:43:28.560] GL renderer: zink Vulkan 1.4(Virtio-GPU GFXStream (Mali-G78) (Driver Unknown))
[12:43:28.663] GL ES 2.0 - renderer features:
               read-back format: ARGB8888
               glReadPixels supports y-flip: yes
               glReadPixels supports PBO: yes
               wl_shm 10 bpc formats: yes
               wl_shm 16 bpc formats: no
               wl_shm half-float formats: no
               internal R and RG formats: yes
               OES_EGL_image_external: yes
[12:43:28.665] Using GL renderer
[12:43:28.665] Registered plugin API 'weston_windowed_output_api_headless_v2' of size 16
[12:43:28.665] Color manager: no-op
                 protocol support: no
[12:43:28.665] Output 'headless' attempts EOTF mode SDR and colorimetry mode default.
[12:43:28.665] Output 'headless' using color profile: stock sRGB color profile
[12:43:28.665] GL renderer has no DMA-BUF output allocator.
[12:43:28.665] Enabling output "headless" failed.
[12:43:28.665] Enabling output "headless" failed.
Date: 2026-09-06 UTC
[12:44:19.220] weston 14.0.1
               https://wayland.freedesktop.org
               Bug reports to: https://gitlab.freedesktop.org/wayland/weston/issues/
               Build: 14.0.1
[12:44:19.222] Command line: /root/udroid-weston-socket-v1/frontend/weston --backend=headless --renderer=gl --shell=desktop --no-config --gbm-allocator-socket=/tmp/kumquat-gpu-0 --gfxstream-presenter-icd=/opt/udroid-diag/sync-export-20260906/gfxstream/lib/libvulkan_gfxstream.so --socket=wayland-gfxstream-animated --width=720 --height=720 --idle-time=0 --log=/root/udroid-weston-socket-v1/weston-animated.log -- /usr/bin/weston-simple-shm
[12:44:19.222] OS: Linux, 6.1.157-android14-11-gbd23337e42e7-ab14791245, #1 SMP PREEMPT Wed Jan 28 05:34:14 UTC 2026, aarch64
[12:44:19.222] Flight recorder: enabled
[12:44:19.223] Starting with no config file.
[12:44:19.224] Output repaint window is 7 ms maximum.
[12:44:19.225] Loading module '/root/udroid-weston-socket-v1/libweston/backend-headless/headless-backend.so'
[12:44:19.280] Loading module '/root/udroid-weston-contract/libweston/renderer-gl/gl-renderer.so'
[12:44:19.355] warning: failed to query rendering device from EGL
[12:44:19.370] Using external GBM allocator backend: gfxstream
[12:44:19.370] EGL version: 1.5
[12:44:19.370] EGL vendor: Mesa Project
[12:44:19.370] EGL client APIs: OpenGL OpenGL_ES 
[12:44:19.370] EGL features:
               EGL Wayland extension: no
               context priority: no
               buffer age: no
               partial update: yes
               swap buffers with damage: no
               configless context: yes
               surfaceless context: yes
               dmabuf support: modifiers
[12:44:19.378] GL version: OpenGL ES 2.0 Mesa 25.0.7
[12:44:19.378] GLSL version: OpenGL ES GLSL ES 1.0.16
[12:44:19.378] GL vendor: Mesa
[12:44:19.378] GL renderer: zink Vulkan 1.4(Virtio-GPU GFXStream (Mali-G78) (Driver Unknown))
[12:44:19.388] GL ES 2.0 - renderer features:
               read-back format: ARGB8888
               glReadPixels supports y-flip: yes
               glReadPixels supports PBO: yes
               wl_shm 10 bpc formats: yes
               wl_shm 16 bpc formats: no
               wl_shm half-float formats: no
               internal R and RG formats: yes
               OES_EGL_image_external: yes
[12:44:19.388] Using GL renderer
[12:44:19.388] Registered plugin API 'weston_windowed_output_api_headless_v2' of size 16
[12:44:19.388] Color manager: no-op
                 protocol support: no
[12:44:19.388] Output 'headless' attempts EOTF mode SDR and colorimetry mode default.
[12:44:19.388] Output 'headless' using color profile: stock sRGB color profile
[12:44:19.431] Direct gfxstream output enabled with 6 slots.
[12:44:19.431] Output 'headless' enabled with head(s) headless
[12:44:19.431] Compositor capabilities:
               arbitrary surface rotation: yes
               screen capture uses y-flip: yes
               cursor planes: no
               arbitrary resolutions: no
               view mask clipping: yes
               explicit sync: yes
               color operations: no
               presentation clock: CLOCK_MONOTONIC_RAW, id 4
               presentation clock resolution: 0.000000001 s
[12:44:19.453] Loading module '/usr/lib/aarch64-linux-gnu/weston/desktop-shell.so'
[12:44:19.455] launching '/usr/local/libexec/weston-keyboard'
[12:44:19.462] launching '/usr/local/libexec/weston-desktop-shell'
[12:44:22.512] gfxstream output: presents=120 releases=120 present-us(avg/max)=1579/4972 release-signal-after-response-us(avg/max)=3935/12553 no-free-slot=0.
[12:44:22.513] gfxstream cadence: inter-repaint-us(avg/max)=25362/252651 finish-interval-us(avg/max)=23666/249809 finish-late-us(avg/max)=0/0 finish-to-repaint-us(avg/max)=3403/241790.
[12:44:22.513] gfxstream repaint: full-us(avg/max)=18676/214529 renderer-us(avg/max)=15582/213827 fence-us(avg/max)=1457/8286 remainder-us(avg/max)=56/308 thread-cpu/wall-window-us=550601/2241186.
[12:44:22.514] gfxstream inter-present buckets (n=119): upper-bound-ms=8.3/16.7/25/33.3/50/>50 counts=1/27/73/8/5/5.
[12:44:25.037] gfxstream output: presents=240 releases=240 present-us(avg/max)=1644/6281 release-signal-after-response-us(avg/max)=3869/16444 no-free-slot=0.
[12:44:25.039] gfxstream cadence: inter-repaint-us(avg/max)=23221/252651 finish-interval-us(avg/max)=22349/249809 finish-late-us(avg/max)=0/0 finish-to-repaint-us(avg/max)=2364/241790.
[12:44:25.041] gfxstream repaint: full-us(avg/max)=17539/214529 renderer-us(avg/max)=14441/213827 fence-us(avg/max)=1396/8286 remainder-us(avg/max)=57/308 thread-cpu/wall-window-us=400352/1968356.
[12:44:25.042] gfxstream inter-present buckets (n=239): upper-bound-ms=8.3/16.7/25/33.3/50/>50 counts=1/56/151/15/6/10.
[12:44:27.588] gfxstream output: presents=360 releases=360 present-us(avg/max)=1668/6281 release-signal-after-response-us(avg/max)=3817/16444 no-free-slot=0.
[12:44:27.589] gfxstream cadence: inter-repaint-us(avg/max)=22554/252651 finish-interval-us(avg/max)=21984/249809 finish-late-us(avg/max)=0/0 finish-to-repaint-us(avg/max)=2016/241790.
[12:44:27.590] gfxstream repaint: full-us(avg/max)=17281/214529 renderer-us(avg/max)=14135/213827 fence-us(avg/max)=1418/8286 remainder-us(avg/max)=58/1226 thread-cpu/wall-window-us=412353/2011860.
[12:44:27.591] gfxstream inter-present buckets (n=359): upper-bound-ms=8.3/16.7/25/33.3/50/>50 counts=1/86/230/21/6/15.
[12:44:30.280] gfxstream output: presents=480 releases=480 present-us(avg/max)=1731/6626 release-signal-after-response-us(avg/max)=3778/16444 no-free-slot=0.
[12:44:30.282] gfxstream cadence: inter-repaint-us(avg/max)=22527/252651 finish-interval-us(avg/max)=22099/249809 finish-late-us(avg/max)=0/0 finish-to-repaint-us(avg/max)=1849/241790.
[12:44:30.283] gfxstream repaint: full-us(avg/max)=17451/214529 renderer-us(avg/max)=14184/213827 fence-us(avg/max)=1475/9597 remainder-us(avg/max)=60/1226 thread-cpu/wall-window-us=450136/2155094.
[12:44:30.284] gfxstream inter-present buckets (n=479): upper-bound-ms=8.3/16.7/25/33.3/50/>50 counts=1/108/305/38/7/20.
[12:44:32.821] gfxstream output: presents=600 releases=600 present-us(avg/max)=1748/6626 release-signal-after-response-us(avg/max)=3775/16444 no-free-slot=0.
[12:44:32.822] gfxstream cadence: inter-repaint-us(avg/max)=22259/252651 finish-interval-us(avg/max)=21912/249809 finish-late-us(avg/max)=0/0 finish-to-repaint-us(avg/max)=1738/241790.
[12:44:32.823] gfxstream repaint: full-us(avg/max)=17283/214529 renderer-us(avg/max)=14001/213827 fence-us(avg/max)=1475/9597 remainder-us(avg/max)=58/1226 thread-cpu/wall-window-us=430744/1993881.
[12:44:32.824] gfxstream inter-present buckets (n=599): upper-bound-ms=8.3/16.7/25/33.3/50/>50 counts=1/142/383/41/7/25.
[12:44:35.562] gfxstream output: presents=720 releases=720 present-us(avg/max)=1736/6626 release-signal-after-response-us(avg/max)=3820/16444 no-free-slot=0.
[12:44:35.563] gfxstream cadence: inter-repaint-us(avg/max)=22366/252651 finish-interval-us(avg/max)=22068/249809 finish-late-us(avg/max)=0/0 finish-to-repaint-us(avg/max)=1659/241790.
[12:44:35.564] gfxstream repaint: full-us(avg/max)=17422/214529 renderer-us(avg/max)=14150/213827 fence-us(avg/max)=1477/9597 remainder-us(avg/max)=57/1226 thread-cpu/wall-window-us=468426/2173841.
[12:44:35.564] gfxstream inter-present buckets (n=719): upper-bound-ms=8.3/16.7/25/33.3/50/>50 counts=1/168/458/54/8/30.
[12:44:38.024] gfxstream output: presents=840 releases=840 present-us(avg/max)=1721/6626 release-signal-after-response-us(avg/max)=3814/16444 no-free-slot=0.
[12:44:38.025] gfxstream cadence: inter-repaint-us(avg/max)=22092/252651 finish-interval-us(avg/max)=21846/249809 finish-late-us(avg/max)=0/0 finish-to-repaint-us(avg/max)=1601/241790.
[12:44:38.026] gfxstream repaint: full-us(avg/max)=17220/214529 renderer-us(avg/max)=13979/213827 fence-us(avg/max)=1461/9597 remainder-us(avg/max)=57/1226 thread-cpu/wall-window-us=410145/1921330.
[12:44:38.027] gfxstream inter-present buckets (n=839): upper-bound-ms=8.3/16.7/25/33.3/50/>50 counts=1/202/529/65/8/34.
[12:44:40.570] gfxstream output: presents=960 releases=960 present-us(avg/max)=1742/7352 release-signal-after-response-us(avg/max)=3806/16444 no-free-slot=0.
[12:44:40.572] gfxstream cadence: inter-repaint-us(avg/max)=21982/252651 finish-interval-us(avg/max)=21767/249809 finish-late-us(avg/max)=0/0 finish-to-repaint-us(avg/max)=1563/241790.
[12:44:40.573] gfxstream repaint: full-us(avg/max)=17156/214529 renderer-us(avg/max)=13897/213827 fence-us(avg/max)=1459/9597 remainder-us(avg/max)=57/1226 thread-cpu/wall-window-us=424412/2004433.
[12:44:40.574] gfxstream inter-present buckets (n=959): upper-bound-ms=8.3/16.7/25/33.3/50/>50 counts=1/231/609/71/8/39.
[12:44:43.262] gfxstream output: presents=1080 releases=1080 present-us(avg/max)=1747/9635 release-signal-after-response-us(avg/max)=3845/19721 no-free-slot=0.
[12:44:43.265] gfxstream cadence: inter-repaint-us(avg/max)=22031/252651 finish-interval-us(avg/max)=21841/249809 finish-late-us(avg/max)=0/0 finish-to-repaint-us(avg/max)=1538/241790.
[12:44:43.266] gfxstream repaint: full-us(avg/max)=17209/214529 renderer-us(avg/max)=13934/213827 fence-us(avg/max)=1470/9597 remainder-us(avg/max)=56/1226 thread-cpu/wall-window-us=450442/2116396.
[12:44:43.267] gfxstream inter-present buckets (n=1079): upper-bound-ms=8.3/16.7/25/33.3/50/>50 counts=1/244/698/84/9/43.
[12:44:45.673] gfxstream output: presents=1200 releases=1200 present-us(avg/max)=1733/9635 release-signal-after-response-us(avg/max)=3827/19721 no-free-slot=0.
[12:44:45.674] gfxstream cadence: inter-repaint-us(avg/max)=21837/252651 finish-interval-us(avg/max)=21666/249809 finish-late-us(avg/max)=0/0 finish-to-repaint-us(avg/max)=1512/241790.
[12:44:45.675] gfxstream repaint: full-us(avg/max)=17060/214529 renderer-us(avg/max)=13818/213827 fence-us(avg/max)=1451/9597 remainder-us(avg/max)=55/1226 thread-cpu/wall-window-us=406581/1885651.
[12:44:45.676] gfxstream inter-present buckets (n=1199): upper-bound-ms=8.3/16.7/25/33.3/50/>50 counts=1/279/773/88/10/48.
[12:44:48.257] gfxstream output: presents=1320 releases=1320 present-us(avg/max)=1717/9635 release-signal-after-response-us(avg/max)=3848/19721 no-free-slot=0.
[12:44:48.260] gfxstream cadence: inter-repaint-us(avg/max)=21811/252651 finish-interval-us(avg/max)=21654/249809 finish-late-us(avg/max)=0/0 finish-to-repaint-us(avg/max)=1500/241790.
[12:44:48.261] gfxstream repaint: full-us(avg/max)=17029/214529 renderer-us(avg/max)=13803/213827 fence-us(avg/max)=1453/9597 remainder-us(avg/max)=55/1226 thread-cpu/wall-window-us=438094/2007527.
[12:44:48.262] gfxstream inter-present buckets (n=1319): upper-bound-ms=8.3/16.7/25/33.3/50/>50 counts=1/311/847/97/10/53.
[12:44:49.153] caught signal 15
Date: 2026-09-06 UTC
[13:31:04.299] weston 14.0.1
               https://wayland.freedesktop.org
               Bug reports to: https://gitlab.freedesktop.org/wayland/weston/issues/
               Build: 14.0.1
[13:31:04.307] Command line: /root/udroid-weston-socket-v1/frontend/weston --backend=headless --renderer=gl --shell=desktop --no-config --gbm-allocator-socket=/tmp/kumquat-gpu-0 --gfxstream-presenter-icd=/opt/udroid-diag/sync-export-20260906/gfxstream/lib/libvulkan_gfxstream.so --socket=wayland-gfxstream-animated --width=720 --height=720 --idle-time=0 --log=/root/udroid-weston-socket-v1/weston-animated.log -- /usr/bin/weston-simple-shm
[13:31:04.307] OS: Linux, 6.1.157-android14-11-gbd23337e42e7-ab14791245, #1 SMP PREEMPT Wed Jan 28 05:34:14 UTC 2026, aarch64
[13:31:04.308] Flight recorder: enabled
[13:31:04.309] Starting with no config file.
[13:31:04.314] Output repaint window is 7 ms maximum.
[13:31:04.316] Loading module '/root/udroid-weston-socket-v1/libweston/backend-headless/headless-backend.so'
[13:31:04.561] Loading module '/root/udroid-weston-contract/libweston/renderer-gl/gl-renderer.so'
[13:31:04.709] warning: failed to query rendering device from EGL
[13:31:04.729] Using external GBM allocator backend: gfxstream
[13:31:04.729] EGL version: 1.5
[13:31:04.729] EGL vendor: Mesa Project
[13:31:04.729] EGL client APIs: OpenGL OpenGL_ES 
[13:31:04.730] EGL features:
               EGL Wayland extension: no
               context priority: no
               buffer age: no
               partial update: yes
               swap buffers with damage: no
               configless context: yes
               surfaceless context: yes
               dmabuf support: modifiers
[13:31:04.749] GL version: OpenGL ES 2.0 Mesa 25.0.7
[13:31:04.749] GLSL version: OpenGL ES GLSL ES 1.0.16
[13:31:04.749] GL vendor: Mesa
[13:31:04.749] GL renderer: zink Vulkan 1.4(Virtio-GPU GFXStream (Mali-G78) (Driver Unknown))
[13:31:04.770] GL ES 2.0 - renderer features:
               read-back format: ARGB8888
               glReadPixels supports y-flip: yes
               glReadPixels supports PBO: yes
               wl_shm 10 bpc formats: yes
               wl_shm 16 bpc formats: no
               wl_shm half-float formats: no
               internal R and RG formats: yes
               OES_EGL_image_external: yes
[13:31:04.770] Using GL renderer
[13:31:04.771] Registered plugin API 'weston_windowed_output_api_headless_v2' of size 16
[13:31:04.771] Color manager: no-op
                 protocol support: no
[13:31:04.771] Output 'headless' attempts EOTF mode SDR and colorimetry mode default.
[13:31:04.771] Output 'headless' using color profile: stock sRGB color profile
[13:31:04.825] Direct gfxstream output enabled with 6 slots.
[13:31:04.825] Output 'headless' enabled with head(s) headless
[13:31:04.825] Compositor capabilities:
               arbitrary surface rotation: yes
               screen capture uses y-flip: yes
               cursor planes: no
               arbitrary resolutions: no
               view mask clipping: yes
               explicit sync: yes
               color operations: no
               presentation clock: CLOCK_MONOTONIC_RAW, id 4
               presentation clock resolution: 0.000000001 s
[13:31:04.847] Loading module '/usr/lib/aarch64-linux-gnu/weston/desktop-shell.so'
[13:31:04.850] launching '/usr/local/libexec/weston-keyboard'
[13:31:04.858] launching '/usr/local/libexec/weston-desktop-shell'
[13:31:07.667] gfxstream output: presents=120 releases=120 present-us(avg/max)=1016/5679 release-signal-after-response-us(avg/max)=4405/16636 no-free-slot=0.
[13:31:07.668] gfxstream cadence: inter-repaint-us(avg/max)=23402/196363 finish-interval-us(avg/max)=22777/191625 finish-late-us(avg/max)=0/0 finish-to-repaint-us(avg/max)=2802/182659.
[13:31:07.669] gfxstream repaint: full-us(avg/max)=16751/78507 renderer-us(avg/max)=14346/78018 fence-us(avg/max)=1340/6809 remainder-us(avg/max)=47/506 thread-cpu/wall-window-us=349194/2010203.
[13:31:07.669] gfxstream inter-present buckets (n=119): upper-bound-ms=8.3/16.7/25/33.3/50/>50 counts=0/26/72/15/2/4.
[13:31:10.331] gfxstream output: presents=240 releases=240 present-us(avg/max)=1064/5679 release-signal-after-response-us(avg/max)=4454/16636 no-free-slot=0.
[13:31:10.331] gfxstream cadence: inter-repaint-us(avg/max)=22837/196363 finish-interval-us(avg/max)=22484/191625 finish-late-us(avg/max)=0/0 finish-to-repaint-us(avg/max)=2027/182659.
[13:31:10.333] gfxstream repaint: full-us(avg/max)=16859/87869 renderer-us(avg/max)=14292/85068 fence-us(avg/max)=1453/6809 remainder-us(avg/max)=49/506 thread-cpu/wall-window-us=383262/2035985.
[13:31:10.333] gfxstream inter-present buckets (n=239): upper-bound-ms=8.3/16.7/25/33.3/50/>50 counts=0/43/160/25/2/9.
[13:31:13.113] gfxstream output: presents=360 releases=360 present-us(avg/max)=1114/8670 release-signal-after-response-us(avg/max)=4578/16636 no-free-slot=0.
[13:31:13.114] gfxstream cadence: inter-repaint-us(avg/max)=22928/196363 finish-interval-us(avg/max)=22717/191625 finish-late-us(avg/max)=0/0 finish-to-repaint-us(avg/max)=1819/182659.
[13:31:13.115] gfxstream repaint: full-us(avg/max)=17098/94722 renderer-us(avg/max)=14426/93087 fence-us(avg/max)=1505/6809 remainder-us(avg/max)=52/1091 thread-cpu/wall-window-us=393769/2109217.
[13:31:13.116] gfxstream inter-present buckets (n=359): upper-bound-ms=8.3/16.7/25/33.3/50/>50 counts=0/55/252/36/2/14.
[13:31:15.714] gfxstream output: presents=480 releases=480 present-us(avg/max)=1102/8670 release-signal-after-response-us(avg/max)=4524/16636 no-free-slot=0.
[13:31:15.715] gfxstream cadence: inter-repaint-us(avg/max)=22600/196363 finish-interval-us(avg/max)=22456/191625 finish-late-us(avg/max)=0/0 finish-to-repaint-us(avg/max)=1692/182659.
[13:31:15.715] gfxstream repaint: full-us(avg/max)=16948/94722 renderer-us(avg/max)=14266/93087 fence-us(avg/max)=1528/6809 remainder-us(avg/max)=50/1091 thread-cpu/wall-window-us=375549/1979843.
[13:31:15.716] gfxstream inter-present buckets (n=479): upper-bound-ms=8.3/16.7/25/33.3/50/>50 counts=0/76/339/43/3/18.
[13:31:18.476] gfxstream output: presents=600 releases=600 present-us(avg/max)=1128/8670 release-signal-after-response-us(avg/max)=4576/16636 no-free-slot=0.
[13:31:18.477] gfxstream cadence: inter-repaint-us(avg/max)=22698/196363 finish-interval-us(avg/max)=22569/191625 finish-late-us(avg/max)=0/0 finish-to-repaint-us(avg/max)=1623/182659.
[13:31:18.478] gfxstream repaint: full-us(avg/max)=17049/94722 renderer-us(avg/max)=14303/93087 fence-us(avg/max)=1565/6809 remainder-us(avg/max)=52/1091 thread-cpu/wall-window-us=398807/2094602.
[13:31:18.479] gfxstream inter-present buckets (n=599): upper-bound-ms=8.3/16.7/25/33.3/50/>50 counts=0/93/419/60/4/23.
[13:31:21.233] gfxstream output: presents=720 releases=720 present-us(avg/max)=1140/8670 release-signal-after-response-us(avg/max)=4592/16636 no-free-slot=0.
[13:31:21.234] gfxstream cadence: inter-repaint-us(avg/max)=22739/196363 finish-interval-us(avg/max)=22637/191625 finish-late-us(avg/max)=0/0 finish-to-repaint-us(avg/max)=1564/182659.
[13:31:21.234] gfxstream repaint: full-us(avg/max)=17147/94722 renderer-us(avg/max)=14383/93087 fence-us(avg/max)=1571/6809 remainder-us(avg/max)=52/1091 thread-cpu/wall-window-us=400791/2116513.
[13:31:21.235] gfxstream inter-present buckets (n=719): upper-bound-ms=8.3/16.7/25/33.3/50/>50 counts=0/108/507/71/5/28.
[13:31:23.797] gfxstream output: presents=840 releases=840 present-us(avg/max)=1141/8670 release-signal-after-response-us(avg/max)=4537/16636 no-free-slot=0.
[13:31:23.799] gfxstream cadence: inter-repaint-us(avg/max)=22543/196363 finish-interval-us(avg/max)=22455/191625 finish-late-us(avg/max)=0/0 finish-to-repaint-us(avg/max)=1529/182659.
[13:31:23.799] gfxstream repaint: full-us(avg/max)=17028/94722 renderer-us(avg/max)=14270/93087 fence-us(avg/max)=1564/6809 remainder-us(avg/max)=52/1091 thread-cpu/wall-window-us=371415/1957654.
[13:31:23.800] gfxstream inter-present buckets (n=839): upper-bound-ms=8.3/16.7/25/33.3/50/>50 counts=0/126/594/82/5/32.
[13:31:26.316] gfxstream output: presents=960 releases=960 present-us(avg/max)=1131/8670 release-signal-after-response-us(avg/max)=4508/16948 no-free-slot=0.
[13:31:26.318] gfxstream cadence: inter-repaint-us(avg/max)=22338/196363 finish-interval-us(avg/max)=22272/191625 finish-late-us(avg/max)=0/0 finish-to-repaint-us(avg/max)=1494/182659.
[13:31:26.319] gfxstream repaint: full-us(avg/max)=16909/94722 renderer-us(avg/max)=14178/93087 fence-us(avg/max)=1547/6809 remainder-us(avg/max)=51/1091 thread-cpu/wall-window-us=357837/1929078.
[13:31:26.320] gfxstream inter-present buckets (n=959): upper-bound-ms=8.3/16.7/25/33.3/50/>50 counts=0/165/660/91/7/36.
[13:31:29.053] gfxstream output: presents=1080 releases=1080 present-us(avg/max)=1126/8670 release-signal-after-response-us(avg/max)=4528/16948 no-free-slot=0.
[13:31:29.054] gfxstream cadence: inter-repaint-us(avg/max)=22399/196363 finish-interval-us(avg/max)=22332/191625 finish-late-us(avg/max)=0/0 finish-to-repaint-us(avg/max)=1474/182659.
[13:31:29.055] gfxstream repaint: full-us(avg/max)=16961/94722 renderer-us(avg/max)=14239/93087 fence-us(avg/max)=1545/6809 remainder-us(avg/max)=50/1091 thread-cpu/wall-window-us=386716/2085656.
[13:31:29.056] gfxstream inter-present buckets (n=1079): upper-bound-ms=8.3/16.7/25/33.3/50/>50 counts=0/180/748/102/8/41.
[13:31:31.540] gfxstream output: presents=1200 releases=1200 present-us(avg/max)=1118/8670 release-signal-after-response-us(avg/max)=4504/16948 no-free-slot=0.
[13:31:31.542] gfxstream cadence: inter-repaint-us(avg/max)=22229/196363 finish-interval-us(avg/max)=22171/191625 finish-late-us(avg/max)=0/0 finish-to-repaint-us(avg/max)=1460/182659.
[13:31:31.543] gfxstream repaint: full-us(avg/max)=16829/94722 renderer-us(avg/max)=14132/93087 fence-us(avg/max)=1527/6809 remainder-us(avg/max)=50/1091 thread-cpu/wall-window-us=362240/1876478.
[13:31:31.543] gfxstream inter-present buckets (n=1199): upper-bound-ms=8.3/16.7/25/33.3/50/>50 counts=0/223/813/108/9/46.
[13:31:34.114] gfxstream output: presents=1320 releases=1320 present-us(avg/max)=1124/8670 release-signal-after-response-us(avg/max)=4491/16948 no-free-slot=0.
[13:31:34.115] gfxstream cadence: inter-repaint-us(avg/max)=22160/196363 finish-interval-us(avg/max)=22105/191625 finish-late-us(avg/max)=0/0 finish-to-repaint-us(avg/max)=1448/182659.
[13:31:34.116] gfxstream repaint: full-us(avg/max)=16785/94722 renderer-us(avg/max)=14087/93087 fence-us(avg/max)=1523/6809 remainder-us(avg/max)=50/1091 thread-cpu/wall-window-us=364663/1961966.
[13:31:34.116] gfxstream inter-present buckets (n=1319): upper-bound-ms=8.3/16.7/25/33.3/50/>50 counts=0/255/884/118/11/51.
[13:31:34.169] caught signal 15
Date: 2026-09-06 UTC
[14:04:58.816] weston 14.0.1
               https://wayland.freedesktop.org
               Bug reports to: https://gitlab.freedesktop.org/wayland/weston/issues/
               Build: 14.0.1
[14:04:58.825] Command line: /root/udroid-weston-socket-v1/frontend/weston --backend=headless --renderer=gl --shell=desktop --no-config --gbm-allocator-socket=/tmp/kumquat-gpu-0 --gfxstream-presenter-icd=/opt/udroid-diag/sync-export-20260906/gfxstream/lib/libvulkan_gfxstream.so --socket=wayland-gfxstream-animated --width=720 --height=720 --idle-time=0 --log=/root/udroid-weston-socket-v1/weston-animated.log -- /usr/bin/weston-simple-shm
[14:04:58.825] OS: Linux, 6.1.157-android14-11-gbd23337e42e7-ab14791245, #1 SMP PREEMPT Wed Jan 28 05:34:14 UTC 2026, aarch64
[14:04:58.826] Flight recorder: enabled
[14:04:58.827] Starting with no config file.
[14:04:58.835] Output repaint window is 7 ms maximum.
[14:04:58.839] Loading module '/root/udroid-weston-socket-v1/libweston/backend-headless/headless-backend.so'
[14:04:59.154] Loading module '/root/udroid-weston-contract/libweston/renderer-gl/gl-renderer.so'
[14:04:59.348] warning: failed to query rendering device from EGL
[14:04:59.369] Using external GBM allocator backend: gfxstream
[14:04:59.369] EGL version: 1.5
[14:04:59.369] EGL vendor: Mesa Project
[14:04:59.370] EGL client APIs: OpenGL OpenGL_ES 
[14:04:59.370] EGL features:
               EGL Wayland extension: no
               context priority: no
               buffer age: no
               partial update: yes
               swap buffers with damage: no
               configless context: yes
               surfaceless context: yes
               dmabuf support: modifiers
[14:04:59.391] GL version: OpenGL ES 2.0 Mesa 25.0.7
[14:04:59.391] GLSL version: OpenGL ES GLSL ES 1.0.16
[14:04:59.391] GL vendor: Mesa
[14:04:59.391] GL renderer: zink Vulkan 1.4(Virtio-GPU GFXStream (Mali-G78) (Driver Unknown))
[14:04:59.413] GL ES 2.0 - renderer features:
               read-back format: ARGB8888
               glReadPixels supports y-flip: yes
               glReadPixels supports PBO: yes
               wl_shm 10 bpc formats: yes
               wl_shm 16 bpc formats: no
               wl_shm half-float formats: no
               internal R and RG formats: yes
               OES_EGL_image_external: yes
[14:04:59.414] Using GL renderer
[14:04:59.414] Registered plugin API 'weston_windowed_output_api_headless_v2' of size 16
[14:04:59.415] Color manager: no-op
                 protocol support: no
[14:04:59.415] Output 'headless' attempts EOTF mode SDR and colorimetry mode default.
[14:04:59.415] Output 'headless' using color profile: stock sRGB color profile
[14:04:59.471] Direct gfxstream output enabled with 6 slots.
[14:04:59.471] Output 'headless' enabled with head(s) headless
[14:04:59.471] Compositor capabilities:
               arbitrary surface rotation: yes
               screen capture uses y-flip: yes
               cursor planes: no
               arbitrary resolutions: no
               view mask clipping: yes
               explicit sync: yes
               color operations: no
               presentation clock: CLOCK_MONOTONIC_RAW, id 4
               presentation clock resolution: 0.000000001 s
[14:04:59.474] Loading module '/usr/lib/aarch64-linux-gnu/weston/desktop-shell.so'
[14:04:59.476] launching '/usr/local/libexec/weston-keyboard'
[14:04:59.478] launching '/usr/local/libexec/weston-desktop-shell'
[14:05:02.225] gfxstream output: presents=120 releases=120 present-us(avg/max)=955/5727 release-signal-after-response-us(avg/max)=4254/20996 no-free-slot=0.
[14:05:02.226] gfxstream cadence: inter-repaint-us(avg/max)=22849/226152 finish-interval-us(avg/max)=22236/212733 finish-late-us(avg/max)=0/0 finish-to-repaint-us(avg/max)=3155/203787.
[14:05:02.227] gfxstream repaint: full-us(avg/max)=16068/79278 renderer-us(avg/max)=13521/78832 fence-us(avg/max)=1547/21563 remainder-us(avg/max)=43/229 thread-cpu/wall-window-us=365023/1928202.
[14:05:02.228] gfxstream inter-present buckets (n=119): upper-bound-ms=8.3/16.7/25/33.3/50/>50 counts=0/38/64/9/4/4.
[14:05:04.741] gfxstream output: presents=240 releases=240 present-us(avg/max)=1001/5727 release-signal-after-response-us(avg/max)=4320/20996 no-free-slot=0.
[14:05:04.743] gfxstream cadence: inter-repaint-us(avg/max)=21890/226152 finish-interval-us(avg/max)=21604/212733 finish-late-us(avg/max)=0/0 finish-to-repaint-us(avg/max)=2217/203787.
[14:05:04.743] gfxstream repaint: full-us(avg/max)=15932/79522 renderer-us(avg/max)=13368/78832 fence-us(avg/max)=1518/21563 remainder-us(avg/max)=43/229 thread-cpu/wall-window-us=359488/1895486.
[14:05:04.744] gfxstream inter-present buckets (n=239): upper-bound-ms=8.3/16.7/25/33.3/50/>50 counts=0/64/149/13/4/9.
[14:05:07.355] gfxstream output: presents=360 releases=360 present-us(avg/max)=1023/5727 release-signal-after-response-us(avg/max)=4361/20996 no-free-slot=0.
[14:05:07.356] gfxstream cadence: inter-repaint-us(avg/max)=21878/226152 finish-interval-us(avg/max)=21663/212733 finish-late-us(avg/max)=0/0 finish-to-repaint-us(avg/max)=1923/203787.
[14:05:07.357] gfxstream repaint: full-us(avg/max)=16139/81314 renderer-us(avg/max)=13535/78996 fence-us(avg/max)=1535/21563 remainder-us(avg/max)=44/386 thread-cpu/wall-window-us=368363/1986377.
[14:05:07.358] gfxstream inter-present buckets (n=359): upper-bound-ms=8.3/16.7/25/33.3/50/>50 counts=0/91/227/23/4/14.
[14:05:09.884] gfxstream output: presents=480 releases=480 present-us(avg/max)=1015/5727 release-signal-after-response-us(avg/max)=4328/20996 no-free-slot=0.
[14:05:09.884] gfxstream cadence: inter-repaint-us(avg/max)=21683/226152 finish-interval-us(avg/max)=21515/212733 finish-late-us(avg/max)=0/0 finish-to-repaint-us(avg/max)=1766/203787.
[14:05:09.885] gfxstream repaint: full-us(avg/max)=16117/81314 renderer-us(avg/max)=13512/78996 fence-us(avg/max)=1545/21563 remainder-us(avg/max)=44/386 thread-cpu/wall-window-us=359649/1926374.
[14:05:09.885] gfxstream inter-present buckets (n=479): upper-bound-ms=8.3/16.7/25/33.3/50/>50 counts=0/128/297/30/5/19.
[14:05:12.246] gfxstream output: presents=600 releases=600 present-us(avg/max)=1007/5727 release-signal-after-response-us(avg/max)=4257/20996 no-free-slot=0.
[14:05:12.247] gfxstream cadence: inter-repaint-us(avg/max)=21272/226152 finish-interval-us(avg/max)=21148/212733 finish-late-us(avg/max)=0/0 finish-to-repaint-us(avg/max)=1678/203787.
[14:05:12.247] gfxstream repaint: full-us(avg/max)=15878/81314 renderer-us(avg/max)=13318/78996 fence-us(avg/max)=1509/21563 remainder-us(avg/max)=43/386 thread-cpu/wall-window-us=334591/1790519.
[14:05:12.248] gfxstream inter-present buckets (n=599): upper-bound-ms=8.3/16.7/25/33.3/50/>50 counts=0/180/355/35/5/24.
[14:05:14.794] gfxstream output: presents=720 releases=720 present-us(avg/max)=1015/5727 release-signal-after-response-us(avg/max)=4292/20996 no-free-slot=0.
[14:05:14.794] gfxstream cadence: inter-repaint-us(avg/max)=21261/226152 finish-interval-us(avg/max)=21162/212733 finish-late-us(avg/max)=0/0 finish-to-repaint-us(avg/max)=1620/203787.
[14:05:14.795] gfxstream repaint: full-us(avg/max)=15899/81314 renderer-us(avg/max)=13344/78996 fence-us(avg/max)=1497/21563 remainder-us(avg/max)=43/386 thread-cpu/wall-window-us=361258/1920811.
[14:05:14.795] gfxstream inter-present buckets (n=719): upper-bound-ms=8.3/16.7/25/33.3/50/>50 counts=0/212/428/44/6/29.
[14:05:17.350] gfxstream output: presents=840 releases=840 present-us(avg/max)=1023/5727 release-signal-after-response-us(avg/max)=4279/20996 no-free-slot=0.
[14:05:17.351] gfxstream cadence: inter-repaint-us(avg/max)=21262/226152 finish-interval-us(avg/max)=21182/212733 finish-late-us(avg/max)=0/0 finish-to-repaint-us(avg/max)=1580/203787.
[14:05:17.351] gfxstream repaint: full-us(avg/max)=15959/81314 renderer-us(avg/max)=13379/78996 fence-us(avg/max)=1513/21563 remainder-us(avg/max)=43/386 thread-cpu/wall-window-us=358176/1958123.
[14:05:17.352] gfxstream inter-present buckets (n=839): upper-bound-ms=8.3/16.7/25/33.3/50/>50 counts=0/246/498/55/7/33.
[14:05:19.776] gfxstream output: presents=960 releases=960 present-us(avg/max)=1025/5727 release-signal-after-response-us(avg/max)=4259/20996 no-free-slot=0.
[14:05:19.777] gfxstream cadence: inter-repaint-us(avg/max)=21133/226152 finish-interval-us(avg/max)=21061/212733 finish-late-us(avg/max)=0/0 finish-to-repaint-us(avg/max)=1541/203787.
[14:05:19.778] gfxstream repaint: full-us(avg/max)=15881/81314 renderer-us(avg/max)=13307/78996 fence-us(avg/max)=1503/21563 remainder-us(avg/max)=44/647 thread-cpu/wall-window-us=342171/1840002.
[14:05:19.778] gfxstream inter-present buckets (n=959): upper-bound-ms=8.3/16.7/25/33.3/50/>50 counts=0/287/569/58/7/38.
[14:05:21.988] gfxstream output: presents=1080 releases=1080 present-us(avg/max)=1026/7111 release-signal-after-response-us(avg/max)=4190/20996 no-free-slot=0.
[14:05:21.988] gfxstream cadence: inter-repaint-us(avg/max)=20847/226152 finish-interval-us(avg/max)=20769/212733 finish-late-us(avg/max)=0/0 finish-to-repaint-us(avg/max)=1512/203787.
[14:05:21.988] gfxstream repaint: full-us(avg/max)=15672/81314 renderer-us(avg/max)=13121/78996 fence-us(avg/max)=1478/21563 remainder-us(avg/max)=44/647 thread-cpu/wall-window-us=310362/1679926.
[14:05:21.989] gfxstream inter-present buckets (n=1079): upper-bound-ms=8.3/16.7/25/33.3/50/>50 counts=13/321/632/64/9/40.
[14:05:24.045] gfxstream output: presents=1200 releases=1200 present-us(avg/max)=1008/7111 release-signal-after-response-us(avg/max)=4108/20996 no-free-slot=0.
[14:05:24.046] gfxstream cadence: inter-repaint-us(avg/max)=20469/226152 finish-interval-us(avg/max)=20406/212733 finish-late-us(avg/max)=0/0 finish-to-repaint-us(avg/max)=1490/203787.
[14:05:24.046] gfxstream repaint: full-us(avg/max)=15395/81314 renderer-us(avg/max)=12892/78996 fence-us(avg/max)=1450/21563 remainder-us(avg/max)=43/647 thread-cpu/wall-window-us=301388/1549178.
[14:05:24.047] gfxstream inter-present buckets (n=1199): upper-bound-ms=8.3/16.7/25/33.3/50/>50 counts=21/384/669/71/11/43.
[14:05:26.663] gfxstream output: presents=1320 releases=1320 present-us(avg/max)=1024/7111 release-signal-after-response-us(avg/max)=4109/20996 no-free-slot=0.
[14:05:26.665] gfxstream cadence: inter-repaint-us(avg/max)=20587/226152 finish-interval-us(avg/max)=20534/212733 finish-late-us(avg/max)=0/0 finish-to-repaint-us(avg/max)=1503/203787.
[14:05:26.665] gfxstream repaint: full-us(avg/max)=15504/81314 renderer-us(avg/max)=12973/78996 fence-us(avg/max)=1462/21563 remainder-us(avg/max)=44/647 thread-cpu/wall-window-us=377013/1991069.
[14:05:26.666] gfxstream inter-present buckets (n=1319): upper-bound-ms=8.3/16.7/25/33.3/50/>50 counts=21/414/741/82/12/49.
[14:05:28.628] caught signal 15
Date: 2026-09-06 UTC
[14:19:17.324] weston 14.0.1
               https://wayland.freedesktop.org
               Bug reports to: https://gitlab.freedesktop.org/wayland/weston/issues/
               Build: 14.0.1
[14:19:17.333] Command line: /root/udroid-weston-socket-v1/frontend/weston --backend=headless --renderer=gl --shell=desktop --no-config --gbm-allocator-socket=/tmp/kumquat-gpu-0 --gfxstream-presenter-icd=/opt/udroid-diag/sync-export-20260906/gfxstream/lib/libvulkan_gfxstream.so --socket=wayland-gfxstream-animated --width=720 --height=720 --idle-time=0 --log=/root/udroid-weston-socket-v1/weston-animated.log -- /usr/bin/weston-simple-shm
[14:19:17.335] OS: Linux, 6.1.157-android14-11-gbd23337e42e7-ab14791245, #1 SMP PREEMPT Wed Jan 28 05:34:14 UTC 2026, aarch64
[14:19:17.336] Flight recorder: enabled
[14:19:17.337] Starting with no config file.
[14:19:17.342] Output repaint window is 7 ms maximum.
[14:19:17.345] Loading module '/root/udroid-weston-socket-v1/libweston/backend-headless/headless-backend.so'
[14:19:17.627] Loading module '/root/udroid-weston-contract/libweston/renderer-gl/gl-renderer.so'
[14:19:17.830] warning: failed to query rendering device from EGL
[14:19:17.854] Using external GBM allocator backend: gfxstream
[14:19:17.854] EGL version: 1.5
[14:19:17.854] EGL vendor: Mesa Project
[14:19:17.854] EGL client APIs: OpenGL OpenGL_ES 
[14:19:17.854] EGL features:
               EGL Wayland extension: no
               context priority: no
               buffer age: no
               partial update: yes
               swap buffers with damage: no
               configless context: yes
               surfaceless context: yes
               dmabuf support: modifiers
[14:19:17.879] GL version: OpenGL ES 2.0 Mesa 25.0.7
[14:19:17.879] GLSL version: OpenGL ES GLSL ES 1.0.16
[14:19:17.879] GL vendor: Mesa
[14:19:17.879] GL renderer: zink Vulkan 1.4(Virtio-GPU GFXStream (Mali-G78) (Driver Unknown))
[14:19:17.901] GL ES 2.0 - renderer features:
               read-back format: ARGB8888
               glReadPixels supports y-flip: yes
               glReadPixels supports PBO: yes
               wl_shm 10 bpc formats: yes
               wl_shm 16 bpc formats: no
               wl_shm half-float formats: no
               internal R and RG formats: yes
               OES_EGL_image_external: yes
[14:19:17.901] Using GL renderer
[14:19:17.901] Registered plugin API 'weston_windowed_output_api_headless_v2' of size 16
[14:19:17.902] Color manager: no-op
                 protocol support: no
[14:19:17.902] Output 'headless' attempts EOTF mode SDR and colorimetry mode default.
[14:19:17.902] Output 'headless' using color profile: stock sRGB color profile
[14:19:17.986] Direct gfxstream output enabled with 6 slots.
[14:19:17.986] Output 'headless' enabled with head(s) headless
[14:19:17.986] Compositor capabilities:
               arbitrary surface rotation: yes
               screen capture uses y-flip: yes
               cursor planes: no
               arbitrary resolutions: no
               view mask clipping: yes
               explicit sync: yes
               color operations: no
               presentation clock: CLOCK_MONOTONIC_RAW, id 4
               presentation clock resolution: 0.000000001 s
[14:19:17.988] Loading module '/usr/lib/aarch64-linux-gnu/weston/desktop-shell.so'
[14:19:17.991] launching '/usr/local/libexec/weston-keyboard'
[14:19:17.992] launching '/usr/local/libexec/weston-desktop-shell'
[14:19:20.924] gfxstream output: presents=120 releases=120 present-us(avg/max)=954/2426 release-signal-after-response-us(avg/max)=4612/45280 no-free-slot=0.
[14:19:20.925] gfxstream cadence: inter-repaint-us(avg/max)=24362/246567 finish-interval-us(avg/max)=23923/249582 finish-late-us(avg/max)=0/0 finish-to-repaint-us(avg/max)=3728/235448.
[14:19:20.926] gfxstream repaint: full-us(avg/max)=16931/92677 renderer-us(avg/max)=14524/91977 fence-us(avg/max)=1407/5286 remainder-us(avg/max)=45/214 thread-cpu/wall-window-us=389229/2031756.
[14:19:20.927] gfxstream inter-present buckets (n=119): upper-bound-ms=8.3/16.7/25/33.3/50/>50 counts=0/33/65/14/1/6.
[14:19:23.508] gfxstream output: presents=240 releases=240 present-us(avg/max)=994/3922 release-signal-after-response-us(avg/max)=4825/62402 no-free-slot=0.
[14:19:23.508] gfxstream cadence: inter-repaint-us(avg/max)=22968/246567 finish-interval-us(avg/max)=22724/249582 finish-late-us(avg/max)=0/0 finish-to-repaint-us(avg/max)=2521/235448.
[14:19:23.509] gfxstream repaint: full-us(avg/max)=16609/92677 renderer-us(avg/max)=14079/91977 fence-us(avg/max)=1487/5286 remainder-us(avg/max)=48/423 thread-cpu/wall-window-us=368741/1954614.
[14:19:23.509] gfxstream inter-present buckets (n=239): upper-bound-ms=8.3/16.7/25/33.3/50/>50 counts=0/56/148/23/1/11.
[14:19:26.075] gfxstream output: presents=360 releases=360 present-us(avg/max)=1031/7826 release-signal-after-response-us(avg/max)=4869/62402 no-free-slot=0.
[14:19:26.076] gfxstream cadence: inter-repaint-us(avg/max)=22438/246567 finish-interval-us(avg/max)=22280/249582 finish-late-us(avg/max)=0/0 finish-to-repaint-us(avg/max)=2096/235448.
[14:19:26.077] gfxstream repaint: full-us(avg/max)=16514/92677 renderer-us(avg/max)=13941/91977 fence-us(avg/max)=1491/5286 remainder-us(avg/max)=49/576 thread-cpu/wall-window-us=363018/1958697.
[14:19:26.077] gfxstream inter-present buckets (n=359): upper-bound-ms=8.3/16.7/25/33.3/50/>50 counts=0/81/233/28/1/16.
[14:19:28.334] gfxstream output: presents=480 releases=480 present-us(avg/max)=1005/7826 release-signal-after-response-us(avg/max)=4581/62402 no-free-slot=0.
[14:19:28.335] gfxstream cadence: inter-repaint-us(avg/max)=21547/246567 finish-interval-us(avg/max)=21415/249582 finish-late-us(avg/max)=0/0 finish-to-repaint-us(avg/max)=1897/235448.
[14:19:28.336] gfxstream repaint: full-us(avg/max)=15955/92677 renderer-us(avg/max)=13442/91977 fence-us(avg/max)=1460/7921 remainder-us(avg/max)=47/576 thread-cpu/wall-window-us=335646/1713752.
[14:19:28.336] gfxstream inter-present buckets (n=479): upper-bound-ms=8.3/16.7/25/33.3/50/>50 counts=14/112/296/34/3/20.
[14:19:30.646] gfxstream output: presents=600 releases=600 present-us(avg/max)=984/7826 release-signal-after-response-us(avg/max)=4542/62402 no-free-slot=0.
[14:19:30.647] gfxstream cadence: inter-repaint-us(avg/max)=21077/246567 finish-interval-us(avg/max)=20983/249582 finish-late-us(avg/max)=0/0 finish-to-repaint-us(avg/max)=1790/235448.
[14:19:30.647] gfxstream repaint: full-us(avg/max)=15562/92677 renderer-us(avg/max)=13086/91977 fence-us(avg/max)=1444/7921 remainder-us(avg/max)=47/576 thread-cpu/wall-window-us=312949/1678382.
[14:19:30.648] gfxstream inter-present buckets (n=599): upper-bound-ms=8.3/16.7/25/33.3/50/>50 counts=14/170/348/37/6/24.
[14:19:33.111] gfxstream output: presents=720 releases=720 present-us(avg/max)=997/7826 release-signal-after-response-us(avg/max)=4478/62402 no-free-slot=0.
[14:19:33.112] gfxstream cadence: inter-repaint-us(avg/max)=20993/246567 finish-interval-us(avg/max)=20911/249582 finish-late-us(avg/max)=0/0 finish-to-repaint-us(avg/max)=1694/235448.
[14:19:33.113] gfxstream repaint: full-us(avg/max)=15584/100286 renderer-us(avg/max)=13109/97229 fence-us(avg/max)=1430/7921 remainder-us(avg/max)=46/576 thread-cpu/wall-window-us=361113/1883349.
[14:19:33.113] gfxstream inter-present buckets (n=719): upper-bound-ms=8.3/16.7/25/33.3/50/>50 counts=14/215/414/41/6/29.
[14:19:35.690] gfxstream output: presents=840 releases=840 present-us(avg/max)=997/7826 release-signal-after-response-us(avg/max)=4488/62402 no-free-slot=0.
[14:19:35.691] gfxstream cadence: inter-repaint-us(avg/max)=21063/246567 finish-interval-us(avg/max)=20992/249582 finish-late-us(avg/max)=0/0 finish-to-repaint-us(avg/max)=1665/235448.
[14:19:35.691] gfxstream repaint: full-us(avg/max)=15652/100286 renderer-us(avg/max)=13171/97229 fence-us(avg/max)=1436/7921 remainder-us(avg/max)=46/576 thread-cpu/wall-window-us=365571/1927171.
[14:19:35.692] gfxstream inter-present buckets (n=839): upper-bound-ms=8.3/16.7/25/33.3/50/>50 counts=14/244/495/45/8/33.
[14:19:38.197] gfxstream output: presents=960 releases=960 present-us(avg/max)=1001/7826 release-signal-after-response-us(avg/max)=4480/62402 no-free-slot=0.
[14:19:38.198] gfxstream cadence: inter-repaint-us(avg/max)=21039/246567 finish-interval-us(avg/max)=20979/249582 finish-late-us(avg/max)=0/0 finish-to-repaint-us(avg/max)=1615/235448.
[14:19:38.199] gfxstream repaint: full-us(avg/max)=15658/100286 renderer-us(avg/max)=13161/97229 fence-us(avg/max)=1448/7921 remainder-us(avg/max)=47/576 thread-cpu/wall-window-us=363436/1884158.
[14:19:38.200] gfxstream inter-present buckets (n=959): upper-bound-ms=8.3/16.7/25/33.3/50/>50 counts=14/273/573/53/8/38.
[14:19:40.754] gfxstream output: presents=1080 releases=1080 present-us(avg/max)=1004/7826 release-signal-after-response-us(avg/max)=4433/62402 no-free-slot=0.
[14:19:40.755] gfxstream cadence: inter-repaint-us(avg/max)=21065/246567 finish-interval-us(avg/max)=21016/249582 finish-late-us(avg/max)=0/0 finish-to-repaint-us(avg/max)=1577/235448.
[14:19:40.756] gfxstream repaint: full-us(avg/max)=15753/100286 renderer-us(avg/max)=13241/97229 fence-us(avg/max)=1460/7921 remainder-us(avg/max)=47/576 thread-cpu/wall-window-us=359205/1981859.
[14:19:40.757] gfxstream inter-present buckets (n=1079): upper-bound-ms=8.3/16.7/25/33.3/50/>50 counts=14/310/646/57/8/44.
[14:19:43.374] gfxstream output: presents=1200 releases=1200 present-us(avg/max)=1017/7826 release-signal-after-response-us(avg/max)=4430/62402 no-free-slot=0.
[14:19:43.375] gfxstream cadence: inter-repaint-us(avg/max)=21141/246567 finish-interval-us(avg/max)=21098/249582 finish-late-us(avg/max)=0/0 finish-to-repaint-us(avg/max)=1557/235448.
[14:19:43.375] gfxstream repaint: full-us(avg/max)=15839/100286 renderer-us(avg/max)=13307/97229 fence-us(avg/max)=1466/7921 remainder-us(avg/max)=46/576 thread-cpu/wall-window-us=375979/1993686.
[14:19:43.376] gfxstream inter-present buckets (n=1199): upper-bound-ms=8.3/16.7/25/33.3/50/>50 counts=14/333/728/67/8/49.
[14:19:45.967] gfxstream output: presents=1320 releases=1320 present-us(avg/max)=1014/7826 release-signal-after-response-us(avg/max)=4417/62402 no-free-slot=0.
[14:19:45.969] gfxstream cadence: inter-repaint-us(avg/max)=21182/246567 finish-interval-us(avg/max)=21145/249582 finish-late-us(avg/max)=0/0 finish-to-repaint-us(avg/max)=1531/235448.
[14:19:45.969] gfxstream repaint: full-us(avg/max)=15905/100286 renderer-us(avg/max)=13379/97229 fence-us(avg/max)=1465/7921 remainder-us(avg/max)=46/576 thread-cpu/wall-window-us=390125/1987837.
[14:19:45.970] gfxstream inter-present buckets (n=1319): upper-bound-ms=8.3/16.7/25/33.3/50/>50 counts=14/362/810/70/9/54.
[14:19:47.179] caught signal 15
