MESA: info: virtgpu backend not enabling VIRTGPU_KUMQUAT_PARAM_CREATE_GUEST_HANDLE
MESA: info: udroid gfxstream-caps protocol=1 async-submit=1 aux-command-memory=0 queue-submit-with-commands=1 no-render-control=1
MESA: info: udroid gfxstream-caps protocol=1 async-submit=1 aux-command-memory=0 queue-submit-with-commands=1 no-render-control=1
MESA: info: udroid gfxstream-caps protocol=1 async-submit=1 aux-command-memory=0 queue-submit-with-commands=1 no-render-control=1
MESA: info: udroid gfxstream-caps protocol=1 async-submit=1 aux-command-memory=0 queue-submit-with-commands=1 no-render-control=1
WARNING: Some incorrect rendering might occur because the selected Vulkan device (Virtio-GPU GFXStream (Mali-G78)) doesn't support base Zink requirements: feats.features.fillModeNonSolid feats.features.shaderClipDistance 
gfxstream-gbm: transport type=5 peer_uid=10337 kernel_uid=10337 valid=1
MESA: info: udroid gfxstream-caps protocol=1 async-submit=1 aux-command-memory=0 queue-submit-with-commands=1 no-render-control=1
MESA: info: udroid gfxstream-caps protocol=1 async-submit=1 aux-command-memory=0 queue-submit-with-commands=1 no-render-control=1
MESA: info: udroid gfxstream-caps protocol=1 async-submit=1 aux-command-memory=0 queue-submit-with-commands=1 no-render-control=1
gfxstream-gbm: Vulkan allocator initialized
MESA: info: udroid gfxstream-caps protocol=1 async-submit=1 aux-command-memory=0 queue-submit-with-commands=1 no-render-control=1
MESA: info: udroid gfxstream-caps protocol=1 async-submit=1 aux-command-memory=0 queue-submit-with-commands=1 no-render-control=1
KUMQUAT_GUEST host-allocation-send resource=5 allocationSize=2073600
KUMQUAT_GUEST host-allocation-return result=0
MESA: info: udroid Zink ownership-trace from_handle_begin seq=1 threadToken=0x74c1229b28 pscreen=0x300005f580 templ=0x7fc410fb60 target=2 format=198 bind=0xa flags=0x0 width=720 height=720 usage=0x2 whandle=0x7fc410fc50 type=2 handle=17 stride=2880 offset=0 format=198 modifier=0x0 plane=0
KUMQUAT_GUEST ffi-import-call fd=19 size=2073600
KUMQUAT_GUEST import-send context=1 720x720 fourcc=0x34324241
KUMQUAT_GUEST import-await-response
KUMQUAT_GUEST import-response-count=1
KUMQUAT_GUEST import-response resource=5 handle_type=0x2
KUMQUAT_GUEST import-complete bo=4 resource=5
KUMQUAT_GUEST ffi-import-return result=0 bo=4 resource=5
KUMQUAT_GUEST host-allocation-send resource=5 allocationSize=0
KUMQUAT_GUEST host-allocation-return result=0
MESA: info: udroid Zink ownership-trace from_handle_result seq=2 threadToken=0x74c1229b28 pscreen=0x300005f580 pres=0x3000ab3800 res=0x3000ab3800 obj=0x3000c4ce60 image=0x3000a81a00 bo=0x3000c41db0 queue=FOREIGN(4294967293) gfxQueue=0 layout=PREINITIALIZED exportable=1 dt=(nil) dt_idx=4294967295 dmabuf=1 linear=0 swapchain=0 modifier=0x0 modifier_count=1 created=1
KUMQUAT_GUEST ffi-import-call fd=21 size=2109440
KUMQUAT_GUEST import-send context=1 720x720 fourcc=0x34324241
KUMQUAT_GUEST import-await-response
KUMQUAT_GUEST import-response-count=1
KUMQUAT_GUEST import-response resource=5 handle_type=0x2
KUMQUAT_GUEST import-complete bo=5 resource=5
KUMQUAT_GUEST ffi-import-return result=0 bo=5 resource=5
KUMQUAT_GUEST host-allocation-send resource=5 allocationSize=2109440
KUMQUAT_GUEST host-allocation-return result=0
KUMQUAT_GUEST host-allocation-send resource=7 allocationSize=2073600
KUMQUAT_GUEST host-allocation-return result=0
MESA: info: udroid Zink ownership-trace from_handle_begin seq=3 threadToken=0x74c1229b28 pscreen=0x300005f580 templ=0x7fc410fb60 target=2 format=198 bind=0xa flags=0x0 width=720 height=720 usage=0x2 whandle=0x7fc410fc50 type=2 handle=24 stride=2880 offset=0 format=198 modifier=0x0 plane=0
KUMQUAT_GUEST ffi-import-call fd=26 size=2073600
KUMQUAT_GUEST import-send context=1 720x720 fourcc=0x34324241
KUMQUAT_GUEST import-await-response
KUMQUAT_GUEST import-response-count=1
KUMQUAT_GUEST import-response resource=7 handle_type=0x2
KUMQUAT_GUEST import-complete bo=7 resource=7
KUMQUAT_GUEST ffi-import-return result=0 bo=7 resource=7
KUMQUAT_GUEST host-allocation-send resource=7 allocationSize=0
KUMQUAT_GUEST host-allocation-return result=0
MESA: info: udroid Zink ownership-trace from_handle_result seq=4 threadToken=0x74c1229b28 pscreen=0x300005f580 pres=0x3000af7000 res=0x3000af7000 obj=0x3000c4d5c0 image=0x3000a743c0 bo=0x3000c4e340 queue=FOREIGN(4294967293) gfxQueue=0 layout=PREINITIALIZED exportable=1 dt=(nil) dt_idx=4294967295 dmabuf=1 linear=0 swapchain=0 modifier=0x0 modifier_count=1 created=1
KUMQUAT_GUEST ffi-import-call fd=28 size=2109440
KUMQUAT_GUEST import-send context=1 720x720 fourcc=0x34324241
KUMQUAT_GUEST import-await-response
KUMQUAT_GUEST import-response-count=1
KUMQUAT_GUEST import-response resource=7 handle_type=0x2
KUMQUAT_GUEST import-complete bo=8 resource=7
KUMQUAT_GUEST ffi-import-return result=0 bo=8 resource=7
KUMQUAT_GUEST host-allocation-send resource=7 allocationSize=2109440
KUMQUAT_GUEST host-allocation-return result=0
KUMQUAT_GUEST host-allocation-send resource=9 allocationSize=2073600
KUMQUAT_GUEST host-allocation-return result=0
MESA: info: udroid Zink ownership-trace from_handle_begin seq=5 threadToken=0x74c1229b28 pscreen=0x300005f580 templ=0x7fc410fb60 target=2 format=198 bind=0xa flags=0x0 width=720 height=720 usage=0x2 whandle=0x7fc410fc50 type=2 handle=31 stride=2880 offset=0 format=198 modifier=0x0 plane=0
KUMQUAT_GUEST ffi-import-call fd=33 size=2073600
KUMQUAT_GUEST import-send context=1 720x720 fourcc=0x34324241
KUMQUAT_GUEST import-await-response
KUMQUAT_GUEST import-response-count=1
KUMQUAT_GUEST import-response resource=9 handle_type=0x2
KUMQUAT_GUEST import-complete bo=10 resource=9
KUMQUAT_GUEST ffi-import-return result=0 bo=10 resource=9
KUMQUAT_GUEST host-allocation-send resource=9 allocationSize=0
KUMQUAT_GUEST host-allocation-return result=0
MESA: info: udroid Zink ownership-trace from_handle_result seq=6 threadToken=0x74c1229b28 pscreen=0x300005f580 pres=0x3000aaac00 res=0x3000aaac00 obj=0x3000c43f30 image=0x3000af4050 bo=0x3000a72b30 queue=FOREIGN(4294967293) gfxQueue=0 layout=PREINITIALIZED exportable=1 dt=(nil) dt_idx=4294967295 dmabuf=1 linear=0 swapchain=0 modifier=0x0 modifier_count=1 created=1
KUMQUAT_GUEST ffi-import-call fd=35 size=2109440
KUMQUAT_GUEST import-send context=1 720x720 fourcc=0x34324241
KUMQUAT_GUEST import-await-response
KUMQUAT_GUEST import-response-count=1
KUMQUAT_GUEST import-response resource=9 handle_type=0x2
KUMQUAT_GUEST import-complete bo=11 resource=9
KUMQUAT_GUEST ffi-import-return result=0 bo=11 resource=9
KUMQUAT_GUEST host-allocation-send resource=9 allocationSize=2109440
KUMQUAT_GUEST host-allocation-return result=0
KUMQUAT_GUEST host-allocation-send resource=11 allocationSize=2073600
KUMQUAT_GUEST host-allocation-return result=0
MESA: info: udroid Zink ownership-trace from_handle_begin seq=7 threadToken=0x74c1229b28 pscreen=0x300005f580 templ=0x7fc410fb60 target=2 format=198 bind=0xa flags=0x0 width=720 height=720 usage=0x2 whandle=0x7fc410fc50 type=2 handle=38 stride=2880 offset=0 format=198 modifier=0x0 plane=0
KUMQUAT_GUEST ffi-import-call fd=40 size=2073600
KUMQUAT_GUEST import-send context=1 720x720 fourcc=0x34324241
KUMQUAT_GUEST import-await-response
KUMQUAT_GUEST import-response-count=1
KUMQUAT_GUEST import-response resource=11 handle_type=0x2
KUMQUAT_GUEST import-complete bo=13 resource=11
KUMQUAT_GUEST ffi-import-return result=0 bo=13 resource=11
KUMQUAT_GUEST host-allocation-send resource=11 allocationSize=0
KUMQUAT_GUEST host-allocation-return result=0
MESA: info: udroid Zink ownership-trace from_handle_result seq=8 threadToken=0x74c1229b28 pscreen=0x300005f580 pres=0x3000a7b5c0 res=0x3000a7b5c0 obj=0x3000a78430 image=0x3000c42210 bo=0x3000a78710 queue=FOREIGN(4294967293) gfxQueue=0 layout=PREINITIALIZED exportable=1 dt=(nil) dt_idx=4294967295 dmabuf=1 linear=0 swapchain=0 modifier=0x0 modifier_count=1 created=1
KUMQUAT_GUEST ffi-import-call fd=42 size=2109440
KUMQUAT_GUEST import-send context=1 720x720 fourcc=0x34324241
KUMQUAT_GUEST import-await-response
KUMQUAT_GUEST import-response-count=1
KUMQUAT_GUEST import-response resource=11 handle_type=0x2
KUMQUAT_GUEST import-complete bo=14 resource=11
KUMQUAT_GUEST ffi-import-return result=0 bo=14 resource=11
KUMQUAT_GUEST host-allocation-send resource=11 allocationSize=2109440
KUMQUAT_GUEST host-allocation-return result=0
KUMQUAT_GUEST host-allocation-send resource=13 allocationSize=2073600
KUMQUAT_GUEST host-allocation-return result=0
MESA: info: udroid Zink ownership-trace from_handle_begin seq=9 threadToken=0x74c1229b28 pscreen=0x300005f580 templ=0x7fc410fb60 target=2 format=198 bind=0xa flags=0x0 width=720 height=720 usage=0x2 whandle=0x7fc410fc50 type=2 handle=45 stride=2880 offset=0 format=198 modifier=0x0 plane=0
KUMQUAT_GUEST ffi-import-call fd=47 size=2073600
KUMQUAT_GUEST import-send context=1 720x720 fourcc=0x34324241
KUMQUAT_GUEST import-await-response
KUMQUAT_GUEST import-response-count=1
KUMQUAT_GUEST import-response resource=13 handle_type=0x2
KUMQUAT_GUEST import-complete bo=16 resource=13
KUMQUAT_GUEST ffi-import-return result=0 bo=16 resource=13
KUMQUAT_GUEST host-allocation-send resource=13 allocationSize=0
KUMQUAT_GUEST host-allocation-return result=0
MESA: info: udroid Zink ownership-trace from_handle_result seq=10 threadToken=0x74c1229b28 pscreen=0x300005f580 pres=0x3000ade5c0 res=0x3000ade5c0 obj=0x3000ade7b0 image=0x3000ade590 bo=0x3000adeaf0 queue=FOREIGN(4294967293) gfxQueue=0 layout=PREINITIALIZED exportable=1 dt=(nil) dt_idx=4294967295 dmabuf=1 linear=0 swapchain=0 modifier=0x0 modifier_count=1 created=1
KUMQUAT_GUEST ffi-import-call fd=49 size=2109440
KUMQUAT_GUEST import-send context=1 720x720 fourcc=0x34324241
KUMQUAT_GUEST import-await-response
KUMQUAT_GUEST import-response-count=1
KUMQUAT_GUEST import-response resource=13 handle_type=0x2
KUMQUAT_GUEST import-complete bo=17 resource=13
KUMQUAT_GUEST ffi-import-return result=0 bo=17 resource=13
KUMQUAT_GUEST host-allocation-send resource=13 allocationSize=2109440
KUMQUAT_GUEST host-allocation-return result=0
KUMQUAT_GUEST host-allocation-send resource=15 allocationSize=2073600
KUMQUAT_GUEST host-allocation-return result=0
MESA: info: udroid Zink ownership-trace from_handle_begin seq=11 threadToken=0x74c1229b28 pscreen=0x300005f580 templ=0x7fc410fb60 target=2 format=198 bind=0xa flags=0x0 width=720 height=720 usage=0x2 whandle=0x7fc410fc50 type=2 handle=52 stride=2880 offset=0 format=198 modifier=0x0 plane=0
KUMQUAT_GUEST ffi-import-call fd=54 size=2073600
KUMQUAT_GUEST import-send context=1 720x720 fourcc=0x34324241
KUMQUAT_GUEST import-await-response
KUMQUAT_GUEST import-response-count=1
KUMQUAT_GUEST import-response resource=15 handle_type=0x2
KUMQUAT_GUEST import-complete bo=19 resource=15
KUMQUAT_GUEST ffi-import-return result=0 bo=19 resource=15
KUMQUAT_GUEST host-allocation-send resource=15 allocationSize=0
KUMQUAT_GUEST host-allocation-return result=0
MESA: info: udroid Zink ownership-trace from_handle_result seq=12 threadToken=0x74c1229b28 pscreen=0x300005f580 pres=0x3000aa6080 res=0x3000aa6080 obj=0x3000aa6270 image=0x3000af6e70 bo=0x3000aa6680 queue=FOREIGN(4294967293) gfxQueue=0 layout=PREINITIALIZED exportable=1 dt=(nil) dt_idx=4294967295 dmabuf=1 linear=0 swapchain=0 modifier=0x0 modifier_count=1 created=1
KUMQUAT_GUEST ffi-import-call fd=56 size=2109440
KUMQUAT_GUEST import-send context=1 720x720 fourcc=0x34324241
KUMQUAT_GUEST import-await-response
KUMQUAT_GUEST import-response-count=1
KUMQUAT_GUEST import-response resource=15 handle_type=0x2
KUMQUAT_GUEST import-complete bo=20 resource=15
KUMQUAT_GUEST ffi-import-return result=0 bo=20 resource=15
KUMQUAT_GUEST host-allocation-send resource=15 allocationSize=2109440
KUMQUAT_GUEST host-allocation-return result=0
MESA: info: udroid Zink ownership-trace image_barrier_exec seq=1 threadToken=0x74c1229b80 res=0x3000ab3800 obj=0x3000c4ce60 image=0x3000a81a00 bo=0x3000c41db0 batch=0x3000130580 batch_id=0 cmdbuf=0x30001422d0 api=sync2 unsync=0 oldLayout=VK_IMAGE_LAYOUT_PREINITIALIZED newLayout=VK_IMAGE_LAYOUT_COLOR_ATTACHMENT_OPTIMAL oldQueue=FOREIGN(4294967293) afterEmitQueue=IGNORED(4294967295) gfxQueue=0 queue_import=1 completed=0 usage_matches=1 exportable=1 dt=(nil) dt_idx=4294967295 flags=0x180 pipeline=0x400
MESA: info: udroid Zink ownership-trace image_barrier_tracking seq=2 threadToken=0x74c1229b80 res=0x3000ab3800 obj=0x3000c4ce60 image=0x3000a81a00 bo=0x3000c41db0 batch=0x3000130580 batch_id=0 layout=VK_IMAGE_LAYOUT_COLOR_ATTACHMENT_OPTIMAL queue=IGNORED(4294967295) exportable=1 dt=(nil) dt_idx=4294967295 dt_layout_updated=0 dmabuf_exports_checked=1 found=0 inserted=1 queue_import=1
MESA: info: udroid Zink ownership-trace barrier2_dispatch site=zink_screen_export_dmabuf_semaphore threadToken=0x74c1229b29 screen=0x300005f580 dev=0x3000095100 tableCmdPipelineBarrier2=0x74bdddfbc0 rawCore=0x74bdddfbc0 rawKHR=0x74bdddfbc0 tableNull=0 rawCoreNull=0 rawKHRNull=0 tableEqCore=1 tableEqKHR=1 rawCoreSelected=1 haveKHRSynchronization2=1
MESA: info: udroid Zink ownership-trace export_dmabuf_sem_begin seq=1 threadToken=0x74c1229b29 screen=0x300005f580 res=0x3000ab3800 obj=0x3000c4ce60 image=0x3000a81a00 bo=0x3000c41db0 layout=COLOR_ATTACHMENT_OPTIMAL queue=IGNORED(4294967295) gfxQueue=0 exportable=1 dt=(nil) dt_idx=4294967295 is_aux=0
MESA: info: udroid Zink ownership-trace export_dmabuf_sem_result seq=2 threadToken=0x74c1229b29 screen=0x300005f580 res=0x3000ab3800 obj=0x3000c4ce60 image=0x3000a81a00 bo=0x3000c41db0 layout=COLOR_ATTACHMENT_OPTIMAL queue=IGNORED(4294967295) fd=67 exportedSyncFd=68 sem=0x3000d08eb0 importSemaphoreSuccess=1
MESA: info: udroid Zink ownership-trace image_barrier_queue_import_sem seq=3 threadToken=0x74c1229b80 res=0x3000ab3800 child=0x3000ab3800 obj=0x3000c4ce60 image=0x3000a81a00 bo=0x3000c41db0 batch=0x3000130580 batch_id=0 sem=0x3000d08eb0 appended=1
MESA: info: udroid Zink ownership-trace barrier2_dispatch site=zink_end_batch_dmabuf_release threadToken=0x74c1229b81 screen=0x300005f580 dev=0x3000095100 tableCmdPipelineBarrier2=0x74bdddfbc0 rawCore=0x74bdddfbc0 rawKHR=0x74bdddfbc0 tableNull=0 rawCoreNull=0 rawKHRNull=0 tableEqCore=1 tableEqKHR=1 rawCoreSelected=1 haveKHRSynchronization2=1
MESA: info: udroid Zink ownership-trace release_barrier seq=1 threadToken=0x74c1229b81 screen=0x300005f580 bs=0x3000130580 batch_id=0 api=sync2 tableCmdPipelineBarrier2NonNull=1 res=0x3000ab3800 obj=0x3000c4ce60 image=0x3000a81a00 bo=0x3000c41db0 oldLayout=COLOR_ATTACHMENT_OPTIMAL newLayout=COLOR_ATTACHMENT_OPTIMAL oldQueue=IGNORED(4294967295) srcQueue=gfx(0) dstQueue=FOREIGN(4294967293) exportable=1 dt=(nil) dt_idx=4294967295
MESA: info: udroid Zink ownership-trace release_signal_sem seq=2 threadToken=0x74c1229b81 screen=0x300005f580 bs=0x3000130580 batch_id=0 res=0x3000ab3800 obj=0x3000c4ce60 image=0x3000a81a00 bo=0x3000c41db0 layout=COLOR_ATTACHMENT_OPTIMAL queue=FOREIGN(4294967293) sem=0x3000b715c0 appended=1
MESA: info: udroid Zink ownership-trace submit_pre seq=3 threadToken=0x74bdbbbb41 screen=0x300005f580 queue=0x3000075500 bs=0x3000130580 batch_id=1 numSubmitInfos=3 acquireWaits=0 fdWaits=1 cmdBuffers=2 signals=2 dmabufExports=1 hasWork=1 hasReordered=1 hasUnsync=0
MESA: info: udroid gfxstream-submit caps nativeSync=1 fencePassing=1 externalSync=1
MESA: info: udroid Zink ownership-trace submit_post seq=4 threadToken=0x74bdbbbb41 screen=0x300005f580 queue=0x3000075500 bs=0x3000130580 batch_id=1 result=VK_SUCCESS dmabufExports=1 signalSemaphores=1 fdWaitSemaphores=1
MESA: info: udroid Zink ownership-trace import_dmabuf_sem_begin seq=3 threadToken=0x74bdbbbae9 screen=0x300005f580 res=0x3000ab3800 obj=0x3000c4ce60 image=0x3000a81a00 bo=0x3000c41db0 layout=COLOR_ATTACHMENT_OPTIMAL queue=FOREIGN(4294967293) gfxQueue=0 exportable=1 dt=(nil) dt_idx=4294967295 sem=0x3000b715c0
MESA: info: udroid Zink ownership-trace import_dmabuf_sem_getfd seq=4 threadToken=0x74bdbbbae9 screen=0x300005f580 res=0x3000ab3800 sem=0x3000b715c0 result=VK_SUCCESS syncFileFd=68
MESA: info: udroid Zink ownership-trace import_dmabuf_sem_fd seq=5 threadToken=0x74bdbbbae9 screen=0x300005f580 res=0x3000ab3800 sem=0x3000b715c0 syncFileFd=68 dmaBufFd=69 acquireSucceeded=1 isAux=0
MESA: info: udroid Zink ownership-trace import_dmabuf_sem_ioctl seq=6 threadToken=0x74bdbbbae9 screen=0x300005f580 res=0x3000ab3800 sem=0x3000b715c0 syncFileFd=68 dmaBufFd=69 ioctlRet=0 errno=0 failed=0
MESA: info: udroid Zink ownership-trace submit_import_dmabuf_sync seq=5 threadToken=0x74bdbbbb41 screen=0x300005f580 bs=0x3000130580 batch_id=1 res=0x3000ab3800 obj=0x3000c4ce60 image=0x3000a81a00 bo=0x3000c41db0 layout=COLOR_ATTACHMENT_OPTIMAL queue=FOREIGN(4294967293) sem=0x3000b715c0 importOk=0
MESA: info: udroid Zink ownership-trace image_barrier_exec seq=4 threadToken=0x74c1229b80 res=0x3000af7000 obj=0x3000c4d5c0 image=0x3000a743c0 bo=0x3000c4e340 batch=0x30000e2a40 batch_id=0 cmdbuf=0x30000f4a60 api=sync2 unsync=0 oldLayout=VK_IMAGE_LAYOUT_PREINITIALIZED newLayout=VK_IMAGE_LAYOUT_COLOR_ATTACHMENT_OPTIMAL oldQueue=FOREIGN(4294967293) afterEmitQueue=IGNORED(4294967295) gfxQueue=0 queue_import=1 completed=0 usage_matches=1 exportable=1 dt=(nil) dt_idx=4294967295 flags=0x180 pipeline=0x400
MESA: info: udroid Zink ownership-trace image_barrier_tracking seq=5 threadToken=0x74c1229b80 res=0x3000af7000 obj=0x3000c4d5c0 image=0x3000a743c0 bo=0x3000c4e340 batch=0x30000e2a40 batch_id=0 layout=VK_IMAGE_LAYOUT_COLOR_ATTACHMENT_OPTIMAL queue=IGNORED(4294967295) exportable=1 dt=(nil) dt_idx=4294967295 dt_layout_updated=0 dmabuf_exports_checked=1 found=0 inserted=1 queue_import=1
MESA: info: udroid Zink ownership-trace export_dmabuf_sem_begin seq=7 threadToken=0x74c1229b29 screen=0x300005f580 res=0x3000af7000 obj=0x3000c4d5c0 image=0x3000a743c0 bo=0x3000c4e340 layout=COLOR_ATTACHMENT_OPTIMAL queue=IGNORED(4294967295) gfxQueue=0 exportable=1 dt=(nil) dt_idx=4294967295 is_aux=0
MESA: info: udroid Zink ownership-trace export_dmabuf_sem_result seq=8 threadToken=0x74c1229b29 screen=0x300005f580 res=0x3000af7000 obj=0x3000c4d5c0 image=0x3000a743c0 bo=0x3000c4e340 layout=COLOR_ATTACHMENT_OPTIMAL queue=IGNORED(4294967295) fd=68 exportedSyncFd=69 sem=0x3000ad5120 importSemaphoreSuccess=1
MESA: info: udroid Zink ownership-trace image_barrier_queue_import_sem seq=6 threadToken=0x74c1229b80 res=0x3000af7000 child=0x3000af7000 obj=0x3000c4d5c0 image=0x3000a743c0 bo=0x3000c4e340 batch=0x30000e2a40 batch_id=0 sem=0x3000ad5120 appended=1
MESA: info: udroid Zink ownership-trace release_barrier seq=6 threadToken=0x74c1229b81 screen=0x300005f580 bs=0x30000e2a40 batch_id=0 api=sync2 tableCmdPipelineBarrier2NonNull=1 res=0x3000af7000 obj=0x3000c4d5c0 image=0x3000a743c0 bo=0x3000c4e340 oldLayout=COLOR_ATTACHMENT_OPTIMAL newLayout=COLOR_ATTACHMENT_OPTIMAL oldQueue=IGNORED(4294967295) srcQueue=gfx(0) dstQueue=FOREIGN(4294967293) exportable=1 dt=(nil) dt_idx=4294967295
MESA: info: udroid Zink ownership-trace release_signal_sem seq=7 threadToken=0x74c1229b81 screen=0x300005f580 bs=0x30000e2a40 batch_id=0 res=0x3000af7000 obj=0x3000c4d5c0 image=0x3000a743c0 bo=0x3000c4e340 layout=COLOR_ATTACHMENT_OPTIMAL queue=FOREIGN(4294967293) sem=0x3000b81560 appended=1
MESA: info: udroid Zink ownership-trace submit_pre seq=8 threadToken=0x74bdbbbb41 screen=0x300005f580 queue=0x3000075500 bs=0x30000e2a40 batch_id=2 numSubmitInfos=3 acquireWaits=0 fdWaits=1 cmdBuffers=2 signals=2 dmabufExports=1 hasWork=1 hasReordered=1 hasUnsync=0
MESA: info: udroid Zink ownership-trace submit_post seq=9 threadToken=0x74bdbbbb41 screen=0x300005f580 queue=0x3000075500 bs=0x30000e2a40 batch_id=2 result=VK_SUCCESS dmabufExports=1 signalSemaphores=1 fdWaitSemaphores=1
MESA: info: udroid Zink ownership-trace import_dmabuf_sem_begin seq=9 threadToken=0x74bdbbbae9 screen=0x300005f580 res=0x3000af7000 obj=0x3000c4d5c0 image=0x3000a743c0 bo=0x3000c4e340 layout=COLOR_ATTACHMENT_OPTIMAL queue=FOREIGN(4294967293) gfxQueue=0 exportable=1 dt=(nil) dt_idx=4294967295 sem=0x3000b81560
MESA: info: udroid Zink ownership-trace import_dmabuf_sem_getfd seq=10 threadToken=0x74bdbbbae9 screen=0x300005f580 res=0x3000af7000 sem=0x3000b81560 result=VK_SUCCESS syncFileFd=68
MESA: info: udroid Zink ownership-trace import_dmabuf_sem_fd seq=11 threadToken=0x74bdbbbae9 screen=0x300005f580 res=0x3000af7000 sem=0x3000b81560 syncFileFd=68 dmaBufFd=69 acquireSucceeded=1 isAux=0
MESA: info: udroid Zink ownership-trace import_dmabuf_sem_ioctl seq=12 threadToken=0x74bdbbbae9 screen=0x300005f580 res=0x3000af7000 sem=0x3000b81560 syncFileFd=68 dmaBufFd=69 ioctlRet=0 errno=0 failed=0
MESA: info: udroid Zink ownership-trace submit_import_dmabuf_sync seq=10 threadToken=0x74bdbbbb41 screen=0x300005f580 bs=0x30000e2a40 batch_id=2 res=0x3000af7000 obj=0x3000c4d5c0 image=0x3000a743c0 bo=0x3000c4e340 layout=COLOR_ATTACHMENT_OPTIMAL queue=FOREIGN(4294967293) sem=0x3000b81560 importOk=0
could not load cursor 'dnd-copy'
could not load cursor 'dnd-none'
could not load cursor 'dnd-copy'
could not load cursor 'dnd-none'
MESA: info: udroid Zink ownership-trace image_barrier_exec seq=7 threadToken=0x74c1229b80 res=0x3000aaac00 obj=0x3000c43f30 image=0x3000af4050 bo=0x3000a72b30 batch=0x30000fde50 batch_id=0 cmdbuf=0x300010fba0 api=sync2 unsync=0 oldLayout=VK_IMAGE_LAYOUT_PREINITIALIZED newLayout=VK_IMAGE_LAYOUT_COLOR_ATTACHMENT_OPTIMAL oldQueue=FOREIGN(4294967293) afterEmitQueue=IGNORED(4294967295) gfxQueue=0 queue_import=1 completed=0 usage_matches=1 exportable=1 dt=(nil) dt_idx=4294967295 flags=0x180 pipeline=0x400
MESA: info: udroid Zink ownership-trace image_barrier_tracking seq=8 threadToken=0x74c1229b80 res=0x3000aaac00 obj=0x3000c43f30 image=0x3000af4050 bo=0x3000a72b30 batch=0x30000fde50 batch_id=0 layout=VK_IMAGE_LAYOUT_COLOR_ATTACHMENT_OPTIMAL queue=IGNORED(4294967295) exportable=1 dt=(nil) dt_idx=4294967295 dt_layout_updated=0 dmabuf_exports_checked=1 found=0 inserted=1 queue_import=1
MESA: info: udroid Zink ownership-trace export_dmabuf_sem_begin seq=13 threadToken=0x74c1229b29 screen=0x300005f580 res=0x3000aaac00 obj=0x3000c43f30 image=0x3000af4050 bo=0x3000a72b30 layout=COLOR_ATTACHMENT_OPTIMAL queue=IGNORED(4294967295) gfxQueue=0 exportable=1 dt=(nil) dt_idx=4294967295 is_aux=0
MESA: info: udroid Zink ownership-trace export_dmabuf_sem_result seq=14 threadToken=0x74c1229b29 screen=0x300005f580 res=0x3000aaac00 obj=0x3000c43f30 image=0x3000af4050 bo=0x3000a72b30 layout=COLOR_ATTACHMENT_OPTIMAL queue=IGNORED(4294967295) fd=68 exportedSyncFd=71 sem=0x3000c40bb0 importSemaphoreSuccess=1
MESA: info: udroid Zink ownership-trace image_barrier_queue_import_sem seq=9 threadToken=0x74c1229b80 res=0x3000aaac00 child=0x3000aaac00 obj=0x3000c43f30 image=0x3000af4050 bo=0x3000a72b30 batch=0x30000fde50 batch_id=0 sem=0x3000c40bb0 appended=1
MESA: info: udroid Zink ownership-trace release_barrier seq=11 threadToken=0x74c1229b81 screen=0x300005f580 bs=0x30000fde50 batch_id=0 api=sync2 tableCmdPipelineBarrier2NonNull=1 res=0x3000aaac00 obj=0x3000c43f30 image=0x3000af4050 bo=0x3000a72b30 oldLayout=COLOR_ATTACHMENT_OPTIMAL newLayout=COLOR_ATTACHMENT_OPTIMAL oldQueue=IGNORED(4294967295) srcQueue=gfx(0) dstQueue=FOREIGN(4294967293) exportable=1 dt=(nil) dt_idx=4294967295
MESA: info: udroid Zink ownership-trace release_signal_sem seq=12 threadToken=0x74c1229b81 screen=0x300005f580 bs=0x30000fde50 batch_id=0 res=0x3000aaac00 obj=0x3000c43f30 image=0x3000af4050 bo=0x3000a72b30 layout=COLOR_ATTACHMENT_OPTIMAL queue=FOREIGN(4294967293) sem=0x3000b6eaf0 appended=1
MESA: info: udroid Zink ownership-trace submit_pre seq=13 threadToken=0x74bdbbbb41 screen=0x300005f580 queue=0x3000075500 bs=0x30000fde50 batch_id=3 numSubmitInfos=3 acquireWaits=0 fdWaits=1 cmdBuffers=2 signals=2 dmabufExports=1 hasWork=1 hasReordered=1 hasUnsync=0
MESA: info: udroid Zink ownership-trace submit_post seq=14 threadToken=0x74bdbbbb41 screen=0x300005f580 queue=0x3000075500 bs=0x30000fde50 batch_id=3 result=VK_SUCCESS dmabufExports=1 signalSemaphores=1 fdWaitSemaphores=1
MESA: info: udroid Zink ownership-trace import_dmabuf_sem_begin seq=15 threadToken=0x74bdbbbae9 screen=0x300005f580 res=0x3000aaac00 obj=0x3000c43f30 image=0x3000af4050 bo=0x3000a72b30 layout=COLOR_ATTACHMENT_OPTIMAL queue=FOREIGN(4294967293) gfxQueue=0 exportable=1 dt=(nil) dt_idx=4294967295 sem=0x3000b6eaf0
MESA: info: udroid Zink ownership-trace import_dmabuf_sem_getfd seq=16 threadToken=0x74bdbbbae9 screen=0x300005f580 res=0x3000aaac00 sem=0x3000b6eaf0 result=VK_SUCCESS syncFileFd=68
MESA: info: udroid Zink ownership-trace import_dmabuf_sem_fd seq=17 threadToken=0x74bdbbbae9 screen=0x300005f580 res=0x3000aaac00 sem=0x3000b6eaf0 syncFileFd=68 dmaBufFd=71 acquireSucceeded=1 isAux=0
MESA: info: udroid Zink ownership-trace import_dmabuf_sem_ioctl seq=18 threadToken=0x74bdbbbae9 screen=0x300005f580 res=0x3000aaac00 sem=0x3000b6eaf0 syncFileFd=68 dmaBufFd=71 ioctlRet=0 errno=0 failed=0
MESA: info: udroid Zink ownership-trace submit_import_dmabuf_sync seq=15 threadToken=0x74bdbbbb41 screen=0x300005f580 bs=0x30000fde50 batch_id=3 res=0x3000aaac00 obj=0x3000c43f30 image=0x3000af4050 bo=0x3000a72b30 layout=COLOR_ATTACHMENT_OPTIMAL queue=FOREIGN(4294967293) sem=0x3000b6eaf0 importOk=0
MESA: info: udroid Zink ownership-trace image_barrier_exec seq=10 threadToken=0x74c1229b80 res=0x3000a7b5c0 obj=0x3000a78430 image=0x3000c42210 bo=0x3000a78710 batch=0x3000116a10 batch_id=0 cmdbuf=0x3000128760 api=sync2 unsync=0 oldLayout=VK_IMAGE_LAYOUT_PREINITIALIZED newLayout=VK_IMAGE_LAYOUT_COLOR_ATTACHMENT_OPTIMAL oldQueue=FOREIGN(4294967293) afterEmitQueue=IGNORED(4294967295) gfxQueue=0 queue_import=1 completed=0 usage_matches=1 exportable=1 dt=(nil) dt_idx=4294967295 flags=0x180 pipeline=0x400
MESA: info: udroid Zink ownership-trace image_barrier_tracking seq=11 threadToken=0x74c1229b80 res=0x3000a7b5c0 obj=0x3000a78430 image=0x3000c42210 bo=0x3000a78710 batch=0x3000116a10 batch_id=0 layout=VK_IMAGE_LAYOUT_COLOR_ATTACHMENT_OPTIMAL queue=IGNORED(4294967295) exportable=1 dt=(nil) dt_idx=4294967295 dt_layout_updated=0 dmabuf_exports_checked=1 found=0 inserted=1 queue_import=1
MESA: info: udroid Zink ownership-trace export_dmabuf_sem_begin seq=19 threadToken=0x74c1229b29 screen=0x300005f580 res=0x3000a7b5c0 obj=0x3000a78430 image=0x3000c42210 bo=0x3000a78710 layout=COLOR_ATTACHMENT_OPTIMAL queue=IGNORED(4294967295) gfxQueue=0 exportable=1 dt=(nil) dt_idx=4294967295 is_aux=0
MESA: info: udroid Zink ownership-trace export_dmabuf_sem_result seq=20 threadToken=0x74c1229b29 screen=0x300005f580 res=0x3000a7b5c0 obj=0x3000a78430 image=0x3000c42210 bo=0x3000a78710 layout=COLOR_ATTACHMENT_OPTIMAL queue=IGNORED(4294967295) fd=68 exportedSyncFd=71 sem=0x3000b9cf10 importSemaphoreSuccess=1
MESA: info: udroid Zink ownership-trace image_barrier_queue_import_sem seq=12 threadToken=0x74c1229b80 res=0x3000a7b5c0 child=0x3000a7b5c0 obj=0x3000a78430 image=0x3000c42210 bo=0x3000a78710 batch=0x3000116a10 batch_id=0 sem=0x3000b9cf10 appended=1
MESA: info: udroid Zink ownership-trace release_barrier seq=16 threadToken=0x74c1229b81 screen=0x300005f580 bs=0x3000116a10 batch_id=0 api=sync2 tableCmdPipelineBarrier2NonNull=1 res=0x3000a7b5c0 obj=0x3000a78430 image=0x3000c42210 bo=0x3000a78710 oldLayout=COLOR_ATTACHMENT_OPTIMAL newLayout=COLOR_ATTACHMENT_OPTIMAL oldQueue=IGNORED(4294967295) srcQueue=gfx(0) dstQueue=FOREIGN(4294967293) exportable=1 dt=(nil) dt_idx=4294967295
MESA: info: udroid Zink ownership-trace release_signal_sem seq=17 threadToken=0x74c1229b81 screen=0x300005f580 bs=0x3000116a10 batch_id=0 res=0x3000a7b5c0 obj=0x3000a78430 image=0x3000c42210 bo=0x3000a78710 layout=COLOR_ATTACHMENT_OPTIMAL queue=FOREIGN(4294967293) sem=0x3000d235d0 appended=1
MESA: info: udroid Zink ownership-trace submit_pre seq=18 threadToken=0x74bdbbbb41 screen=0x300005f580 queue=0x3000075500 bs=0x3000116a10 batch_id=4 numSubmitInfos=3 acquireWaits=0 fdWaits=1 cmdBuffers=2 signals=2 dmabufExports=1 hasWork=1 hasReordered=1 hasUnsync=0
MESA: info: udroid Zink ownership-trace submit_post seq=19 threadToken=0x74bdbbbb41 screen=0x300005f580 queue=0x3000075500 bs=0x3000116a10 batch_id=4 result=VK_SUCCESS dmabufExports=1 signalSemaphores=1 fdWaitSemaphores=1
MESA: info: udroid Zink ownership-trace import_dmabuf_sem_begin seq=21 threadToken=0x74bdbbbae9 screen=0x300005f580 res=0x3000a7b5c0 obj=0x3000a78430 image=0x3000c42210 bo=0x3000a78710 layout=COLOR_ATTACHMENT_OPTIMAL queue=FOREIGN(4294967293) gfxQueue=0 exportable=1 dt=(nil) dt_idx=4294967295 sem=0x3000d235d0
MESA: info: udroid Zink ownership-trace import_dmabuf_sem_getfd seq=22 threadToken=0x74bdbbbae9 screen=0x300005f580 res=0x3000a7b5c0 sem=0x3000d235d0 result=VK_SUCCESS syncFileFd=68
MESA: info: udroid Zink ownership-trace import_dmabuf_sem_fd seq=23 threadToken=0x74bdbbbae9 screen=0x300005f580 res=0x3000a7b5c0 sem=0x3000d235d0 syncFileFd=68 dmaBufFd=71 acquireSucceeded=1 isAux=0
MESA: info: udroid Zink ownership-trace import_dmabuf_sem_ioctl seq=24 threadToken=0x74bdbbbae9 screen=0x300005f580 res=0x3000a7b5c0 sem=0x3000d235d0 syncFileFd=68 dmaBufFd=71 ioctlRet=0 errno=0 failed=0
MESA: info: udroid Zink ownership-trace submit_import_dmabuf_sync seq=20 threadToken=0x74bdbbbb41 screen=0x300005f580 bs=0x3000116a10 batch_id=4 res=0x3000a7b5c0 obj=0x3000a78430 image=0x3000c42210 bo=0x3000a78710 layout=COLOR_ATTACHMENT_OPTIMAL queue=FOREIGN(4294967293) sem=0x3000d235d0 importOk=0
MESA: info: udroid Zink ownership-trace image_barrier_exec seq=13 threadToken=0x74c1229b80 res=0x3000ade5c0 obj=0x3000ade7b0 image=0x3000ade590 bo=0x3000adeaf0 batch=0x3000bf06c0 batch_id=0 cmdbuf=0x3000b76eb0 api=sync2 unsync=0 oldLayout=VK_IMAGE_LAYOUT_PREINITIALIZED newLayout=VK_IMAGE_LAYOUT_COLOR_ATTACHMENT_OPTIMAL oldQueue=FOREIGN(4294967293) afterEmitQueue=IGNORED(4294967295) gfxQueue=0 queue_import=1 completed=0 usage_matches=1 exportable=1 dt=(nil) dt_idx=4294967295 flags=0x180 pipeline=0x400
MESA: info: udroid Zink ownership-trace image_barrier_tracking seq=14 threadToken=0x74c1229b80 res=0x3000ade5c0 obj=0x3000ade7b0 image=0x3000ade590 bo=0x3000adeaf0 batch=0x3000bf06c0 batch_id=0 layout=VK_IMAGE_LAYOUT_COLOR_ATTACHMENT_OPTIMAL queue=IGNORED(4294967295) exportable=1 dt=(nil) dt_idx=4294967295 dt_layout_updated=0 dmabuf_exports_checked=1 found=0 inserted=1 queue_import=1
MESA: info: udroid Zink ownership-trace export_dmabuf_sem_begin seq=25 threadToken=0x74c1229b29 screen=0x300005f580 res=0x3000ade5c0 obj=0x3000ade7b0 image=0x3000ade590 bo=0x3000adeaf0 layout=COLOR_ATTACHMENT_OPTIMAL queue=IGNORED(4294967295) gfxQueue=0 exportable=1 dt=(nil) dt_idx=4294967295 is_aux=0
MESA: info: udroid Zink ownership-trace export_dmabuf_sem_result seq=26 threadToken=0x74c1229b29 screen=0x300005f580 res=0x3000ade5c0 obj=0x3000ade7b0 image=0x3000ade590 bo=0x3000adeaf0 layout=COLOR_ATTACHMENT_OPTIMAL queue=IGNORED(4294967295) fd=68 exportedSyncFd=71 sem=0x3000c46000 importSemaphoreSuccess=1
MESA: info: udroid Zink ownership-trace image_barrier_queue_import_sem seq=15 threadToken=0x74c1229b80 res=0x3000ade5c0 child=0x3000ade5c0 obj=0x3000ade7b0 image=0x3000ade590 bo=0x3000adeaf0 batch=0x3000bf06c0 batch_id=0 sem=0x3000c46000 appended=1
MESA: info: udroid Zink ownership-trace release_barrier seq=21 threadToken=0x74c1229b81 screen=0x300005f580 bs=0x3000bf06c0 batch_id=0 api=sync2 tableCmdPipelineBarrier2NonNull=1 res=0x3000ade5c0 obj=0x3000ade7b0 image=0x3000ade590 bo=0x3000adeaf0 oldLayout=COLOR_ATTACHMENT_OPTIMAL newLayout=COLOR_ATTACHMENT_OPTIMAL oldQueue=IGNORED(4294967295) srcQueue=gfx(0) dstQueue=FOREIGN(4294967293) exportable=1 dt=(nil) dt_idx=4294967295
MESA: info: udroid Zink ownership-trace release_signal_sem seq=22 threadToken=0x74c1229b81 screen=0x300005f580 bs=0x3000bf06c0 batch_id=0 res=0x3000ade5c0 obj=0x3000ade7b0 image=0x3000ade590 bo=0x3000adeaf0 layout=COLOR_ATTACHMENT_OPTIMAL queue=FOREIGN(4294967293) sem=0x3000b7ccc0 appended=1
MESA: info: udroid Zink ownership-trace submit_pre seq=23 threadToken=0x74bdbbbb41 screen=0x300005f580 queue=0x3000075500 bs=0x3000bf06c0 batch_id=5 numSubmitInfos=3 acquireWaits=0 fdWaits=1 cmdBuffers=2 signals=2 dmabufExports=1 hasWork=1 hasReordered=1 hasUnsync=0
MESA: info: udroid Zink ownership-trace submit_post seq=24 threadToken=0x74bdbbbb41 screen=0x300005f580 queue=0x3000075500 bs=0x3000bf06c0 batch_id=5 result=VK_SUCCESS dmabufExports=1 signalSemaphores=1 fdWaitSemaphores=1
MESA: info: udroid Zink ownership-trace import_dmabuf_sem_begin seq=27 threadToken=0x74bdbbbae9 screen=0x300005f580 res=0x3000ade5c0 obj=0x3000ade7b0 image=0x3000ade590 bo=0x3000adeaf0 layout=COLOR_ATTACHMENT_OPTIMAL queue=FOREIGN(4294967293) gfxQueue=0 exportable=1 dt=(nil) dt_idx=4294967295 sem=0x3000b7ccc0
MESA: info: udroid Zink ownership-trace import_dmabuf_sem_getfd seq=28 threadToken=0x74bdbbbae9 screen=0x300005f580 res=0x3000ade5c0 sem=0x3000b7ccc0 result=VK_SUCCESS syncFileFd=68
MESA: info: udroid Zink ownership-trace import_dmabuf_sem_fd seq=29 threadToken=0x74bdbbbae9 screen=0x300005f580 res=0x3000ade5c0 sem=0x3000b7ccc0 syncFileFd=68 dmaBufFd=71 acquireSucceeded=1 isAux=0
MESA: info: udroid Zink ownership-trace import_dmabuf_sem_ioctl seq=30 threadToken=0x74bdbbbae9 screen=0x300005f580 res=0x3000ade5c0 sem=0x3000b7ccc0 syncFileFd=68 dmaBufFd=71 ioctlRet=0 errno=0 failed=0
MESA: info: udroid Zink ownership-trace submit_import_dmabuf_sync seq=25 threadToken=0x74bdbbbb41 screen=0x300005f580 bs=0x3000bf06c0 batch_id=5 res=0x3000ade5c0 obj=0x3000ade7b0 image=0x3000ade590 bo=0x3000adeaf0 layout=COLOR_ATTACHMENT_OPTIMAL queue=FOREIGN(4294967293) sem=0x3000b7ccc0 importOk=0
MESA: info: udroid Zink ownership-trace image_barrier_exec seq=16 threadToken=0x74c1229b80 res=0x3000aa6080 obj=0x3000aa6270 image=0x3000af6e70 bo=0x3000aa6680 batch=0x3000c5c670 batch_id=0 cmdbuf=0x3000c273c0 api=sync2 unsync=0 oldLayout=VK_IMAGE_LAYOUT_PREINITIALIZED newLayout=VK_IMAGE_LAYOUT_COLOR_ATTACHMENT_OPTIMAL oldQueue=FOREIGN(4294967293) afterEmitQueue=IGNORED(4294967295) gfxQueue=0 queue_import=1 completed=0 usage_matches=1 exportable=1 dt=(nil) dt_idx=4294967295 flags=0x180 pipeline=0x400
MESA: info: udroid Zink ownership-trace image_barrier_tracking seq=17 threadToken=0x74c1229b80 res=0x3000aa6080 obj=0x3000aa6270 image=0x3000af6e70 bo=0x3000aa6680 batch=0x3000c5c670 batch_id=0 layout=VK_IMAGE_LAYOUT_COLOR_ATTACHMENT_OPTIMAL queue=IGNORED(4294967295) exportable=1 dt=(nil) dt_idx=4294967295 dt_layout_updated=0 dmabuf_exports_checked=1 found=0 inserted=1 queue_import=1
MESA: info: udroid Zink ownership-trace export_dmabuf_sem_begin seq=31 threadToken=0x74c1229b29 screen=0x300005f580 res=0x3000aa6080 obj=0x3000aa6270 image=0x3000af6e70 bo=0x3000aa6680 layout=COLOR_ATTACHMENT_OPTIMAL queue=IGNORED(4294967295) gfxQueue=0 exportable=1 dt=(nil) dt_idx=4294967295 is_aux=0
MESA: info: udroid Zink ownership-trace export_dmabuf_sem_result seq=32 threadToken=0x74c1229b29 screen=0x300005f580 res=0x3000aa6080 obj=0x3000aa6270 image=0x3000af6e70 bo=0x3000aa6680 layout=COLOR_ATTACHMENT_OPTIMAL queue=IGNORED(4294967295) fd=68 exportedSyncFd=71 sem=0x3000c26e50 importSemaphoreSuccess=1
MESA: info: udroid Zink ownership-trace image_barrier_queue_import_sem seq=18 threadToken=0x74c1229b80 res=0x3000aa6080 child=0x3000aa6080 obj=0x3000aa6270 image=0x3000af6e70 bo=0x3000aa6680 batch=0x3000c5c670 batch_id=0 sem=0x3000c26e50 appended=1
MESA: info: udroid Zink ownership-trace release_barrier seq=26 threadToken=0x74c1229b81 screen=0x300005f580 bs=0x3000c5c670 batch_id=0 api=sync2 tableCmdPipelineBarrier2NonNull=1 res=0x3000aa6080 obj=0x3000aa6270 image=0x3000af6e70 bo=0x3000aa6680 oldLayout=COLOR_ATTACHMENT_OPTIMAL newLayout=COLOR_ATTACHMENT_OPTIMAL oldQueue=IGNORED(4294967295) srcQueue=gfx(0) dstQueue=FOREIGN(4294967293) exportable=1 dt=(nil) dt_idx=4294967295
MESA: info: udroid Zink ownership-trace release_signal_sem seq=27 threadToken=0x74c1229b81 screen=0x300005f580 bs=0x3000c5c670 batch_id=0 res=0x3000aa6080 obj=0x3000aa6270 image=0x3000af6e70 bo=0x3000aa6680 layout=COLOR_ATTACHMENT_OPTIMAL queue=FOREIGN(4294967293) sem=0x3000c21a40 appended=1
MESA: info: udroid Zink ownership-trace submit_pre seq=28 threadToken=0x74bdbbbb41 screen=0x300005f580 queue=0x3000075500 bs=0x3000c5c670 batch_id=6 numSubmitInfos=3 acquireWaits=0 fdWaits=1 cmdBuffers=2 signals=2 dmabufExports=1 hasWork=1 hasReordered=1 hasUnsync=0
MESA: info: udroid Zink ownership-trace submit_post seq=29 threadToken=0x74bdbbbb41 screen=0x300005f580 queue=0x3000075500 bs=0x3000c5c670 batch_id=6 result=VK_SUCCESS dmabufExports=1 signalSemaphores=1 fdWaitSemaphores=1
MESA: info: udroid Zink ownership-trace import_dmabuf_sem_begin seq=33 threadToken=0x74bdbbbae9 screen=0x300005f580 res=0x3000aa6080 obj=0x3000aa6270 image=0x3000af6e70 bo=0x3000aa6680 layout=COLOR_ATTACHMENT_OPTIMAL queue=FOREIGN(4294967293) gfxQueue=0 exportable=1 dt=(nil) dt_idx=4294967295 sem=0x3000c21a40
MESA: info: udroid Zink ownership-trace import_dmabuf_sem_getfd seq=34 threadToken=0x74bdbbbae9 screen=0x300005f580 res=0x3000aa6080 sem=0x3000c21a40 result=VK_SUCCESS syncFileFd=68
MESA: info: udroid Zink ownership-trace import_dmabuf_sem_fd seq=35 threadToken=0x74bdbbbae9 screen=0x300005f580 res=0x3000aa6080 sem=0x3000c21a40 syncFileFd=68 dmaBufFd=71 acquireSucceeded=1 isAux=0
MESA: info: udroid Zink ownership-trace import_dmabuf_sem_ioctl seq=36 threadToken=0x74bdbbbae9 screen=0x300005f580 res=0x3000aa6080 sem=0x3000c21a40 syncFileFd=68 dmaBufFd=71 ioctlRet=0 errno=0 failed=0
MESA: info: udroid Zink ownership-trace submit_import_dmabuf_sync seq=30 threadToken=0x74bdbbbb41 screen=0x300005f580 bs=0x3000c5c670 batch_id=6 res=0x3000aa6080 obj=0x3000aa6270 image=0x3000af6e70 bo=0x3000aa6680 layout=COLOR_ATTACHMENT_OPTIMAL queue=FOREIGN(4294967293) sem=0x3000c21a40 importOk=0
MESA: info: udroid Zink ownership-trace image_barrier_exec seq=19 threadToken=0x74c1229b80 res=0x3000ab3800 obj=0x3000c4ce60 image=0x3000a81a00 bo=0x3000c41db0 batch=0x3000c6cc40 batch_id=0 cmdbuf=0x3000c36760 api=sync2 unsync=0 oldLayout=VK_IMAGE_LAYOUT_COLOR_ATTACHMENT_OPTIMAL newLayout=VK_IMAGE_LAYOUT_COLOR_ATTACHMENT_OPTIMAL oldQueue=FOREIGN(4294967293) afterEmitQueue=IGNORED(4294967295) gfxQueue=0 queue_import=1 completed=0 usage_matches=1 exportable=1 dt=(nil) dt_idx=4294967295 flags=0x180 pipeline=0x400
MESA: info: udroid Zink ownership-trace image_barrier_tracking seq=20 threadToken=0x74c1229b80 res=0x3000ab3800 obj=0x3000c4ce60 image=0x3000a81a00 bo=0x3000c41db0 batch=0x3000c6cc40 batch_id=0 layout=VK_IMAGE_LAYOUT_COLOR_ATTACHMENT_OPTIMAL queue=IGNORED(4294967295) exportable=1 dt=(nil) dt_idx=4294967295 dt_layout_updated=0 dmabuf_exports_checked=1 found=0 inserted=1 queue_import=1
MESA: info: udroid Zink ownership-trace export_dmabuf_sem_begin seq=37 threadToken=0x74c1229b29 screen=0x300005f580 res=0x3000ab3800 obj=0x3000c4ce60 image=0x3000a81a00 bo=0x3000c41db0 layout=COLOR_ATTACHMENT_OPTIMAL queue=IGNORED(4294967295) gfxQueue=0 exportable=1 dt=(nil) dt_idx=4294967295 is_aux=0
MESA: info: udroid Zink ownership-trace export_dmabuf_sem_result seq=38 threadToken=0x74c1229b29 screen=0x300005f580 res=0x3000ab3800 obj=0x3000c4ce60 image=0x3000a81a00 bo=0x3000c41db0 layout=COLOR_ATTACHMENT_OPTIMAL queue=IGNORED(4294967295) fd=68 exportedSyncFd=71 sem=0x30000f8e30 importSemaphoreSuccess=1
MESA: info: udroid Zink ownership-trace image_barrier_queue_import_sem seq=21 threadToken=0x74c1229b80 res=0x3000ab3800 child=0x3000ab3800 obj=0x3000c4ce60 image=0x3000a81a00 bo=0x3000c41db0 batch=0x3000c6cc40 batch_id=0 sem=0x30000f8e30 appended=1
MESA: info: udroid Zink ownership-trace release_barrier seq=31 threadToken=0x74c1229b81 screen=0x300005f580 bs=0x3000c6cc40 batch_id=0 api=sync2 tableCmdPipelineBarrier2NonNull=1 res=0x3000ab3800 obj=0x3000c4ce60 image=0x3000a81a00 bo=0x3000c41db0 oldLayout=COLOR_ATTACHMENT_OPTIMAL newLayout=COLOR_ATTACHMENT_OPTIMAL oldQueue=IGNORED(4294967295) srcQueue=gfx(0) dstQueue=FOREIGN(4294967293) exportable=1 dt=(nil) dt_idx=4294967295
MESA: info: udroid Zink ownership-trace release_signal_sem seq=32 threadToken=0x74c1229b81 screen=0x300005f580 bs=0x3000c6cc40 batch_id=0 res=0x3000ab3800 obj=0x3000c4ce60 image=0x3000a81a00 bo=0x3000c41db0 layout=COLOR_ATTACHMENT_OPTIMAL queue=FOREIGN(4294967293) sem=0x3000d184c0 appended=1
MESA: info: udroid Zink ownership-trace submit_pre seq=33 threadToken=0x74bdbbbb41 screen=0x300005f580 queue=0x3000075500 bs=0x3000c6cc40 batch_id=7 numSubmitInfos=3 acquireWaits=0 fdWaits=1 cmdBuffers=1 signals=2 dmabufExports=1 hasWork=1 hasReordered=0 hasUnsync=0
MESA: info: udroid Zink ownership-trace submit_post seq=34 threadToken=0x74bdbbbb41 screen=0x300005f580 queue=0x3000075500 bs=0x3000c6cc40 batch_id=7 result=VK_SUCCESS dmabufExports=1 signalSemaphores=1 fdWaitSemaphores=1
MESA: info: udroid Zink ownership-trace import_dmabuf_sem_begin seq=39 threadToken=0x74bdbbbae9 screen=0x300005f580 res=0x3000ab3800 obj=0x3000c4ce60 image=0x3000a81a00 bo=0x3000c41db0 layout=COLOR_ATTACHMENT_OPTIMAL queue=FOREIGN(4294967293) gfxQueue=0 exportable=1 dt=(nil) dt_idx=4294967295 sem=0x3000d184c0
MESA: info: udroid Zink ownership-trace import_dmabuf_sem_getfd seq=40 threadToken=0x74bdbbbae9 screen=0x300005f580 res=0x3000ab3800 sem=0x3000d184c0 result=VK_SUCCESS syncFileFd=68
MESA: info: udroid Zink ownership-trace import_dmabuf_sem_fd seq=41 threadToken=0x74bdbbbae9 screen=0x300005f580 res=0x3000ab3800 sem=0x3000d184c0 syncFileFd=68 dmaBufFd=71 acquireSucceeded=1 isAux=0
MESA: info: udroid Zink ownership-trace import_dmabuf_sem_ioctl seq=42 threadToken=0x74bdbbbae9 screen=0x300005f580 res=0x3000ab3800 sem=0x3000d184c0 syncFileFd=68 dmaBufFd=71 ioctlRet=0 errno=0 failed=0
MESA: info: udroid Zink ownership-trace submit_import_dmabuf_sync seq=35 threadToken=0x74bdbbbb41 screen=0x300005f580 bs=0x3000c6cc40 batch_id=7 res=0x3000ab3800 obj=0x3000c4ce60 image=0x3000a81a00 bo=0x3000c41db0 layout=COLOR_ATTACHMENT_OPTIMAL queue=FOREIGN(4294967293) sem=0x3000d184c0 importOk=0
MESA: info: udroid Zink ownership-trace image_barrier_exec seq=22 threadToken=0x74c1229b80 res=0x3000af7000 obj=0x3000c4d5c0 image=0x3000a743c0 bo=0x3000c4e340 batch=0x3000c7d210 batch_id=0 cmdbuf=0x3000d187a0 api=sync2 unsync=0 oldLayout=VK_IMAGE_LAYOUT_COLOR_ATTACHMENT_OPTIMAL newLayout=VK_IMAGE_LAYOUT_COLOR_ATTACHMENT_OPTIMAL oldQueue=FOREIGN(4294967293) afterEmitQueue=IGNORED(4294967295) gfxQueue=0 queue_import=1 completed=0 usage_matches=1 exportable=1 dt=(nil) dt_idx=4294967295 flags=0x180 pipeline=0x400
MESA: info: udroid Zink ownership-trace image_barrier_tracking seq=23 threadToken=0x74c1229b80 res=0x3000af7000 obj=0x3000c4d5c0 image=0x3000a743c0 bo=0x3000c4e340 batch=0x3000c7d210 batch_id=0 layout=VK_IMAGE_LAYOUT_COLOR_ATTACHMENT_OPTIMAL queue=IGNORED(4294967295) exportable=1 dt=(nil) dt_idx=4294967295 dt_layout_updated=0 dmabuf_exports_checked=1 found=0 inserted=1 queue_import=1
MESA: info: udroid Zink ownership-trace export_dmabuf_sem_begin seq=43 threadToken=0x74c1229b29 screen=0x300005f580 res=0x3000af7000 obj=0x3000c4d5c0 image=0x3000a743c0 bo=0x3000c4e340 layout=COLOR_ATTACHMENT_OPTIMAL queue=IGNORED(4294967295) gfxQueue=0 exportable=1 dt=(nil) dt_idx=4294967295 is_aux=0
MESA: info: udroid Zink ownership-trace export_dmabuf_sem_result seq=44 threadToken=0x74c1229b29 screen=0x300005f580 res=0x3000af7000 obj=0x3000c4d5c0 image=0x3000a743c0 bo=0x3000c4e340 layout=COLOR_ATTACHMENT_OPTIMAL queue=IGNORED(4294967295) fd=68 exportedSyncFd=71 sem=0x3000d1ec10 importSemaphoreSuccess=1
MESA: info: udroid Zink ownership-trace image_barrier_queue_import_sem seq=24 threadToken=0x74c1229b80 res=0x3000af7000 child=0x3000af7000 obj=0x3000c4d5c0 image=0x3000a743c0 bo=0x3000c4e340 batch=0x3000c7d210 batch_id=0 sem=0x3000d1ec10 appended=1
MESA: info: udroid Zink ownership-trace release_barrier seq=36 threadToken=0x74c1229b81 screen=0x300005f580 bs=0x3000c7d210 batch_id=0 api=sync2 tableCmdPipelineBarrier2NonNull=1 res=0x3000af7000 obj=0x3000c4d5c0 image=0x3000a743c0 bo=0x3000c4e340 oldLayout=COLOR_ATTACHMENT_OPTIMAL newLayout=COLOR_ATTACHMENT_OPTIMAL oldQueue=IGNORED(4294967295) srcQueue=gfx(0) dstQueue=FOREIGN(4294967293) exportable=1 dt=(nil) dt_idx=4294967295
MESA: info: udroid Zink ownership-trace release_signal_sem seq=37 threadToken=0x74c1229b81 screen=0x300005f580 bs=0x3000c7d210 batch_id=0 res=0x3000af7000 obj=0x3000c4d5c0 image=0x3000a743c0 bo=0x3000c4e340 layout=COLOR_ATTACHMENT_OPTIMAL queue=FOREIGN(4294967293) sem=0x3000d03020 appended=1
MESA: info: udroid Zink ownership-trace submit_pre seq=38 threadToken=0x74bdbbbb41 screen=0x300005f580 queue=0x3000075500 bs=0x3000c7d210 batch_id=8 numSubmitInfos=3 acquireWaits=0 fdWaits=1 cmdBuffers=1 signals=2 dmabufExports=1 hasWork=1 hasReordered=0 hasUnsync=0
MESA: info: udroid Zink ownership-trace submit_post seq=39 threadToken=0x74bdbbbb41 screen=0x300005f580 queue=0x3000075500 bs=0x3000c7d210 batch_id=8 result=VK_SUCCESS dmabufExports=1 signalSemaphores=1 fdWaitSemaphores=1
MESA: info: udroid Zink ownership-trace import_dmabuf_sem_begin seq=45 threadToken=0x74bdbbbae9 screen=0x300005f580 res=0x3000af7000 obj=0x3000c4d5c0 image=0x3000a743c0 bo=0x3000c4e340 layout=COLOR_ATTACHMENT_OPTIMAL queue=FOREIGN(4294967293) gfxQueue=0 exportable=1 dt=(nil) dt_idx=4294967295 sem=0x3000d03020
MESA: info: udroid Zink ownership-trace import_dmabuf_sem_getfd seq=46 threadToken=0x74bdbbbae9 screen=0x300005f580 res=0x3000af7000 sem=0x3000d03020 result=VK_SUCCESS syncFileFd=68
MESA: info: udroid Zink ownership-trace import_dmabuf_sem_fd seq=47 threadToken=0x74bdbbbae9 screen=0x300005f580 res=0x3000af7000 sem=0x3000d03020 syncFileFd=68 dmaBufFd=71 acquireSucceeded=1 isAux=0
MESA: info: udroid Zink ownership-trace import_dmabuf_sem_ioctl seq=48 threadToken=0x74bdbbbae9 screen=0x300005f580 res=0x3000af7000 sem=0x3000d03020 syncFileFd=68 dmaBufFd=71 ioctlRet=0 errno=0 failed=0
MESA: info: udroid Zink ownership-trace submit_import_dmabuf_sync seq=40 threadToken=0x74bdbbbb41 screen=0x300005f580 bs=0x3000c7d210 batch_id=8 res=0x3000af7000 obj=0x3000c4d5c0 image=0x3000a743c0 bo=0x3000c4e340 layout=COLOR_ATTACHMENT_OPTIMAL queue=FOREIGN(4294967293) sem=0x3000d03020 importOk=0
MESA: info: udroid Zink ownership-trace image_barrier_exec seq=25 threadToken=0x74c1229b80 res=0x3000aaac00 obj=0x3000c43f30 image=0x3000af4050 bo=0x3000a72b30 batch=0x3000c8d7e0 batch_id=0 cmdbuf=0x3000d03330 api=sync2 unsync=0 oldLayout=VK_IMAGE_LAYOUT_COLOR_ATTACHMENT_OPTIMAL newLayout=VK_IMAGE_LAYOUT_COLOR_ATTACHMENT_OPTIMAL oldQueue=FOREIGN(4294967293) afterEmitQueue=IGNORED(4294967295) gfxQueue=0 queue_import=1 completed=0 usage_matches=1 exportable=1 dt=(nil) dt_idx=4294967295 flags=0x180 pipeline=0x400
MESA: info: udroid Zink ownership-trace image_barrier_tracking seq=26 threadToken=0x74c1229b80 res=0x3000aaac00 obj=0x3000c43f30 image=0x3000af4050 bo=0x3000a72b30 batch=0x3000c8d7e0 batch_id=0 layout=VK_IMAGE_LAYOUT_COLOR_ATTACHMENT_OPTIMAL queue=IGNORED(4294967295) exportable=1 dt=(nil) dt_idx=4294967295 dt_layout_updated=0 dmabuf_exports_checked=1 found=0 inserted=1 queue_import=1
MESA: info: udroid Zink ownership-trace export_dmabuf_sem_begin seq=49 threadToken=0x74c1229b29 screen=0x300005f580 res=0x3000aaac00 obj=0x3000c43f30 image=0x3000af4050 bo=0x3000a72b30 layout=COLOR_ATTACHMENT_OPTIMAL queue=IGNORED(4294967295) gfxQueue=0 exportable=1 dt=(nil) dt_idx=4294967295 is_aux=0
MESA: info: udroid Zink ownership-trace export_dmabuf_sem_result seq=50 threadToken=0x74c1229b29 screen=0x300005f580 res=0x3000aaac00 obj=0x3000c43f30 image=0x3000af4050 bo=0x3000a72b30 layout=COLOR_ATTACHMENT_OPTIMAL queue=IGNORED(4294967295) fd=68 exportedSyncFd=71 sem=0x3000c016c0 importSemaphoreSuccess=1
MESA: info: udroid Zink ownership-trace image_barrier_queue_import_sem seq=27 threadToken=0x74c1229b80 res=0x3000aaac00 child=0x3000aaac00 obj=0x3000c43f30 image=0x3000af4050 bo=0x3000a72b30 batch=0x3000c8d7e0 batch_id=0 sem=0x3000c016c0 appended=1
MESA: info: udroid Zink ownership-trace release_barrier seq=41 threadToken=0x74c1229b81 screen=0x300005f580 bs=0x3000c8d7e0 batch_id=0 api=sync2 tableCmdPipelineBarrier2NonNull=1 res=0x3000aaac00 obj=0x3000c43f30 image=0x3000af4050 bo=0x3000a72b30 oldLayout=COLOR_ATTACHMENT_OPTIMAL newLayout=COLOR_ATTACHMENT_OPTIMAL oldQueue=IGNORED(4294967295) srcQueue=gfx(0) dstQueue=FOREIGN(4294967293) exportable=1 dt=(nil) dt_idx=4294967295
MESA: info: udroid Zink ownership-trace release_signal_sem seq=42 threadToken=0x74c1229b81 screen=0x300005f580 bs=0x3000c8d7e0 batch_id=0 res=0x3000aaac00 obj=0x3000c43f30 image=0x3000af4050 bo=0x3000a72b30 layout=COLOR_ATTACHMENT_OPTIMAL queue=FOREIGN(4294967293) sem=0x3000c0cfa0 appended=1
MESA: info: udroid Zink ownership-trace submit_pre seq=43 threadToken=0x74bdbbbb41 screen=0x300005f580 queue=0x3000075500 bs=0x3000c8d7e0 batch_id=9 numSubmitInfos=3 acquireWaits=0 fdWaits=1 cmdBuffers=1 signals=2 dmabufExports=1 hasWork=1 hasReordered=0 hasUnsync=0
MESA: info: udroid Zink ownership-trace submit_post seq=44 threadToken=0x74bdbbbb41 screen=0x300005f580 queue=0x3000075500 bs=0x3000c8d7e0 batch_id=9 result=VK_SUCCESS dmabufExports=1 signalSemaphores=1 fdWaitSemaphores=1
MESA: info: udroid Zink ownership-trace import_dmabuf_sem_begin seq=51 threadToken=0x74bdbbbae9 screen=0x300005f580 res=0x3000aaac00 obj=0x3000c43f30 image=0x3000af4050 bo=0x3000a72b30 layout=COLOR_ATTACHMENT_OPTIMAL queue=FOREIGN(4294967293) gfxQueue=0 exportable=1 dt=(nil) dt_idx=4294967295 sem=0x3000c0cfa0
MESA: info: udroid Zink ownership-trace import_dmabuf_sem_getfd seq=52 threadToken=0x74bdbbbae9 screen=0x300005f580 res=0x3000aaac00 sem=0x3000c0cfa0 result=VK_SUCCESS syncFileFd=68
MESA: info: udroid Zink ownership-trace import_dmabuf_sem_fd seq=53 threadToken=0x74bdbbbae9 screen=0x300005f580 res=0x3000aaac00 sem=0x3000c0cfa0 syncFileFd=68 dmaBufFd=71 acquireSucceeded=1 isAux=0
MESA: info: udroid Zink ownership-trace import_dmabuf_sem_ioctl seq=54 threadToken=0x74bdbbbae9 screen=0x300005f580 res=0x3000aaac00 sem=0x3000c0cfa0 syncFileFd=68 dmaBufFd=71 ioctlRet=0 errno=0 failed=0
MESA: info: udroid Zink ownership-trace submit_import_dmabuf_sync seq=45 threadToken=0x74bdbbbb41 screen=0x300005f580 bs=0x3000c8d7e0 batch_id=9 res=0x3000aaac00 obj=0x3000c43f30 image=0x3000af4050 bo=0x3000a72b30 layout=COLOR_ATTACHMENT_OPTIMAL queue=FOREIGN(4294967293) sem=0x3000c0cfa0 importOk=0
MESA: info: udroid Zink ownership-trace image_barrier_exec seq=28 threadToken=0x74c1229b80 res=0x3000a7b5c0 obj=0x3000a78430 image=0x3000c42210 bo=0x3000a78710 batch=0x3000c9ddb0 batch_id=0 cmdbuf=0x3000bdda50 api=sync2 unsync=0 oldLayout=VK_IMAGE_LAYOUT_COLOR_ATTACHMENT_OPTIMAL newLayout=VK_IMAGE_LAYOUT_COLOR_ATTACHMENT_OPTIMAL oldQueue=FOREIGN(4294967293) afterEmitQueue=IGNORED(4294967295) gfxQueue=0 queue_import=1 completed=0 usage_matches=1 exportable=1 dt=(nil) dt_idx=4294967295 flags=0x180 pipeline=0x400
MESA: info: udroid Zink ownership-trace image_barrier_tracking seq=29 threadToken=0x74c1229b80 res=0x3000a7b5c0 obj=0x3000a78430 image=0x3000c42210 bo=0x3000a78710 batch=0x3000c9ddb0 batch_id=0 layout=VK_IMAGE_LAYOUT_COLOR_ATTACHMENT_OPTIMAL queue=IGNORED(4294967295) exportable=1 dt=(nil) dt_idx=4294967295 dt_layout_updated=0 dmabuf_exports_checked=1 found=0 inserted=1 queue_import=1
MESA: info: udroid Zink ownership-trace export_dmabuf_sem_begin seq=55 threadToken=0x74c1229b29 screen=0x300005f580 res=0x3000a7b5c0 obj=0x3000a78430 image=0x3000c42210 bo=0x3000a78710 layout=COLOR_ATTACHMENT_OPTIMAL queue=IGNORED(4294967295) gfxQueue=0 exportable=1 dt=(nil) dt_idx=4294967295 is_aux=0
MESA: info: udroid Zink ownership-trace export_dmabuf_sem_result seq=56 threadToken=0x74c1229b29 screen=0x300005f580 res=0x3000a7b5c0 obj=0x3000a78430 image=0x3000c42210 bo=0x3000a78710 layout=COLOR_ATTACHMENT_OPTIMAL queue=IGNORED(4294967295) fd=68 exportedSyncFd=71 sem=0x3000c0e360 importSemaphoreSuccess=1
MESA: info: udroid Zink ownership-trace image_barrier_queue_import_sem seq=30 threadToken=0x74c1229b80 res=0x3000a7b5c0 child=0x3000a7b5c0 obj=0x3000a78430 image=0x3000c42210 bo=0x3000a78710 batch=0x3000c9ddb0 batch_id=0 sem=0x3000c0e360 appended=1
MESA: info: udroid Zink ownership-trace release_barrier seq=46 threadToken=0x74c1229b81 screen=0x300005f580 bs=0x3000c9ddb0 batch_id=0 api=sync2 tableCmdPipelineBarrier2NonNull=1 res=0x3000a7b5c0 obj=0x3000a78430 image=0x3000c42210 bo=0x3000a78710 oldLayout=COLOR_ATTACHMENT_OPTIMAL newLayout=COLOR_ATTACHMENT_OPTIMAL oldQueue=IGNORED(4294967295) srcQueue=gfx(0) dstQueue=FOREIGN(4294967293) exportable=1 dt=(nil) dt_idx=4294967295
MESA: info: udroid Zink ownership-trace release_signal_sem seq=47 threadToken=0x74c1229b81 screen=0x300005f580 bs=0x3000c9ddb0 batch_id=0 res=0x3000a7b5c0 obj=0x3000a78430 image=0x3000c42210 bo=0x3000a78710 layout=COLOR_ATTACHMENT_OPTIMAL queue=FOREIGN(4294967293) sem=0x3000caf410 appended=1
MESA: info: udroid Zink ownership-trace submit_pre seq=48 threadToken=0x74bdbbbb41 screen=0x300005f580 queue=0x3000075500 bs=0x3000c9ddb0 batch_id=10 numSubmitInfos=3 acquireWaits=0 fdWaits=1 cmdBuffers=1 signals=2 dmabufExports=1 hasWork=1 hasReordered=0 hasUnsync=0
MESA: info: udroid Zink ownership-trace submit_post seq=49 threadToken=0x74bdbbbb41 screen=0x300005f580 queue=0x3000075500 bs=0x3000c9ddb0 batch_id=10 result=VK_SUCCESS dmabufExports=1 signalSemaphores=1 fdWaitSemaphores=1
MESA: info: udroid Zink ownership-trace import_dmabuf_sem_begin seq=57 threadToken=0x74bdbbbae9 screen=0x300005f580 res=0x3000a7b5c0 obj=0x3000a78430 image=0x3000c42210 bo=0x3000a78710 layout=COLOR_ATTACHMENT_OPTIMAL queue=FOREIGN(4294967293) gfxQueue=0 exportable=1 dt=(nil) dt_idx=4294967295 sem=0x3000caf410
MESA: info: udroid Zink ownership-trace import_dmabuf_sem_getfd seq=58 threadToken=0x74bdbbbae9 screen=0x300005f580 res=0x3000a7b5c0 sem=0x3000caf410 result=VK_SUCCESS syncFileFd=68
MESA: info: udroid Zink ownership-trace import_dmabuf_sem_fd seq=59 threadToken=0x74bdbbbae9 screen=0x300005f580 res=0x3000a7b5c0 sem=0x3000caf410 syncFileFd=68 dmaBufFd=71 acquireSucceeded=1 isAux=0
MESA: info: udroid Zink ownership-trace import_dmabuf_sem_ioctl seq=60 threadToken=0x74bdbbbae9 screen=0x300005f580 res=0x3000a7b5c0 sem=0x3000caf410 syncFileFd=68 dmaBufFd=71 ioctlRet=0 errno=0 failed=0
MESA: info: udroid Zink ownership-trace submit_import_dmabuf_sync seq=50 threadToken=0x74bdbbbb41 screen=0x300005f580 bs=0x3000c9ddb0 batch_id=10 res=0x3000a7b5c0 obj=0x3000a78430 image=0x3000c42210 bo=0x3000a78710 layout=COLOR_ATTACHMENT_OPTIMAL queue=FOREIGN(4294967293) sem=0x3000caf410 importOk=0
MESA: info: udroid Zink ownership-trace image_barrier_exec seq=31 threadToken=0x74c1229b80 res=0x3000ade5c0 obj=0x3000ade7b0 image=0x3000ade590 bo=0x3000adeaf0 batch=0x3000caf530 batch_id=0 cmdbuf=0x3000cbfcf0 api=sync2 unsync=0 oldLayout=VK_IMAGE_LAYOUT_COLOR_ATTACHMENT_OPTIMAL newLayout=VK_IMAGE_LAYOUT_COLOR_ATTACHMENT_OPTIMAL oldQueue=FOREIGN(4294967293) afterEmitQueue=IGNORED(4294967295) gfxQueue=0 queue_import=1 completed=0 usage_matches=1 exportable=1 dt=(nil) dt_idx=4294967295 flags=0x180 pipeline=0x400
MESA: info: udroid Zink ownership-trace image_barrier_tracking seq=32 threadToken=0x74c1229b80 res=0x3000ade5c0 obj=0x3000ade7b0 image=0x3000ade590 bo=0x3000adeaf0 batch=0x3000caf530 batch_id=0 layout=VK_IMAGE_LAYOUT_COLOR_ATTACHMENT_OPTIMAL queue=IGNORED(4294967295) exportable=1 dt=(nil) dt_idx=4294967295 dt_layout_updated=0 dmabuf_exports_checked=1 found=0 inserted=1 queue_import=1
MESA: info: udroid Zink ownership-trace export_dmabuf_sem_begin seq=61 threadToken=0x74c1229b29 screen=0x300005f580 res=0x3000ade5c0 obj=0x3000ade7b0 image=0x3000ade590 bo=0x3000adeaf0 layout=COLOR_ATTACHMENT_OPTIMAL queue=IGNORED(4294967295) gfxQueue=0 exportable=1 dt=(nil) dt_idx=4294967295 is_aux=0
MESA: info: udroid Zink ownership-trace export_dmabuf_sem_result seq=62 threadToken=0x74c1229b29 screen=0x300005f580 res=0x3000ade5c0 obj=0x3000ade7b0 image=0x3000ade590 bo=0x3000adeaf0 layout=COLOR_ATTACHMENT_OPTIMAL queue=IGNORED(4294967295) fd=68 exportedSyncFd=71 sem=0x3000cc62b0 importSemaphoreSuccess=1
MESA: info: udroid Zink ownership-trace image_barrier_queue_import_sem seq=33 threadToken=0x74c1229b80 res=0x3000ade5c0 child=0x3000ade5c0 obj=0x3000ade7b0 image=0x3000ade590 bo=0x3000adeaf0 batch=0x3000caf530 batch_id=0 sem=0x3000cc62b0 appended=1
MESA: info: udroid Zink ownership-trace release_barrier seq=51 threadToken=0x74c1229b81 screen=0x300005f580 bs=0x3000caf530 batch_id=0 api=sync2 tableCmdPipelineBarrier2NonNull=1 res=0x3000ade5c0 obj=0x3000ade7b0 image=0x3000ade590 bo=0x3000adeaf0 oldLayout=COLOR_ATTACHMENT_OPTIMAL newLayout=COLOR_ATTACHMENT_OPTIMAL oldQueue=IGNORED(4294967295) srcQueue=gfx(0) dstQueue=FOREIGN(4294967293) exportable=1 dt=(nil) dt_idx=4294967295
MESA: info: udroid Zink ownership-trace release_signal_sem seq=52 threadToken=0x74c1229b81 screen=0x300005f580 bs=0x3000caf530 batch_id=0 res=0x3000ade5c0 obj=0x3000ade7b0 image=0x3000ade590 bo=0x3000adeaf0 layout=COLOR_ATTACHMENT_OPTIMAL queue=FOREIGN(4294967293) sem=0x3000cd1bb0 appended=1
MESA: info: udroid Zink ownership-trace submit_pre seq=53 threadToken=0x74bdbbbb41 screen=0x300005f580 queue=0x3000075500 bs=0x3000caf530 batch_id=11 numSubmitInfos=3 acquireWaits=0 fdWaits=1 cmdBuffers=1 signals=2 dmabufExports=1 hasWork=1 hasReordered=0 hasUnsync=0
MESA: info: udroid Zink ownership-trace submit_post seq=54 threadToken=0x74bdbbbb41 screen=0x300005f580 queue=0x3000075500 bs=0x3000caf530 batch_id=11 result=VK_SUCCESS dmabufExports=1 signalSemaphores=1 fdWaitSemaphores=1
MESA: info: udroid Zink ownership-trace import_dmabuf_sem_begin seq=63 threadToken=0x74bdbbbae9 screen=0x300005f580 res=0x3000ade5c0 obj=0x3000ade7b0 image=0x3000ade590 bo=0x3000adeaf0 layout=COLOR_ATTACHMENT_OPTIMAL queue=FOREIGN(4294967293) gfxQueue=0 exportable=1 dt=(nil) dt_idx=4294967295 sem=0x3000cd1bb0
MESA: info: udroid Zink ownership-trace import_dmabuf_sem_getfd seq=64 threadToken=0x74bdbbbae9 screen=0x300005f580 res=0x3000ade5c0 sem=0x3000cd1bb0 result=VK_SUCCESS syncFileFd=68
MESA: info: udroid Zink ownership-trace import_dmabuf_sem_fd seq=65 threadToken=0x74bdbbbae9 screen=0x300005f580 res=0x3000ade5c0 sem=0x3000cd1bb0 syncFileFd=68 dmaBufFd=71 acquireSucceeded=1 isAux=0
MESA: info: udroid Zink ownership-trace import_dmabuf_sem_ioctl seq=66 threadToken=0x74bdbbbae9 screen=0x300005f580 res=0x3000ade5c0 sem=0x3000cd1bb0 syncFileFd=68 dmaBufFd=71 ioctlRet=0 errno=0 failed=0
MESA: info: udroid Zink ownership-trace submit_import_dmabuf_sync seq=55 threadToken=0x74bdbbbb41 screen=0x300005f580 bs=0x3000caf530 batch_id=11 res=0x3000ade5c0 obj=0x3000ade7b0 image=0x3000ade590 bo=0x3000adeaf0 layout=COLOR_ATTACHMENT_OPTIMAL queue=FOREIGN(4294967293) sem=0x3000cd1bb0 importOk=0
MESA: info: udroid Zink ownership-trace image_barrier_exec seq=34 threadToken=0x74c1229b80 res=0x3000aa6080 obj=0x3000aa6270 image=0x3000af6e70 bo=0x3000aa6680 batch=0x3000cd1ca0 batch_id=0 cmdbuf=0x3000ce2460 api=sync2 unsync=0 oldLayout=VK_IMAGE_LAYOUT_COLOR_ATTACHMENT_OPTIMAL newLayout=VK_IMAGE_LAYOUT_COLOR_ATTACHMENT_OPTIMAL oldQueue=FOREIGN(4294967293) afterEmitQueue=IGNORED(4294967295) gfxQueue=0 queue_import=1 completed=0 usage_matches=1 exportable=1 dt=(nil) dt_idx=4294967295 flags=0x180 pipeline=0x400
MESA: info: udroid Zink ownership-trace image_barrier_tracking seq=35 threadToken=0x74c1229b80 res=0x3000aa6080 obj=0x3000aa6270 image=0x3000af6e70 bo=0x3000aa6680 batch=0x3000cd1ca0 batch_id=0 layout=VK_IMAGE_LAYOUT_COLOR_ATTACHMENT_OPTIMAL queue=IGNORED(4294967295) exportable=1 dt=(nil) dt_idx=4294967295 dt_layout_updated=0 dmabuf_exports_checked=1 found=0 inserted=1 queue_import=1
MESA: info: udroid Zink ownership-trace export_dmabuf_sem_begin seq=67 threadToken=0x74c1229b29 screen=0x300005f580 res=0x3000aa6080 obj=0x3000aa6270 image=0x3000af6e70 bo=0x3000aa6680 layout=COLOR_ATTACHMENT_OPTIMAL queue=IGNORED(4294967295) gfxQueue=0 exportable=1 dt=(nil) dt_idx=4294967295 is_aux=0
MESA: info: udroid Zink ownership-trace export_dmabuf_sem_result seq=68 threadToken=0x74c1229b29 screen=0x300005f580 res=0x3000aa6080 obj=0x3000aa6270 image=0x3000af6e70 bo=0x3000aa6680 layout=COLOR_ATTACHMENT_OPTIMAL queue=IGNORED(4294967295) fd=68 exportedSyncFd=71 sem=0x3000ce8a20 importSemaphoreSuccess=1
MESA: info: udroid Zink ownership-trace image_barrier_queue_import_sem seq=36 threadToken=0x74c1229b80 res=0x3000aa6080 child=0x3000aa6080 obj=0x3000aa6270 image=0x3000af6e70 bo=0x3000aa6680 batch=0x3000cd1ca0 batch_id=0 sem=0x3000ce8a20 appended=1
MESA: info: udroid Zink ownership-trace release_barrier seq=56 threadToken=0x74c1229b81 screen=0x300005f580 bs=0x3000cd1ca0 batch_id=0 api=sync2 tableCmdPipelineBarrier2NonNull=1 res=0x3000aa6080 obj=0x3000aa6270 image=0x3000af6e70 bo=0x3000aa6680 oldLayout=COLOR_ATTACHMENT_OPTIMAL newLayout=COLOR_ATTACHMENT_OPTIMAL oldQueue=IGNORED(4294967295) srcQueue=gfx(0) dstQueue=FOREIGN(4294967293) exportable=1 dt=(nil) dt_idx=4294967295
MESA: info: udroid Zink ownership-trace release_signal_sem seq=57 threadToken=0x74c1229b81 screen=0x300005f580 bs=0x3000cd1ca0 batch_id=0 res=0x3000aa6080 obj=0x3000aa6270 image=0x3000af6e70 bo=0x3000aa6680 layout=COLOR_ATTACHMENT_OPTIMAL queue=FOREIGN(4294967293) sem=0x3000cf42d0 appended=1
MESA: info: udroid Zink ownership-trace submit_pre seq=58 threadToken=0x74bdbbbb41 screen=0x300005f580 queue=0x3000075500 bs=0x3000cd1ca0 batch_id=12 numSubmitInfos=3 acquireWaits=0 fdWaits=1 cmdBuffers=1 signals=2 dmabufExports=1 hasWork=1 hasReordered=0 hasUnsync=0
MESA: info: udroid Zink ownership-trace submit_post seq=59 threadToken=0x74bdbbbb41 screen=0x300005f580 queue=0x3000075500 bs=0x3000cd1ca0 batch_id=12 result=VK_SUCCESS dmabufExports=1 signalSemaphores=1 fdWaitSemaphores=1
MESA: info: udroid Zink ownership-trace import_dmabuf_sem_begin seq=69 threadToken=0x74bdbbbae9 screen=0x300005f580 res=0x3000aa6080 obj=0x3000aa6270 image=0x3000af6e70 bo=0x3000aa6680 layout=COLOR_ATTACHMENT_OPTIMAL queue=FOREIGN(4294967293) gfxQueue=0 exportable=1 dt=(nil) dt_idx=4294967295 sem=0x3000cf42d0
MESA: info: udroid Zink ownership-trace import_dmabuf_sem_getfd seq=70 threadToken=0x74bdbbbae9 screen=0x300005f580 res=0x3000aa6080 sem=0x3000cf42d0 result=VK_SUCCESS syncFileFd=68
MESA: info: udroid Zink ownership-trace import_dmabuf_sem_fd seq=71 threadToken=0x74bdbbbae9 screen=0x300005f580 res=0x3000aa6080 sem=0x3000cf42d0 syncFileFd=68 dmaBufFd=71 acquireSucceeded=1 isAux=0
MESA: info: udroid Zink ownership-trace import_dmabuf_sem_ioctl seq=72 threadToken=0x74bdbbbae9 screen=0x300005f580 res=0x3000aa6080 sem=0x3000cf42d0 syncFileFd=68 dmaBufFd=71 ioctlRet=0 errno=0 failed=0
MESA: info: udroid Zink ownership-trace submit_import_dmabuf_sync seq=60 threadToken=0x74bdbbbb41 screen=0x300005f580 bs=0x3000cd1ca0 batch_id=12 res=0x3000aa6080 obj=0x3000aa6270 image=0x3000af6e70 bo=0x3000aa6680 layout=COLOR_ATTACHMENT_OPTIMAL queue=FOREIGN(4294967293) sem=0x3000cf42d0 importOk=0
MESA: info: udroid Zink ownership-trace image_barrier_exec seq=37 threadToken=0x74c1229b80 res=0x3000ab3800 obj=0x3000c4ce60 image=0x3000a81a00 bo=0x3000c41db0 batch=0x3000d23f60 batch_id=0 cmdbuf=0x3000cf45e0 api=sync2 unsync=0 oldLayout=VK_IMAGE_LAYOUT_COLOR_ATTACHMENT_OPTIMAL newLayout=VK_IMAGE_LAYOUT_COLOR_ATTACHMENT_OPTIMAL oldQueue=FOREIGN(4294967293) afterEmitQueue=IGNORED(4294967295) gfxQueue=0 queue_import=1 completed=0 usage_matches=1 exportable=1 dt=(nil) dt_idx=4294967295 flags=0x180 pipeline=0x400
MESA: info: udroid Zink ownership-trace image_barrier_tracking seq=38 threadToken=0x74c1229b80 res=0x3000ab3800 obj=0x3000c4ce60 image=0x3000a81a00 bo=0x3000c41db0 batch=0x3000d23f60 batch_id=0 layout=VK_IMAGE_LAYOUT_COLOR_ATTACHMENT_OPTIMAL queue=IGNORED(4294967295) exportable=1 dt=(nil) dt_idx=4294967295 dt_layout_updated=0 dmabuf_exports_checked=1 found=0 inserted=1 queue_import=1
MESA: info: udroid Zink ownership-trace export_dmabuf_sem_begin seq=73 threadToken=0x74c1229b29 screen=0x300005f580 res=0x3000ab3800 obj=0x3000c4ce60 image=0x3000a81a00 bo=0x3000c41db0 layout=COLOR_ATTACHMENT_OPTIMAL queue=IGNORED(4294967295) gfxQueue=0 exportable=1 dt=(nil) dt_idx=4294967295 is_aux=0
MESA: info: udroid Zink ownership-trace export_dmabuf_sem_result seq=74 threadToken=0x74c1229b29 screen=0x300005f580 res=0x3000ab3800 obj=0x3000c4ce60 image=0x3000a81a00 bo=0x3000c41db0 layout=COLOR_ATTACHMENT_OPTIMAL queue=IGNORED(4294967295) fd=68 exportedSyncFd=71 sem=0x3000cff8e0 importSemaphoreSuccess=1
MESA: info: udroid Zink ownership-trace image_barrier_queue_import_sem seq=39 threadToken=0x74c1229b80 res=0x3000ab3800 child=0x3000ab3800 obj=0x3000c4ce60 image=0x3000a81a00 bo=0x3000c41db0 batch=0x3000d23f60 batch_id=0 sem=0x3000cff8e0 appended=1
MESA: info: udroid Zink ownership-trace release_barrier seq=61 threadToken=0x74c1229b81 screen=0x300005f580 bs=0x3000d23f60 batch_id=0 api=sync2 tableCmdPipelineBarrier2NonNull=1 res=0x3000ab3800 obj=0x3000c4ce60 image=0x3000a81a00 bo=0x3000c41db0 oldLayout=COLOR_ATTACHMENT_OPTIMAL newLayout=COLOR_ATTACHMENT_OPTIMAL oldQueue=IGNORED(4294967295) srcQueue=gfx(0) dstQueue=FOREIGN(4294967293) exportable=1 dt=(nil) dt_idx=4294967295
MESA: info: udroid Zink ownership-trace release_signal_sem seq=62 threadToken=0x74c1229b81 screen=0x300005f580 bs=0x3000d23f60 batch_id=0 res=0x3000ab3800 obj=0x3000c4ce60 image=0x3000a81a00 bo=0x3000c41db0 layout=COLOR_ATTACHMENT_OPTIMAL queue=FOREIGN(4294967293) sem=0x3000d3b4e0 appended=1
MESA: info: udroid Zink ownership-trace submit_pre seq=63 threadToken=0x74bdbbbb41 screen=0x300005f580 queue=0x3000075500 bs=0x3000d23f60 batch_id=13 numSubmitInfos=3 acquireWaits=0 fdWaits=1 cmdBuffers=1 signals=2 dmabufExports=1 hasWork=1 hasReordered=0 hasUnsync=0
MESA: info: udroid Zink ownership-trace submit_post seq=64 threadToken=0x74bdbbbb41 screen=0x300005f580 queue=0x3000075500 bs=0x3000d23f60 batch_id=13 result=VK_SUCCESS dmabufExports=1 signalSemaphores=1 fdWaitSemaphores=1
MESA: info: udroid Zink ownership-trace import_dmabuf_sem_begin seq=75 threadToken=0x74bdbbbae9 screen=0x300005f580 res=0x3000ab3800 obj=0x3000c4ce60 image=0x3000a81a00 bo=0x3000c41db0 layout=COLOR_ATTACHMENT_OPTIMAL queue=FOREIGN(4294967293) gfxQueue=0 exportable=1 dt=(nil) dt_idx=4294967295 sem=0x3000d3b4e0
MESA: info: udroid Zink ownership-trace import_dmabuf_sem_getfd seq=76 threadToken=0x74bdbbbae9 screen=0x300005f580 res=0x3000ab3800 sem=0x3000d3b4e0 result=VK_SUCCESS syncFileFd=68
MESA: info: udroid Zink ownership-trace import_dmabuf_sem_fd seq=77 threadToken=0x74bdbbbae9 screen=0x300005f580 res=0x3000ab3800 sem=0x3000d3b4e0 syncFileFd=68 dmaBufFd=71 acquireSucceeded=1 isAux=0
MESA: info: udroid Zink ownership-trace import_dmabuf_sem_ioctl seq=78 threadToken=0x74bdbbbae9 screen=0x300005f580 res=0x3000ab3800 sem=0x3000d3b4e0 syncFileFd=68 dmaBufFd=71 ioctlRet=0 errno=0 failed=0
MESA: info: udroid Zink ownership-trace submit_import_dmabuf_sync seq=65 threadToken=0x74bdbbbb41 screen=0x300005f580 bs=0x3000d23f60 batch_id=13 res=0x3000ab3800 obj=0x3000c4ce60 image=0x3000a81a00 bo=0x3000c41db0 layout=COLOR_ATTACHMENT_OPTIMAL queue=FOREIGN(4294967293) sem=0x3000d3b4e0 importOk=0
MESA: info: udroid Zink ownership-trace image_barrier_exec seq=40 threadToken=0x74c1229b80 res=0x3000af7000 obj=0x3000c4d5c0 image=0x3000a743c0 bo=0x3000c4e340 batch=0x3000d3b600 batch_id=0 cmdbuf=0x3000d4bdc0 api=sync2 unsync=0 oldLayout=VK_IMAGE_LAYOUT_COLOR_ATTACHMENT_OPTIMAL newLayout=VK_IMAGE_LAYOUT_COLOR_ATTACHMENT_OPTIMAL oldQueue=FOREIGN(4294967293) afterEmitQueue=IGNORED(4294967295) gfxQueue=0 queue_import=1 completed=0 usage_matches=1 exportable=1 dt=(nil) dt_idx=4294967295 flags=0x180 pipeline=0x400
MESA: info: udroid Zink ownership-trace image_barrier_tracking seq=41 threadToken=0x74c1229b80 res=0x3000af7000 obj=0x3000c4d5c0 image=0x3000a743c0 bo=0x3000c4e340 batch=0x3000d3b600 batch_id=0 layout=VK_IMAGE_LAYOUT_COLOR_ATTACHMENT_OPTIMAL queue=IGNORED(4294967295) exportable=1 dt=(nil) dt_idx=4294967295 dt_layout_updated=0 dmabuf_exports_checked=1 found=0 inserted=1 queue_import=1
MESA: info: udroid Zink ownership-trace export_dmabuf_sem_begin seq=79 threadToken=0x74c1229b29 screen=0x300005f580 res=0x3000af7000 obj=0x3000c4d5c0 image=0x3000a743c0 bo=0x3000c4e340 layout=COLOR_ATTACHMENT_OPTIMAL queue=IGNORED(4294967295) gfxQueue=0 exportable=1 dt=(nil) dt_idx=4294967295 is_aux=0
MESA: info: udroid Zink ownership-trace export_dmabuf_sem_result seq=80 threadToken=0x74c1229b29 screen=0x300005f580 res=0x3000af7000 obj=0x3000c4d5c0 image=0x3000a743c0 bo=0x3000c4e340 layout=COLOR_ATTACHMENT_OPTIMAL queue=IGNORED(4294967295) fd=68 exportedSyncFd=71 sem=0x3000d52380 importSemaphoreSuccess=1
MESA: info: udroid Zink ownership-trace image_barrier_queue_import_sem seq=42 threadToken=0x74c1229b80 res=0x3000af7000 child=0x3000af7000 obj=0x3000c4d5c0 image=0x3000a743c0 bo=0x3000c4e340 batch=0x3000d3b600 batch_id=0 sem=0x3000d52380 appended=1
MESA: info: udroid Zink ownership-trace release_barrier seq=66 threadToken=0x74c1229b81 screen=0x300005f580 bs=0x3000d3b600 batch_id=0 api=sync2 tableCmdPipelineBarrier2NonNull=1 res=0x3000af7000 obj=0x3000c4d5c0 image=0x3000a743c0 bo=0x3000c4e340 oldLayout=COLOR_ATTACHMENT_OPTIMAL newLayout=COLOR_ATTACHMENT_OPTIMAL oldQueue=IGNORED(4294967295) srcQueue=gfx(0) dstQueue=FOREIGN(4294967293) exportable=1 dt=(nil) dt_idx=4294967295
MESA: info: udroid Zink ownership-trace release_signal_sem seq=67 threadToken=0x74c1229b81 screen=0x300005f580 bs=0x3000d3b600 batch_id=0 res=0x3000af7000 obj=0x3000c4d5c0 image=0x3000a743c0 bo=0x3000c4e340 layout=COLOR_ATTACHMENT_OPTIMAL queue=FOREIGN(4294967293) sem=0x3000d5dc60 appended=1
MESA: info: udroid Zink ownership-trace submit_pre seq=68 threadToken=0x74bdbbbb41 screen=0x300005f580 queue=0x3000075500 bs=0x3000d3b600 batch_id=14 numSubmitInfos=3 acquireWaits=0 fdWaits=1 cmdBuffers=1 signals=2 dmabufExports=1 hasWork=1 hasReordered=0 hasUnsync=0
MESA: info: udroid Zink ownership-trace submit_post seq=69 threadToken=0x74bdbbbb41 screen=0x300005f580 queue=0x3000075500 bs=0x3000d3b600 batch_id=14 result=VK_SUCCESS dmabufExports=1 signalSemaphores=1 fdWaitSemaphores=1
MESA: info: udroid Zink ownership-trace import_dmabuf_sem_begin seq=81 threadToken=0x74bdbbbae9 screen=0x300005f580 res=0x3000af7000 obj=0x3000c4d5c0 image=0x3000a743c0 bo=0x3000c4e340 layout=COLOR_ATTACHMENT_OPTIMAL queue=FOREIGN(4294967293) gfxQueue=0 exportable=1 dt=(nil) dt_idx=4294967295 sem=0x3000d5dc60
MESA: info: udroid Zink ownership-trace import_dmabuf_sem_getfd seq=82 threadToken=0x74bdbbbae9 screen=0x300005f580 res=0x3000af7000 sem=0x3000d5dc60 result=VK_SUCCESS syncFileFd=68
MESA: info: udroid Zink ownership-trace import_dmabuf_sem_fd seq=83 threadToken=0x74bdbbbae9 screen=0x300005f580 res=0x3000af7000 sem=0x3000d5dc60 syncFileFd=68 dmaBufFd=71 acquireSucceeded=1 isAux=0
MESA: info: udroid Zink ownership-trace import_dmabuf_sem_ioctl seq=84 threadToken=0x74bdbbbae9 screen=0x300005f580 res=0x3000af7000 sem=0x3000d5dc60 syncFileFd=68 dmaBufFd=71 ioctlRet=0 errno=0 failed=0
MESA: info: udroid Zink ownership-trace submit_import_dmabuf_sync seq=70 threadToken=0x74bdbbbb41 screen=0x300005f580 bs=0x3000d3b600 batch_id=14 res=0x3000af7000 obj=0x3000c4d5c0 image=0x3000a743c0 bo=0x3000c4e340 layout=COLOR_ATTACHMENT_OPTIMAL queue=FOREIGN(4294967293) sem=0x3000d5dc60 importOk=0
MESA: info: udroid Zink ownership-trace image_barrier_exec seq=43 threadToken=0x74c1229b80 res=0x3000aaac00 obj=0x3000c43f30 image=0x3000af4050 bo=0x3000a72b30 batch=0x3000d5dd80 batch_id=0 cmdbuf=0x3000d6e720 api=sync2 unsync=0 oldLayout=VK_IMAGE_LAYOUT_COLOR_ATTACHMENT_OPTIMAL newLayout=VK_IMAGE_LAYOUT_COLOR_ATTACHMENT_OPTIMAL oldQueue=FOREIGN(4294967293) afterEmitQueue=IGNORED(4294967295) gfxQueue=0 queue_import=1 completed=0 usage_matches=1 exportable=1 dt=(nil) dt_idx=4294967295 flags=0x180 pipeline=0x400
MESA: info: udroid Zink ownership-trace image_barrier_tracking seq=44 threadToken=0x74c1229b80 res=0x3000aaac00 obj=0x3000c43f30 image=0x3000af4050 bo=0x3000a72b30 batch=0x3000d5dd80 batch_id=0 layout=VK_IMAGE_LAYOUT_COLOR_ATTACHMENT_OPTIMAL queue=IGNORED(4294967295) exportable=1 dt=(nil) dt_idx=4294967295 dt_layout_updated=0 dmabuf_exports_checked=1 found=0 inserted=1 queue_import=1
MESA: info: udroid Zink ownership-trace export_dmabuf_sem_begin seq=85 threadToken=0x74c1229b29 screen=0x300005f580 res=0x3000aaac00 obj=0x3000c43f30 image=0x3000af4050 bo=0x3000a72b30 layout=COLOR_ATTACHMENT_OPTIMAL queue=IGNORED(4294967295) gfxQueue=0 exportable=1 dt=(nil) dt_idx=4294967295 is_aux=0
MESA: info: udroid Zink ownership-trace export_dmabuf_sem_result seq=86 threadToken=0x74c1229b29 screen=0x300005f580 res=0x3000aaac00 obj=0x3000c43f30 image=0x3000af4050 bo=0x3000a72b30 layout=COLOR_ATTACHMENT_OPTIMAL queue=IGNORED(4294967295) fd=68 exportedSyncFd=71 sem=0x3000d74ec0 importSemaphoreSuccess=1
MESA: info: udroid Zink ownership-trace image_barrier_queue_import_sem seq=45 threadToken=0x74c1229b80 res=0x3000aaac00 child=0x3000aaac00 obj=0x3000c43f30 image=0x3000af4050 bo=0x3000a72b30 batch=0x3000d5dd80 batch_id=0 sem=0x3000d74ec0 appended=1
MESA: info: udroid Zink ownership-trace release_barrier seq=71 threadToken=0x74c1229b81 screen=0x300005f580 bs=0x3000d5dd80 batch_id=0 api=sync2 tableCmdPipelineBarrier2NonNull=1 res=0x3000aaac00 obj=0x3000c43f30 image=0x3000af4050 bo=0x3000a72b30 oldLayout=COLOR_ATTACHMENT_OPTIMAL newLayout=COLOR_ATTACHMENT_OPTIMAL oldQueue=IGNORED(4294967295) srcQueue=gfx(0) dstQueue=FOREIGN(4294967293) exportable=1 dt=(nil) dt_idx=4294967295
MESA: info: udroid Zink ownership-trace release_signal_sem seq=72 threadToken=0x74c1229b81 screen=0x300005f580 bs=0x3000d5dd80 batch_id=0 res=0x3000aaac00 obj=0x3000c43f30 image=0x3000af4050 bo=0x3000a72b30 layout=COLOR_ATTACHMENT_OPTIMAL queue=FOREIGN(4294967293) sem=0x3000d807a0 appended=1
MESA: info: udroid Zink ownership-trace submit_pre seq=73 threadToken=0x74bdbbbb41 screen=0x300005f580 queue=0x3000075500 bs=0x3000d5dd80 batch_id=15 numSubmitInfos=3 acquireWaits=0 fdWaits=1 cmdBuffers=1 signals=2 dmabufExports=1 hasWork=1 hasReordered=0 hasUnsync=0
MESA: info: udroid Zink ownership-trace submit_post seq=74 threadToken=0x74bdbbbb41 screen=0x300005f580 queue=0x3000075500 bs=0x3000d5dd80 batch_id=15 result=VK_SUCCESS dmabufExports=1 signalSemaphores=1 fdWaitSemaphores=1
MESA: info: udroid Zink ownership-trace import_dmabuf_sem_begin seq=87 threadToken=0x74bdbbbae9 screen=0x300005f580 res=0x3000aaac00 obj=0x3000c43f30 image=0x3000af4050 bo=0x3000a72b30 layout=COLOR_ATTACHMENT_OPTIMAL queue=FOREIGN(4294967293) gfxQueue=0 exportable=1 dt=(nil) dt_idx=4294967295 sem=0x3000d807a0
MESA: info: udroid Zink ownership-trace import_dmabuf_sem_getfd seq=88 threadToken=0x74bdbbbae9 screen=0x300005f580 res=0x3000aaac00 sem=0x3000d807a0 result=VK_SUCCESS syncFileFd=68
MESA: info: udroid Zink ownership-trace import_dmabuf_sem_fd seq=89 threadToken=0x74bdbbbae9 screen=0x300005f580 res=0x3000aaac00 sem=0x3000d807a0 syncFileFd=68 dmaBufFd=71 acquireSucceeded=1 isAux=0
MESA: info: udroid Zink ownership-trace import_dmabuf_sem_ioctl seq=90 threadToken=0x74bdbbbae9 screen=0x300005f580 res=0x3000aaac00 sem=0x3000d807a0 syncFileFd=68 dmaBufFd=71 ioctlRet=0 errno=0 failed=0
MESA: info: udroid Zink ownership-trace submit_import_dmabuf_sync seq=75 threadToken=0x74bdbbbb41 screen=0x300005f580 bs=0x3000d5dd80 batch_id=15 res=0x3000aaac00 obj=0x3000c43f30 image=0x3000af4050 bo=0x3000a72b30 layout=COLOR_ATTACHMENT_OPTIMAL queue=FOREIGN(4294967293) sem=0x3000d807a0 importOk=0
MESA: info: udroid Zink ownership-trace image_barrier_exec seq=46 threadToken=0x74c1229b80 res=0x3000a7b5c0 obj=0x3000a78430 image=0x3000c42210 bo=0x3000a78710 batch=0x3000d808c0 batch_id=0 cmdbuf=0x3000d91080 api=sync2 unsync=0 oldLayout=VK_IMAGE_LAYOUT_COLOR_ATTACHMENT_OPTIMAL newLayout=VK_IMAGE_LAYOUT_COLOR_ATTACHMENT_OPTIMAL oldQueue=FOREIGN(4294967293) afterEmitQueue=IGNORED(4294967295) gfxQueue=0 queue_import=1 completed=0 usage_matches=1 exportable=1 dt=(nil) dt_idx=4294967295 flags=0x180 pipeline=0x400
MESA: info: udroid Zink ownership-trace image_barrier_tracking seq=47 threadToken=0x74c1229b80 res=0x3000a7b5c0 obj=0x3000a78430 image=0x3000c42210 bo=0x3000a78710 batch=0x3000d808c0 batch_id=0 layout=VK_IMAGE_LAYOUT_COLOR_ATTACHMENT_OPTIMAL queue=IGNORED(4294967295) exportable=1 dt=(nil) dt_idx=4294967295 dt_layout_updated=0 dmabuf_exports_checked=1 found=0 inserted=1 queue_import=1
MESA: info: udroid Zink ownership-trace export_dmabuf_sem_begin seq=91 threadToken=0x74c1229b29 screen=0x300005f580 res=0x3000a7b5c0 obj=0x3000a78430 image=0x3000c42210 bo=0x3000a78710 layout=COLOR_ATTACHMENT_OPTIMAL queue=IGNORED(4294967295) gfxQueue=0 exportable=1 dt=(nil) dt_idx=4294967295 is_aux=0
MESA: info: udroid Zink ownership-trace export_dmabuf_sem_result seq=92 threadToken=0x74c1229b29 screen=0x300005f580 res=0x3000a7b5c0 obj=0x3000a78430 image=0x3000c42210 bo=0x3000a78710 layout=COLOR_ATTACHMENT_OPTIMAL queue=IGNORED(4294967295) fd=68 exportedSyncFd=71 sem=0x3000d97640 importSemaphoreSuccess=1
MESA: info: udroid Zink ownership-trace image_barrier_queue_import_sem seq=48 threadToken=0x74c1229b80 res=0x3000a7b5c0 child=0x3000a7b5c0 obj=0x3000a78430 image=0x3000c42210 bo=0x3000a78710 batch=0x3000d808c0 batch_id=0 sem=0x3000d97640 appended=1
MESA: info: udroid Zink ownership-trace release_barrier seq=76 threadToken=0x74c1229b81 screen=0x300005f580 bs=0x3000d808c0 batch_id=0 api=sync2 tableCmdPipelineBarrier2NonNull=1 res=0x3000a7b5c0 obj=0x3000a78430 image=0x3000c42210 bo=0x3000a78710 oldLayout=COLOR_ATTACHMENT_OPTIMAL newLayout=COLOR_ATTACHMENT_OPTIMAL oldQueue=IGNORED(4294967295) srcQueue=gfx(0) dstQueue=FOREIGN(4294967293) exportable=1 dt=(nil) dt_idx=4294967295
MESA: info: udroid Zink ownership-trace release_signal_sem seq=77 threadToken=0x74c1229b81 screen=0x300005f580 bs=0x3000d808c0 batch_id=0 res=0x3000a7b5c0 obj=0x3000a78430 image=0x3000c42210 bo=0x3000a78710 layout=COLOR_ATTACHMENT_OPTIMAL queue=FOREIGN(4294967293) sem=0x3000da2f20 appended=1
MESA: info: udroid Zink ownership-trace submit_pre seq=78 threadToken=0x74bdbbbb41 screen=0x300005f580 queue=0x3000075500 bs=0x3000d808c0 batch_id=16 numSubmitInfos=3 acquireWaits=0 fdWaits=1 cmdBuffers=1 signals=2 dmabufExports=1 hasWork=1 hasReordered=0 hasUnsync=0
MESA: info: udroid Zink ownership-trace submit_post seq=79 threadToken=0x74bdbbbb41 screen=0x300005f580 queue=0x3000075500 bs=0x3000d808c0 batch_id=16 result=VK_SUCCESS dmabufExports=1 signalSemaphores=1 fdWaitSemaphores=1
MESA: info: udroid Zink ownership-trace import_dmabuf_sem_begin seq=93 threadToken=0x74bdbbbae9 screen=0x300005f580 res=0x3000a7b5c0 obj=0x3000a78430 image=0x3000c42210 bo=0x3000a78710 layout=COLOR_ATTACHMENT_OPTIMAL queue=FOREIGN(4294967293) gfxQueue=0 exportable=1 dt=(nil) dt_idx=4294967295 sem=0x3000da2f20
MESA: info: udroid Zink ownership-trace import_dmabuf_sem_getfd seq=94 threadToken=0x74bdbbbae9 screen=0x300005f580 res=0x3000a7b5c0 sem=0x3000da2f20 result=VK_SUCCESS syncFileFd=68
MESA: info: udroid Zink ownership-trace import_dmabuf_sem_fd seq=95 threadToken=0x74bdbbbae9 screen=0x300005f580 res=0x3000a7b5c0 sem=0x3000da2f20 syncFileFd=68 dmaBufFd=71 acquireSucceeded=1 isAux=0
MESA: info: udroid Zink ownership-trace import_dmabuf_sem_ioctl seq=96 threadToken=0x74bdbbbae9 screen=0x300005f580 res=0x3000a7b5c0 sem=0x3000da2f20 syncFileFd=68 dmaBufFd=71 ioctlRet=0 errno=0 failed=0
MESA: info: udroid Zink ownership-trace submit_import_dmabuf_sync seq=80 threadToken=0x74bdbbbb41 screen=0x300005f580 bs=0x3000d808c0 batch_id=16 res=0x3000a7b5c0 obj=0x3000a78430 image=0x3000c42210 bo=0x3000a78710 layout=COLOR_ATTACHMENT_OPTIMAL queue=FOREIGN(4294967293) sem=0x3000da2f20 importOk=0
MESA: info: udroid Zink ownership-trace image_barrier_exec seq=49 threadToken=0x74c1229b80 res=0x3000ade5c0 obj=0x3000ade7b0 image=0x3000ade590 bo=0x3000adeaf0 batch=0x3000da3040 batch_id=0 cmdbuf=0x3000db3800 api=sync2 unsync=0 oldLayout=VK_IMAGE_LAYOUT_COLOR_ATTACHMENT_OPTIMAL newLayout=VK_IMAGE_LAYOUT_COLOR_ATTACHMENT_OPTIMAL oldQueue=FOREIGN(4294967293) afterEmitQueue=IGNORED(4294967295) gfxQueue=0 queue_import=1 completed=0 usage_matches=1 exportable=1 dt=(nil) dt_idx=4294967295 flags=0x180 pipeline=0x400
MESA: info: udroid Zink ownership-trace image_barrier_tracking seq=50 threadToken=0x74c1229b80 res=0x3000ade5c0 obj=0x3000ade7b0 image=0x3000ade590 bo=0x3000adeaf0 batch=0x3000da3040 batch_id=0 layout=VK_IMAGE_LAYOUT_COLOR_ATTACHMENT_OPTIMAL queue=IGNORED(4294967295) exportable=1 dt=(nil) dt_idx=4294967295 dt_layout_updated=0 dmabuf_exports_checked=1 found=0 inserted=1 queue_import=1
MESA: info: udroid Zink ownership-trace export_dmabuf_sem_begin seq=97 threadToken=0x74c1229b29 screen=0x300005f580 res=0x3000ade5c0 obj=0x3000ade7b0 image=0x3000ade590 bo=0x3000adeaf0 layout=COLOR_ATTACHMENT_OPTIMAL queue=IGNORED(4294967295) gfxQueue=0 exportable=1 dt=(nil) dt_idx=4294967295 is_aux=0
MESA: info: udroid Zink ownership-trace export_dmabuf_sem_result seq=98 threadToken=0x74c1229b29 screen=0x300005f580 res=0x3000ade5c0 obj=0x3000ade7b0 image=0x3000ade590 bo=0x3000adeaf0 layout=COLOR_ATTACHMENT_OPTIMAL queue=IGNORED(4294967295) fd=68 exportedSyncFd=71 sem=0x3000db9dc0 importSemaphoreSuccess=1
MESA: info: udroid Zink ownership-trace image_barrier_queue_import_sem seq=51 threadToken=0x74c1229b80 res=0x3000ade5c0 child=0x3000ade5c0 obj=0x3000ade7b0 image=0x3000ade590 bo=0x3000adeaf0 batch=0x3000da3040 batch_id=0 sem=0x3000db9dc0 appended=1
MESA: info: udroid Zink ownership-trace release_barrier seq=81 threadToken=0x74c1229b81 screen=0x300005f580 bs=0x3000da3040 batch_id=0 api=sync2 tableCmdPipelineBarrier2NonNull=1 res=0x3000ade5c0 obj=0x3000ade7b0 image=0x3000ade590 bo=0x3000adeaf0 oldLayout=COLOR_ATTACHMENT_OPTIMAL newLayout=COLOR_ATTACHMENT_OPTIMAL oldQueue=IGNORED(4294967295) srcQueue=gfx(0) dstQueue=FOREIGN(4294967293) exportable=1 dt=(nil) dt_idx=4294967295
MESA: info: udroid Zink ownership-trace release_signal_sem seq=82 threadToken=0x74c1229b81 screen=0x300005f580 bs=0x3000da3040 batch_id=0 res=0x3000ade5c0 obj=0x3000ade7b0 image=0x3000ade590 bo=0x3000adeaf0 layout=COLOR_ATTACHMENT_OPTIMAL queue=FOREIGN(4294967293) sem=0x3000dc56a0 appended=1
MESA: info: udroid Zink ownership-trace submit_pre seq=83 threadToken=0x74bdbbbb41 screen=0x300005f580 queue=0x3000075500 bs=0x3000da3040 batch_id=17 numSubmitInfos=3 acquireWaits=0 fdWaits=1 cmdBuffers=1 signals=2 dmabufExports=1 hasWork=1 hasReordered=0 hasUnsync=0
MESA: info: udroid Zink ownership-trace submit_post seq=84 threadToken=0x74bdbbbb41 screen=0x300005f580 queue=0x3000075500 bs=0x3000da3040 batch_id=17 result=VK_SUCCESS dmabufExports=1 signalSemaphores=1 fdWaitSemaphores=1
MESA: info: udroid Zink ownership-trace import_dmabuf_sem_begin seq=99 threadToken=0x74bdbbbae9 screen=0x300005f580 res=0x3000ade5c0 obj=0x3000ade7b0 image=0x3000ade590 bo=0x3000adeaf0 layout=COLOR_ATTACHMENT_OPTIMAL queue=FOREIGN(4294967293) gfxQueue=0 exportable=1 dt=(nil) dt_idx=4294967295 sem=0x3000dc56a0
MESA: info: udroid Zink ownership-trace import_dmabuf_sem_getfd seq=100 threadToken=0x74bdbbbae9 screen=0x300005f580 res=0x3000ade5c0 sem=0x3000dc56a0 result=VK_SUCCESS syncFileFd=68
MESA: info: udroid Zink ownership-trace import_dmabuf_sem_fd seq=101 threadToken=0x74bdbbbae9 screen=0x300005f580 res=0x3000ade5c0 sem=0x3000dc56a0 syncFileFd=68 dmaBufFd=71 acquireSucceeded=1 isAux=0
MESA: info: udroid Zink ownership-trace import_dmabuf_sem_ioctl seq=102 threadToken=0x74bdbbbae9 screen=0x300005f580 res=0x3000ade5c0 sem=0x3000dc56a0 syncFileFd=68 dmaBufFd=71 ioctlRet=0 errno=0 failed=0
MESA: info: udroid Zink ownership-trace submit_import_dmabuf_sync seq=85 threadToken=0x74bdbbbb41 screen=0x300005f580 bs=0x3000da3040 batch_id=17 res=0x3000ade5c0 obj=0x3000ade7b0 image=0x3000ade590 bo=0x3000adeaf0 layout=COLOR_ATTACHMENT_OPTIMAL queue=FOREIGN(4294967293) sem=0x3000dc56a0 importOk=0
MESA: info: udroid Zink ownership-trace image_barrier_exec seq=52 threadToken=0x74c1229b80 res=0x3000aa6080 obj=0x3000aa6270 image=0x3000af6e70 bo=0x3000aa6680 batch=0x3000dc57c0 batch_id=0 cmdbuf=0x3000dd5f80 api=sync2 unsync=0 oldLayout=VK_IMAGE_LAYOUT_COLOR_ATTACHMENT_OPTIMAL newLayout=VK_IMAGE_LAYOUT_COLOR_ATTACHMENT_OPTIMAL oldQueue=FOREIGN(4294967293) afterEmitQueue=IGNORED(4294967295) gfxQueue=0 queue_import=1 completed=0 usage_matches=1 exportable=1 dt=(nil) dt_idx=4294967295 flags=0x180 pipeline=0x400
MESA: info: udroid Zink ownership-trace image_barrier_tracking seq=53 threadToken=0x74c1229b80 res=0x3000aa6080 obj=0x3000aa6270 image=0x3000af6e70 bo=0x3000aa6680 batch=0x3000dc57c0 batch_id=0 layout=VK_IMAGE_LAYOUT_COLOR_ATTACHMENT_OPTIMAL queue=IGNORED(4294967295) exportable=1 dt=(nil) dt_idx=4294967295 dt_layout_updated=0 dmabuf_exports_checked=1 found=0 inserted=1 queue_import=1
MESA: info: udroid Zink ownership-trace export_dmabuf_sem_begin seq=103 threadToken=0x74c1229b29 screen=0x300005f580 res=0x3000aa6080 obj=0x3000aa6270 image=0x3000af6e70 bo=0x3000aa6680 layout=COLOR_ATTACHMENT_OPTIMAL queue=IGNORED(4294967295) gfxQueue=0 exportable=1 dt=(nil) dt_idx=4294967295 is_aux=0
MESA: info: udroid Zink ownership-trace export_dmabuf_sem_result seq=104 threadToken=0x74c1229b29 screen=0x300005f580 res=0x3000aa6080 obj=0x3000aa6270 image=0x3000af6e70 bo=0x3000aa6680 layout=COLOR_ATTACHMENT_OPTIMAL queue=IGNORED(4294967295) fd=68 exportedSyncFd=71 sem=0x3000ddc540 importSemaphoreSuccess=1
MESA: info: udroid Zink ownership-trace image_barrier_queue_import_sem seq=54 threadToken=0x74c1229b80 res=0x3000aa6080 child=0x3000aa6080 obj=0x3000aa6270 image=0x3000af6e70 bo=0x3000aa6680 batch=0x3000dc57c0 batch_id=0 sem=0x3000ddc540 appended=1
MESA: info: udroid Zink ownership-trace release_barrier seq=86 threadToken=0x74c1229b81 screen=0x300005f580 bs=0x3000dc57c0 batch_id=0 api=sync2 tableCmdPipelineBarrier2NonNull=1 res=0x3000aa6080 obj=0x3000aa6270 image=0x3000af6e70 bo=0x3000aa6680 oldLayout=COLOR_ATTACHMENT_OPTIMAL newLayout=COLOR_ATTACHMENT_OPTIMAL oldQueue=IGNORED(4294967295) srcQueue=gfx(0) dstQueue=FOREIGN(4294967293) exportable=1 dt=(nil) dt_idx=4294967295
MESA: info: udroid Zink ownership-trace release_signal_sem seq=87 threadToken=0x74c1229b81 screen=0x300005f580 bs=0x3000dc57c0 batch_id=0 res=0x3000aa6080 obj=0x3000aa6270 image=0x3000af6e70 bo=0x3000aa6680 layout=COLOR_ATTACHMENT_OPTIMAL queue=FOREIGN(4294967293) sem=0x3000de7e20 appended=1
MESA: info: udroid Zink ownership-trace submit_pre seq=88 threadToken=0x74bdbbbb41 screen=0x300005f580 queue=0x3000075500 bs=0x3000dc57c0 batch_id=18 numSubmitInfos=3 acquireWaits=0 fdWaits=1 cmdBuffers=1 signals=2 dmabufExports=1 hasWork=1 hasReordered=0 hasUnsync=0
MESA: info: udroid Zink ownership-trace submit_post seq=89 threadToken=0x74bdbbbb41 screen=0x300005f580 queue=0x3000075500 bs=0x3000dc57c0 batch_id=18 result=VK_SUCCESS dmabufExports=1 signalSemaphores=1 fdWaitSemaphores=1
MESA: info: udroid Zink ownership-trace import_dmabuf_sem_begin seq=105 threadToken=0x74bdbbbae9 screen=0x300005f580 res=0x3000aa6080 obj=0x3000aa6270 image=0x3000af6e70 bo=0x3000aa6680 layout=COLOR_ATTACHMENT_OPTIMAL queue=FOREIGN(4294967293) gfxQueue=0 exportable=1 dt=(nil) dt_idx=4294967295 sem=0x3000de7e20
MESA: info: udroid Zink ownership-trace import_dmabuf_sem_getfd seq=106 threadToken=0x74bdbbbae9 screen=0x300005f580 res=0x3000aa6080 sem=0x3000de7e20 result=VK_SUCCESS syncFileFd=68
MESA: info: udroid Zink ownership-trace import_dmabuf_sem_fd seq=107 threadToken=0x74bdbbbae9 screen=0x300005f580 res=0x3000aa6080 sem=0x3000de7e20 syncFileFd=68 dmaBufFd=71 acquireSucceeded=1 isAux=0
MESA: info: udroid Zink ownership-trace import_dmabuf_sem_ioctl seq=108 threadToken=0x74bdbbbae9 screen=0x300005f580 res=0x3000aa6080 sem=0x3000de7e20 syncFileFd=68 dmaBufFd=71 ioctlRet=0 errno=0 failed=0
MESA: info: udroid Zink ownership-trace submit_import_dmabuf_sync seq=90 threadToken=0x74bdbbbb41 screen=0x300005f580 bs=0x3000dc57c0 batch_id=18 res=0x3000aa6080 obj=0x3000aa6270 image=0x3000af6e70 bo=0x3000aa6680 layout=COLOR_ATTACHMENT_OPTIMAL queue=FOREIGN(4294967293) sem=0x3000de7e20 importOk=0
MESA: info: udroid Zink ownership-trace image_barrier_exec seq=55 threadToken=0x74c1229b80 res=0x3000ab3800 obj=0x3000c4ce60 image=0x3000a81a00 bo=0x3000c41db0 batch=0x3000de7f40 batch_id=0 cmdbuf=0x3000df8700 api=sync2 unsync=0 oldLayout=VK_IMAGE_LAYOUT_COLOR_ATTACHMENT_OPTIMAL newLayout=VK_IMAGE_LAYOUT_COLOR_ATTACHMENT_OPTIMAL oldQueue=FOREIGN(4294967293) afterEmitQueue=IGNORED(4294967295) gfxQueue=0 queue_import=1 completed=0 usage_matches=1 exportable=1 dt=(nil) dt_idx=4294967295 flags=0x180 pipeline=0x400
MESA: info: udroid Zink ownership-trace image_barrier_tracking seq=56 threadToken=0x74c1229b80 res=0x3000ab3800 obj=0x3000c4ce60 image=0x3000a81a00 bo=0x3000c41db0 batch=0x3000de7f40 batch_id=0 layout=VK_IMAGE_LAYOUT_COLOR_ATTACHMENT_OPTIMAL queue=IGNORED(4294967295) exportable=1 dt=(nil) dt_idx=4294967295 dt_layout_updated=0 dmabuf_exports_checked=1 found=0 inserted=1 queue_import=1
MESA: info: udroid Zink ownership-trace export_dmabuf_sem_begin seq=109 threadToken=0x74c1229b29 screen=0x300005f580 res=0x3000ab3800 obj=0x3000c4ce60 image=0x3000a81a00 bo=0x3000c41db0 layout=COLOR_ATTACHMENT_OPTIMAL queue=IGNORED(4294967295) gfxQueue=0 exportable=1 dt=(nil) dt_idx=4294967295 is_aux=0
MESA: info: udroid Zink ownership-trace export_dmabuf_sem_result seq=110 threadToken=0x74c1229b29 screen=0x300005f580 res=0x3000ab3800 obj=0x3000c4ce60 image=0x3000a81a00 bo=0x3000c41db0 layout=COLOR_ATTACHMENT_OPTIMAL queue=IGNORED(4294967295) fd=68 exportedSyncFd=71 sem=0x3000dfecc0 importSemaphoreSuccess=1
MESA: info: udroid Zink ownership-trace image_barrier_queue_import_sem seq=57 threadToken=0x74c1229b80 res=0x3000ab3800 child=0x3000ab3800 obj=0x3000c4ce60 image=0x3000a81a00 bo=0x3000c41db0 batch=0x3000de7f40 batch_id=0 sem=0x3000dfecc0 appended=1
MESA: info: udroid Zink ownership-trace release_barrier seq=91 threadToken=0x74c1229b81 screen=0x300005f580 bs=0x3000de7f40 batch_id=0 api=sync2 tableCmdPipelineBarrier2NonNull=1 res=0x3000ab3800 obj=0x3000c4ce60 image=0x3000a81a00 bo=0x3000c41db0 oldLayout=COLOR_ATTACHMENT_OPTIMAL newLayout=COLOR_ATTACHMENT_OPTIMAL oldQueue=IGNORED(4294967295) srcQueue=gfx(0) dstQueue=FOREIGN(4294967293) exportable=1 dt=(nil) dt_idx=4294967295
MESA: info: udroid Zink ownership-trace release_signal_sem seq=92 threadToken=0x74c1229b81 screen=0x300005f580 bs=0x3000de7f40 batch_id=0 res=0x3000ab3800 obj=0x3000c4ce60 image=0x3000a81a00 bo=0x3000c41db0 layout=COLOR_ATTACHMENT_OPTIMAL queue=FOREIGN(4294967293) sem=0x3000e0a4e0 appended=1
MESA: info: udroid Zink ownership-trace submit_pre seq=93 threadToken=0x74bdbbbb41 screen=0x300005f580 queue=0x3000075500 bs=0x3000de7f40 batch_id=19 numSubmitInfos=3 acquireWaits=0 fdWaits=1 cmdBuffers=1 signals=1 dmabufExports=1 hasWork=1 hasReordered=0 hasUnsync=0
MESA: info: udroid Zink ownership-trace submit_post seq=94 threadToken=0x74bdbbbb41 screen=0x300005f580 queue=0x3000075500 bs=0x3000de7f40 batch_id=19 result=VK_SUCCESS dmabufExports=1 signalSemaphores=1 fdWaitSemaphores=1
MESA: info: udroid Zink ownership-trace import_dmabuf_sem_begin seq=111 threadToken=0x74bdbbbae9 screen=0x300005f580 res=0x3000ab3800 obj=0x3000c4ce60 image=0x3000a81a00 bo=0x3000c41db0 layout=COLOR_ATTACHMENT_OPTIMAL queue=FOREIGN(4294967293) gfxQueue=0 exportable=1 dt=(nil) dt_idx=4294967295 sem=0x3000e0a4e0
MESA: info: udroid Zink ownership-trace import_dmabuf_sem_getfd seq=112 threadToken=0x74bdbbbae9 screen=0x300005f580 res=0x3000ab3800 sem=0x3000e0a4e0 result=VK_SUCCESS syncFileFd=68
MESA: info: udroid Zink ownership-trace import_dmabuf_sem_fd seq=113 threadToken=0x74bdbbbae9 screen=0x300005f580 res=0x3000ab3800 sem=0x3000e0a4e0 syncFileFd=68 dmaBufFd=71 acquireSucceeded=1 isAux=0
MESA: info: udroid Zink ownership-trace import_dmabuf_sem_ioctl seq=114 threadToken=0x74bdbbbae9 screen=0x300005f580 res=0x3000ab3800 sem=0x3000e0a4e0 syncFileFd=68 dmaBufFd=71 ioctlRet=0 errno=0 failed=0
MESA: info: udroid Zink ownership-trace submit_import_dmabuf_sync seq=95 threadToken=0x74bdbbbb41 screen=0x300005f580 bs=0x3000de7f40 batch_id=19 res=0x3000ab3800 obj=0x3000c4ce60 image=0x3000a81a00 bo=0x3000c41db0 layout=COLOR_ATTACHMENT_OPTIMAL queue=FOREIGN(4294967293) sem=0x3000e0a4e0 importOk=0
MESA: info: udroid Zink ownership-trace submit_pre seq=96 threadToken=0x74bdbbbb41 screen=0x300005f580 queue=0x3000075500 bs=0x3000e0a5d0 batch_id=20 numSubmitInfos=2 acquireWaits=0 fdWaits=0 cmdBuffers=1 signals=2 dmabufExports=0 hasWork=1 hasReordered=0 hasUnsync=0
MESA: info: udroid Zink ownership-trace submit_post seq=97 threadToken=0x74bdbbbb41 screen=0x300005f580 queue=0x3000075500 bs=0x3000e0a5d0 batch_id=20 result=VK_SUCCESS dmabufExports=0 signalSemaphores=0 fdWaitSemaphores=0
MESA: info: udroid Zink ownership-trace image_barrier_exec seq=58 threadToken=0x74c1229b80 res=0x3000af7000 obj=0x3000c4d5c0 image=0x3000a743c0 bo=0x3000c4e340 batch=0x3000e2b8b0 batch_id=0 cmdbuf=0x3000e3be50 api=sync2 unsync=0 oldLayout=VK_IMAGE_LAYOUT_COLOR_ATTACHMENT_OPTIMAL newLayout=VK_IMAGE_LAYOUT_COLOR_ATTACHMENT_OPTIMAL oldQueue=FOREIGN(4294967293) afterEmitQueue=IGNORED(4294967295) gfxQueue=0 queue_import=1 completed=0 usage_matches=1 exportable=1 dt=(nil) dt_idx=4294967295 flags=0x180 pipeline=0x400
MESA: info: udroid Zink ownership-trace image_barrier_tracking seq=59 threadToken=0x74c1229b80 res=0x3000af7000 obj=0x3000c4d5c0 image=0x3000a743c0 bo=0x3000c4e340 batch=0x3000e2b8b0 batch_id=0 layout=VK_IMAGE_LAYOUT_COLOR_ATTACHMENT_OPTIMAL queue=IGNORED(4294967295) exportable=1 dt=(nil) dt_idx=4294967295 dt_layout_updated=0 dmabuf_exports_checked=1 found=0 inserted=1 queue_import=1
MESA: info: udroid Zink ownership-trace export_dmabuf_sem_begin seq=115 threadToken=0x74c1229b29 screen=0x300005f580 res=0x3000af7000 obj=0x3000c4d5c0 image=0x3000a743c0 bo=0x3000c4e340 layout=COLOR_ATTACHMENT_OPTIMAL queue=IGNORED(4294967295) gfxQueue=0 exportable=1 dt=(nil) dt_idx=4294967295 is_aux=0
MESA: info: udroid Zink ownership-trace export_dmabuf_sem_result seq=116 threadToken=0x74c1229b29 screen=0x300005f580 res=0x3000af7000 obj=0x3000c4d5c0 image=0x3000a743c0 bo=0x3000c4e340 layout=COLOR_ATTACHMENT_OPTIMAL queue=IGNORED(4294967295) fd=68 exportedSyncFd=71 sem=0x3000e24020 importSemaphoreSuccess=1
MESA: info: udroid Zink ownership-trace image_barrier_queue_import_sem seq=60 threadToken=0x74c1229b80 res=0x3000af7000 child=0x3000af7000 obj=0x3000c4d5c0 image=0x3000a743c0 bo=0x3000c4e340 batch=0x3000e2b8b0 batch_id=0 sem=0x3000e24020 appended=1
MESA: info: udroid Zink ownership-trace release_barrier seq=98 threadToken=0x74c1229b81 screen=0x300005f580 bs=0x3000e2b8b0 batch_id=0 api=sync2 tableCmdPipelineBarrier2NonNull=1 res=0x3000af7000 obj=0x3000c4d5c0 image=0x3000a743c0 bo=0x3000c4e340 oldLayout=COLOR_ATTACHMENT_OPTIMAL newLayout=COLOR_ATTACHMENT_OPTIMAL oldQueue=IGNORED(4294967295) srcQueue=gfx(0) dstQueue=FOREIGN(4294967293) exportable=1 dt=(nil) dt_idx=4294967295
MESA: info: udroid Zink ownership-trace release_signal_sem seq=99 threadToken=0x74c1229b81 screen=0x300005f580 bs=0x3000e2b8b0 batch_id=0 res=0x3000af7000 obj=0x3000c4d5c0 image=0x3000a743c0 bo=0x3000c4e340 layout=COLOR_ATTACHMENT_OPTIMAL queue=FOREIGN(4294967293) sem=0x3000e4c980 appended=1
MESA: info: udroid Zink ownership-trace submit_pre seq=100 threadToken=0x74bdbbbb41 screen=0x300005f580 queue=0x3000075500 bs=0x3000e2b8b0 batch_id=21 numSubmitInfos=3 acquireWaits=0 fdWaits=1 cmdBuffers=1 signals=2 dmabufExports=1 hasWork=1 hasReordered=0 hasUnsync=0
MESA: info: udroid Zink ownership-trace submit_post seq=101 threadToken=0x74bdbbbb41 screen=0x300005f580 queue=0x3000075500 bs=0x3000e2b8b0 batch_id=21 result=VK_SUCCESS dmabufExports=1 signalSemaphores=1 fdWaitSemaphores=1
MESA: info: udroid Zink ownership-trace import_dmabuf_sem_begin seq=117 threadToken=0x74bdbbbae9 screen=0x300005f580 res=0x3000af7000 obj=0x3000c4d5c0 image=0x3000a743c0 bo=0x3000c4e340 layout=COLOR_ATTACHMENT_OPTIMAL queue=FOREIGN(4294967293) gfxQueue=0 exportable=1 dt=(nil) dt_idx=4294967295 sem=0x3000e4c980
MESA: info: udroid Zink ownership-trace import_dmabuf_sem_getfd seq=118 threadToken=0x74bdbbbae9 screen=0x300005f580 res=0x3000af7000 sem=0x3000e4c980 result=VK_SUCCESS syncFileFd=68
MESA: info: udroid Zink ownership-trace import_dmabuf_sem_fd seq=119 threadToken=0x74bdbbbae9 screen=0x300005f580 res=0x3000af7000 sem=0x3000e4c980 syncFileFd=68 dmaBufFd=71 acquireSucceeded=1 isAux=0
MESA: info: udroid Zink ownership-trace import_dmabuf_sem_ioctl seq=120 threadToken=0x74bdbbbae9 screen=0x300005f580 res=0x3000af7000 sem=0x3000e4c980 syncFileFd=68 dmaBufFd=71 ioctlRet=0 errno=0 failed=0
MESA: info: udroid Zink ownership-trace submit_import_dmabuf_sync seq=102 threadToken=0x74bdbbbb41 screen=0x300005f580 bs=0x3000e2b8b0 batch_id=21 res=0x3000af7000 obj=0x3000c4d5c0 image=0x3000a743c0 bo=0x3000c4e340 layout=COLOR_ATTACHMENT_OPTIMAL queue=FOREIGN(4294967293) sem=0x3000e4c980 importOk=0
MESA: info: udroid Zink ownership-trace image_barrier_exec seq=61 threadToken=0x74c1229b80 res=0x3000aaac00 obj=0x3000c43f30 image=0x3000af4050 bo=0x3000a72b30 batch=0x3000e4caa0 batch_id=0 cmdbuf=0x3000e5d260 api=sync2 unsync=0 oldLayout=VK_IMAGE_LAYOUT_COLOR_ATTACHMENT_OPTIMAL newLayout=VK_IMAGE_LAYOUT_COLOR_ATTACHMENT_OPTIMAL oldQueue=FOREIGN(4294967293) afterEmitQueue=IGNORED(4294967295) gfxQueue=0 queue_import=1 completed=0 usage_matches=1 exportable=1 dt=(nil) dt_idx=4294967295 flags=0x180 pipeline=0x400
MESA: info: udroid Zink ownership-trace image_barrier_tracking seq=62 threadToken=0x74c1229b80 res=0x3000aaac00 obj=0x3000c43f30 image=0x3000af4050 bo=0x3000a72b30 batch=0x3000e4caa0 batch_id=0 layout=VK_IMAGE_LAYOUT_COLOR_ATTACHMENT_OPTIMAL queue=IGNORED(4294967295) exportable=1 dt=(nil) dt_idx=4294967295 dt_layout_updated=0 dmabuf_exports_checked=1 found=0 inserted=1 queue_import=1
MESA: info: udroid Zink ownership-trace export_dmabuf_sem_begin seq=121 threadToken=0x74c1229b29 screen=0x300005f580 res=0x3000aaac00 obj=0x3000c43f30 image=0x3000af4050 bo=0x3000a72b30 layout=COLOR_ATTACHMENT_OPTIMAL queue=IGNORED(4294967295) gfxQueue=0 exportable=1 dt=(nil) dt_idx=4294967295 is_aux=0
MESA: info: udroid Zink ownership-trace export_dmabuf_sem_result seq=122 threadToken=0x74c1229b29 screen=0x300005f580 res=0x3000aaac00 obj=0x3000c43f30 image=0x3000af4050 bo=0x3000a72b30 layout=COLOR_ATTACHMENT_OPTIMAL queue=IGNORED(4294967295) fd=68 exportedSyncFd=71 sem=0x3000e63640 importSemaphoreSuccess=1
MESA: info: udroid Zink ownership-trace image_barrier_queue_import_sem seq=63 threadToken=0x74c1229b80 res=0x3000aaac00 child=0x3000aaac00 obj=0x3000c43f30 image=0x3000af4050 bo=0x3000a72b30 batch=0x3000e4caa0 batch_id=0 sem=0x3000e63640 appended=1
MESA: info: udroid Zink ownership-trace release_barrier seq=103 threadToken=0x74c1229b81 screen=0x300005f580 bs=0x3000e4caa0 batch_id=0 api=sync2 tableCmdPipelineBarrier2NonNull=1 res=0x3000aaac00 obj=0x3000c43f30 image=0x3000af4050 bo=0x3000a72b30 oldLayout=COLOR_ATTACHMENT_OPTIMAL newLayout=COLOR_ATTACHMENT_OPTIMAL oldQueue=IGNORED(4294967295) srcQueue=gfx(0) dstQueue=FOREIGN(4294967293) exportable=1 dt=(nil) dt_idx=4294967295
MESA: info: udroid Zink ownership-trace release_signal_sem seq=104 threadToken=0x74c1229b81 screen=0x300005f580 bs=0x3000e4caa0 batch_id=0 res=0x3000aaac00 obj=0x3000c43f30 image=0x3000af4050 bo=0x3000a72b30 layout=COLOR_ATTACHMENT_OPTIMAL queue=FOREIGN(4294967293) sem=0x3000e6ef30 appended=1
MESA: info: udroid Zink ownership-trace submit_pre seq=105 threadToken=0x74bdbbbb41 screen=0x300005f580 queue=0x3000075500 bs=0x3000e4caa0 batch_id=22 numSubmitInfos=3 acquireWaits=0 fdWaits=1 cmdBuffers=1 signals=2 dmabufExports=1 hasWork=1 hasReordered=0 hasUnsync=0
MESA: info: udroid Zink ownership-trace submit_post seq=106 threadToken=0x74bdbbbb41 screen=0x300005f580 queue=0x3000075500 bs=0x3000e4caa0 batch_id=22 result=VK_SUCCESS dmabufExports=1 signalSemaphores=1 fdWaitSemaphores=1
MESA: info: udroid Zink ownership-trace import_dmabuf_sem_begin seq=123 threadToken=0x74bdbbbae9 screen=0x300005f580 res=0x3000aaac00 obj=0x3000c43f30 image=0x3000af4050 bo=0x3000a72b30 layout=COLOR_ATTACHMENT_OPTIMAL queue=FOREIGN(4294967293) gfxQueue=0 exportable=1 dt=(nil) dt_idx=4294967295 sem=0x3000e6ef30
MESA: info: udroid Zink ownership-trace import_dmabuf_sem_getfd seq=124 threadToken=0x74bdbbbae9 screen=0x300005f580 res=0x3000aaac00 sem=0x3000e6ef30 result=VK_SUCCESS syncFileFd=68
MESA: info: udroid Zink ownership-trace import_dmabuf_sem_fd seq=125 threadToken=0x74bdbbbae9 screen=0x300005f580 res=0x3000aaac00 sem=0x3000e6ef30 syncFileFd=68 dmaBufFd=71 acquireSucceeded=1 isAux=0
MESA: info: udroid Zink ownership-trace import_dmabuf_sem_ioctl seq=126 threadToken=0x74bdbbbae9 screen=0x300005f580 res=0x3000aaac00 sem=0x3000e6ef30 syncFileFd=68 dmaBufFd=71 ioctlRet=0 errno=0 failed=0
MESA: info: udroid Zink ownership-trace submit_import_dmabuf_sync seq=107 threadToken=0x74bdbbbb41 screen=0x300005f580 bs=0x3000e4caa0 batch_id=22 res=0x3000aaac00 obj=0x3000c43f30 image=0x3000af4050 bo=0x3000a72b30 layout=COLOR_ATTACHMENT_OPTIMAL queue=FOREIGN(4294967293) sem=0x3000e6ef30 importOk=0
MESA: info: udroid Zink ownership-trace image_barrier_exec seq=64 threadToken=0x74c1229b80 res=0x3000a7b5c0 obj=0x3000a78430 image=0x3000c42210 bo=0x3000a78710 batch=0x3000e6f020 batch_id=0 cmdbuf=0x3000e7f7e0 api=sync2 unsync=0 oldLayout=VK_IMAGE_LAYOUT_COLOR_ATTACHMENT_OPTIMAL newLayout=VK_IMAGE_LAYOUT_COLOR_ATTACHMENT_OPTIMAL oldQueue=FOREIGN(4294967293) afterEmitQueue=IGNORED(4294967295) gfxQueue=0 queue_import=1 completed=0 usage_matches=1 exportable=1 dt=(nil) dt_idx=4294967295 flags=0x180 pipeline=0x400
MESA: info: udroid Zink ownership-trace image_barrier_tracking seq=65 threadToken=0x74c1229b80 res=0x3000a7b5c0 obj=0x3000a78430 image=0x3000c42210 bo=0x3000a78710 batch=0x3000e6f020 batch_id=0 layout=VK_IMAGE_LAYOUT_COLOR_ATTACHMENT_OPTIMAL queue=IGNORED(4294967295) exportable=1 dt=(nil) dt_idx=4294967295 dt_layout_updated=0 dmabuf_exports_checked=1 found=0 inserted=1 queue_import=1
MESA: info: udroid Zink ownership-trace export_dmabuf_sem_begin seq=127 threadToken=0x74c1229b29 screen=0x300005f580 res=0x3000a7b5c0 obj=0x3000a78430 image=0x3000c42210 bo=0x3000a78710 layout=COLOR_ATTACHMENT_OPTIMAL queue=IGNORED(4294967295) gfxQueue=0 exportable=1 dt=(nil) dt_idx=4294967295 is_aux=0
MESA: info: udroid Zink ownership-trace export_dmabuf_sem_result seq=128 threadToken=0x74c1229b29 screen=0x300005f580 res=0x3000a7b5c0 obj=0x3000a78430 image=0x3000c42210 bo=0x3000a78710 layout=COLOR_ATTACHMENT_OPTIMAL queue=IGNORED(4294967295) fd=68 exportedSyncFd=71 sem=0x3000e85da0 importSemaphoreSuccess=1
MESA: info: udroid Zink ownership-trace image_barrier_queue_import_sem seq=66 threadToken=0x74c1229b80 res=0x3000a7b5c0 child=0x3000a7b5c0 obj=0x3000a78430 image=0x3000c42210 bo=0x3000a78710 batch=0x3000e6f020 batch_id=0 sem=0x3000e85da0 appended=1
MESA: info: udroid Zink ownership-trace release_barrier seq=108 threadToken=0x74c1229b81 screen=0x300005f580 bs=0x3000e6f020 batch_id=0 api=sync2 tableCmdPipelineBarrier2NonNull=1 res=0x3000a7b5c0 obj=0x3000a78430 image=0x3000c42210 bo=0x3000a78710 oldLayout=COLOR_ATTACHMENT_OPTIMAL newLayout=COLOR_ATTACHMENT_OPTIMAL oldQueue=IGNORED(4294967295) srcQueue=gfx(0) dstQueue=FOREIGN(4294967293) exportable=1 dt=(nil) dt_idx=4294967295
MESA: info: udroid Zink ownership-trace release_signal_sem seq=109 threadToken=0x74c1229b81 screen=0x300005f580 bs=0x3000e6f020 batch_id=0 res=0x3000a7b5c0 obj=0x3000a78430 image=0x3000c42210 bo=0x3000a78710 layout=COLOR_ATTACHMENT_OPTIMAL queue=FOREIGN(4294967293) sem=0x3000e91680 appended=1
MESA: info: udroid Zink ownership-trace submit_pre seq=110 threadToken=0x74bdbbbb41 screen=0x300005f580 queue=0x3000075500 bs=0x3000e6f020 batch_id=23 numSubmitInfos=3 acquireWaits=0 fdWaits=1 cmdBuffers=1 signals=2 dmabufExports=1 hasWork=1 hasReordered=0 hasUnsync=0
MESA: info: udroid Zink ownership-trace submit_post seq=111 threadToken=0x74bdbbbb41 screen=0x300005f580 queue=0x3000075500 bs=0x3000e6f020 batch_id=23 result=VK_SUCCESS dmabufExports=1 signalSemaphores=1 fdWaitSemaphores=1
MESA: info: udroid Zink ownership-trace submit_import_dmabuf_sync seq=112 threadToken=0x74bdbbbb41 screen=0x300005f580 bs=0x3000e6f020 batch_id=23 res=0x3000a7b5c0 obj=0x3000a78430 image=0x3000c42210 bo=0x3000a78710 layout=COLOR_ATTACHMENT_OPTIMAL queue=FOREIGN(4294967293) sem=0x3000e91680 importOk=0
MESA: info: udroid Zink ownership-trace image_barrier_exec seq=67 threadToken=0x74c1229b80 res=0x3000ade5c0 obj=0x3000ade7b0 image=0x3000ade590 bo=0x3000adeaf0 batch=0x3000e917a0 batch_id=0 cmdbuf=0x3000ea1f60 api=sync2 unsync=0 oldLayout=VK_IMAGE_LAYOUT_COLOR_ATTACHMENT_OPTIMAL newLayout=VK_IMAGE_LAYOUT_COLOR_ATTACHMENT_OPTIMAL oldQueue=FOREIGN(4294967293) afterEmitQueue=IGNORED(4294967295) gfxQueue=0 queue_import=1 completed=0 usage_matches=1 exportable=1 dt=(nil) dt_idx=4294967295 flags=0x180 pipeline=0x400
MESA: info: udroid Zink ownership-trace image_barrier_tracking seq=68 threadToken=0x74c1229b80 res=0x3000ade5c0 obj=0x3000ade7b0 image=0x3000ade590 bo=0x3000adeaf0 batch=0x3000e917a0 batch_id=0 layout=VK_IMAGE_LAYOUT_COLOR_ATTACHMENT_OPTIMAL queue=IGNORED(4294967295) exportable=1 dt=(nil) dt_idx=4294967295 dt_layout_updated=0 dmabuf_exports_checked=1 found=0 inserted=1 queue_import=1
MESA: info: udroid Zink ownership-trace image_barrier_queue_import_sem seq=69 threadToken=0x74c1229b80 res=0x3000ade5c0 child=0x3000ade5c0 obj=0x3000ade7b0 image=0x3000ade590 bo=0x3000adeaf0 batch=0x3000e917a0 batch_id=0 sem=0x3000ea8520 appended=1
MESA: info: udroid Zink ownership-trace release_barrier seq=113 threadToken=0x74c1229b81 screen=0x300005f580 bs=0x3000e917a0 batch_id=0 api=sync2 tableCmdPipelineBarrier2NonNull=1 res=0x3000ade5c0 obj=0x3000ade7b0 image=0x3000ade590 bo=0x3000adeaf0 oldLayout=COLOR_ATTACHMENT_OPTIMAL newLayout=COLOR_ATTACHMENT_OPTIMAL oldQueue=IGNORED(4294967295) srcQueue=gfx(0) dstQueue=FOREIGN(4294967293) exportable=1 dt=(nil) dt_idx=4294967295
MESA: info: udroid Zink ownership-trace release_signal_sem seq=114 threadToken=0x74c1229b81 screen=0x300005f580 bs=0x3000e917a0 batch_id=0 res=0x3000ade5c0 obj=0x3000ade7b0 image=0x3000ade590 bo=0x3000adeaf0 layout=COLOR_ATTACHMENT_OPTIMAL queue=FOREIGN(4294967293) sem=0x3000eb3e00 appended=1
MESA: info: udroid Zink ownership-trace submit_pre seq=115 threadToken=0x74bdbbbb41 screen=0x300005f580 queue=0x3000075500 bs=0x3000e917a0 batch_id=24 numSubmitInfos=3 acquireWaits=0 fdWaits=1 cmdBuffers=1 signals=2 dmabufExports=1 hasWork=1 hasReordered=0 hasUnsync=0
MESA: info: udroid Zink ownership-trace submit_post seq=116 threadToken=0x74bdbbbb41 screen=0x300005f580 queue=0x3000075500 bs=0x3000e917a0 batch_id=24 result=VK_SUCCESS dmabufExports=1 signalSemaphores=1 fdWaitSemaphores=1
MESA: info: udroid Zink ownership-trace submit_import_dmabuf_sync seq=117 threadToken=0x74bdbbbb41 screen=0x300005f580 bs=0x3000e917a0 batch_id=24 res=0x3000ade5c0 obj=0x3000ade7b0 image=0x3000ade590 bo=0x3000adeaf0 layout=COLOR_ATTACHMENT_OPTIMAL queue=FOREIGN(4294967293) sem=0x3000eb3e00 importOk=0
MESA: info: udroid Zink ownership-trace image_barrier_exec seq=70 threadToken=0x74c1229b80 res=0x3000aa6080 obj=0x3000aa6270 image=0x3000af6e70 bo=0x3000aa6680 batch=0x3000eb3f20 batch_id=0 cmdbuf=0x3000ec46e0 api=sync2 unsync=0 oldLayout=VK_IMAGE_LAYOUT_COLOR_ATTACHMENT_OPTIMAL newLayout=VK_IMAGE_LAYOUT_COLOR_ATTACHMENT_OPTIMAL oldQueue=FOREIGN(4294967293) afterEmitQueue=IGNORED(4294967295) gfxQueue=0 queue_import=1 completed=0 usage_matches=1 exportable=1 dt=(nil) dt_idx=4294967295 flags=0x180 pipeline=0x400
MESA: info: udroid Zink ownership-trace image_barrier_tracking seq=71 threadToken=0x74c1229b80 res=0x3000aa6080 obj=0x3000aa6270 image=0x3000af6e70 bo=0x3000aa6680 batch=0x3000eb3f20 batch_id=0 layout=VK_IMAGE_LAYOUT_COLOR_ATTACHMENT_OPTIMAL queue=IGNORED(4294967295) exportable=1 dt=(nil) dt_idx=4294967295 dt_layout_updated=0 dmabuf_exports_checked=1 found=0 inserted=1 queue_import=1
MESA: info: udroid Zink ownership-trace image_barrier_queue_import_sem seq=72 threadToken=0x74c1229b80 res=0x3000aa6080 child=0x3000aa6080 obj=0x3000aa6270 image=0x3000af6e70 bo=0x3000aa6680 batch=0x3000eb3f20 batch_id=0 sem=0x3000ecaca0 appended=1
MESA: info: udroid Zink ownership-trace release_barrier seq=118 threadToken=0x74c1229b81 screen=0x300005f580 bs=0x3000eb3f20 batch_id=0 api=sync2 tableCmdPipelineBarrier2NonNull=1 res=0x3000aa6080 obj=0x3000aa6270 image=0x3000af6e70 bo=0x3000aa6680 oldLayout=COLOR_ATTACHMENT_OPTIMAL newLayout=COLOR_ATTACHMENT_OPTIMAL oldQueue=IGNORED(4294967295) srcQueue=gfx(0) dstQueue=FOREIGN(4294967293) exportable=1 dt=(nil) dt_idx=4294967295
MESA: info: udroid Zink ownership-trace release_signal_sem seq=119 threadToken=0x74c1229b81 screen=0x300005f580 bs=0x3000eb3f20 batch_id=0 res=0x3000aa6080 obj=0x3000aa6270 image=0x3000af6e70 bo=0x3000aa6680 layout=COLOR_ATTACHMENT_OPTIMAL queue=FOREIGN(4294967293) sem=0x3000ed6580 appended=1
MESA: info: udroid Zink ownership-trace submit_pre seq=120 threadToken=0x74bdbbbb41 screen=0x300005f580 queue=0x3000075500 bs=0x3000eb3f20 batch_id=25 numSubmitInfos=3 acquireWaits=0 fdWaits=1 cmdBuffers=1 signals=2 dmabufExports=1 hasWork=1 hasReordered=0 hasUnsync=0
MESA: info: udroid Zink ownership-trace submit_post seq=121 threadToken=0x74bdbbbb41 screen=0x300005f580 queue=0x3000075500 bs=0x3000eb3f20 batch_id=25 result=VK_SUCCESS dmabufExports=1 signalSemaphores=1 fdWaitSemaphores=1
MESA: info: udroid Zink ownership-trace submit_import_dmabuf_sync seq=122 threadToken=0x74bdbbbb41 screen=0x300005f580 bs=0x3000eb3f20 batch_id=25 res=0x3000aa6080 obj=0x3000aa6270 image=0x3000af6e70 bo=0x3000aa6680 layout=COLOR_ATTACHMENT_OPTIMAL queue=FOREIGN(4294967293) sem=0x3000ed6580 importOk=0
MESA: info: udroid Zink ownership-trace image_barrier_exec seq=73 threadToken=0x74c1229b80 res=0x3000ab3800 obj=0x3000c4ce60 image=0x3000a81a00 bo=0x3000c41db0 batch=0x3000ed66a0 batch_id=0 cmdbuf=0x3000ee6e60 api=sync2 unsync=0 oldLayout=VK_IMAGE_LAYOUT_COLOR_ATTACHMENT_OPTIMAL newLayout=VK_IMAGE_LAYOUT_COLOR_ATTACHMENT_OPTIMAL oldQueue=FOREIGN(4294967293) afterEmitQueue=IGNORED(4294967295) gfxQueue=0 queue_import=1 completed=0 usage_matches=1 exportable=1 dt=(nil) dt_idx=4294967295 flags=0x180 pipeline=0x400
MESA: info: udroid Zink ownership-trace image_barrier_tracking seq=74 threadToken=0x74c1229b80 res=0x3000ab3800 obj=0x3000c4ce60 image=0x3000a81a00 bo=0x3000c41db0 batch=0x3000ed66a0 batch_id=0 layout=VK_IMAGE_LAYOUT_COLOR_ATTACHMENT_OPTIMAL queue=IGNORED(4294967295) exportable=1 dt=(nil) dt_idx=4294967295 dt_layout_updated=0 dmabuf_exports_checked=1 found=0 inserted=1 queue_import=1
MESA: info: udroid Zink ownership-trace image_barrier_queue_import_sem seq=75 threadToken=0x74c1229b80 res=0x3000ab3800 child=0x3000ab3800 obj=0x3000c4ce60 image=0x3000a81a00 bo=0x3000c41db0 batch=0x3000ed66a0 batch_id=0 sem=0x3000eed420 appended=1
MESA: info: udroid Zink ownership-trace release_barrier seq=123 threadToken=0x74c1229b81 screen=0x300005f580 bs=0x3000ed66a0 batch_id=0 api=sync2 tableCmdPipelineBarrier2NonNull=1 res=0x3000ab3800 obj=0x3000c4ce60 image=0x3000a81a00 bo=0x3000c41db0 oldLayout=COLOR_ATTACHMENT_OPTIMAL newLayout=COLOR_ATTACHMENT_OPTIMAL oldQueue=IGNORED(4294967295) srcQueue=gfx(0) dstQueue=FOREIGN(4294967293) exportable=1 dt=(nil) dt_idx=4294967295
MESA: info: udroid Zink ownership-trace release_signal_sem seq=124 threadToken=0x74c1229b81 screen=0x300005f580 bs=0x3000ed66a0 batch_id=0 res=0x3000ab3800 obj=0x3000c4ce60 image=0x3000a81a00 bo=0x3000c41db0 layout=COLOR_ATTACHMENT_OPTIMAL queue=FOREIGN(4294967293) sem=0x3000ef8d00 appended=1
MESA: info: udroid Zink ownership-trace submit_pre seq=125 threadToken=0x74bdbbbb41 screen=0x300005f580 queue=0x3000075500 bs=0x3000ed66a0 batch_id=26 numSubmitInfos=3 acquireWaits=0 fdWaits=1 cmdBuffers=1 signals=2 dmabufExports=1 hasWork=1 hasReordered=0 hasUnsync=0
MESA: info: udroid Zink ownership-trace submit_post seq=126 threadToken=0x74bdbbbb41 screen=0x300005f580 queue=0x3000075500 bs=0x3000ed66a0 batch_id=26 result=VK_SUCCESS dmabufExports=1 signalSemaphores=1 fdWaitSemaphores=1
MESA: info: udroid Zink ownership-trace submit_import_dmabuf_sync seq=127 threadToken=0x74bdbbbb41 screen=0x300005f580 bs=0x3000ed66a0 batch_id=26 res=0x3000ab3800 obj=0x3000c4ce60 image=0x3000a81a00 bo=0x3000c41db0 layout=COLOR_ATTACHMENT_OPTIMAL queue=FOREIGN(4294967293) sem=0x3000ef8d00 importOk=0
MESA: info: udroid Zink ownership-trace image_barrier_exec seq=76 threadToken=0x74c1229b80 res=0x3000af7000 obj=0x3000c4d5c0 image=0x3000a743c0 bo=0x3000c4e340 batch=0x3000ef8e20 batch_id=0 cmdbuf=0x3000f095e0 api=sync2 unsync=0 oldLayout=VK_IMAGE_LAYOUT_COLOR_ATTACHMENT_OPTIMAL newLayout=VK_IMAGE_LAYOUT_COLOR_ATTACHMENT_OPTIMAL oldQueue=FOREIGN(4294967293) afterEmitQueue=IGNORED(4294967295) gfxQueue=0 queue_import=1 completed=0 usage_matches=1 exportable=1 dt=(nil) dt_idx=4294967295 flags=0x180 pipeline=0x400
MESA: info: udroid Zink ownership-trace image_barrier_tracking seq=77 threadToken=0x74c1229b80 res=0x3000af7000 obj=0x3000c4d5c0 image=0x3000a743c0 bo=0x3000c4e340 batch=0x3000ef8e20 batch_id=0 layout=VK_IMAGE_LAYOUT_COLOR_ATTACHMENT_OPTIMAL queue=IGNORED(4294967295) exportable=1 dt=(nil) dt_idx=4294967295 dt_layout_updated=0 dmabuf_exports_checked=1 found=0 inserted=1 queue_import=1
MESA: info: udroid Zink ownership-trace image_barrier_queue_import_sem seq=78 threadToken=0x74c1229b80 res=0x3000af7000 child=0x3000af7000 obj=0x3000c4d5c0 image=0x3000a743c0 bo=0x3000c4e340 batch=0x3000ef8e20 batch_id=0 sem=0x3000f0fba0 appended=1
MESA: info: udroid Zink ownership-trace release_barrier seq=128 threadToken=0x74c1229b81 screen=0x300005f580 bs=0x3000ef8e20 batch_id=0 api=sync2 tableCmdPipelineBarrier2NonNull=1 res=0x3000af7000 obj=0x3000c4d5c0 image=0x3000a743c0 bo=0x3000c4e340 oldLayout=COLOR_ATTACHMENT_OPTIMAL newLayout=COLOR_ATTACHMENT_OPTIMAL oldQueue=IGNORED(4294967295) srcQueue=gfx(0) dstQueue=FOREIGN(4294967293) exportable=1 dt=(nil) dt_idx=4294967295
MESA: info: udroid Zink ownership-trace image_barrier_exec seq=79 threadToken=0x74c1229b80 res=0x3000aaac00 obj=0x3000c43f30 image=0x3000af4050 bo=0x3000a72b30 batch=0x3000130580 batch_id=0 cmdbuf=0x30001422d0 api=sync2 unsync=0 oldLayout=VK_IMAGE_LAYOUT_COLOR_ATTACHMENT_OPTIMAL newLayout=VK_IMAGE_LAYOUT_COLOR_ATTACHMENT_OPTIMAL oldQueue=FOREIGN(4294967293) afterEmitQueue=IGNORED(4294967295) gfxQueue=0 queue_import=1 completed=0 usage_matches=1 exportable=1 dt=(nil) dt_idx=4294967295 flags=0x180 pipeline=0x400
MESA: info: udroid Zink ownership-trace image_barrier_tracking seq=80 threadToken=0x74c1229b80 res=0x3000aaac00 obj=0x3000c43f30 image=0x3000af4050 bo=0x3000a72b30 batch=0x3000130580 batch_id=0 layout=VK_IMAGE_LAYOUT_COLOR_ATTACHMENT_OPTIMAL queue=IGNORED(4294967295) exportable=1 dt=(nil) dt_idx=4294967295 dt_layout_updated=0 dmabuf_exports_checked=1 found=0 inserted=1 queue_import=1
MESA: info: udroid Zink ownership-trace image_barrier_queue_import_sem seq=81 threadToken=0x74c1229b80 res=0x3000aaac00 child=0x3000aaac00 obj=0x3000c43f30 image=0x3000af4050 bo=0x3000a72b30 batch=0x3000130580 batch_id=0 sem=0x3000ef8d00 appended=1
MESA: info: udroid Zink ownership-trace image_barrier_exec seq=82 threadToken=0x74c1229b80 res=0x3000a7b5c0 obj=0x3000a78430 image=0x3000c42210 bo=0x3000a78710 batch=0x30000e2a40 batch_id=0 cmdbuf=0x30000f4a60 api=sync2 unsync=0 oldLayout=VK_IMAGE_LAYOUT_COLOR_ATTACHMENT_OPTIMAL newLayout=VK_IMAGE_LAYOUT_COLOR_ATTACHMENT_OPTIMAL oldQueue=FOREIGN(4294967293) afterEmitQueue=IGNORED(4294967295) gfxQueue=0 queue_import=1 completed=0 usage_matches=1 exportable=1 dt=(nil) dt_idx=4294967295 flags=0x180 pipeline=0x400
MESA: info: udroid Zink ownership-trace image_barrier_tracking seq=83 threadToken=0x74c1229b80 res=0x3000a7b5c0 obj=0x3000a78430 image=0x3000c42210 bo=0x3000a78710 batch=0x30000e2a40 batch_id=0 layout=VK_IMAGE_LAYOUT_COLOR_ATTACHMENT_OPTIMAL queue=IGNORED(4294967295) exportable=1 dt=(nil) dt_idx=4294967295 dt_layout_updated=0 dmabuf_exports_checked=1 found=0 inserted=1 queue_import=1
MESA: info: udroid Zink ownership-trace image_barrier_queue_import_sem seq=84 threadToken=0x74c1229b80 res=0x3000a7b5c0 child=0x3000a7b5c0 obj=0x3000a78430 image=0x3000c42210 bo=0x3000a78710 batch=0x30000e2a40 batch_id=0 sem=0x3000ed6580 appended=1
MESA: info: udroid Zink ownership-trace image_barrier_exec seq=85 threadToken=0x74c1229b80 res=0x3000ade5c0 obj=0x3000ade7b0 image=0x3000ade590 bo=0x3000adeaf0 batch=0x30000fde50 batch_id=0 cmdbuf=0x300010fba0 api=sync2 unsync=0 oldLayout=VK_IMAGE_LAYOUT_COLOR_ATTACHMENT_OPTIMAL newLayout=VK_IMAGE_LAYOUT_COLOR_ATTACHMENT_OPTIMAL oldQueue=FOREIGN(4294967293) afterEmitQueue=IGNORED(4294967295) gfxQueue=0 queue_import=1 completed=0 usage_matches=1 exportable=1 dt=(nil) dt_idx=4294967295 flags=0x180 pipeline=0x400
MESA: info: udroid Zink ownership-trace image_barrier_tracking seq=86 threadToken=0x74c1229b80 res=0x3000ade5c0 obj=0x3000ade7b0 image=0x3000ade590 bo=0x3000adeaf0 batch=0x30000fde50 batch_id=0 layout=VK_IMAGE_LAYOUT_COLOR_ATTACHMENT_OPTIMAL queue=IGNORED(4294967295) exportable=1 dt=(nil) dt_idx=4294967295 dt_layout_updated=0 dmabuf_exports_checked=1 found=0 inserted=1 queue_import=1
MESA: info: udroid Zink ownership-trace image_barrier_queue_import_sem seq=87 threadToken=0x74c1229b80 res=0x3000ade5c0 child=0x3000ade5c0 obj=0x3000ade7b0 image=0x3000ade590 bo=0x3000adeaf0 batch=0x30000fde50 batch_id=0 sem=0x3000eb3e00 appended=1
MESA: info: udroid Zink ownership-trace image_barrier_exec seq=88 threadToken=0x74c1229b80 res=0x3000aa6080 obj=0x3000aa6270 image=0x3000af6e70 bo=0x3000aa6680 batch=0x3000116a10 batch_id=0 cmdbuf=0x3000128760 api=sync2 unsync=0 oldLayout=VK_IMAGE_LAYOUT_COLOR_ATTACHMENT_OPTIMAL newLayout=VK_IMAGE_LAYOUT_COLOR_ATTACHMENT_OPTIMAL oldQueue=FOREIGN(4294967293) afterEmitQueue=IGNORED(4294967295) gfxQueue=0 queue_import=1 completed=0 usage_matches=1 exportable=1 dt=(nil) dt_idx=4294967295 flags=0x180 pipeline=0x400
MESA: info: udroid Zink ownership-trace image_barrier_tracking seq=89 threadToken=0x74c1229b80 res=0x3000aa6080 obj=0x3000aa6270 image=0x3000af6e70 bo=0x3000aa6680 batch=0x3000116a10 batch_id=0 layout=VK_IMAGE_LAYOUT_COLOR_ATTACHMENT_OPTIMAL queue=IGNORED(4294967295) exportable=1 dt=(nil) dt_idx=4294967295 dt_layout_updated=0 dmabuf_exports_checked=1 found=0 inserted=1 queue_import=1
MESA: info: udroid Zink ownership-trace image_barrier_queue_import_sem seq=90 threadToken=0x74c1229b80 res=0x3000aa6080 child=0x3000aa6080 obj=0x3000aa6270 image=0x3000af6e70 bo=0x3000aa6680 batch=0x3000116a10 batch_id=0 sem=0x3000e91680 appended=1
MESA: info: udroid Zink ownership-trace image_barrier_exec seq=91 threadToken=0x74c1229b80 res=0x3000ab3800 obj=0x3000c4ce60 image=0x3000a81a00 bo=0x3000c41db0 batch=0x3000bf06c0 batch_id=0 cmdbuf=0x3000b76eb0 api=sync2 unsync=0 oldLayout=VK_IMAGE_LAYOUT_COLOR_ATTACHMENT_OPTIMAL newLayout=VK_IMAGE_LAYOUT_COLOR_ATTACHMENT_OPTIMAL oldQueue=FOREIGN(4294967293) afterEmitQueue=IGNORED(4294967295) gfxQueue=0 queue_import=1 completed=0 usage_matches=1 exportable=1 dt=(nil) dt_idx=4294967295 flags=0x180 pipeline=0x400
MESA: info: udroid Zink ownership-trace image_barrier_tracking seq=92 threadToken=0x74c1229b80 res=0x3000ab3800 obj=0x3000c4ce60 image=0x3000a81a00 bo=0x3000c41db0 batch=0x3000bf06c0 batch_id=0 layout=VK_IMAGE_LAYOUT_COLOR_ATTACHMENT_OPTIMAL queue=IGNORED(4294967295) exportable=1 dt=(nil) dt_idx=4294967295 dt_layout_updated=0 dmabuf_exports_checked=1 found=0 inserted=1 queue_import=1
MESA: info: udroid Zink ownership-trace image_barrier_queue_import_sem seq=93 threadToken=0x74c1229b80 res=0x3000ab3800 child=0x3000ab3800 obj=0x3000c4ce60 image=0x3000a81a00 bo=0x3000c41db0 batch=0x3000bf06c0 batch_id=0 sem=0x3000e6ef30 appended=1
MESA: info: udroid Zink ownership-trace image_barrier_exec seq=94 threadToken=0x74c1229b80 res=0x3000af7000 obj=0x3000c4d5c0 image=0x3000a743c0 bo=0x3000c4e340 batch=0x3000c5c670 batch_id=0 cmdbuf=0x3000ab1820 api=sync2 unsync=0 oldLayout=VK_IMAGE_LAYOUT_COLOR_ATTACHMENT_OPTIMAL newLayout=VK_IMAGE_LAYOUT_COLOR_ATTACHMENT_OPTIMAL oldQueue=FOREIGN(4294967293) afterEmitQueue=IGNORED(4294967295) gfxQueue=0 queue_import=1 completed=0 usage_matches=1 exportable=1 dt=(nil) dt_idx=4294967295 flags=0x180 pipeline=0x400
MESA: info: udroid Zink ownership-trace image_barrier_tracking seq=95 threadToken=0x74c1229b80 res=0x3000af7000 obj=0x3000c4d5c0 image=0x3000a743c0 bo=0x3000c4e340 batch=0x3000c5c670 batch_id=0 layout=VK_IMAGE_LAYOUT_COLOR_ATTACHMENT_OPTIMAL queue=IGNORED(4294967295) exportable=1 dt=(nil) dt_idx=4294967295 dt_layout_updated=0 dmabuf_exports_checked=1 found=0 inserted=1 queue_import=1
MESA: info: udroid Zink ownership-trace image_barrier_queue_import_sem seq=96 threadToken=0x74c1229b80 res=0x3000af7000 child=0x3000af7000 obj=0x3000c4d5c0 image=0x3000a743c0 bo=0x3000c4e340 batch=0x3000c5c670 batch_id=0 sem=0x3000e4c980 appended=1
MESA: info: udroid Zink ownership-trace image_barrier_exec seq=97 threadToken=0x74c1229b80 res=0x3000aaac00 obj=0x3000c43f30 image=0x3000af4050 bo=0x3000a72b30 batch=0x3000c6cc40 batch_id=0 cmdbuf=0x3000c36760 api=sync2 unsync=0 oldLayout=VK_IMAGE_LAYOUT_COLOR_ATTACHMENT_OPTIMAL newLayout=VK_IMAGE_LAYOUT_COLOR_ATTACHMENT_OPTIMAL oldQueue=FOREIGN(4294967293) afterEmitQueue=IGNORED(4294967295) gfxQueue=0 queue_import=1 completed=0 usage_matches=1 exportable=1 dt=(nil) dt_idx=4294967295 flags=0x180 pipeline=0x400
MESA: info: udroid Zink ownership-trace image_barrier_tracking seq=98 threadToken=0x74c1229b80 res=0x3000aaac00 obj=0x3000c43f30 image=0x3000af4050 bo=0x3000a72b30 batch=0x3000c6cc40 batch_id=0 layout=VK_IMAGE_LAYOUT_COLOR_ATTACHMENT_OPTIMAL queue=IGNORED(4294967295) exportable=1 dt=(nil) dt_idx=4294967295 dt_layout_updated=0 dmabuf_exports_checked=1 found=0 inserted=1 queue_import=1
MESA: info: udroid Zink ownership-trace image_barrier_queue_import_sem seq=99 threadToken=0x74c1229b80 res=0x3000aaac00 child=0x3000aaac00 obj=0x3000c43f30 image=0x3000af4050 bo=0x3000a72b30 batch=0x3000c6cc40 batch_id=0 sem=0x3000e0a4e0 appended=1
MESA: info: udroid Zink ownership-trace image_barrier_exec seq=100 threadToken=0x74c1229b80 res=0x3000a7b5c0 obj=0x3000a78430 image=0x3000c42210 bo=0x3000a78710 batch=0x3000c7d210 batch_id=0 cmdbuf=0x3000d187a0 api=sync2 unsync=0 oldLayout=VK_IMAGE_LAYOUT_COLOR_ATTACHMENT_OPTIMAL newLayout=VK_IMAGE_LAYOUT_COLOR_ATTACHMENT_OPTIMAL oldQueue=FOREIGN(4294967293) afterEmitQueue=IGNORED(4294967295) gfxQueue=0 queue_import=1 completed=0 usage_matches=1 exportable=1 dt=(nil) dt_idx=4294967295 flags=0x180 pipeline=0x400
MESA: info: udroid Zink ownership-trace image_barrier_tracking seq=101 threadToken=0x74c1229b80 res=0x3000a7b5c0 obj=0x3000a78430 image=0x3000c42210 bo=0x3000a78710 batch=0x3000c7d210 batch_id=0 layout=VK_IMAGE_LAYOUT_COLOR_ATTACHMENT_OPTIMAL queue=IGNORED(4294967295) exportable=1 dt=(nil) dt_idx=4294967295 dt_layout_updated=0 dmabuf_exports_checked=1 found=0 inserted=1 queue_import=1
MESA: info: udroid Zink ownership-trace image_barrier_queue_import_sem seq=102 threadToken=0x74c1229b80 res=0x3000a7b5c0 child=0x3000a7b5c0 obj=0x3000a78430 image=0x3000c42210 bo=0x3000a78710 batch=0x3000c7d210 batch_id=0 sem=0x3000de7e20 appended=1
MESA: info: udroid Zink ownership-trace image_barrier_exec seq=103 threadToken=0x74c1229b80 res=0x3000ade5c0 obj=0x3000ade7b0 image=0x3000ade590 bo=0x3000adeaf0 batch=0x3000c8d7e0 batch_id=0 cmdbuf=0x3000d03330 api=sync2 unsync=0 oldLayout=VK_IMAGE_LAYOUT_COLOR_ATTACHMENT_OPTIMAL newLayout=VK_IMAGE_LAYOUT_COLOR_ATTACHMENT_OPTIMAL oldQueue=FOREIGN(4294967293) afterEmitQueue=IGNORED(4294967295) gfxQueue=0 queue_import=1 completed=0 usage_matches=1 exportable=1 dt=(nil) dt_idx=4294967295 flags=0x180 pipeline=0x400
MESA: info: udroid Zink ownership-trace image_barrier_tracking seq=104 threadToken=0x74c1229b80 res=0x3000ade5c0 obj=0x3000ade7b0 image=0x3000ade590 bo=0x3000adeaf0 batch=0x3000c8d7e0 batch_id=0 layout=VK_IMAGE_LAYOUT_COLOR_ATTACHMENT_OPTIMAL queue=IGNORED(4294967295) exportable=1 dt=(nil) dt_idx=4294967295 dt_layout_updated=0 dmabuf_exports_checked=1 found=0 inserted=1 queue_import=1
MESA: info: udroid Zink ownership-trace image_barrier_queue_import_sem seq=105 threadToken=0x74c1229b80 res=0x3000ade5c0 child=0x3000ade5c0 obj=0x3000ade7b0 image=0x3000ade590 bo=0x3000adeaf0 batch=0x3000c8d7e0 batch_id=0 sem=0x3000dc56a0 appended=1
MESA: info: udroid Zink ownership-trace image_barrier_exec seq=106 threadToken=0x74c1229b80 res=0x3000aa6080 obj=0x3000aa6270 image=0x3000af6e70 bo=0x3000aa6680 batch=0x3000c9ddb0 batch_id=0 cmdbuf=0x3000bdda50 api=sync2 unsync=0 oldLayout=VK_IMAGE_LAYOUT_COLOR_ATTACHMENT_OPTIMAL newLayout=VK_IMAGE_LAYOUT_COLOR_ATTACHMENT_OPTIMAL oldQueue=FOREIGN(4294967293) afterEmitQueue=IGNORED(4294967295) gfxQueue=0 queue_import=1 completed=0 usage_matches=1 exportable=1 dt=(nil) dt_idx=4294967295 flags=0x180 pipeline=0x400
MESA: info: udroid Zink ownership-trace image_barrier_tracking seq=107 threadToken=0x74c1229b80 res=0x3000aa6080 obj=0x3000aa6270 image=0x3000af6e70 bo=0x3000aa6680 batch=0x3000c9ddb0 batch_id=0 layout=VK_IMAGE_LAYOUT_COLOR_ATTACHMENT_OPTIMAL queue=IGNORED(4294967295) exportable=1 dt=(nil) dt_idx=4294967295 dt_layout_updated=0 dmabuf_exports_checked=1 found=0 inserted=1 queue_import=1
MESA: info: udroid Zink ownership-trace image_barrier_queue_import_sem seq=108 threadToken=0x74c1229b80 res=0x3000aa6080 child=0x3000aa6080 obj=0x3000aa6270 image=0x3000af6e70 bo=0x3000aa6680 batch=0x3000c9ddb0 batch_id=0 sem=0x3000da2f20 appended=1
MESA: info: udroid Zink ownership-trace image_barrier_exec seq=109 threadToken=0x74c1229b80 res=0x3000ab3800 obj=0x3000c4ce60 image=0x3000a81a00 bo=0x3000c41db0 batch=0x3000caf530 batch_id=0 cmdbuf=0x3000cbfcf0 api=sync2 unsync=0 oldLayout=VK_IMAGE_LAYOUT_COLOR_ATTACHMENT_OPTIMAL newLayout=VK_IMAGE_LAYOUT_COLOR_ATTACHMENT_OPTIMAL oldQueue=FOREIGN(4294967293) afterEmitQueue=IGNORED(4294967295) gfxQueue=0 queue_import=1 completed=0 usage_matches=1 exportable=1 dt=(nil) dt_idx=4294967295 flags=0x180 pipeline=0x400
MESA: info: udroid Zink ownership-trace image_barrier_tracking seq=110 threadToken=0x74c1229b80 res=0x3000ab3800 obj=0x3000c4ce60 image=0x3000a81a00 bo=0x3000c41db0 batch=0x3000caf530 batch_id=0 layout=VK_IMAGE_LAYOUT_COLOR_ATTACHMENT_OPTIMAL queue=IGNORED(4294967295) exportable=1 dt=(nil) dt_idx=4294967295 dt_layout_updated=0 dmabuf_exports_checked=1 found=0 inserted=1 queue_import=1
MESA: info: udroid Zink ownership-trace image_barrier_queue_import_sem seq=111 threadToken=0x74c1229b80 res=0x3000ab3800 child=0x3000ab3800 obj=0x3000c4ce60 image=0x3000a81a00 bo=0x3000c41db0 batch=0x3000caf530 batch_id=0 sem=0x3000d807a0 appended=1
MESA: info: udroid Zink ownership-trace image_barrier_exec seq=112 threadToken=0x74c1229b80 res=0x3000af7000 obj=0x3000c4d5c0 image=0x3000a743c0 bo=0x3000c4e340 batch=0x3000cd1ca0 batch_id=0 cmdbuf=0x3000ce2460 api=sync2 unsync=0 oldLayout=VK_IMAGE_LAYOUT_COLOR_ATTACHMENT_OPTIMAL newLayout=VK_IMAGE_LAYOUT_COLOR_ATTACHMENT_OPTIMAL oldQueue=FOREIGN(4294967293) afterEmitQueue=IGNORED(4294967295) gfxQueue=0 queue_import=1 completed=0 usage_matches=1 exportable=1 dt=(nil) dt_idx=4294967295 flags=0x180 pipeline=0x400
MESA: info: udroid Zink ownership-trace image_barrier_tracking seq=113 threadToken=0x74c1229b80 res=0x3000af7000 obj=0x3000c4d5c0 image=0x3000a743c0 bo=0x3000c4e340 batch=0x3000cd1ca0 batch_id=0 layout=VK_IMAGE_LAYOUT_COLOR_ATTACHMENT_OPTIMAL queue=IGNORED(4294967295) exportable=1 dt=(nil) dt_idx=4294967295 dt_layout_updated=0 dmabuf_exports_checked=1 found=0 inserted=1 queue_import=1
MESA: info: udroid Zink ownership-trace image_barrier_queue_import_sem seq=114 threadToken=0x74c1229b80 res=0x3000af7000 child=0x3000af7000 obj=0x3000c4d5c0 image=0x3000a743c0 bo=0x3000c4e340 batch=0x3000cd1ca0 batch_id=0 sem=0x3000d5dc60 appended=1
MESA: info: udroid Zink ownership-trace image_barrier_exec seq=115 threadToken=0x74c1229b80 res=0x3000aaac00 obj=0x3000c43f30 image=0x3000af4050 bo=0x3000a72b30 batch=0x3000d23f60 batch_id=0 cmdbuf=0x3000cf45e0 api=sync2 unsync=0 oldLayout=VK_IMAGE_LAYOUT_COLOR_ATTACHMENT_OPTIMAL newLayout=VK_IMAGE_LAYOUT_COLOR_ATTACHMENT_OPTIMAL oldQueue=FOREIGN(4294967293) afterEmitQueue=IGNORED(4294967295) gfxQueue=0 queue_import=1 completed=0 usage_matches=1 exportable=1 dt=(nil) dt_idx=4294967295 flags=0x180 pipeline=0x400
MESA: info: udroid Zink ownership-trace image_barrier_tracking seq=116 threadToken=0x74c1229b80 res=0x3000aaac00 obj=0x3000c43f30 image=0x3000af4050 bo=0x3000a72b30 batch=0x3000d23f60 batch_id=0 layout=VK_IMAGE_LAYOUT_COLOR_ATTACHMENT_OPTIMAL queue=IGNORED(4294967295) exportable=1 dt=(nil) dt_idx=4294967295 dt_layout_updated=0 dmabuf_exports_checked=1 found=0 inserted=1 queue_import=1
MESA: info: udroid Zink ownership-trace image_barrier_queue_import_sem seq=117 threadToken=0x74c1229b80 res=0x3000aaac00 child=0x3000aaac00 obj=0x3000c43f30 image=0x3000af4050 bo=0x3000a72b30 batch=0x3000d23f60 batch_id=0 sem=0x3000d3b4e0 appended=1
MESA: info: udroid Zink ownership-trace image_barrier_exec seq=118 threadToken=0x74c1229b80 res=0x3000a7b5c0 obj=0x3000a78430 image=0x3000c42210 bo=0x3000a78710 batch=0x3000d5dd80 batch_id=0 cmdbuf=0x3000d6e720 api=sync2 unsync=0 oldLayout=VK_IMAGE_LAYOUT_COLOR_ATTACHMENT_OPTIMAL newLayout=VK_IMAGE_LAYOUT_COLOR_ATTACHMENT_OPTIMAL oldQueue=FOREIGN(4294967293) afterEmitQueue=IGNORED(4294967295) gfxQueue=0 queue_import=1 completed=0 usage_matches=1 exportable=1 dt=(nil) dt_idx=4294967295 flags=0x180 pipeline=0x400
MESA: info: udroid Zink ownership-trace image_barrier_tracking seq=119 threadToken=0x74c1229b80 res=0x3000a7b5c0 obj=0x3000a78430 image=0x3000c42210 bo=0x3000a78710 batch=0x3000d5dd80 batch_id=0 layout=VK_IMAGE_LAYOUT_COLOR_ATTACHMENT_OPTIMAL queue=IGNORED(4294967295) exportable=1 dt=(nil) dt_idx=4294967295 dt_layout_updated=0 dmabuf_exports_checked=1 found=0 inserted=1 queue_import=1
MESA: info: udroid Zink ownership-trace image_barrier_queue_import_sem seq=120 threadToken=0x74c1229b80 res=0x3000a7b5c0 child=0x3000a7b5c0 obj=0x3000a78430 image=0x3000c42210 bo=0x3000a78710 batch=0x3000d5dd80 batch_id=0 sem=0x3000cf42d0 appended=1
MESA: info: udroid Zink ownership-trace image_barrier_exec seq=121 threadToken=0x74c1229b80 res=0x3000ade5c0 obj=0x3000ade7b0 image=0x3000ade590 bo=0x3000adeaf0 batch=0x3000d808c0 batch_id=0 cmdbuf=0x3000d91080 api=sync2 unsync=0 oldLayout=VK_IMAGE_LAYOUT_COLOR_ATTACHMENT_OPTIMAL newLayout=VK_IMAGE_LAYOUT_COLOR_ATTACHMENT_OPTIMAL oldQueue=FOREIGN(4294967293) afterEmitQueue=IGNORED(4294967295) gfxQueue=0 queue_import=1 completed=0 usage_matches=1 exportable=1 dt=(nil) dt_idx=4294967295 flags=0x180 pipeline=0x400
MESA: info: udroid Zink ownership-trace image_barrier_tracking seq=122 threadToken=0x74c1229b80 res=0x3000ade5c0 obj=0x3000ade7b0 image=0x3000ade590 bo=0x3000adeaf0 batch=0x3000d808c0 batch_id=0 layout=VK_IMAGE_LAYOUT_COLOR_ATTACHMENT_OPTIMAL queue=IGNORED(4294967295) exportable=1 dt=(nil) dt_idx=4294967295 dt_layout_updated=0 dmabuf_exports_checked=1 found=0 inserted=1 queue_import=1
MESA: info: udroid Zink ownership-trace image_barrier_queue_import_sem seq=123 threadToken=0x74c1229b80 res=0x3000ade5c0 child=0x3000ade5c0 obj=0x3000ade7b0 image=0x3000ade590 bo=0x3000adeaf0 batch=0x3000d808c0 batch_id=0 sem=0x3000cd1bb0 appended=1
MESA: info: udroid Zink ownership-trace image_barrier_exec seq=124 threadToken=0x74c1229b80 res=0x3000aa6080 obj=0x3000aa6270 image=0x3000af6e70 bo=0x3000aa6680 batch=0x3000da3040 batch_id=0 cmdbuf=0x3000db3800 api=sync2 unsync=0 oldLayout=VK_IMAGE_LAYOUT_COLOR_ATTACHMENT_OPTIMAL newLayout=VK_IMAGE_LAYOUT_COLOR_ATTACHMENT_OPTIMAL oldQueue=FOREIGN(4294967293) afterEmitQueue=IGNORED(4294967295) gfxQueue=0 queue_import=1 completed=0 usage_matches=1 exportable=1 dt=(nil) dt_idx=4294967295 flags=0x180 pipeline=0x400
MESA: info: udroid Zink ownership-trace image_barrier_tracking seq=125 threadToken=0x74c1229b80 res=0x3000aa6080 obj=0x3000aa6270 image=0x3000af6e70 bo=0x3000aa6680 batch=0x3000da3040 batch_id=0 layout=VK_IMAGE_LAYOUT_COLOR_ATTACHMENT_OPTIMAL queue=IGNORED(4294967295) exportable=1 dt=(nil) dt_idx=4294967295 dt_layout_updated=0 dmabuf_exports_checked=1 found=0 inserted=1 queue_import=1
MESA: info: udroid Zink ownership-trace image_barrier_queue_import_sem seq=126 threadToken=0x74c1229b80 res=0x3000aa6080 child=0x3000aa6080 obj=0x3000aa6270 image=0x3000af6e70 bo=0x3000aa6680 batch=0x3000da3040 batch_id=0 sem=0x3000caf410 appended=1
MESA: info: udroid Zink ownership-trace image_barrier_exec seq=127 threadToken=0x74c1229b80 res=0x3000ab3800 obj=0x3000c4ce60 image=0x3000a81a00 bo=0x3000c41db0 batch=0x3000dc57c0 batch_id=0 cmdbuf=0x3000dd5f80 api=sync2 unsync=0 oldLayout=VK_IMAGE_LAYOUT_COLOR_ATTACHMENT_OPTIMAL newLayout=VK_IMAGE_LAYOUT_COLOR_ATTACHMENT_OPTIMAL oldQueue=FOREIGN(4294967293) afterEmitQueue=IGNORED(4294967295) gfxQueue=0 queue_import=1 completed=0 usage_matches=1 exportable=1 dt=(nil) dt_idx=4294967295 flags=0x180 pipeline=0x400
MESA: info: udroid Zink ownership-trace image_barrier_tracking seq=128 threadToken=0x74c1229b80 res=0x3000ab3800 obj=0x3000c4ce60 image=0x3000a81a00 bo=0x3000c41db0 batch=0x3000dc57c0 batch_id=0 layout=VK_IMAGE_LAYOUT_COLOR_ATTACHMENT_OPTIMAL queue=IGNORED(4294967295) exportable=1 dt=(nil) dt_idx=4294967295 dt_layout_updated=0 dmabuf_exports_checked=1 found=0 inserted=1 queue_import=1
MESA: info: udroid gfxstream-submit samples=120 staging-us=1621.3 encode-us=1048.0 prepare-us=330.5 submit-us=195.3 post-us=243.7 postLookup-ns=243015.9 postLookup-us=243.016 vkQueueWaitIdle-ns=0.0 vkQueueWaitIdle-us=0.000 vkQueueWaitIdle-called-ns=0.0 vkQueueWaitIdle-called-us=0.000 signalFinalize-ns=0.0 signalFinalize-us=0.000 bytes=905.2 command-buffers=1.22 externalFenceFdReason=0/0.000 post_wait_events=0/0.000 post_wait_sync_fds=0/0.000 waitIdleSubmits=0/0.000 temporarySyncFdWaits=115/0.958 temporarySyncFdConsumes=115/0.958 syncFdWaitErrors=0/0.000 async=1 aux=0
MESA: info: udroid Zink submit count=120 setup-us(avg)=35 end-cmdbuf-us(avg)=6 queue-lock-us(avg)=0 queue-submit-us(avg)=2443 housekeeping-us(avg)=4295 finish-us(avg)=30
MESA: info: udroid Zink sync batch count=120 pre-end-us(avg)=4 end-batch-us(avg)=2067 submit-wait-us(avg)=7035 restart-us(avg)=2140
MESA: info: udroid gfxstream-get-semaphore-fd externalSync samples=120 vkGetSemaphoreGOOGLE-ns=2569653.7 vkGetSemaphoreGOOGLE-us=2569.654 acquireSync-ns=918469.2 acquireSync-us=918.469 vkGetSemaphoreGOOGLEFailures=0 acquireSyncFailures=0
MESA: info: udroid Zink dmabuf-semaphore-import samples=120 GetSemaphoreFdKHR-ns=3506444.2 GetSemaphoreFdKHR-us=3506.444 dmabufFdAcquire-ns=17957.2 dmabufFdAcquire-us=17.957 DMA_BUF_IOCTL_IMPORT_SYNC_FILE-ns=414718.2 DMA_BUF_IOCTL_IMPORT_SYNC_FILE-us=414.718 getSemaphoreFdFailures=0/0.000 dmabufFdAcquireAttempts=120/1.000 dmabufFdAcquireSuccesses=120/1.000 resourceExportAttempts=120/1.000 importSyncFileCalls=120/1.000 importSyncFileFailures=0/0.000
MESA: info: udroid Zink fence flush count=120 prepare-us(avg)=0 semaphore-us(avg)=641 dispatch-us(avg)=11224 fence-setup-us(avg)=3 trailing-wait-us(avg)=0
MESA: info: udroid DRI native-fence create count=120 glthread-us(avg)=0 st-flush-us(avg)=14049
MESA: info: udroid gfxstream-get-semaphore-fd externalSync samples=120 vkGetSemaphoreGOOGLE-ns=575347.9 vkGetSemaphoreGOOGLE-us=575.348 acquireSync-ns=793507.9 acquireSync-us=793.508 vkGetSemaphoreGOOGLEFailures=0 acquireSyncFailures=0
MESA: info: udroid gfxstream-submit samples=120 staging-us=1806.6 encode-us=1083.9 prepare-us=435.2 submit-us=357.0 post-us=339.2 postLookup-ns=338224.9 postLookup-us=338.225 vkQueueWaitIdle-ns=0.0 vkQueueWaitIdle-us=0.000 vkQueueWaitIdle-called-ns=0.0 vkQueueWaitIdle-called-us=0.000 signalFinalize-ns=0.0 signalFinalize-us=0.000 bytes=890.6 command-buffers=1.22 externalFenceFdReason=0/0.000 post_wait_events=0/0.000 post_wait_sync_fds=0/0.000 waitIdleSubmits=0/0.000 temporarySyncFdWaits=114/0.950 temporarySyncFdConsumes=114/0.950 syncFdWaitErrors=0/0.000 async=1 aux=0
MESA: info: udroid Zink submit count=240 setup-us(avg)=19 end-cmdbuf-us(avg)=6 queue-lock-us(avg)=0 queue-submit-us(avg)=2712 housekeeping-us(avg)=4360 finish-us(avg)=17
MESA: info: udroid Zink sync batch count=240 pre-end-us(avg)=4 end-batch-us(avg)=2285 submit-wait-us(avg)=7367 restart-us(avg)=1705
MESA: info: udroid gfxstream-get-semaphore-fd externalSync samples=120 vkGetSemaphoreGOOGLE-ns=2510168.1 vkGetSemaphoreGOOGLE-us=2510.168 acquireSync-ns=1025709.0 acquireSync-us=1025.709 vkGetSemaphoreGOOGLEFailures=0 acquireSyncFailures=0
MESA: info: udroid Zink dmabuf-semaphore-import samples=120 GetSemaphoreFdKHR-ns=3552692.0 GetSemaphoreFdKHR-us=3552.692 dmabufFdAcquire-ns=20737.7 dmabufFdAcquire-us=20.738 DMA_BUF_IOCTL_IMPORT_SYNC_FILE-ns=477885.0 DMA_BUF_IOCTL_IMPORT_SYNC_FILE-us=477.885 getSemaphoreFdFailures=0/0.000 dmabufFdAcquireAttempts=120/1.000 dmabufFdAcquireSuccesses=120/1.000 resourceExportAttempts=120/1.000 importSyncFileCalls=120/1.000 importSyncFileFailures=0/0.000
MESA: info: udroid Zink fence flush count=240 prepare-us(avg)=0 semaphore-us(avg)=636 dispatch-us(avg)=11359 fence-setup-us(avg)=3 trailing-wait-us(avg)=0
MESA: info: udroid DRI native-fence create count=240 glthread-us(avg)=0 st-flush-us(avg)=13751
MESA: info: udroid gfxstream-get-semaphore-fd externalSync samples=120 vkGetSemaphoreGOOGLE-ns=637485.8 vkGetSemaphoreGOOGLE-us=637.486 acquireSync-ns=879936.7 acquireSync-us=879.937 vkGetSemaphoreGOOGLEFailures=0 acquireSyncFailures=0
MESA: info: udroid gfxstream-submit samples=120 staging-us=1750.7 encode-us=1103.6 prepare-us=368.9 submit-us=413.6 post-us=341.4 postLookup-ns=340404.0 postLookup-us=340.404 vkQueueWaitIdle-ns=0.0 vkQueueWaitIdle-us=0.000 vkQueueWaitIdle-called-ns=0.0 vkQueueWaitIdle-called-us=0.000 signalFinalize-ns=0.0 signalFinalize-us=0.000 bytes=888.2 command-buffers=1.17 externalFenceFdReason=0/0.000 post_wait_events=0/0.000 post_wait_sync_fds=0/0.000 waitIdleSubmits=0/0.000 temporarySyncFdWaits=114/0.950 temporarySyncFdConsumes=114/0.950 syncFdWaitErrors=0/0.000 async=1 aux=0
MESA: info: udroid Zink submit count=360 setup-us(avg)=13 end-cmdbuf-us(avg)=7 queue-lock-us(avg)=0 queue-submit-us(avg)=2780 housekeeping-us(avg)=4331 finish-us(avg)=12
MESA: info: udroid Zink sync batch count=360 pre-end-us(avg)=4 end-batch-us(avg)=2189 submit-wait-us(avg)=7396 restart-us(avg)=1606
MESA: info: udroid gfxstream-get-semaphore-fd externalSync samples=120 vkGetSemaphoreGOOGLE-ns=2443361.0 vkGetSemaphoreGOOGLE-us=2443.361 acquireSync-ns=1010586.9 acquireSync-us=1010.587 vkGetSemaphoreGOOGLEFailures=0 acquireSyncFailures=0
MESA: info: udroid Zink dmabuf-semaphore-import samples=120 GetSemaphoreFdKHR-ns=3479392.1 GetSemaphoreFdKHR-us=3479.392 dmabufFdAcquire-ns=18372.3 dmabufFdAcquire-us=18.372 DMA_BUF_IOCTL_IMPORT_SYNC_FILE-ns=545900.4 DMA_BUF_IOCTL_IMPORT_SYNC_FILE-us=545.900 getSemaphoreFdFailures=0/0.000 dmabufFdAcquireAttempts=120/1.000 dmabufFdAcquireSuccesses=120/1.000 resourceExportAttempts=120/1.000 importSyncFileCalls=120/1.000 importSyncFileFailures=0/0.000
MESA: info: udroid Zink fence flush count=360 prepare-us(avg)=0 semaphore-us(avg)=646 dispatch-us(avg)=11291 fence-setup-us(avg)=3 trailing-wait-us(avg)=0
MESA: info: udroid DRI native-fence create count=360 glthread-us(avg)=0 st-flush-us(avg)=13654
MESA: info: udroid gfxstream-get-semaphore-fd externalSync samples=120 vkGetSemaphoreGOOGLE-ns=694097.2 vkGetSemaphoreGOOGLE-us=694.097 acquireSync-ns=928336.2 acquireSync-us=928.336 vkGetSemaphoreGOOGLEFailures=0 acquireSyncFailures=0
MESA: info: udroid gfxstream-submit samples=120 staging-us=1623.3 encode-us=960.2 prepare-us=348.4 submit-us=398.2 post-us=353.7 postLookup-ns=352716.0 postLookup-us=352.716 vkQueueWaitIdle-ns=0.0 vkQueueWaitIdle-us=0.000 vkQueueWaitIdle-called-ns=0.0 vkQueueWaitIdle-called-us=0.000 signalFinalize-ns=0.0 signalFinalize-us=0.000 bytes=897.5 command-buffers=1.21 externalFenceFdReason=0/0.000 post_wait_events=0/0.000 post_wait_sync_fds=0/0.000 waitIdleSubmits=0/0.000 temporarySyncFdWaits=115/0.958 temporarySyncFdConsumes=115/0.958 syncFdWaitErrors=0/0.000 async=1 aux=0
MESA: info: udroid Zink submit count=480 setup-us(avg)=10 end-cmdbuf-us(avg)=7 queue-lock-us(avg)=0 queue-submit-us(avg)=2778 housekeeping-us(avg)=4351 finish-us(avg)=10
MESA: info: udroid Zink sync batch count=480 pre-end-us(avg)=4 end-batch-us(avg)=2322 submit-wait-us(avg)=7400 restart-us(avg)=1531
MESA: info: udroid gfxstream-get-semaphore-fd externalSync samples=120 vkGetSemaphoreGOOGLE-ns=2359471.3 vkGetSemaphoreGOOGLE-us=2359.471 acquireSync-ns=944749.6 acquireSync-us=944.750 vkGetSemaphoreGOOGLEFailures=0 acquireSyncFailures=0
MESA: info: udroid Zink dmabuf-semaphore-import samples=120 GetSemaphoreFdKHR-ns=3318383.1 GetSemaphoreFdKHR-us=3318.383 dmabufFdAcquire-ns=18156.6 dmabufFdAcquire-us=18.157 DMA_BUF_IOCTL_IMPORT_SYNC_FILE-ns=411489.3 DMA_BUF_IOCTL_IMPORT_SYNC_FILE-us=411.489 getSemaphoreFdFailures=0/0.000 dmabufFdAcquireAttempts=120/1.000 dmabufFdAcquireSuccesses=120/1.000 resourceExportAttempts=120/1.000 importSyncFileCalls=120/1.000 importSyncFileFailures=0/0.000
MESA: info: udroid Zink fence flush count=480 prepare-us(avg)=0 semaphore-us(avg)=649 dispatch-us(avg)=11079 fence-setup-us(avg)=3 trailing-wait-us(avg)=0
MESA: info: udroid DRI native-fence create count=480 glthread-us(avg)=0 st-flush-us(avg)=13326
MESA: info: udroid gfxstream-get-semaphore-fd externalSync samples=120 vkGetSemaphoreGOOGLE-ns=576299.4 vkGetSemaphoreGOOGLE-us=576.299 acquireSync-ns=740965.2 acquireSync-us=740.965 vkGetSemaphoreGOOGLEFailures=0 acquireSyncFailures=0
MESA: info: udroid gfxstream-submit samples=120 staging-us=1641.6 encode-us=1026.6 prepare-us=298.1 submit-us=348.7 post-us=275.1 postLookup-ns=274398.1 postLookup-us=274.398 vkQueueWaitIdle-ns=0.0 vkQueueWaitIdle-us=0.000 vkQueueWaitIdle-called-ns=0.0 vkQueueWaitIdle-called-us=0.000 signalFinalize-ns=0.0 signalFinalize-us=0.000 bytes=888.6 command-buffers=1.18 externalFenceFdReason=0/0.000 post_wait_events=0/0.000 post_wait_sync_fds=0/0.000 waitIdleSubmits=0/0.000 temporarySyncFdWaits=114/0.950 temporarySyncFdConsumes=114/0.950 syncFdWaitErrors=0/0.000 async=1 aux=0
MESA: info: udroid Zink submit count=600 setup-us(avg)=9 end-cmdbuf-us(avg)=7 queue-lock-us(avg)=0 queue-submit-us(avg)=2742 housekeeping-us(avg)=4242 finish-us(avg)=9
MESA: info: udroid Zink sync batch count=600 pre-end-us(avg)=4 end-batch-us(avg)=2268 submit-wait-us(avg)=7239 restart-us(avg)=1445
MESA: info: udroid gfxstream-get-semaphore-fd externalSync samples=120 vkGetSemaphoreGOOGLE-ns=2338386.7 vkGetSemaphoreGOOGLE-us=2338.387 acquireSync-ns=932767.4 acquireSync-us=932.767 vkGetSemaphoreGOOGLEFailures=0 acquireSyncFailures=0
MESA: info: udroid Zink dmabuf-semaphore-import samples=120 GetSemaphoreFdKHR-ns=3292769.0 GetSemaphoreFdKHR-us=3292.769 dmabufFdAcquire-ns=19511.0 dmabufFdAcquire-us=19.511 DMA_BUF_IOCTL_IMPORT_SYNC_FILE-ns=514205.6 DMA_BUF_IOCTL_IMPORT_SYNC_FILE-us=514.206 getSemaphoreFdFailures=0/0.000 dmabufFdAcquireAttempts=120/1.000 dmabufFdAcquireSuccesses=120/1.000 resourceExportAttempts=120/1.000 importSyncFileCalls=120/1.000 importSyncFileFailures=0/0.000
MESA: info: udroid Zink fence flush count=600 prepare-us(avg)=0 semaphore-us(avg)=664 dispatch-us(avg)=11002 fence-setup-us(avg)=3 trailing-wait-us(avg)=0
MESA: info: udroid DRI native-fence create count=600 glthread-us(avg)=0 st-flush-us(avg)=13215
MESA: info: udroid gfxstream-get-semaphore-fd externalSync samples=120 vkGetSemaphoreGOOGLE-ns=543223.4 vkGetSemaphoreGOOGLE-us=543.223 acquireSync-ns=795150.4 acquireSync-us=795.150 vkGetSemaphoreGOOGLEFailures=0 acquireSyncFailures=0
simple-shm exiting
