--------- beginning of main
09-10 11:31:39.745  2165  2185 I pixel-thermal: VIRTUAL-SKIN-CPU-GPU power_budget=2386.55 err=5.327 s_power=800 time_elapsed_ms=7009 p=1598.1 i=-11.5523 d=0 dt_per_min=nan compensation=0 budget transient=0 control target=3 excluded power budget=0
09-10 11:31:39.745  2165  2185 I pixel-thermal: VIRTUAL-SKIN-CPU-GPU binded power rails: (S4M_VDD_CPUCL0: 35.78 mW)(S2M_VDD_CPUCL2: 13.54 mW)(S3M_VDD_CPUCL1: 14.43 mW)(S2S_VDD_G3D: 2.77 mW)
09-10 11:31:39.745  2165  2185 I pixel-thermal: VIRTUAL-SKIN-HINT:39.673 raw data: VIRTUAL-SKIN:39673 VIRTUAL-SKIN-HINT:39673 
09-10 11:31:39.745  2165  2185 I pixel-thermal: VIRTUAL-SKIN-CHARGE:39.673 raw data: VIRTUAL-SKIN:39673 VIRTUAL-SKIN-CHARGE:39673 
09-10 11:31:39.745  2165  2185 I pixel-thermal: VIRTUAL-SKIN-CHARGE's fcc binded power rail POWER_FOR_CHARGING_THROTTLING: power threshold = 500, avg power = 492.852
09-10 11:31:40.900  2165  2185 I pixel-thermal: usb_pwr_therm2:38.806 raw data: usb_pwr_therm2:38806 
09-10 11:31:40.973  2905 29494 I NearbyMediums: No BLE Fast/GATT advertisements found in the latest cycle.
09-10 11:31:40.973  2905 29494 I NearbyMediums: Current Tracked Scanning Clients are : {NearbyConnections.EnvironmentMonitor, NearbySharing, NearbyConnections.TxAdvertisement}
09-10 11:31:42.555  2165  2185 I pixel-thermal: VIRTUAL-USB-UI:0 raw data: USB2-MINUS-CHG:-4918 VIRTUAL-USB-UI:0 charger_skin_therm:43724 usb_pwr_therm2:38806 
09-10 11:31:42.555  2165  2185 I pixel-thermal: VIRTUAL-USB-THROTTLING:0 raw data: USB2-MINUS-CHG:-4918 VIRTUAL-USB-THROTTLING:0 usb_pwr_therm2:38806 
09-10 11:31:42.906  2165  2185 I pixel-thermal: usb_pwr_therm2:38.784 raw data: usb_pwr_therm2:38784 
09-10 11:31:44.911  2165  2185 I pixel-thermal: usb_pwr_therm2:38.784 raw data: usb_pwr_therm2:38784 
09-10 11:31:45.271  2905 30155 I NearbyConnections: Scheduled invalidation of the HPKE key alarm (delayMillis:8000) for client 231075936
09-10 11:31:45.272  2905 30155 I NearbyConnections: Trigger advertisement rotate for NearbySharing, isRotated : true
09-10 11:31:45.277  9953 10019 I bt_shim_advertiser: system/main/shim/le_advertising_manager.cc:77 Unregister: in shim layer
09-10 11:31:45.277  9953 10018 I bluetooth: bluetooth_private_gatt::gatt::server::isolation_manager: removing server (if any) associated with advertiser AdvertiserId(2)
09-10 11:31:45.283  9953 10019 I bt_shim_advertiser: system/main/shim/le_advertising_manager.cc:77 Unregister: in shim layer
09-10 11:31:45.283  9953 10018 I bluetooth: bluetooth_private_gatt::gatt::server::isolation_manager: removing server (if any) associated with advertiser AdvertiserId(1)
09-10 11:31:45.285  2905 30155 I NearbyMediums: Device token rotated, old deviceToken : [ 0xc9 0x2f ].
09-10 11:31:45.287  2905 30155 D BluetoothAdapter: isLeEnabled(): ON
09-10 11:31:45.293  9953 10019 I bt_shim_advertiser: system/main/shim/le_advertising_manager.cc:156 StartAdvertisingSet: in shim layer
09-10 11:31:45.293  9953 10019 I bt_shim_advertiser: system/main/shim/le_advertising_manager.cc:181 StartAdvertisingSet: create advertising set, app_id:255, reg_id:-69
09-10 11:31:45.299  9953 10002 I bluetooth: system/gd/hci/le_advertising_manager_impl.cc:413 allocate_advertiser: Removing advertiser id 0 from removed advertisers.
09-10 11:31:45.300  9953 10002 I bluetooth: system/gd/hci/le_advertising_manager_impl.cc:655 create_extended_advertiser_with_id: Scheduling address rotation for advertiser_id=0
09-10 11:31:45.301  9953 10002 I bluetooth: system/gd/hci/le_address_manager.cc:566 GetNextPrivateAddressIntervalRange: client=advertising_set_0, nonwake=7m27s, wake=13m49s
09-10 11:31:45.301  9953 10002 I bluetooth: system/gd/hci/le_address_manager.cc:274 unregister_client: Client unregistered
09-10 11:31:45.301  9953 10002 I bluetooth: system/gd/hci/le_address_manager.cc:259 register_client: Client registered
09-10 11:31:45.319  9953 10002 I bluetooth: system/gd/hci/le_advertising_manager_impl.cc:1728 on_set_advertising_set_random_address_complete: update random address for advertising set 0 : xx:xx:xx:xx:fe:a5
09-10 11:31:45.324  2905  2905 I NearbyMediums: [InstantOnLostManager] Start instant onLost extended advertising, hashes = [ 0xdc 0x65 0x0f 0xb3 ].
09-10 11:31:45.325  2905 30155 I NearbyMediums: Successfully stopped BLE advertising for service NearbySharing
09-10 11:31:45.325  2905 30155 I NearbyMediums: Device token rotated, old deviceToken : null.
09-10 11:31:45.325  2905 30155 V BluetoothServerSocket: BluetoothServerSocket:close() called. mChannel=-1
09-10 11:31:45.326  2905 30155 D BluetoothSocket: close() Local Socket channel=19 mSocketIS=android.net.LocalSocketImpl$SocketInputStream@ee12b19 mSocketOS=android.net.LocalSocketImpl$SocketOutputStream@54d1d8e mSocket=android.net.LocalSocket@aab09af impl:android.net.LocalSocketImpl@420a1bc fd:java.io.FileDescriptor@ee9a60 mSocketState=LISTENING
09-10 11:31:45.326  2905 30155 D BluetoothSocket: Closing mSocket: android.net.LocalSocket@aab09af impl:android.net.LocalSocketImpl@420a1bc fd:java.io.FileDescriptor@ee9a60
09-10 11:31:45.326  2905 30155 I NearbyMediums: Stopped accepting Bluetooth Classic connections for NearbySharing.
09-10 11:31:45.327  2905 28936 V BluetoothServerSocket: BluetoothServerSocket:close() called. mChannel=-1
09-10 11:31:45.327  2905 30155 I NearbyMediums: Can't stop accepting Wifi connections because it was never started.
09-10 11:31:45.327  9953 10015 I bt_btif_sock_rfcomm: system/btif/src/btif_sock_rfc.cc:536 cleanup_rfc_slot: disconnected from RFCOMM socket connections for device: 00:00:00:00:00:00, scn: 19, app_uid: 10285, slot_id: 17, socket_id: 0
09-10 11:31:45.327  2905 28936 V BluetoothSocket: close() Local Socket: Already closed and cleaned up
09-10 11:31:45.327  9953 10015 W BluetoothMetrics: system/metrics/src/android/metrics.cc:105 LogBluetoothEvent: Failed BluetoothEvent Upload - Address is Empty
09-10 11:31:45.327  2905 30155 I NearbyMediums: Can't stop accepting WiFi connections because it was never started.
09-10 11:31:45.327  9953 10015 I bt_bta_dm: system/bta/dm/bta_dm_act.cc:1182 bta_dm_set_eir: Generating extended inquiry response packet EIR
09-10 11:31:45.327  2905 30155 I NearbyMediums: Can't stop NFC advertising because it was never started.
09-10 11:31:45.327  2905 30155 I NearbyMediums: Skipping stop accepting connections: we are not currently accepting WebRTC connections for NearbySharing.
09-10 11:31:45.327  9953  9996 I bt_port_api: system/stack/rfcomm/port_api.cc:319 RFCOMM_RemoveServer: handle=4
09-10 11:31:45.328  2905 30155 I NearbyConnections: Get local endpoint id from the existing localEndpointId:RM5X (last:null) for client 231075936(0p:com.google.android.gms.nearby.sharing)
09-10 11:31:45.334  2905 30155 I NearbyMediums: [DeviceCapabilities] Get wifi usable channels from cache for mode WFD_GC (tryToRefreshCache:false channels:[2412..2472, 5180..5240, 5745..5825])
09-10 11:31:45.336  2905 30155 I NearbyMediums: [DeviceCapabilities] Get wifi usable channels from cache for mode WFD_GO (tryToRefreshCache:false channels:[2412..2472, 5180..5240, 5745..5825])
09-10 11:31:45.337  2905 30155 I NearbyMediums: [DeviceCapabilities] Get wifi usable channels from cache for mode STA (tryToRefreshCache:false channels:[2412..2472, 5180..5320, 5500..5720, 5745..5825])
09-10 11:31:45.339  2905 30155 I NearbyMediums: [DeviceCapabilities] Get wifi usable channels from cache for mode AWARE (tryToRefreshCache:false channels:[2412..2472, 5180..5240, 5745..5825])
09-10 11:31:45.343  2905 30155 I NearbyConnections: In generateRxInstantConnectionAdvBytes() advertisingMediums:[WIFI_DIRECT, WIFI_HOTSPOT, WIFI_AWARE, WIFI_LAN, BLE] capabilitiesSize:5 apFreq:-1 wfdGcUsableOrAvailableChs:[2412..2472, 5180..5240, 5745..5825] wfdGoUsableOrAvailableChs:[2412..2472, 5180..5240, 5745..5825] hsStaUsableOrAvailableChs:[2412..2472, 5180..5320, 5500..5720, 5745..5825] awareUsableOrAvailableChs:[2412..2472, 5180..5240, 5745..5825] rxAdvertisement(size:63):A0:17:C0:15:FC:00:82:D2:9B:D7:C1:85:FB:A5:D5:F2:9B:CC:8C:F3:73:28:94:17:11:65:84:DC:C7:DE:76:CB:02:0D:84:15:05:61:00:00:84:15:06:61:00:00:84:15:04:7F:00:00:84:15:07:61:00:00:83:15:01:FF:FF
09-10 11:31:45.345  2905 30155 D BluetoothSocket: bindListen(): mPort=-1, mType=1
09-10 11:31:45.347  9953 10060 I BluetoothSocketManagerBinder: createSocketChannel: type=1, serviceName=NearbySharing, uuid=a82efa21-ae5c-3dde-9bbc-f16da7b16c5a, port=-1, from uid/pid=10285/2905
09-10 11:31:45.348  9953 10060 I bt_btif_sock: system/btif/src/btif_sock.cc:166 btsock_listen: Attempting listen for socket connections for device: 00:00:00:00:00:00, type: 1, channel: -1, app_uid: 10285, data_path: 0, hub_id: 0, endpoint_id: 0, max_rx_packet_size: 0
09-10 11:31:45.348  9953 10060 I bt_btif_sock_rfcomm: system/btif/src/btif_sock_rfc.cc:399 btsock_rfc_listen: Adding listening socket service_name: NearbySharing - channel: -1
09-10 11:31:45.348  9953  9996 I bt_btif_sock_rfcomm: system/btif/src/btif_sock_rfc.cc:1019 jv_dm_cback: handling event:BTA_JV_GET_SCN_EVT, slot_id:18
09-10 11:31:45.348  9953  9996 I bt_btif_sock_rfcomm: system/btif/src/btif_sock_rfc.cc:1019 jv_dm_cback: handling event:BTA_JV_CREATE_RECORD_EVT, slot_id:18
09-10 11:31:45.349  9953  9996 I bt_bta_dm: system/bta/dm/bta_dm_act.cc:1182 bta_dm_set_eir: Generating extended inquiry response packet EIR
09-10 11:31:45.349  2905 30155 D BluetoothSocket: bindListen(), SocketState: INIT, mPfd: {ParcelFileDescriptor: java.io.FileDescriptor@781849a}
09-10 11:31:45.349  2905 30155 D BluetoothSocket: bindListen(), Create LocalSocket
09-10 11:31:45.349  2905 30155 V BluetoothSocket: bindListen(), readInt mSocketIS: android.net.LocalSocketImpl$SocketInputStream@1a891cb
09-10 11:31:45.349  9953  9996 W rfcomm_port_utils: system/stack/rfcomm/port_utils.cc:290 port_find_mcb: not found, bd_addr:ff:ff:ff:ff:ff:ff
09-10 11:31:45.349  2905 30155 D BluetoothSocket: bindListen(): channel=20, mPort=-1
09-10 11:31:45.349  9953  9996 I bt_port_api: system/stack/rfcomm/port_api.cc:194 RFCOMM_CreateConnectionWithSecurity: bd_addr=ff:ff:ff:ff:ff:ff, scn=20, is_server=true, mtu=1007, uuid=0x0, dlci=40, signal_state=0xb, port_handle=5
09-10 11:31:45.350  9953  9996 I bt_btif_sock_rfcomm: system/btif/src/btif_sock_rfc.cc:971 rfcomm_cback: handling BTA_JV_RFCOMM_START_EVT, slot_id:18
09-10 11:31:45.350  2905 28936 D BluetoothSocket: accept(), timeout (ms):-1
09-10 11:31:45.350  9953  9996 I bt_btif_sock_rfcomm: system/btif/src/btif_sock_rfc.cc:647 on_srv_rfc_listen_started: listening for RFCOMM socket connections for device: 00:00:00:00:00:00, scn: 20, app_uid: 10285, id: 18
09-10 11:31:45.350  2905 30155 I NearbyMediums: Started accepting Bluetooth Classic connections for NearbySharing.
09-10 11:31:45.355  2905 30155 D BluetoothAdapter: isLeEnabled(): ON
09-10 11:31:45.359  9953 10019 I bt_shim_advertiser: system/main/shim/le_advertising_manager.cc:156 StartAdvertisingSet: in shim layer
09-10 11:31:45.359  9953 10019 I bt_shim_advertiser: system/main/shim/le_advertising_manager.cc:181 StartAdvertisingSet: create advertising set, app_id:255, reg_id:-70
09-10 11:31:45.359  9953 10002 I bluetooth: system/gd/hci/le_advertising_manager_impl.cc:413 allocate_advertiser: Removing advertiser id 1 from removed advertisers.
09-10 11:31:45.359  9953 10002 I bluetooth: system/gd/hci/le_advertising_manager_impl.cc:655 create_extended_advertiser_with_id: Scheduling address rotation for advertiser_id=1
09-10 11:31:45.360  9953 10002 I bluetooth: system/gd/hci/le_address_manager.cc:566 GetNextPrivateAddressIntervalRange: client=advertising_set_1, nonwake=7m8s, wake=13m47s
09-10 11:31:45.367  9953 10002 I bluetooth: system/gd/hci/le_advertising_manager_impl.cc:1728 on_set_advertising_set_random_address_complete: update random address for advertising set 1 : xx:xx:xx:xx:a1:e2
09-10 11:31:45.370  2905 30155 I NearbyMediums: Started BLE extended advertising. Regular Advertised : false, Fast Advertised : true, AdvertisingSetting : BleAdvertisingSetting{powerLevel= BALANCED_POWER, isConnectable= false, isPrivateGatt= true}.
09-10 11:31:45.370  2905 30155 D BluetoothAdapter: isLeEnabled(): ON
09-10 11:31:45.374  9953 10019 I bt_shim_advertiser: system/main/shim/le_advertising_manager.cc:156 StartAdvertisingSet: in shim layer
09-10 11:31:45.374  9953 10019 I bt_shim_advertiser: system/main/shim/le_advertising_manager.cc:181 StartAdvertisingSet: create advertising set, app_id:255, reg_id:-71
09-10 11:31:45.374  9953 10002 I bluetooth: system/gd/hci/le_advertising_manager_impl.cc:413 allocate_advertiser: Removing advertiser id 2 from removed advertisers.
09-10 11:31:45.374  9953 10002 I bluetooth: system/gd/hci/le_advertising_manager_impl.cc:655 create_extended_advertiser_with_id: Scheduling address rotation for advertiser_id=2
09-10 11:31:45.375  9953 10002 I bluetooth: system/gd/hci/le_address_manager.cc:566 GetNextPrivateAddressIntervalRange: client=advertising_set_2, nonwake=7m29s, wake=14m23s
09-10 11:31:45.381  9953 10002 I bluetooth: system/gd/hci/le_advertising_manager_impl.cc:1728 on_set_advertising_set_random_address_complete: update random address for advertising set 2 : xx:xx:xx:xx:d8:d8
09-10 11:31:45.386  2905 30155 I NearbyMediums: Started BLE Legacy advertising. Regular Header Advertised : false, Fast Advertised : true, AdvertisingSettings : BleAdvertisingSetting{powerLevel= BALANCED_POWER, isConnectable= false, isPrivateGatt= true}, isAcceptingConnection : false
09-10 11:31:45.386  2905 30155 I NearbyMediums: Successfully started BLE advertising of size 23 for service NearbySharing, deviceToken : [ 0x4a 0xcc ].
09-10 11:31:45.388  2905 30155 W NearbyMediums: MEDIUM_ERROR [DEVICE][WIFI_LAN][START_LISTENING_INCOMING_CONNECTION][MEDIUM_NOT_AVAILABLE][WITHOUT_CONNECTED_WIFI_NETWORK], service-id=NearbySharing
09-10 11:31:45.388  2905 30155 W NearbyConnections: In startWifiLanAdvertising([ 0x32 0x1d 0x81 0x3a 0x79 0x42 0xd7 0xd3 0x0f 0x70 0xe9 0x03 0xc6 0x4a 0xbf 0x62 0xd7 ]), client 231075936 failed to start listening for incoming Wifi LAN connections to ServiceId NearbySharing
09-10 11:31:46.546  2678  2778 D ImpulseConnection: timeout happen: com.google.android.apps.turbo
09-10 11:31:46.547  2678  2778 D ImpulseConnection: unbindService for releasing a CONNECTED connection com.google.android.apps.turbo
09-10 11:31:46.549  2678  2790 D TemperatureStateSource: sequence=3460 actualDelay=10001
09-10 11:31:46.549  2678  2790 D TemperatureStateSource: Reading temperature: sequence=3461
09-10 11:31:46.555  2165  2165 I pixel-thermal: VIRTUAL-SKIN:39.6648 raw data: VIRTUAL-NEUTRAL:39162 VIRTUAL-NEUTRAL-SKIN2:39664.8 VIRTUAL-QUIET-NEUTRAL:39115.8 VIRTUAL-SKIN:39664.8 disp_therm:39630 gnss_tcxo_therm:38205 neutral_therm:37293 quiet_therm:39897 skin_therm1:38628 skin_therm2:45199 
09-10 11:31:46.558  2678  2790 D TemperatureStateSource: getDeviceTemperatures: sequence=3461 deviceTemperatureType=3 temperatureSource=0 temperatures=[39.664803]
09-10 11:31:46.558  2678  2790 D TemperatureStateSource: sequence=3461 waitTime=10000
09-10 11:31:46.562  2678  3566 D ImpulseStateSource: Notify clients: 3476
09-10 11:31:46.567  9953  9953 I HidDeviceService: unregisterAppUid(): uid=10180
09-10 11:31:46.568  9953  9953 W HidDeviceService: unregisterAppUid(): caller UID doesn't match user UID
09-10 11:31:46.752  2165  2185 I pixel-thermal: cellular-emergency:39.6648 raw data: VIRTUAL-SKIN:39664.8 cellular-emergency:39664.8 
09-10 11:31:46.752  2165  2185 I pixel-thermal: VIRTUAL-SKIN-CPU:39.6648 raw data: VIRTUAL-SKIN:39664.8 VIRTUAL-SKIN-CPU:39664.8 
09-10 11:31:46.752  2165  2185 I pixel-thermal: VIRTUAL-SKIN-CPU power_budget=1329.56 err=1.3352 s_power=800 time_elapsed_ms=7006 p=534.079 i=-4.52085 d=0 dt_per_min=nan compensation=0 budget transient=0 control target=3 excluded power budget=0
09-10 11:31:46.753  2165  2185 I pixel-thermal: VIRTUAL-SKIN-CPU binded power rails: (S4M_VDD_CPUCL0: 33.60 mW)(S2M_VDD_CPUCL2: 15.63 mW)(S3M_VDD_CPUCL1: 12.24 mW)
09-10 11:31:46.753  2165  2185 I pixel-thermal: neutral_therm:37.293 raw data: neutral_therm:37293 
09-10 11:31:46.753  2165  2185 I pixel-thermal: VIRTUAL-SKIN:39.6648 raw data: VIRTUAL-SKIN:39664.8 
09-10 11:31:46.753  2165  2185 I pixel-thermal: VIRTUAL-SKIN-CPU-GPU:39.6648 raw data: VIRTUAL-SKIN:39664.8 VIRTUAL-SKIN-CPU-GPU:39664.8 
09-10 11:31:46.753  2165  2185 I pixel-thermal: VIRTUAL-SKIN-CPU-GPU power_budget=2389.01 err=5.3352 s_power=800 time_elapsed_ms=7006 p=1600.56 i=-11.5523 d=0 dt_per_min=nan compensation=0 budget transient=0 control target=3 excluded power budget=0
09-10 11:31:46.754  2165  2185 I pixel-thermal: VIRTUAL-SKIN-CPU-GPU binded power rails: (S4M_VDD_CPUCL0: 33.60 mW)(S2M_VDD_CPUCL2: 15.63 mW)(S3M_VDD_CPUCL1: 12.24 mW)(S2S_VDD_G3D: 2.62 mW)
09-10 11:31:46.754  2165  2185 I pixel-thermal: VIRTUAL-SKIN-HINT:39.6648 raw data: VIRTUAL-SKIN:39664.8 VIRTUAL-SKIN-HINT:39664.8 
09-10 11:31:46.754  2165  2185 I pixel-thermal: VIRTUAL-SKIN-CHARGE:39.6648 raw data: VIRTUAL-SKIN:39664.8 VIRTUAL-SKIN-CHARGE:39664.8 
09-10 11:31:46.754  2165  2185 I pixel-thermal: VIRTUAL-SKIN-CHARGE's fcc binded power rail POWER_FOR_CHARGING_THROTTLING: power threshold = 500, avg power = 488.801
09-10 11:31:46.921  2165  2185 I pixel-thermal: usb_pwr_therm2:38.784 raw data: usb_pwr_therm2:38784 
09-10 11:31:47.335  9953 10019 I bt_shim_advertiser: system/main/shim/le_advertising_manager.cc:77 Unregister: in shim layer
09-10 11:31:47.335  9953 10018 I bluetooth: bluetooth_private_gatt::gatt::server::isolation_manager: removing server (if any) associated with advertiser AdvertiserId(0)
09-10 11:31:48.929  2165  2185 I pixel-thermal: usb_pwr_therm2:38.828 raw data: usb_pwr_therm2:38828 
09-10 11:31:49.558  2165  2185 I pixel-thermal: VIRTUAL-USB-UI:0 raw data: USB2-MINUS-CHG:-4873 VIRTUAL-USB-UI:0 charger_skin_therm:43701 usb_pwr_therm2:38828 
09-10 11:31:49.558  2165  2185 I pixel-thermal: VIRTUAL-USB-THROTTLING:0 raw data: USB2-MINUS-CHG:-4873 VIRTUAL-USB-THROTTLING:0 usb_pwr_therm2:38828 
09-10 11:31:50.935  2165  2185 I pixel-thermal: usb_pwr_therm2:38.828 raw data: usb_pwr_therm2:38828 
09-10 11:31:50.979  2905 29494 I NearbyMediums: No BLE Fast/GATT advertisements found in the latest cycle.
09-10 11:31:50.980  2905 29494 I NearbyMediums: Current Tracked Scanning Clients are : {NearbyConnections.EnvironmentMonitor, NearbySharing, NearbyConnections.TxAdvertisement}
09-10 11:31:52.942  2165  2185 I pixel-thermal: usb_pwr_therm2:38.828 raw data: usb_pwr_therm2:38828 
09-10 11:31:53.276  2905 29494 I NearbyConnections: Invalidate cached hpkeKey for client 231075936
09-10 11:31:53.759  2165  2185 I pixel-thermal: cellular-emergency:39.6874 raw data: VIRTUAL-NEUTRAL:39175.5 VIRTUAL-NEUTRAL-SKIN2:39687.4 VIRTUAL-QUIET-NEUTRAL:39137.8 VIRTUAL-SKIN:39687.4 cellular-emergency:39687.4 disp_therm:39608 gnss_tcxo_therm:38205 neutral_therm:37315 quiet_therm:39919 skin_therm1:38650 skin_therm2:45223 
09-10 11:31:53.759  2165  2185 I pixel-thermal: VIRTUAL-SKIN-CPU:39.6874 raw data: VIRTUAL-SKIN:39687.4 VIRTUAL-SKIN-CPU:39687.4 
09-10 11:31:53.759  2165  2185 I pixel-thermal: VIRTUAL-SKIN-CPU power_budget=1320.52 err=1.3126 s_power=800 time_elapsed_ms=7008 p=525.04 i=-4.52085 d=-0 dt_per_min=nan compensation=0 budget transient=0 control target=3 excluded power budget=0
09-10 11:31:53.760  2165  2185 I pixel-thermal: VIRTUAL-SKIN-CPU binded power rails: (S4M_VDD_CPUCL0: 35.65 mW)(S2M_VDD_CPUCL2: 17.38 mW)(S3M_VDD_CPUCL1: 12.38 mW)
09-10 11:31:53.760  2165  2185 I pixel-thermal: neutral_therm:37.315 raw data: neutral_therm:37315 
09-10 11:31:53.760  2165  2185 I pixel-thermal: VIRTUAL-SKIN:39.6874 raw data: VIRTUAL-SKIN:39687.4 
09-10 11:31:53.760  2165  2185 I pixel-thermal: VIRTUAL-SKIN-CPU-GPU:39.6874 raw data: VIRTUAL-SKIN:39687.4 VIRTUAL-SKIN-CPU-GPU:39687.4 
09-10 11:31:53.760  2165  2185 I pixel-thermal: VIRTUAL-SKIN-CPU-GPU power_budget=2382.23 err=5.3126 s_power=800 time_elapsed_ms=7008 p=1593.78 i=-11.5523 d=-0 dt_per_min=nan compensation=0 budget transient=0 control target=3 excluded power budget=0
09-10 11:31:53.760  2165  2185 I pixel-thermal: VIRTUAL-SKIN-CPU-GPU binded power rails: (S4M_VDD_CPUCL0: 35.65 mW)(S2M_VDD_CPUCL2: 17.38 mW)(S3M_VDD_CPUCL1: 12.38 mW)(S2S_VDD_G3D: 2.75 mW)
09-10 11:31:53.760  2165  2185 I pixel-thermal: VIRTUAL-SKIN-HINT:39.6874 raw data: VIRTUAL-SKIN:39687.4 VIRTUAL-SKIN-HINT:39687.4 
09-10 11:31:53.760  2165  2185 I pixel-thermal: VIRTUAL-SKIN-CHARGE:39.6874 raw data: VIRTUAL-SKIN:39687.4 VIRTUAL-SKIN-CHARGE:39687.4 
09-10 11:31:53.760  2165  2185 I pixel-thermal: VIRTUAL-SKIN-CHARGE's fcc binded power rail POWER_FOR_CHARGING_THROTTLING: power threshold = 500, avg power = 495.83
09-10 11:31:54.952  2165  2185 I pixel-thermal: usb_pwr_therm2:38.851 raw data: usb_pwr_therm2:38851 
09-10 11:31:56.560  2678  2916 D TemperatureStateSource: sequence=3461 actualDelay=10002
09-10 11:31:56.562  2678  2916 D TemperatureStateSource: Reading temperature: sequence=3462
09-10 11:31:56.569  2165  2165 I pixel-thermal: VIRTUAL-SKIN:39.6936 raw data: VIRTUAL-NEUTRAL:39187.6 VIRTUAL-NEUTRAL-SKIN2:39693.6 VIRTUAL-QUIET-NEUTRAL:39287.3 VIRTUAL-SKIN:39693.6 disp_therm:39608 gnss_tcxo_therm:38227 neutral_therm:37293 quiet_therm:40142 skin_therm1:38673 skin_therm2:45295 
09-10 11:31:56.570  2678  2916 D TemperatureStateSource: getDeviceTemperatures: sequence=3462 deviceTemperatureType=3 temperatureSource=0 temperatures=[39.693604]
09-10 11:31:56.570  2165  2185 I pixel-thermal: VIRTUAL-USB-UI:0 raw data: USB2-MINUS-CHG:-4918 VIRTUAL-USB-UI:0 charger_skin_therm:43769 usb_pwr_therm2:38851 
09-10 11:31:56.571  2165  2185 I pixel-thermal: VIRTUAL-USB-THROTTLING:0 raw data: USB2-MINUS-CHG:-4918 VIRTUAL-USB-THROTTLING:0 usb_pwr_therm2:38851 
09-10 11:31:56.571  2678  2916 D TemperatureStateSource: sequence=3462 waitTime=10000
09-10 11:31:56.572  2678  2790 D ImpulseStateSource: Notify clients: 3477
--------- beginning of system
09-10 11:31:56.603  1821  2297 D ActivityManager: freezing 27193 com.google.android.apps.turbo
09-10 11:31:56.616  1821  2400 D InetDiagMessage: Destroyed 0 sockets, proto=IPPROTO_TCP, family=AF_INET, states=14
09-10 11:31:56.621  1821  2400 D InetDiagMessage: Destroyed 0 sockets, proto=IPPROTO_TCP, family=AF_INET6, states=14
09-10 11:31:56.621  1821  2400 D InetDiagMessage: Destroyed live tcp sockets for uids={10180} in 11ms
09-10 11:31:56.958  2165  2185 I pixel-thermal: usb_pwr_therm2:38.851 raw data: usb_pwr_therm2:38851 
09-10 11:31:58.967  2165  2185 I pixel-thermal: usb_pwr_therm2:38.851 raw data: usb_pwr_therm2:38851 
09-10 11:32:00.772  2165  2185 I pixel-thermal: cellular-emergency:39.6916 raw data: VIRTUAL-NEUTRAL:39175.4 VIRTUAL-NEUTRAL-SKIN2:39691.6 VIRTUAL-QUIET-NEUTRAL:39202 VIRTUAL-SKIN:39691.6 cellular-emergency:39691.6 disp_therm:39630 gnss_tcxo_therm:38205 neutral_therm:37270 quiet_therm:40030 skin_therm1:38628 skin_therm2:45342 
09-10 11:32:00.772  2165  2185 I pixel-thermal: VIRTUAL-SKIN-CPU:39.6916 raw data: VIRTUAL-SKIN:39691.6 VIRTUAL-SKIN-CPU:39691.6 
09-10 11:32:00.772  2165  2185 I pixel-thermal: VIRTUAL-SKIN-CPU power_budget=1318.84 err=1.3084 s_power=800 time_elapsed_ms=7009 p=523.358 i=-4.52085 d=-0 dt_per_min=nan compensation=0 budget transient=0 control target=3 excluded power budget=0
09-10 11:32:00.773  2165  2185 I pixel-thermal: VIRTUAL-SKIN-CPU binded power rails: (S4M_VDD_CPUCL0: 33.80 mW)(S2M_VDD_CPUCL2: 15.35 mW)(S3M_VDD_CPUCL1: 12.67 mW)
09-10 11:32:00.774  2165  2185 I pixel-thermal: neutral_therm:37.27 raw data: neutral_therm:37270 
09-10 11:32:00.774  2165  2185 I pixel-thermal: VIRTUAL-SKIN:39.6916 raw data: VIRTUAL-SKIN:39691.6 
09-10 11:32:00.774  2165  2185 I pixel-thermal: VIRTUAL-SKIN-CPU-GPU:39.6916 raw data: VIRTUAL-SKIN:39691.6 VIRTUAL-SKIN-CPU-GPU:39691.6 
09-10 11:32:00.774  2165  2185 I pixel-thermal: VIRTUAL-SKIN-CPU-GPU power_budget=2380.97 err=5.3084 s_power=800 time_elapsed_ms=7009 p=1592.52 i=-11.5523 d=-0 dt_per_min=nan compensation=0 budget transient=0 control target=3 excluded power budget=0
09-10 11:32:00.775  2165  2185 I pixel-thermal: VIRTUAL-SKIN-CPU-GPU binded power rails: (S4M_VDD_CPUCL0: 33.80 mW)(S2M_VDD_CPUCL2: 15.35 mW)(S3M_VDD_CPUCL1: 12.67 mW)(S2S_VDD_G3D: 3.32 mW)
09-10 11:32:00.775  2165  2185 I pixel-thermal: VIRTUAL-SKIN-HINT:39.6916 raw data: VIRTUAL-SKIN:39691.6 VIRTUAL-SKIN-HINT:39691.6 
09-10 11:32:00.775  2165  2185 I pixel-thermal: VIRTUAL-SKIN-CHARGE:39.6916 raw data: VIRTUAL-SKIN:39691.6 VIRTUAL-SKIN-CHARGE:39691.6 
09-10 11:32:00.775  2165  2185 I pixel-thermal: VIRTUAL-SKIN-CHARGE's fcc binded power rail POWER_FOR_CHARGING_THROTTLING: power threshold = 500, avg power = 491.232
09-10 11:32:00.980  2165  2185 I pixel-thermal: usb_pwr_therm2:38.828 raw data: usb_pwr_therm2:38828 
09-10 11:32:00.984  2905 29494 I NearbyMediums: No BLE Fast/GATT advertisements found in the latest cycle.
09-10 11:32:00.985  2905 29494 I NearbyMediums: Current Tracked Scanning Clients are : {NearbyConnections.EnvironmentMonitor, NearbySharing, NearbyConnections.TxAdvertisement}
09-10 11:32:01.004  3992  4372 I AiAiEcho: (REDACTED) Predicting[%d]: %s
09-10 11:32:01.005  3992  4372 I AiAiEcho: (REDACTED) EchoTargets: %s
09-10 11:32:01.005  3992  4372 I AiAiEcho: Filtered by AiAi flag check: %s
09-10 11:32:01.008  3992  4372 I AiAiEcho: (REDACTED) #weatherSubItemsTwiddler: Weather removes SubtitleSupplementalItem in surface: %s
09-10 11:32:01.008  3992  4372 I AiAiEcho: #remoteViewsTwiddler: feature disabled.
09-10 11:32:01.009  3992  4372 I AiAiEcho: (REDACTED) Predicting[%d]: %s
09-10 11:32:01.011  3992  4372 I AiAiEcho: (REDACTED) EchoTargets: %s
09-10 11:32:01.011  3992  4372 I AiAiEcho: Filtered by AiAi flag check: %s
09-10 11:32:01.012  3992  4372 I AiAiEcho: #remoteViewsTwiddler: feature disabled.
09-10 11:32:01.013  3992  4372 I AiAiEcho: (REDACTED) Predicting[%d]: %s
09-10 11:32:01.014  3992  4372 I AiAiEcho: (REDACTED) EchoTargets: %s
09-10 11:32:01.014  3992  4372 I AiAiEcho: Filtered by AiAi flag check: %s
09-10 11:32:01.015  3992  4372 I AiAiEcho: #remoteViewsTwiddler: feature disabled.
09-10 11:32:01.016  3992  4372 I AiAiEcho: (REDACTED) Predicting[%d]: %s
09-10 11:32:01.017  3992  4372 I AiAiEcho: (REDACTED) EchoTargets: %s
09-10 11:32:01.017  3992  4372 I AiAiEcho: Filtered by AiAi flag check: %s
09-10 11:32:01.018  3992  4372 I AiAiEcho: (REDACTED) #weatherSubItemsTwiddler: Weather removes SubtitleSupplementalItem in surface: %s
09-10 11:32:01.019  3992  4372 I AiAiEcho: #remoteViewsTwiddler: feature disabled.
09-10 11:32:01.026  3992  4372 I AiAiEcho: (REDACTED) #postPredictionTargets: Sending updates to UISurface %s with targets# %s (types=[%s])
09-10 11:32:01.030  3992  4372 I AiAiEcho: (REDACTED) #postPredictionTargets: Sending updates to UISurface %s with targets# %s (types=[%s])
09-10 11:32:01.030  3992  4372 I AiAiEcho: (REDACTED) #postPredictionTargets: Sending updates to UISurface %s with targets# %s (types=[%s])
09-10 11:32:01.031  2542  2542 I WeatherSmartspaceView: setFormattedContentDescription: text=32°C, iconDescription=Light rain, contentDescription=Light rain, 32°C
09-10 11:32:01.032  2542  2542 I WeatherSmartspaceView: setFormattedContentDescription: text=32°C, iconDescription=Light rain, contentDescription=Light rain, 32°C
09-10 11:32:01.032  2542  2542 I WeatherData: Weather data parsed DRIZZLE ("Light rain") 32°C from Bundle[{description=Light rain, feedback_intent=null, explanation_intent=Supplier{VAL_PARCELABLE@148+1744}, is_gaia_linked_data=true, use_celsius=true, state=11, temperature=32}]
09-10 11:32:01.036  2542  2579 I AmbientCueRepository: Receiving SmartSpace targets # 0
09-10 11:32:01.037  3992  4372 I AiAiEcho: (REDACTED) #postPredictionTargets: Sending updates to UISurface %s with targets# %s (types=[%s])
09-10 11:32:01.956  1821  1836 I system_server: Background concurrent mark compact GC freed 5037KB AllocSpace bytes, 4(280KB) LOS objects, 86% free, 66MB/512MB, paused 1.228ms,3.480ms total 315.545ms
09-10 11:32:02.987  2165  2185 I pixel-thermal: usb_pwr_therm2:38.828 raw data: usb_pwr_therm2:38828 
09-10 11:32:03.577  2165  2185 I pixel-thermal: VIRTUAL-USB-UI:0 raw data: USB2-MINUS-CHG:-4919 VIRTUAL-USB-UI:0 charger_skin_therm:43747 usb_pwr_therm2:38828 
09-10 11:32:03.578  2165  2185 I pixel-thermal: VIRTUAL-USB-THROTTLING:0 raw data: USB2-MINUS-CHG:-4919 VIRTUAL-USB-THROTTLING:0 usb_pwr_therm2:38828 
09-10 11:32:04.995  2165  2185 I pixel-thermal: usb_pwr_therm2:38.828 raw data: usb_pwr_therm2:38828 
09-10 11:32:06.573  2678  2790 D TemperatureStateSource: sequence=3462 actualDelay=10001
09-10 11:32:06.573  2678  2790 D TemperatureStateSource: Reading temperature: sequence=3463
09-10 11:32:06.577  2165  2165 I pixel-thermal: VIRTUAL-SKIN:39.6916 raw data: VIRTUAL-NEUTRAL:39175.4 VIRTUAL-NEUTRAL-SKIN2:39691.6 VIRTUAL-QUIET-NEUTRAL:39202 VIRTUAL-SKIN:39691.6 disp_therm:39630 gnss_tcxo_therm:38205 neutral_therm:37270 quiet_therm:40030 skin_therm1:38628 skin_therm2:45342 
09-10 11:32:06.578  2678  2790 D TemperatureStateSource: getDeviceTemperatures: sequence=3463 deviceTemperatureType=3 temperatureSource=0 temperatures=[39.691605]
09-10 11:32:06.578  2678  2790 D TemperatureStateSource: sequence=3463 waitTime=10000
09-10 11:32:06.579  2678  2790 D ImpulseStateSource: Notify clients: 3478
09-10 11:32:07.007  2165  2185 I pixel-thermal: usb_pwr_therm2:38.851 raw data: usb_pwr_therm2:38851 
09-10 11:32:07.782  2165  2185 I pixel-thermal: cellular-emergency:39.6916 raw data: VIRTUAL-SKIN:39691.6 cellular-emergency:39691.6 
09-10 11:32:07.782  2165  2185 I pixel-thermal: VIRTUAL-SKIN-CPU:39.6916 raw data: VIRTUAL-SKIN:39691.6 VIRTUAL-SKIN-CPU:39691.6 
09-10 11:32:07.782  2165  2185 I pixel-thermal: VIRTUAL-SKIN-CPU power_budget=1318.84 err=1.3084 s_power=800 time_elapsed_ms=7011 p=523.358 i=-4.52085 d=0 dt_per_min=nan compensation=0 budget transient=0 control target=3 excluded power budget=0
09-10 11:32:07.783  2165  2185 I pixel-thermal: VIRTUAL-SKIN-CPU binded power rails: (S4M_VDD_CPUCL0: 42.90 mW)(S2M_VDD_CPUCL2: 15.57 mW)(S3M_VDD_CPUCL1: 24.74 mW)
09-10 11:32:07.783  2165  2185 I pixel-thermal: neutral_therm:37.27 raw data: neutral_therm:37270 
09-10 11:32:07.783  2165  2185 I pixel-thermal: VIRTUAL-SKIN:39.6916 raw data: VIRTUAL-SKIN:39691.6 
09-10 11:32:07.784  2165  2185 I pixel-thermal: VIRTUAL-SKIN-CPU-GPU:39.6916 raw data: VIRTUAL-SKIN:39691.6 VIRTUAL-SKIN-CPU-GPU:39691.6 
09-10 11:32:07.784  2165  2185 I pixel-thermal: VIRTUAL-SKIN-CPU-GPU power_budget=2380.97 err=5.3084 s_power=800 time_elapsed_ms=7011 p=1592.52 i=-11.5523 d=0 dt_per_min=nan compensation=0 budget transient=0 control target=3 excluded power budget=0
09-10 11:32:07.784  2165  2185 I pixel-thermal: VIRTUAL-SKIN-CPU-GPU binded power rails: (S4M_VDD_CPUCL0: 42.90 mW)(S2M_VDD_CPUCL2: 15.57 mW)(S3M_VDD_CPUCL1: 24.74 mW)(S2S_VDD_G3D: 3.53 mW)
09-10 11:32:07.784  2165  2185 I pixel-thermal: VIRTUAL-SKIN-HINT:39.6916 raw data: VIRTUAL-SKIN:39691.6 VIRTUAL-SKIN-HINT:39691.6 
09-10 11:32:07.785  2165  2185 I pixel-thermal: VIRTUAL-SKIN-CHARGE:39.6916 raw data: VIRTUAL-SKIN:39691.6 VIRTUAL-SKIN-CHARGE:39691.6 
09-10 11:32:07.785  2165  2185 I pixel-thermal: VIRTUAL-SKIN-CHARGE's fcc binded power rail POWER_FOR_CHARGING_THROTTLING: power threshold = 500, avg power = 520.096
09-10 11:32:07.786  2165  2185 I pixel-thermal: Successfully update cdev fcc sysfs to 6
09-10 11:32:09.015  2165  2185 I pixel-thermal: usb_pwr_therm2:38.851 raw data: usb_pwr_therm2:38851 
09-10 11:32:10.587  2165  2185 I pixel-thermal: VIRTUAL-USB-UI:0 raw data: USB2-MINUS-CHG:-4987 VIRTUAL-USB-UI:0 charger_skin_therm:43838 usb_pwr_therm2:38851 
09-10 11:32:10.588  2165  2185 I pixel-thermal: VIRTUAL-USB-THROTTLING:0 raw data: USB2-MINUS-CHG:-4987 VIRTUAL-USB-THROTTLING:0 usb_pwr_therm2:38851 
09-10 11:32:10.992  2905 29494 I NearbyMediums: No BLE Fast/GATT advertisements found in the latest cycle.
09-10 11:32:10.993  2905 29494 I NearbyMediums: Current Tracked Scanning Clients are : {NearbyConnections.EnvironmentMonitor, NearbySharing, NearbyConnections.TxAdvertisement}
09-10 11:32:11.024  2165  2185 I pixel-thermal: usb_pwr_therm2:38.851 raw data: usb_pwr_therm2:38851 
09-10 11:32:13.034  2165  2185 I pixel-thermal: usb_pwr_therm2:38.851 raw data: usb_pwr_therm2:38851 
09-10 11:32:13.415  2905 30292 I AlarmManager: setExactAndAllowWhileIdle [name: GCM_HB_ALARM type: 2 triggerAtMillis: 64300287]
09-10 11:32:13.442  1381 11847 D AudioFlinger: onStateChanged: pid:12573  uid:10325  state:unfrozen - no freeze activity
09-10 11:32:13.446  1821  1923 D ActivityManager: sync unfroze 12573 com.discord for 3
09-10 11:32:13.465 12573 12573 I TTIFactory: Receiver: com.google.firebase.iid.FirebaseInstanceIdReceiver, intent=Intent { act=com.google.android.c2dm.intent.RECEIVE flg=0x11000010 xflg=0x4 pkg=com.discord cmp=com.discord/com.google.firebase.iid.FirebaseInstanceIdReceiver (has extras) }
09-10 11:32:13.484 12573 30320 I SentryBreadcrumb: Kotlin NotificationClient received Notification.
09-10 11:32:13.539  3992  5154 D androidtc: Initializing SystemTextClassifier, type = System
09-10 11:32:13.540  3992  3992 I AiAiTextClassifier: (REDACTED) onCreateTextClassificationSession = %s
09-10 11:32:13.540  3992  3992 I AiAiTextClassifier: AiaiTextClassifierService.onSuggestConversationActions
09-10 11:32:13.543  3992  3992 I AiAiTextClassifier: (REDACTED) onDestroyTextClassificationSession = %s
09-10 11:32:13.545 12573 12573 I TTIFactory: Service: com.discord.react.headless_tasks.service.HeadlessTasksService, intent=null
09-10 11:32:13.766  3992  4960 I AiAiEcho: SmartspaceNotificationPredictor no parser can handle this notification or notification is invalid
09-10 11:32:13.774  2542  2542 D InsetsController: hide(ime())
09-10 11:32:13.774  2542  2542 I ImeTracker: com.android.systemui:67cf3e17: onRequestHide at ORIGIN_CLIENT reason HIDE_SOFT_INPUT_BY_INSETS_API fromUser false userId 0 displayId 0
09-10 11:32:13.775  2542  2542 I ImeTracker: com.android.systemui:67cf3e17: onCancelled at PHASE_CLIENT_ALREADY_HIDDEN
09-10 11:32:13.779  2542  2542 D InsetsController: hide(ime())
09-10 11:32:13.779  2542  2542 I ImeTracker: com.android.systemui:dcf611e4: onRequestHide at ORIGIN_CLIENT reason HIDE_SOFT_INPUT_BY_INSETS_API fromUser false userId 0 displayId 0
09-10 11:32:13.779  2542  2542 I ImeTracker: com.android.systemui:dcf611e4: onCancelled at PHASE_CLIENT_ALREADY_HIDDEN
09-10 11:32:14.005  2542  2542 D InsetsController: hide(ime())
09-10 11:32:14.005  2542  2542 I ImeTracker: com.android.systemui:27a4dfd0: onRequestHide at ORIGIN_CLIENT reason HIDE_SOFT_INPUT_BY_INSETS_API fromUser false userId 0 displayId 0
09-10 11:32:14.005  2542  2542 I ImeTracker: com.android.systemui:27a4dfd0: onCancelled at PHASE_CLIENT_ALREADY_HIDDEN
09-10 11:32:14.016  2905 30293 I AlarmManager: setExactAndAllowWhileIdle [name: GCM_HB_ALARM type: 2 triggerAtMillis: 64300888]
09-10 11:32:14.025 12573 12573 I TTIFactory: Receiver: com.google.firebase.iid.FirebaseInstanceIdReceiver, intent=Intent { act=com.google.android.c2dm.intent.RECEIVE flg=0x11000010 xflg=0x4 pkg=com.discord cmp=com.discord/com.google.firebase.iid.FirebaseInstanceIdReceiver (has extras) }
09-10 11:32:14.030 12573 30320 I SentryBreadcrumb: Kotlin NotificationClient received Notification.
09-10 11:32:14.033  2905 30293 I AlarmManager: setExactAndAllowWhileIdle [name: GCM_HB_ALARM type: 2 triggerAtMillis: 64300905]
09-10 11:32:14.038 12573 30320 E AudioAttributes: Invalid stream type -1 for AudioAttributes
09-10 11:32:14.064  3992  5154 D androidtc: Initializing SystemTextClassifier, type = System
09-10 11:32:14.065  3992  3992 I AiAiTextClassifier: (REDACTED) onCreateTextClassificationSession = %s
09-10 11:32:14.066  3992  3992 I AiAiTextClassifier: AiaiTextClassifierService.onSuggestConversationActions
09-10 11:32:14.071  3992  3992 I AiAiTextClassifier: (REDACTED) onDestroyTextClassificationSession = %s
09-10 11:32:14.279  3992  4960 I AiAiEcho: SmartspaceNotificationPredictor no parser can handle this notification or notification is invalid
09-10 11:32:14.446  2905  2905 D BoundBrokerSvc: onRebind: Intent { act=com.google.android.gms.libs.gmscorelogger.service.START dat=chimera-action:/... xflg=0x4 cmp=com.google.android.gms/.chimera.PersistentDirectBootAwareApiService }
09-10 11:32:14.792  2165  2185 I pixel-thermal: cellular-emergency:39.6844 raw data: VIRTUAL-NEUTRAL:39165.2 VIRTUAL-NEUTRAL-SKIN2:39684.4 VIRTUAL-QUIET-NEUTRAL:39171.2 VIRTUAL-SKIN:39684.4 cellular-emergency:39684.4 disp_therm:39608 gnss_tcxo_therm:38205 neutral_therm:37270 quiet_therm:39986 skin_therm1:38606 skin_therm2:45318 
09-10 11:32:14.792  2165  2185 I pixel-thermal: VIRTUAL-SKIN-CPU:39.6844 raw data: VIRTUAL-SKIN:39684.4 VIRTUAL-SKIN-CPU:39684.4 
09-10 11:32:14.792  2165  2185 I pixel-thermal: VIRTUAL-SKIN-CPU power_budget=1321.72 err=1.3156 s_power=800 time_elapsed_ms=7010 p=526.241 i=-4.52085 d=0 dt_per_min=nan compensation=0 budget transient=0 control target=3 excluded power budget=0
09-10 11:32:14.792  2165  2185 I pixel-thermal: VIRTUAL-SKIN-CPU binded power rails: (S4M_VDD_CPUCL0: 69.14 mW)(S2M_VDD_CPUCL2: 14.91 mW)(S3M_VDD_CPUCL1: 26.33 mW)
09-10 11:32:14.792  2165  2185 I pixel-thermal: neutral_therm:37.27 raw data: neutral_therm:37270 
09-10 11:32:14.792  2165  2185 I pixel-thermal: VIRTUAL-SKIN:39.6844 raw data: VIRTUAL-SKIN:39684.4 
09-10 11:32:14.793  2165  2185 I pixel-thermal: VIRTUAL-SKIN-CPU-GPU:39.6844 raw data: VIRTUAL-SKIN:39684.4 VIRTUAL-SKIN-CPU-GPU:39684.4 
09-10 11:32:14.793  2165  2185 I pixel-thermal: VIRTUAL-SKIN-CPU-GPU power_budget=2383.13 err=5.3156 s_power=800 time_elapsed_ms=7010 p=1594.68 i=-11.5523 d=0 dt_per_min=nan compensation=0 budget transient=0 control target=3 excluded power budget=0
09-10 11:32:14.793  2165  2185 I pixel-thermal: VIRTUAL-SKIN-CPU-GPU binded power rails: (S4M_VDD_CPUCL0: 69.14 mW)(S2M_VDD_CPUCL2: 14.91 mW)(S3M_VDD_CPUCL1: 26.33 mW)(S2S_VDD_G3D: 3.75 mW)
09-10 11:32:14.793  2165  2185 I pixel-thermal: VIRTUAL-SKIN-HINT:39.6844 raw data: VIRTUAL-SKIN:39684.4 VIRTUAL-SKIN-HINT:39684.4 
09-10 11:32:14.793  2165  2185 I pixel-thermal: VIRTUAL-SKIN-CHARGE:39.6844 raw data: VIRTUAL-SKIN:39684.4 VIRTUAL-SKIN-CHARGE:39684.4 
09-10 11:32:14.793  2165  2185 I pixel-thermal: VIRTUAL-SKIN-CHARGE's fcc binded power rail POWER_FOR_CHARGING_THROTTLING: power threshold = 500, avg power = 551.913
09-10 11:32:15.040  2165  2185 I pixel-thermal: usb_pwr_therm2:38.851 raw data: usb_pwr_therm2:38851 
09-10 11:32:16.542  1379  3673 I WifiHAL : Creating message to get link statistics; iface = 47
09-10 11:32:16.581  2678  2790 D TemperatureStateSource: sequence=3463 actualDelay=10002
09-10 11:32:16.583  2678  2790 D TemperatureStateSource: Reading temperature: sequence=3464
09-10 11:32:16.586  2165  2165 I pixel-thermal: VIRTUAL-SKIN:39.6844 raw data: VIRTUAL-SKIN:39684.4 
09-10 11:32:16.588  2678  2790 D TemperatureStateSource: getDeviceTemperatures: sequence=3464 deviceTemperatureType=3 temperatureSource=0 temperatures=[39.6844]
09-10 11:32:16.589  2678  2790 D TemperatureStateSource: sequence=3464 waitTime=10000
09-10 11:32:16.590  2678  2916 D ImpulseStateSource: Notify clients: 3479
09-10 11:32:16.656  1379  3673 E libbinder.IPCThreadState: binder thread pool (1 threads) starved for 113 ms
09-10 11:32:17.047  2165  2185 I pixel-thermal: usb_pwr_therm2:38.851 raw data: usb_pwr_therm2:38851 
09-10 11:32:17.592  2165  2185 I pixel-thermal: VIRTUAL-USB-UI:0 raw data: USB2-MINUS-CHG:-4918 VIRTUAL-USB-UI:0 charger_skin_therm:43769 usb_pwr_therm2:38851 
09-10 11:32:17.593  2165  2185 I pixel-thermal: VIRTUAL-USB-THROTTLING:0 raw data: USB2-MINUS-CHG:-4918 VIRTUAL-USB-THROTTLING:0 usb_pwr_therm2:38851 
09-10 11:32:19.056  2165  2185 I pixel-thermal: usb_pwr_therm2:38.851 raw data: usb_pwr_therm2:38851 
09-10 11:32:20.997  2905 29494 I NearbyMediums: No BLE Fast/GATT advertisements found in the latest cycle.
09-10 11:32:20.997  2905 29494 I NearbyMediums: Current Tracked Scanning Clients are : {NearbyConnections.EnvironmentMonitor, NearbySharing, NearbyConnections.TxAdvertisement}
09-10 11:32:21.064  2165  2185 I pixel-thermal: usb_pwr_therm2:38.828 raw data: usb_pwr_therm2:38828 
09-10 11:32:21.802  2165  2185 I pixel-thermal: cellular-emergency:39.6916 raw data: VIRTUAL-NEUTRAL:39197.7 VIRTUAL-NEUTRAL-SKIN2:39691.6 VIRTUAL-QUIET-NEUTRAL:39155.8 VIRTUAL-SKIN:39691.6 cellular-emergency:39691.6 disp_therm:39585 gnss_tcxo_therm:38250 neutral_therm:37270 quiet_therm:39964 skin_therm1:38717 skin_therm2:45342 
09-10 11:32:21.804  2165  2185 I pixel-thermal: VIRTUAL-SKIN-CPU:39.6916 raw data: VIRTUAL-SKIN:39691.6 VIRTUAL-SKIN-CPU:39691.6 
09-10 11:32:21.804  2165  2185 I pixel-thermal: VIRTUAL-SKIN-CPU power_budget=1318.84 err=1.3084 s_power=800 time_elapsed_ms=7006 p=523.358 i=-4.52085 d=-0 dt_per_min=nan compensation=0 budget transient=0 control target=3 excluded power budget=0
09-10 11:32:21.804  2165  2185 I pixel-thermal: VIRTUAL-SKIN-CPU binded power rails: (S4M_VDD_CPUCL0: 36.05 mW)(S2M_VDD_CPUCL2: 12.49 mW)(S3M_VDD_CPUCL1: 12.08 mW)
09-10 11:32:21.805  2165  2185 I pixel-thermal: neutral_therm:37.27 raw data: neutral_therm:37270 
09-10 11:32:21.805  2165  2185 I pixel-thermal: VIRTUAL-SKIN:39.6916 raw data: VIRTUAL-SKIN:39691.6 
09-10 11:32:21.805  2165  2185 I pixel-thermal: VIRTUAL-SKIN-CPU-GPU:39.6916 raw data: VIRTUAL-SKIN:39691.6 VIRTUAL-SKIN-CPU-GPU:39691.6 
09-10 11:32:21.805  2165  2185 I pixel-thermal: VIRTUAL-SKIN-CPU-GPU power_budget=2380.97 err=5.3084 s_power=800 time_elapsed_ms=7006 p=1592.52 i=-11.5523 d=-0 dt_per_min=nan compensation=0 budget transient=0 control target=3 excluded power budget=0
09-10 11:32:21.806  2165  2185 I pixel-thermal: VIRTUAL-SKIN-CPU-GPU binded power rails: (S4M_VDD_CPUCL0: 36.05 mW)(S2M_VDD_CPUCL2: 12.49 mW)(S3M_VDD_CPUCL1: 12.08 mW)(S2S_VDD_G3D: 2.71 mW)
09-10 11:32:21.806  2165  2185 I pixel-thermal: VIRTUAL-SKIN-HINT:39.6916 raw data: VIRTUAL-SKIN:39691.6 VIRTUAL-SKIN-HINT:39691.6 
09-10 11:32:21.806  2165  2185 I pixel-thermal: VIRTUAL-SKIN-CHARGE:39.6916 raw data: VIRTUAL-SKIN:39691.6 VIRTUAL-SKIN-CHARGE:39691.6 
09-10 11:32:21.806  2165  2185 I pixel-thermal: VIRTUAL-SKIN-CHARGE's fcc binded power rail POWER_FOR_CHARGING_THROTTLING: power threshold = 500, avg power = 486.596
09-10 11:32:21.808  2165  2185 I pixel-thermal: Successfully update cdev fcc sysfs to 3
09-10 11:32:23.080  2165  2185 I pixel-thermal: usb_pwr_therm2:38.828 raw data: usb_pwr_therm2:38828 
09-10 11:32:24.599  2165  2185 I pixel-thermal: VIRTUAL-USB-UI:0 raw data: USB2-MINUS-CHG:-5056 VIRTUAL-USB-UI:0 charger_skin_therm:43884 usb_pwr_therm2:38828 
09-10 11:32:24.599  2165  2185 I pixel-thermal: VIRTUAL-USB-THROTTLING:0 raw data: USB2-MINUS-CHG:-5056 VIRTUAL-USB-THROTTLING:0 usb_pwr_therm2:38828 
09-10 11:32:25.089  2165  2185 I pixel-thermal: usb_pwr_therm2:38.828 raw data: usb_pwr_therm2:38828 
09-10 11:32:26.589  2678  2916 D TemperatureStateSource: sequence=3464 actualDelay=10000
09-10 11:32:26.590  2678  2916 D TemperatureStateSource: Reading temperature: sequence=3465
09-10 11:32:26.594  2165  2165 I pixel-thermal: VIRTUAL-SKIN:39.6844 raw data: VIRTUAL-NEUTRAL:39200.8 VIRTUAL-NEUTRAL-SKIN2:39684.4 VIRTUAL-QUIET-NEUTRAL:39124.3 VIRTUAL-SKIN:39684.4 disp_therm:39608 gnss_tcxo_therm:38294 neutral_therm:37270 quiet_therm:39919 skin_therm1:38695 skin_therm2:45318 
09-10 11:32:26.595  2678  2916 D TemperatureStateSource: getDeviceTemperatures: sequence=3465 deviceTemperatureType=3 temperatureSource=0 temperatures=[39.6844]
09-10 11:32:26.596  2678  2916 D TemperatureStateSource: sequence=3465 waitTime=10000
09-10 11:32:26.596  2678  2790 D ImpulseStateSource: Notify clients: 3480
09-10 11:32:27.095  2165  2185 I pixel-thermal: usb_pwr_therm2:38.851 raw data: usb_pwr_therm2:38851 
09-10 11:32:27.096  2165  2185 I pixel-thermal: Power rails total power: 615.31 mW for 60249 ms
09-10 11:32:27.096  2165  2185 I pixel-thermal: Power rails [L8S_UFS_VCCQ: 7.87 mW] [S2S_VDD_G3D: 3.05 mW] [S10S_VDD2L: 15.84 mW] [S5S_VDDQ_MEM: 4.88 mW] [S4S_VDD2H_MEM: 23.40 mW] [S9S_VDD_AOC: 22.06 mW] 
09-10 11:32:27.096  2165  2185 I pixel-thermal: Power rails [S10M_VDD_TPU: 10.55 mW] [L2S_VDD_AOC_RET: 11.27 mW] [L9S_GNSS_CORE: 0.71 mW] [S1M_VDD_MIF: 29.48 mW] [S5M_VDD_INT: 28.61 mW] [S4M_VDD_CPUCL0: 39.40 mW] 
09-10 11:32:27.096  2165  2185 I pixel-thermal: Power rails [S2M_VDD_CPUCL2: 14.75 mW] [S3M_VDD_CPUCL1: 15.51 mW] [L15M_VDD_SLC_M: 18.86 mW] [VSYS_PWR_DISPLAY: 369.10 mW] 
09-10 11:32:27.096  2165  2185 I pixel-thermal: CDEV log usbc-port state:0 fcc state:3 thermal-cpufreq-1 state:0 tpu_cooling state:2 thermal-gpufreq-0 state:0 thermal-cpufreq-2 state:0 thermal-cpufreq-0 state:0 
09-10 11:32:28.808  2165  2185 I pixel-thermal: cellular-emergency:39.6844 raw data: VIRTUAL-NEUTRAL:39200.8 VIRTUAL-NEUTRAL-SKIN2:39684.4 VIRTUAL-QUIET-NEUTRAL:39124.3 VIRTUAL-SKIN:39684.4 cellular-emergency:39684.4 disp_therm:39608 gnss_tcxo_therm:38294 neutral_therm:37270 quiet_therm:39919 skin_therm1:38695 skin_therm2:45318 
09-10 11:32:28.808  2165  2185 I pixel-thermal: VIRTUAL-SKIN-CPU:39.6844 raw data: VIRTUAL-SKIN:39684.4 VIRTUAL-SKIN-CPU:39684.4 
09-10 11:32:28.808  2165  2185 I pixel-thermal: VIRTUAL-SKIN-CPU power_budget=1321.72 err=1.3156 s_power=800 time_elapsed_ms=7008 p=526.241 i=-4.52085 d=0 dt_per_min=nan compensation=0 budget transient=0 control target=3 excluded power budget=0
09-10 11:32:28.809  2165  2185 I pixel-thermal: VIRTUAL-SKIN-CPU binded power rails: (S4M_VDD_CPUCL0: 33.59 mW)(S2M_VDD_CPUCL2: 13.21 mW)(S3M_VDD_CPUCL1: 11.69 mW)
09-10 11:32:28.809  2165  2185 I pixel-thermal: neutral_therm:37.27 raw data: neutral_therm:37270 
09-10 11:32:28.809  2165  2185 I pixel-thermal: VIRTUAL-SKIN:39.6844 raw data: VIRTUAL-SKIN:39684.4 
09-10 11:32:28.809  2165  2185 I pixel-thermal: VIRTUAL-SKIN-CPU-GPU:39.6844 raw data: VIRTUAL-SKIN:39684.4 VIRTUAL-SKIN-CPU-GPU:39684.4 
09-10 11:32:28.809  2165  2185 I pixel-thermal: VIRTUAL-SKIN-CPU-GPU power_budget=2383.13 err=5.3156 s_power=800 time_elapsed_ms=7008 p=1594.68 i=-11.5523 d=0 dt_per_min=nan compensation=0 budget transient=0 control target=3 excluded power budget=0
09-10 11:32:28.809  2165  2185 I pixel-thermal: VIRTUAL-SKIN-CPU-GPU binded power rails: (S4M_VDD_CPUCL0: 33.59 mW)(S2M_VDD_CPUCL2: 13.21 mW)(S3M_VDD_CPUCL1: 11.69 mW)(S2S_VDD_G3D: 3.08 mW)
09-10 11:32:28.809  2165  2185 I pixel-thermal: VIRTUAL-SKIN-HINT:39.6844 raw data: VIRTUAL-SKIN:39684.4 VIRTUAL-SKIN-HINT:39684.4 
09-10 11:32:28.809  2165  2185 I pixel-thermal: VIRTUAL-SKIN-CHARGE:39.6844 raw data: VIRTUAL-SKIN:39684.4 VIRTUAL-SKIN-CHARGE:39684.4 
09-10 11:32:28.809  2165  2185 I pixel-thermal: VIRTUAL-SKIN-CHARGE's fcc binded power rail POWER_FOR_CHARGING_THROTTLING: power threshold = 500, avg power = 483.573
09-10 11:32:29.103  2165  2185 I pixel-thermal: usb_pwr_therm2:38.851 raw data: usb_pwr_therm2:38851 
09-10 11:32:31.001  2905 29494 I NearbyMediums: No BLE Fast/GATT advertisements found in the latest cycle.
09-10 11:32:31.002  2905 29494 I NearbyMediums: Current Tracked Scanning Clients are : {NearbyConnections.EnvironmentMonitor, NearbySharing, NearbyConnections.TxAdvertisement}
09-10 11:32:31.112  2165  2185 I pixel-thermal: usb_pwr_therm2:38.851 raw data: usb_pwr_therm2:38851 
09-10 11:32:31.607  2165  2185 I pixel-thermal: VIRTUAL-USB-UI:0 raw data: USB2-MINUS-CHG:-4941 VIRTUAL-USB-UI:0 charger_skin_therm:43792 usb_pwr_therm2:38851 
09-10 11:32:31.608  2165  2185 I pixel-thermal: VIRTUAL-USB-THROTTLING:0 raw data: USB2-MINUS-CHG:-4941 VIRTUAL-USB-THROTTLING:0 usb_pwr_therm2:38851 
09-10 11:32:33.122  2165  2185 I pixel-thermal: usb_pwr_therm2:38.806 raw data: usb_pwr_therm2:38806 
09-10 11:32:34.053  1821  2400 D InetDiagMessage: Destroyed 0 sockets, proto=IPPROTO_TCP, family=AF_INET, states=14
09-10 11:32:34.057  1821  2400 D InetDiagMessage: Destroyed 0 sockets, proto=IPPROTO_TCP, family=AF_INET6, states=14
09-10 11:32:34.058  1821  2400 D InetDiagMessage: Destroyed live tcp sockets for uids={10325} in 8ms
09-10 11:32:34.060  1821  2400 D InetDiagMessage: Destroyed 0 sockets, proto=IPPROTO_TCP, family=AF_INET, states=14
09-10 11:32:34.070  1821  2400 D InetDiagMessage: Destroyed 0 sockets, proto=IPPROTO_TCP, family=AF_INET6, states=14
09-10 11:32:34.071  1821  2400 D InetDiagMessage: Destroyed live tcp sockets for uids={20325} in 13ms
09-10 11:32:35.130  2165  2185 I pixel-thermal: usb_pwr_therm2:38.806 raw data: usb_pwr_therm2:38806 
09-10 11:32:35.818  2165  2185 I pixel-thermal: cellular-emergency:39.6333 raw data: VIRTUAL-NEUTRAL:39144 VIRTUAL-NEUTRAL-SKIN2:39633.3 VIRTUAL-QUIET-NEUTRAL:39086.9 VIRTUAL-SKIN:39633.3 cellular-emergency:39633.3 disp_therm:39563 gnss_tcxo_therm:38205 neutral_therm:37248 quiet_therm:39875 skin_therm1:38650 skin_therm2:45199 
09-10 11:32:35.819  2165  2185 I pixel-thermal: VIRTUAL-SKIN-CPU:39.6333 raw data: VIRTUAL-SKIN:39633.3 VIRTUAL-SKIN-CPU:39633.3 
09-10 11:32:35.820  2165  2185 I pixel-thermal: VIRTUAL-SKIN-CPU power_budget=1342.16 err=1.3667 s_power=800 time_elapsed_ms=7007 p=546.68 i=-4.52085 d=0 dt_per_min=nan compensation=0 budget transient=0 control target=3 excluded power budget=0
09-10 11:32:35.820  2165  2185 I pixel-thermal: VIRTUAL-SKIN-CPU binded power rails: (S4M_VDD_CPUCL0: 34.23 mW)(S2M_VDD_CPUCL2: 12.87 mW)(S3M_VDD_CPUCL1: 11.76 mW)
09-10 11:32:35.821  2165  2185 I pixel-thermal: neutral_therm:37.248 raw data: neutral_therm:37248 
09-10 11:32:35.821  2165  2185 I pixel-thermal: VIRTUAL-SKIN:39.6333 raw data: VIRTUAL-SKIN:39633.3 
09-10 11:32:35.821  2165  2185 I pixel-thermal: VIRTUAL-SKIN-CPU-GPU:39.6333 raw data: VIRTUAL-SKIN:39633.3 VIRTUAL-SKIN-CPU-GPU:39633.3 
09-10 11:32:35.821  2165  2185 I pixel-thermal: VIRTUAL-SKIN-CPU-GPU power_budget=2398.46 err=5.3667 s_power=800 time_elapsed_ms=7007 p=1610.01 i=-11.5523 d=0 dt_per_min=nan compensation=0 budget transient=0 control target=3 excluded power budget=0
09-10 11:32:35.821  2165  2185 I pixel-thermal: VIRTUAL-SKIN-CPU-GPU binded power rails: (S4M_VDD_CPUCL0: 34.23 mW)(S2M_VDD_CPUCL2: 12.87 mW)(S3M_VDD_CPUCL1: 11.76 mW)(S2S_VDD_G3D: 3.17 mW)
09-10 11:32:35.822  2165  2185 I pixel-thermal: VIRTUAL-SKIN-HINT:39.6333 raw data: VIRTUAL-SKIN:39633.3 VIRTUAL-SKIN-HINT:39633.3 
09-10 11:32:35.822  2165  2185 I pixel-thermal: VIRTUAL-SKIN-CHARGE:39.6333 raw data: VIRTUAL-SKIN:39633.3 VIRTUAL-SKIN-CHARGE:39633.3 
09-10 11:32:35.822  2165  2185 I pixel-thermal: VIRTUAL-SKIN-CHARGE's fcc binded power rail POWER_FOR_CHARGING_THROTTLING: power threshold = 500, avg power = 487.618
09-10 11:32:36.053  2905 29494 I NearbySharing: ReceiveProvider: Received request to stop advertising.
09-10 11:32:36.054  2905 29494 I NearbySharing: Advertising has stopped
09-10 11:32:36.057  2905 30155 I NearbySharing: NearbySharing Internal event ReceiveManagerStopBroadcast
09-10 11:32:36.060  2905  3053 I NearbyConnections: Client 231075936 requested advertising to stop.
09-10 11:32:36.061  2905 29494 I NearbySharing: Stopping listen-only mode for provider efrl@82db6a0
09-10 11:32:36.061  2905 29494 I NearbySharing: Stopping listen-only mode for provider eaxm@f18ceea
09-10 11:32:36.062  2905 30155 I NearbySharing: NearbySharing Internal event ReceiveManagerEnd
09-10 11:32:36.063  2905 29544 I NearbySharing: [ClearcutLog] ADVERTISE_DEVICE_PRESENCE_END sessionId=0 flowId=461003891256629779 
09-10 11:32:36.064  2905 30333 I NearbySharing: ReceiveProvider: Unregistering gesture exchange responder.
09-10 11:32:36.064  2905 29494 I NearbySharing: Start advertising with mode BACKGROUND certificate visibility ALL_CONTACTS data usage preference ONLINE, bt advertising false, vendorId 0, deviceName included: true
09-10 11:32:36.065  2905 29494 I NearbySharing: Uwb feature is off.
09-10 11:32:36.065  2905 29494 I NearbySharing: Updating advertising options for [efrl@82db6a0, eaxm@f18ceea] providers
09-10 11:32:36.065  2905 29494 I NearbySharing: ReceiveProvider: Received request to start advertising.
09-10 11:32:36.067  2905  3053 I GestureExchange: ClientBridge: received unregisterResponder [CONTEXT service_id=451 ]
09-10 11:32:36.067  2905  3053 I GestureExchange: (REDACTED) NfcModeManager: App handled responder unregistered, serviceId=%s.
09-10 11:32:36.067  2905  3053 I cjxe    : InternalGestureExchangeClient: GMS responder async unregistration successful
09-10 11:32:36.068  9953 10019 I bt_shim_advertiser: system/main/shim/le_advertising_manager.cc:77 Unregister: in shim layer
09-10 11:32:36.068  9953 10018 I bluetooth: bluetooth_private_gatt::gatt::server::isolation_manager: removing server (if any) associated with advertiser AdvertiserId(2)
09-10 11:32:36.069  2905 30334 I NearbyMediums: Device token rotated, old deviceToken : [ 0x4a 0xcc ].
09-10 11:32:36.069  9953 10019 I bt_shim_advertiser: system/main/shim/le_advertising_manager.cc:77 Unregister: in shim layer
09-10 11:32:36.069  2905 29544 I NearbySharing: ReceiveProvider: Successfully unregistered gesture exchange responder.
09-10 11:32:36.070  2905 30334 D BluetoothAdapter: isLeEnabled(): ON
09-10 11:32:36.070  9953 10018 I bluetooth: bluetooth_private_gatt::gatt::server::isolation_manager: removing server (if any) associated with advertiser AdvertiserId(1)
09-10 11:32:36.073  9953 10019 I bt_shim_advertiser: system/main/shim/le_advertising_manager.cc:156 StartAdvertisingSet: in shim layer
09-10 11:32:36.073  9953 10019 I bt_shim_advertiser: system/main/shim/le_advertising_manager.cc:181 StartAdvertisingSet: create advertising set, app_id:255, reg_id:-72
09-10 11:32:36.073  2905 30335 I NearbySharing: Failed to log ADVERTISE_DEVICE_PRESENCE_END, due to clearcutLogger is null.
09-10 11:32:36.074  2905 29494 I NearbySharing: Advertising has started with mode BACKGROUND, Bt enabled : false
09-10 11:32:36.083  9953 10002 I bluetooth: system/gd/hci/le_advertising_manager_impl.cc:413 allocate_advertiser: Removing advertiser id 0 from removed advertisers.
09-10 11:32:36.083  9953 10002 I bluetooth: system/gd/hci/le_advertising_manager_impl.cc:655 create_extended_advertiser_with_id: Scheduling address rotation for advertiser_id=0
09-10 11:32:36.083  9953 10002 I bluetooth: system/gd/hci/le_address_manager.cc:566 GetNextPrivateAddressIntervalRange: client=advertising_set_0, nonwake=7m27s, wake=14m38s
09-10 11:32:36.084  9953 10002 I bluetooth: system/gd/hci/le_address_manager.cc:274 unregister_client: Client unregistered
09-10 11:32:36.084  9953 10002 I bluetooth: system/gd/hci/le_address_manager.cc:259 register_client: Client registered
09-10 11:32:36.090  9953 10002 I bluetooth: system/gd/hci/le_advertising_manager_impl.cc:1728 on_set_advertising_set_random_address_complete: update random address for advertising set 0 : xx:xx:xx:xx:1b:bd
09-10 11:32:36.092  2905  2905 I NearbyMediums: [InstantOnLostManager] Start instant onLost extended advertising, hashes = [ 0x83 0xff 0x98 0x8a ].
09-10 11:32:36.092  2905 30334 I NearbyMediums: Successfully stopped BLE advertising for service NearbySharing
09-10 11:32:36.092  2905 30334 I NearbyMediums: Device token rotated, old deviceToken : null.
09-10 11:32:36.093  2905 30334 V BluetoothServerSocket: BluetoothServerSocket:close() called. mChannel=-1
09-10 11:32:36.093  2905 30334 D BluetoothSocket: close() Local Socket channel=20 mSocketIS=android.net.LocalSocketImpl$SocketInputStream@1a891cb mSocketOS=android.net.LocalSocketImpl$SocketOutputStream@57e40c7 mSocket=android.net.LocalSocket@f6866f4 impl:android.net.LocalSocketImpl@38a5e1d fd:java.io.FileDescriptor@781849a mSocketState=LISTENING
09-10 11:32:36.093  2905 30334 D BluetoothSocket: Closing mSocket: android.net.LocalSocket@f6866f4 impl:android.net.LocalSocketImpl@38a5e1d fd:java.io.FileDescriptor@781849a
09-10 11:32:36.093  2905 30334 I NearbyMediums: Stopped accepting Bluetooth Classic connections for NearbySharing.
09-10 11:32:36.093  2905 30334 I NearbyMediums: Can't stop accepting Wifi connections because it was never started.
09-10 11:32:36.093  9953 10015 I bt_btif_sock_rfcomm: system/btif/src/btif_sock_rfc.cc:536 cleanup_rfc_slot: disconnected from RFCOMM socket connections for device: 00:00:00:00:00:00, scn: 20, app_uid: 10285, slot_id: 18, socket_id: 0
09-10 11:32:36.093  9953 10015 W BluetoothMetrics: system/metrics/src/android/metrics.cc:105 LogBluetoothEvent: Failed BluetoothEvent Upload - Address is Empty
09-10 11:32:36.093  2905 30334 I NearbyMediums: Can't stop accepting WiFi connections because it was never started.
09-10 11:32:36.093  9953 10015 I bt_bta_dm: system/bta/dm/bta_dm_act.cc:1182 bta_dm_set_eir: Generating extended inquiry response packet EIR
09-10 11:32:36.093  2905 30334 I NearbyMediums: Can't stop NFC advertising because it was never started.
09-10 11:32:36.093  2905 30334 I NearbyMediums: Skipping stop accepting connections: we are not currently accepting WebRTC connections for NearbySharing.
09-10 11:32:36.093  9953  9996 I bt_port_api: system/stack/rfcomm/port_api.cc:319 RFCOMM_RemoveServer: handle=5
09-10 11:32:36.093  2905 30334 I NearbyMediums: [WifiNetworkV2] WifiStatusChangedCallback unregistered for NearbySharing (wifiStatusChangedCallbacks.size:0)
09-10 11:32:36.094  2905 28936 V BluetoothServerSocket: BluetoothServerSocket:close() called. mChannel=-1
09-10 11:32:36.094  2905 28936 V BluetoothSocket: close() Local Socket: Already closed and cleaned up
09-10 11:32:36.097  2905 30333 I NearbySharing: Loading certificates with visibility ALL_CONTACTS
09-10 11:32:36.098  2905 30334 I Nearby  : (REDACTED) Successfully shutdown executor %s.
09-10 11:32:36.098  2905 30333 I NearbySharing: Saving the private certificate to file nearby_sharing_private_certificate_file_for_all_contacts.
09-10 11:32:36.100  2905 30334 I NearbyMediums: Stopped BLE scanning, service-id=NearbyConnections.TxAdvertisement
09-10 11:32:36.100  2905 30334 I NearbyConnections: [InstantConnectionPcpMgr] In invalidateTxAdvertisementScanning(by stopAdvertising) tx advertisement scanning skipped or stopped for endpointId:RM5X serviceId:NearbySharing isScreenUnlocked:true isAdvertising:false powerLevel:BALANCED isTxScanning:true
09-10 11:32:36.104  2905  2905 D BoundBrokerSvc: onRebind: Intent { act=com.google.android.gms.nearby.presence.service.START dat=chimera-action:/... xflg=0x4 cmp=com.google.android.gms/.chimera.PersistentApiServiceNoInstantApps }
09-10 11:32:36.114  2905 30333 I NearbySharing: Network state changed: NetworkState(isRestricted=false, isOnline=true, isCongested=false, isMetered=true, isWifiConnected=false)
09-10 11:32:36.114  2905 30333 I NearbySharing: Network state changed: NetworkState(isRestricted=false, isOnline=true, isCongested=false, isMetered=true, isWifiConnected=false)
09-10 11:32:36.117  2905  3053 I NearbyConnections: ClientProxy(0p:com.google.android.gms.nearby.sharing) allow WebRtc to use mobile data.
09-10 11:32:36.117  2905  3053 I NearbyConnections: Client 231075936 requested advertising to start.
09-10 11:32:36.118  2905 30333 I NearbyConnections: 231075936 0p:com.google.android.gms.nearby.sharing startAdvertising in nc mode.
09-10 11:32:36.118  2905 28936 I Nearby  : (REDACTED) Note nearby client %s for operation %s
09-10 11:32:36.119  2905 28936 I NearbyConnections: Re-using cached endpoint id RM5X
09-10 11:32:36.119  2905 28936 I NearbyConnections: Get local endpoint id from random generation RM5X (last:null) for client 231075936
09-10 11:32:36.119  2905 28936 I NearbyMediums: Started BLE scanning, service-id=NearbyConnections.TxAdvertisement, is-extended-advert=true, power-level=2, scan-mode=3
09-10 11:32:36.119  2905 28936 I NearbyConnections: [InstantConnectionPcpMgr] In invalidateTxAdvertisementScanning(by pre_startAdvertising) tx advertisement scanning successfully started for enpointId:RM5X serviceId:NearbySharing isScreenUnlocked:true powerLevel:BALANCED
09-10 11:32:36.119  2905 28936 I NearbyConnections: [PcpManager] In startAdvertising() advertisingMediums:[WIFI_DIRECT, WIFI_HOTSPOT, WIFI_AWARE, WIFI_LAN, BLE] upgradeMediums:[USB, WIFI_LAN, WIFI_DIRECT, WIFI_AWARE, WIFI_HOTSPOT, WEB_RTC, BLE_L2CAP, BLUETOOTH, BLE, NFC] listener:77516235
09-10 11:32:36.119  2905 28936 I NearbyConnections: Get local endpoint id from the existing localEndpointId:RM5X (last:null) for client 231075936(0p:com.google.android.gms.nearby.sharing)
09-10 11:32:36.120  2905 28936 I NearbyMediums: [DeviceCapabilities] Get wifi usable channels from cache for mode WFD_GC (tryToRefreshCache:false channels:[2412..2472, 5180..5240, 5745..5825])
09-10 11:32:36.121  2905 28936 I NearbyMediums: [DeviceCapabilities] Get wifi usable channels from cache for mode WFD_GO (tryToRefreshCache:false channels:[2412..2472, 5180..5240, 5745..5825])
09-10 11:32:36.121  2905 28936 I NearbyMediums: [DeviceCapabilities] Get wifi usable channels from cache for mode STA (tryToRefreshCache:false channels:[2412..2472, 5180..5320, 5500..5720, 5745..5825])
09-10 11:32:36.122  2905 28936 I NearbyMediums: [DeviceCapabilities] Get wifi usable channels from cache for mode AWARE (tryToRefreshCache:false channels:[2412..2472, 5180..5240, 5745..5825])
09-10 11:32:36.122  2905 28936 I NearbyConnections: In generateRxInstantConnectionAdvBytes() advertisingMediums:[WIFI_DIRECT, WIFI_HOTSPOT, WIFI_AWARE, WIFI_LAN, BLE] capabilitiesSize:5 apFreq:-1 wfdGcUsableOrAvailableChs:[2412..2472, 5180..5240, 5745..5825] wfdGoUsableOrAvailableChs:[2412..2472, 5180..5240, 5745..5825] hsStaUsableOrAvailableChs:[2412..2472, 5180..5320, 5500..5720, 5745..5825] awareUsableOrAvailableChs:[2412..2472, 5180..5240, 5745..5825] rxAdvertisement(size:63):A0:17:C0:15:FC:00:82:D2:9B:D7:C1:85:FB:A5:D5:F2:9B:CC:8C:F3:73:28:94:17:11:65:84:DC:C7:DE:76:CB:02:0D:84:15:05:61:00:00:84:15:06:61:00:00:84:15:04:7F:00:00:84:15:07:61:00:00:83:15:01:FF:FF
09-10 11:32:36.122  2905 28936 D BluetoothSocket: bindListen(): mPort=-1, mType=1
09-10 11:32:36.123  9953 10060 I BluetoothSocketManagerBinder: createSocketChannel: type=1, serviceName=NearbySharing, uuid=a82efa21-ae5c-3dde-9bbc-f16da7b16c5a, port=-1, from uid/pid=10285/2905
09-10 11:32:36.123  9953 10060 I bt_btif_sock: system/btif/src/btif_sock.cc:166 btsock_listen: Attempting listen for socket connections for device: 00:00:00:00:00:00, type: 1, channel: -1, app_uid: 10285, data_path: 0, hub_id: 0, endpoint_id: 0, max_rx_packet_size: 0
09-10 11:32:36.123  9953 10060 I bt_btif_sock_rfcomm: system/btif/src/btif_sock_rfc.cc:399 btsock_rfc_listen: Adding listening socket service_name: NearbySharing - channel: -1
09-10 11:32:36.123  9953  9996 I bt_btif_sock_rfcomm: system/btif/src/btif_sock_rfc.cc:1019 jv_dm_cback: handling event:BTA_JV_GET_SCN_EVT, slot_id:19
09-10 11:32:36.123  9953  9996 I bt_btif_sock_rfcomm: system/btif/src/btif_sock_rfc.cc:1019 jv_dm_cback: handling event:BTA_JV_CREATE_RECORD_EVT, slot_id:19
09-10 11:32:36.123  9953  9996 I bt_bta_dm: system/bta/dm/bta_dm_act.cc:1182 bta_dm_set_eir: Generating extended inquiry response packet EIR
09-10 11:32:36.123  2905 28936 D BluetoothSocket: bindListen(), SocketState: INIT, mPfd: {ParcelFileDescriptor: java.io.FileDescriptor@2a1e786}
09-10 11:32:36.123  2905 28936 D BluetoothSocket: bindListen(), Create LocalSocket
09-10 11:32:36.123  2905 28936 V BluetoothSocket: bindListen(), readInt mSocketIS: android.net.LocalSocketImpl$SocketInputStream@b1e9847
09-10 11:32:36.123  2905 28936 D BluetoothSocket: bindListen(): channel=21, mPort=-1
09-10 11:32:36.123  9953  9996 W rfcomm_port_utils: system/stack/rfcomm/port_utils.cc:290 port_find_mcb: not found, bd_addr:ff:ff:ff:ff:ff:ff
09-10 11:32:36.124  9953  9996 I bt_port_api: system/stack/rfcomm/port_api.cc:194 RFCOMM_CreateConnectionWithSecurity: bd_addr=ff:ff:ff:ff:ff:ff, scn=21, is_server=true, mtu=1007, uuid=0x0, dlci=42, signal_state=0xb, port_handle=19
09-10 11:32:36.124  2905 28936 I NearbyMediums: Started accepting Bluetooth Classic connections for NearbySharing.
09-10 11:32:36.124  9953  9996 I bt_btif_sock_rfcomm: system/btif/src/btif_sock_rfc.cc:971 rfcomm_cback: handling BTA_JV_RFCOMM_START_EVT, slot_id:19
09-10 11:32:36.124  9953  9996 I bt_btif_sock_rfcomm: system/btif/src/btif_sock_rfc.cc:647 on_srv_rfc_listen_started: listening for RFCOMM socket connections for device: 00:00:00:00:00:00, scn: 21, app_uid: 10285, id: 19
09-10 11:32:36.124  2905 30334 D BluetoothSocket: accept(), timeout (ms):-1
09-10 11:32:36.126  2905 28936 D BluetoothAdapter: isLeEnabled(): ON
09-10 11:32:36.128  9953 10019 I bt_shim_advertiser: system/main/shim/le_advertising_manager.cc:156 StartAdvertisingSet: in shim layer
09-10 11:32:36.128  9953 10019 I bt_shim_advertiser: system/main/shim/le_advertising_manager.cc:181 StartAdvertisingSet: create advertising set, app_id:255, reg_id:-73
09-10 11:32:36.128  9953 10002 I bluetooth: system/gd/hci/le_advertising_manager_impl.cc:413 allocate_advertiser: Removing advertiser id 1 from removed advertisers.
09-10 11:32:36.128  9953 10002 I bluetooth: system/gd/hci/le_advertising_manager_impl.cc:655 create_extended_advertiser_with_id: Scheduling address rotation for advertiser_id=1
09-10 11:32:36.128  9953 10002 I bluetooth: system/gd/hci/le_address_manager.cc:566 GetNextPrivateAddressIntervalRange: client=advertising_set_1, nonwake=8m54s, wake=13m19s
09-10 11:32:36.133  9953 10002 I bluetooth: system/gd/hci/le_advertising_manager_impl.cc:1728 on_set_advertising_set_random_address_complete: update random address for advertising set 1 : xx:xx:xx:xx:f2:d8
09-10 11:32:36.135  2905 28936 I NearbyMediums: Started BLE extended advertising. Regular Advertised : false, Fast Advertised : true, AdvertisingSetting : BleAdvertisingSetting{powerLevel= BALANCED_POWER, isConnectable= false, isPrivateGatt= true}.
09-10 11:32:36.136  2905 28936 D BluetoothAdapter: isLeEnabled(): ON
09-10 11:32:36.137  9953 10019 I bt_shim_advertiser: system/main/shim/le_advertising_manager.cc:156 StartAdvertisingSet: in shim layer
09-10 11:32:36.137  9953 10019 I bt_shim_advertiser: system/main/shim/le_advertising_manager.cc:181 StartAdvertisingSet: create advertising set, app_id:255, reg_id:-74
09-10 11:32:36.137  9953 10002 I bluetooth: system/gd/hci/le_advertising_manager_impl.cc:413 allocate_advertiser: Removing advertiser id 2 from removed advertisers.
09-10 11:32:36.137  9953 10002 I bluetooth: system/gd/hci/le_advertising_manager_impl.cc:655 create_extended_advertiser_with_id: Scheduling address rotation for advertiser_id=2
09-10 11:32:36.137  9953 10002 I bluetooth: system/gd/hci/le_address_manager.cc:566 GetNextPrivateAddressIntervalRange: client=advertising_set_2, nonwake=8m54s, wake=13m34s
09-10 11:32:36.140  2905 30332 W NearbyPresence: TidepoolIdentityProvider: Main Tidepool status toggle not enabled! Returned empty shared credentials. [CONTEXT service_id=317 ]
09-10 11:32:36.140  2905 30332 W NearbyPresence: TidepoolIdentityProvider: Main Tidepool status toggle not enabled! Returned empty broadcast credentials. [CONTEXT service_id=317 ]
09-10 11:32:36.140  2905 30332 W NearbyPresence: TidepoolIdentityProvider: Main Tidepool status toggle not enabled! Returned empty shared credentials. [CONTEXT service_id=317 ]
09-10 11:32:36.140  2905 30332 W NearbyPresence: TidepoolIdentityProvider: Main Tidepool status toggle not enabled! Returned empty broadcast credentials. [CONTEXT service_id=317 ]
09-10 11:32:36.141  9953 10002 I bluetooth: system/gd/hci/le_advertising_manager_impl.cc:1728 on_set_advertising_set_random_address_complete: update random address for advertising set 2 : xx:xx:xx:xx:bb:45
09-10 11:32:36.143  2905 28936 I NearbyMediums: Started BLE Legacy advertising. Regular Header Advertised : false, Fast Advertised : true, AdvertisingSettings : BleAdvertisingSetting{powerLevel= BALANCED_POWER, isConnectable= false, isPrivateGatt= true}, isAcceptingConnection : false
09-10 11:32:36.143  2905 28936 I NearbyMediums: Successfully started BLE advertising of size 23 for service NearbySharing, deviceToken : [ 0xe0 0x9b ].
09-10 11:32:36.144  2905 28936 W NearbyMediums: MEDIUM_ERROR [DEVICE][WIFI_LAN][START_LISTENING_INCOMING_CONNECTION][MEDIUM_NOT_AVAILABLE][WITHOUT_CONNECTED_WIFI_NETWORK], service-id=NearbySharing
09-10 11:32:36.144  2905 28936 W NearbyConnections: In startWifiLanAdvertising([ 0x32 0x47 0xc3 0x60 0xa1 0x19 0x5a 0x2d 0x36 0x6b 0x76 0x7d 0x7c 0x17 0x6b 0xe3 0x05 ]), client 231075936 failed to start listening for incoming Wifi LAN connections to ServiceId NearbySharing
09-10 11:32:36.145  2905 28936 I NearbyMediums: [WifiNetworkV2] WifiStatusChangedCallback registered for NearbySharing (wifiStatusChangedCallbacks.size:1)
09-10 11:32:36.145  2905 28936 I NearbyConnections: Get local endpoint id from the existing localEndpointId:RM5X (last:null) for client 231075936(0p:com.google.android.gms.nearby.sharing)
09-10 11:32:36.145  2905 28936 I NearbySharing: [broadcast provider] advertising started.
09-10 11:32:36.145  2905 28936 I NearbySharing: [broadcast controller] started.
09-10 11:32:36.145  2905 28936 I NearbySharing: [ReceiveManager] started.
09-10 11:32:36.146  2905 28936 I NearbySharing: ReceiveProvider: Successfully retrieved local endpoint ID: RM5X
09-10 11:32:36.146  2905 28936 I NearbySharing: NearbySharing Internal event ReceiveManagerStart(mode=2, isEveryoneMode=false, dataUsage=2, useQrCode=false, success=true)
09-10 11:32:36.146  2905 29544 I NearbySharing: ReceiveProvider: Registering gesture exchange responder.
09-10 11:32:36.147  2905 30333 I NearbySharing: [ClearcutLog] ADVERTISE_DEVICE_PRESENCE_START sessionId=0 flowId=7411788132793534594 sessionStatus: 1, visibility: 1
09-10 11:32:36.147  2905  3053 I GestureExchange: (REDACTED) ClientBridge: received registerResponder %s
09-10 11:32:36.147  2905 30292 I GestureExchange: (REDACTED) NfcModeManager: App handled responder registered, serviceId=%s.
09-10 11:32:36.147  2905 30292 I cjxe    : InternalGestureExchangeClient: GMS responder async registration successful
09-10 11:32:36.147  2905 30333 I NearbySharing: ReceiveProvider: Successfully registered gesture exchange responder.
09-10 11:32:36.148  2905 29494 I NearbySharing: Failed to log ADVERTISE_DEVICE_PRESENCE_START, due to clearcutLogger is null.
09-10 11:32:36.153  2905 30332 W NearbyPresence: TidepoolIdentityProvider: Main Tidepool status toggle not enabled! Returned empty broadcast credentials. [CONTEXT service_id=317 ]
09-10 11:32:36.153  2905 30332 W NearbyPresence: TidepoolIdentityProvider: Main Tidepool status toggle not enabled! Returned empty shared credentials. [CONTEXT service_id=317 ]
09-10 11:32:36.598  2678  2790 D TemperatureStateSource: sequence=3465 actualDelay=10002
09-10 11:32:36.600  2678  2790 D TemperatureStateSource: Reading temperature: sequence=3466
09-10 11:32:36.605  2165  2165 I pixel-thermal: VIRTUAL-SKIN:39.6333 raw data: VIRTUAL-SKIN:39633.3 
09-10 11:32:36.607  2678  2790 D TemperatureStateSource: getDeviceTemperatures: sequence=3466 deviceTemperatureType=3 temperatureSource=0 temperatures=[39.6333]
09-10 11:32:36.607  2678  2790 D TemperatureStateSource: sequence=3466 waitTime=10000
09-10 11:32:36.609  2678  2916 D ImpulseStateSource: Notify clients: 3481
09-10 11:32:37.144  2165  2185 I pixel-thermal: usb_pwr_therm2:38.806 raw data: usb_pwr_therm2:38806 
09-10 11:32:38.102  9953 10019 I bt_shim_advertiser: system/main/shim/le_advertising_manager.cc:77 Unregister: in shim layer
09-10 11:32:38.103  9953 10018 I bluetooth: bluetooth_private_gatt::gatt::server::isolation_manager: removing server (if any) associated with advertiser AdvertiserId(0)
09-10 11:32:38.475  2905  2905 D BoundBrokerSvc: onUnbind: Intent { act=com.google.android.gms.libs.gmscorelogger.service.START dat=chimera-action:/... xflg=0x4 cmp=com.google.android.gms/.chimera.PersistentDirectBootAwareApiService }
09-10 11:32:38.615  2165  2185 I pixel-thermal: VIRTUAL-USB-UI:0 raw data: USB2-MINUS-CHG:-4895 VIRTUAL-USB-UI:0 charger_skin_therm:43701 usb_pwr_therm2:38806 
09-10 11:32:38.615  2165  2185 I pixel-thermal: VIRTUAL-USB-THROTTLING:0 raw data: USB2-MINUS-CHG:-4895 VIRTUAL-USB-THROTTLING:0 usb_pwr_therm2:38806 
09-10 11:32:39.152  2165  2185 I pixel-thermal: usb_pwr_therm2:38.806 raw data: usb_pwr_therm2:38806 
09-10 11:32:41.007  2905 29494 I NearbyMediums: No BLE Fast/GATT advertisements found in the latest cycle.
09-10 11:32:41.007  2905 29494 I NearbyMediums: Current Tracked Scanning Clients are : {NearbyConnections.EnvironmentMonitor, NearbySharing, NearbyConnections.TxAdvertisement}
09-10 11:32:41.160  2165  2185 I pixel-thermal: usb_pwr_therm2:38.762 raw data: usb_pwr_therm2:38762 
09-10 11:32:42.826  2165  2185 I pixel-thermal: cellular-emergency:39.6487 raw data: VIRTUAL-NEUTRAL:39147.2 VIRTUAL-NEUTRAL-SKIN2:39648.7 VIRTUAL-QUIET-NEUTRAL:39046.6 VIRTUAL-SKIN:39648.7 cellular-emergency:39648.7 disp_therm:39563 gnss_tcxo_therm:38205 neutral_therm:37270 quiet_therm:39808 skin_therm1:38628 skin_therm2:45199 
09-10 11:32:42.826  2165  2185 I pixel-thermal: VIRTUAL-SKIN-CPU:39.6487 raw data: VIRTUAL-SKIN:39648.7 VIRTUAL-SKIN-CPU:39648.7 
09-10 11:32:42.827  2165  2185 I pixel-thermal: VIRTUAL-SKIN-CPU power_budget=1336 err=1.3513 s_power=800 time_elapsed_ms=7008 p=540.52 i=-4.52085 d=-0 dt_per_min=nan compensation=0 budget transient=0 control target=3 excluded power budget=0
09-10 11:32:42.828  2165  2185 I pixel-thermal: VIRTUAL-SKIN-CPU binded power rails: (S4M_VDD_CPUCL0: 38.42 mW)(S2M_VDD_CPUCL2: 13.45 mW)(S3M_VDD_CPUCL1: 17.34 mW)
09-10 11:32:42.828  2165  2185 I pixel-thermal: neutral_therm:37.27 raw data: neutral_therm:37270 
09-10 11:32:42.828  2165  2185 I pixel-thermal: VIRTUAL-SKIN:39.6487 raw data: VIRTUAL-SKIN:39648.7 
09-10 11:32:42.828  2165  2185 I pixel-thermal: VIRTUAL-SKIN-CPU-GPU:39.6487 raw data: VIRTUAL-SKIN:39648.7 VIRTUAL-SKIN-CPU-GPU:39648.7 
09-10 11:32:42.828  2165  2185 I pixel-thermal: VIRTUAL-SKIN-CPU-GPU power_budget=2393.84 err=5.3513 s_power=800 time_elapsed_ms=7008 p=1605.39 i=-11.5523 d=-0 dt_per_min=nan compensation=0 budget transient=0 control target=3 excluded power budget=0
09-10 11:32:42.829  2165  2185 I pixel-thermal: VIRTUAL-SKIN-CPU-GPU binded power rails: (S4M_VDD_CPUCL0: 38.42 mW)(S2M_VDD_CPUCL2: 13.45 mW)(S3M_VDD_CPUCL1: 17.34 mW)(S2S_VDD_G3D: 2.62 mW)
09-10 11:32:42.829  2165  2185 I pixel-thermal: VIRTUAL-SKIN-HINT:39.6487 raw data: VIRTUAL-SKIN:39648.7 VIRTUAL-SKIN-HINT:39648.7 
09-10 11:32:42.829  2165  2185 I pixel-thermal: VIRTUAL-SKIN-CHARGE:39.6487 raw data: VIRTUAL-SKIN:39648.7 VIRTUAL-SKIN-CHARGE:39648.7 
09-10 11:32:42.829  2165  2185 I pixel-thermal: VIRTUAL-SKIN-CHARGE's fcc binded power rail POWER_FOR_CHARGING_THROTTLING: power threshold = 500, avg power = 495.533
09-10 11:32:43.170  2165  2185 I pixel-thermal: usb_pwr_therm2:38.762 raw data: usb_pwr_therm2:38762 
09-10 11:32:44.075  1821  2297 D ActivityManager: freezing 12573 com.discord
09-10 11:32:44.076  1381  1430 D AudioFlinger: onStateChanged: pid:12573  uid:10325  state:frozen - no freeze activity
09-10 11:32:44.086  1821  2400 D InetDiagMessage: Destroyed 0 sockets, proto=IPPROTO_TCP, family=AF_INET, states=14
09-10 11:32:44.088  1821  2400 D InetDiagMessage: Destroyed 0 sockets, proto=IPPROTO_TCP, family=AF_INET6, states=14
09-10 11:32:44.088  1821  2400 D InetDiagMessage: Destroyed live tcp sockets for uids={10325} in 3ms
09-10 11:32:45.177  2165  2185 I pixel-thermal: usb_pwr_therm2:38.762 raw data: usb_pwr_therm2:38762 
09-10 11:32:45.621  2165  2185 I pixel-thermal: VIRTUAL-USB-UI:0 raw data: USB2-MINUS-CHG:-4939 VIRTUAL-USB-UI:0 charger_skin_therm:43701 usb_pwr_therm2:38762 
09-10 11:32:45.621  2165  2185 I pixel-thermal: VIRTUAL-USB-THROTTLING:0 raw data: USB2-MINUS-CHG:-4939 VIRTUAL-USB-THROTTLING:0 usb_pwr_therm2:38762 
09-10 11:32:46.609  2678  2790 D TemperatureStateSource: sequence=3466 actualDelay=10001
09-10 11:32:46.610  2678  2790 D TemperatureStateSource: Reading temperature: sequence=3467
09-10 11:32:46.614  2165  2165 I pixel-thermal: VIRTUAL-SKIN:39.6504 raw data: VIRTUAL-NEUTRAL:39150.3 VIRTUAL-NEUTRAL-SKIN2:39650.4 VIRTUAL-QUIET-NEUTRAL:39053.5 VIRTUAL-SKIN:39650.4 disp_therm:39541 gnss_tcxo_therm:38205 neutral_therm:37293 quiet_therm:39808 skin_therm1:38650 skin_therm2:45151 
09-10 11:32:46.615  2678  2790 D TemperatureStateSource: getDeviceTemperatures: sequence=3467 deviceTemperatureType=3 temperatureSource=0 temperatures=[39.650402]
09-10 11:32:46.616  2678  2916 D ImpulseStateSource: Notify clients: 3482
09-10 11:32:46.618  2678  2790 D TemperatureStateSource: sequence=3467 waitTime=10000
09-10 11:32:47.183  2165  2185 I pixel-thermal: usb_pwr_therm2:38.784 raw data: usb_pwr_therm2:38784 
09-10 11:32:49.192  2165  2185 I pixel-thermal: usb_pwr_therm2:38.784 raw data: usb_pwr_therm2:38784 
09-10 11:32:49.835  2165  2185 I pixel-thermal: cellular-emergency:39.6504 raw data: VIRTUAL-NEUTRAL:39150.3 VIRTUAL-NEUTRAL-SKIN2:39650.4 VIRTUAL-QUIET-NEUTRAL:39053.5 VIRTUAL-SKIN:39650.4 cellular-emergency:39650.4 disp_therm:39541 gnss_tcxo_therm:38205 neutral_therm:37293 quiet_therm:39808 skin_therm1:38650 skin_therm2:45151 
09-10 11:32:49.835  2165  2185 I pixel-thermal: VIRTUAL-SKIN-CPU:39.6504 raw data: VIRTUAL-SKIN:39650.4 VIRTUAL-SKIN-CPU:39650.4 
09-10 11:32:49.837  2165  2185 I pixel-thermal: VIRTUAL-SKIN-CPU power_budget=1335.32 err=1.3496 s_power=800 time_elapsed_ms=7008 p=539.839 i=-4.52085 d=-0 dt_per_min=nan compensation=0 budget transient=0 control target=3 excluded power budget=0
09-10 11:32:49.837  2165  2185 I pixel-thermal: VIRTUAL-SKIN-CPU binded power rails: (S4M_VDD_CPUCL0: 38.65 mW)(S2M_VDD_CPUCL2: 12.23 mW)(S3M_VDD_CPUCL1: 22.33 mW)
09-10 11:32:49.837  2165  2185 I pixel-thermal: neutral_therm:37.293 raw data: neutral_therm:37293 
09-10 11:32:49.837  2165  2185 I pixel-thermal: VIRTUAL-SKIN:39.6504 raw data: VIRTUAL-SKIN:39650.4 
09-10 11:32:49.838  2165  2185 I pixel-thermal: VIRTUAL-SKIN-CPU-GPU:39.6504 raw data: VIRTUAL-SKIN:39650.4 VIRTUAL-SKIN-CPU-GPU:39650.4 
09-10 11:32:49.838  2165  2185 I pixel-thermal: VIRTUAL-SKIN-CPU-GPU power_budget=2393.33 err=5.3496 s_power=800 time_elapsed_ms=7008 p=1604.88 i=-11.5523 d=-0 dt_per_min=nan compensation=0 budget transient=0 control target=3 excluded power budget=0
09-10 11:32:49.838  2165  2185 I pixel-thermal: VIRTUAL-SKIN-CPU-GPU binded power rails: (S4M_VDD_CPUCL0: 38.65 mW)(S2M_VDD_CPUCL2: 12.23 mW)(S3M_VDD_CPUCL1: 22.33 mW)(S2S_VDD_G3D: 3.28 mW)
09-10 11:32:49.838  2165  2185 I pixel-thermal: VIRTUAL-SKIN-HINT:39.6504 raw data: VIRTUAL-SKIN:39650.4 VIRTUAL-SKIN-HINT:39650.4 
09-10 11:32:49.839  2165  2185 I pixel-thermal: VIRTUAL-SKIN-CHARGE:39.6504 raw data: VIRTUAL-SKIN:39650.4 VIRTUAL-SKIN-CHARGE:39650.4 
09-10 11:32:49.839  2165  2185 I pixel-thermal: VIRTUAL-SKIN-CHARGE's fcc binded power rail POWER_FOR_CHARGING_THROTTLING: power threshold = 500, avg power = 504.184
09-10 11:32:49.840  2165  2185 I pixel-thermal: Successfully update cdev fcc sysfs to 6
09-10 11:32:51.010  2905 29494 I NearbyMediums: No BLE Fast/GATT advertisements found in the latest cycle.
09-10 11:32:51.011  2905 29494 I NearbyMediums: Current Tracked Scanning Clients are : {NearbyConnections.EnvironmentMonitor, NearbySharing, NearbyConnections.TxAdvertisement}
09-10 11:32:51.162  2905  2905 D BoundBrokerSvc: onUnbind: Intent { act=com.google.android.gms.nearby.presence.service.START dat=chimera-action:/... xflg=0x4 cmp=com.google.android.gms/.chimera.PersistentApiServiceNoInstantApps }
09-10 11:32:51.208  2165  2185 I pixel-thermal: usb_pwr_therm2:38.784 raw data: usb_pwr_therm2:38784 
09-10 11:32:52.631  2165  2185 I pixel-thermal: VIRTUAL-USB-UI:0 raw data: USB2-MINUS-CHG:-4894 VIRTUAL-USB-UI:0 charger_skin_therm:43678 usb_pwr_therm2:38784 
09-10 11:32:52.632  2165  2185 I pixel-thermal: VIRTUAL-USB-THROTTLING:0 raw data: USB2-MINUS-CHG:-4894 VIRTUAL-USB-THROTTLING:0 usb_pwr_therm2:38784 
09-10 11:32:53.216  2165  2185 I pixel-thermal: usb_pwr_therm2:38.717 raw data: usb_pwr_therm2:38717 
09-10 11:32:55.225  2165  2185 I pixel-thermal: usb_pwr_therm2:38.717 raw data: usb_pwr_therm2:38717 
09-10 11:32:56.621  2678  3566 D TemperatureStateSource: sequence=3467 actualDelay=10002
09-10 11:32:56.622  2678  3566 D TemperatureStateSource: Reading temperature: sequence=3468
09-10 11:32:56.630  2165  2165 I pixel-thermal: VIRTUAL-SKIN:39.612 raw data: VIRTUAL-NEUTRAL:39126.7 VIRTUAL-NEUTRAL-SKIN2:39612 VIRTUAL-QUIET-NEUTRAL:39040 VIRTUAL-SKIN:39612 disp_therm:39541 gnss_tcxo_therm:38205 neutral_therm:37248 quiet_therm:39808 skin_therm1:38628 skin_therm2:45128 
09-10 11:32:56.631  2678  3566 D TemperatureStateSource: getDeviceTemperatures: sequence=3468 deviceTemperatureType=3 temperatureSource=0 temperatures=[39.612003]
09-10 11:32:56.632  2678  3566 D TemperatureStateSource: sequence=3468 waitTime=10000
09-10 11:32:56.633  2678  2916 D ImpulseStateSource: Notify clients: 3483
09-10 11:32:56.840  2165  2185 I pixel-thermal: cellular-emergency:39.612 raw data: VIRTUAL-SKIN:39612 cellular-emergency:39612 
09-10 11:32:56.841  2165  2185 I pixel-thermal: VIRTUAL-SKIN-CPU:39.612 raw data: VIRTUAL-SKIN:39612 VIRTUAL-SKIN-CPU:39612 
09-10 11:32:56.841  2165  2185 I pixel-thermal: VIRTUAL-SKIN-CPU power_budget=1350.68 err=1.388 s_power=800 time_elapsed_ms=7008 p=555.199 i=-4.52085 d=0 dt_per_min=nan compensation=0 budget transient=0 control target=3 excluded power budget=0
09-10 11:32:56.841  2165  2185 I pixel-thermal: VIRTUAL-SKIN-CPU binded power rails: (S4M_VDD_CPUCL0: 32.46 mW)(S2M_VDD_CPUCL2: 12.61 mW)(S3M_VDD_CPUCL1: 12.03 mW)
09-10 11:32:56.841  2165  2185 I pixel-thermal: neutral_therm:37.248 raw data: neutral_therm:37248 
09-10 11:32:56.842  2165  2185 I pixel-thermal: VIRTUAL-SKIN:39.612 raw data: VIRTUAL-SKIN:39612 
09-10 11:32:56.842  2165  2185 I pixel-thermal: VIRTUAL-SKIN-CPU-GPU:39.612 raw data: VIRTUAL-SKIN:39612 VIRTUAL-SKIN-CPU-GPU:39612 
09-10 11:32:56.842  2165  2185 I pixel-thermal: VIRTUAL-SKIN-CPU-GPU power_budget=2404.85 err=5.388 s_power=800 time_elapsed_ms=7008 p=1616.4 i=-11.5523 d=0 dt_per_min=nan compensation=0 budget transient=0 control target=3 excluded power budget=0
09-10 11:32:56.842  2165  2185 I pixel-thermal: VIRTUAL-SKIN-CPU-GPU binded power rails: (S4M_VDD_CPUCL0: 32.46 mW)(S2M_VDD_CPUCL2: 12.61 mW)(S3M_VDD_CPUCL1: 12.03 mW)(S2S_VDD_G3D: 2.49 mW)
09-10 11:32:56.843  2165  2185 I pixel-thermal: VIRTUAL-SKIN-HINT:39.612 raw data: VIRTUAL-SKIN:39612 VIRTUAL-SKIN-HINT:39612 
09-10 11:32:56.843  2165  2185 I pixel-thermal: VIRTUAL-SKIN-CHARGE:39.612 raw data: VIRTUAL-SKIN:39612 VIRTUAL-SKIN-CHARGE:39612 
09-10 11:32:56.843  2165  2185 I pixel-thermal: VIRTUAL-SKIN-CHARGE's fcc binded power rail POWER_FOR_CHARGING_THROTTLING: power threshold = 500, avg power = 482.327
09-10 11:32:56.844  2165  2185 I pixel-thermal: Successfully update cdev fcc sysfs to 3
09-10 11:32:57.236  2165  2185 I pixel-thermal: usb_pwr_therm2:38.717 raw data: usb_pwr_therm2:38717 
09-10 11:32:58.684  2643  2672 I Tethering: [BpfCoordinator] onAlertReached
09-10 11:32:59.245  2165  2185 I pixel-thermal: usb_pwr_therm2:38.717 raw data: usb_pwr_therm2:38717 
09-10 11:32:59.637  2165  2185 I pixel-thermal: VIRTUAL-USB-UI:0 raw data: USB2-MINUS-CHG:-4892 VIRTUAL-USB-UI:0 charger_skin_therm:43609 usb_pwr_therm2:38717 
09-10 11:32:59.637  2165  2185 I pixel-thermal: VIRTUAL-USB-THROTTLING:0 raw data: USB2-MINUS-CHG:-4892 VIRTUAL-USB-THROTTLING:0 usb_pwr_therm2:38717 
09-10 11:32:59.741  1821  2391 W NetworkPolicy: shared quota unsupported; generating rule for each iface
09-10 11:32:59.842  1379  3673 I WifiHAL : Creating message to get link statistics; iface = 47
09-10 11:32:59.843  1314  1314 I bthal.activitywatcher: getStateResidency: ActivityStat{0 : totalTimeMs 14000465 totalEntryCount 65486 lastEntryMs 43420741}
09-10 11:32:59.843  1314  1314 I bthal.activitywatcher: getStateResidency: ActivityStat{1 : totalTimeMs 2006431 totalEntryCount 65564 lastEntryMs 43420749}
09-10 11:32:59.843  1314  1314 I bthal.activitywatcher: getStateResidency: ActivityStat{2 : totalTimeMs 154024 totalEntryCount 156969 lastEntryMs 43420734}
09-10 11:32:59.843  1314  1314 I bthal.activitywatcher: getStateResidency: ActivityStat{3 : totalTimeMs 438136 totalEntryCount 98121 lastEntryMs 43420735}
09-10 11:32:59.854  1314  1314 I bthal.activitywatcher: send_hci_activities_vsc: Sent VSC <[4]{89, 253, 1, 1}>
09-10 11:32:59.854  1348  1348 W android.hardware.power.stats-service.pixel: getStateResidency latency for Bluetooth exceeded time allowed: 11042us
09-10 11:32:59.855  1314  1513 I bthal.activitywatcher: filter_hci_activities_vse: Filtered <[103]{14, 101, 1, 89, 253, 0, 1, 5, 12, 0, 0, 221, 124, 3, 0, 69, 68, 37, 0, 0, 0, 0, 0, 179, 68, 37, 0, 0, 0, 0, 0, 6, 12, 0, 0, 183, 226, 0, 0, 179, 68, 37, 0, 0, 0, 0, 0, 69, 68, 37, 0, 0, 0, 0, 0, 74, 29, 0, 0, 143, 29, 0, 0, 240, 68, 37, 0, 0, 0, 0, 0, 241, 68, 37, 0, 0, 0, 0, 0, 43, 5, 0, 0, 3, 16, 0, 0, 175, 66, 37, 0, 0, 0, 0, 0, 175, 66, 37, 0, 0, 0, 0, 0}>
09-10 11:32:59.855  1314  1513 I bthal.flowcontrol: HciEventPreProcess: HCI Event 0xe Opcode 0xfd59 Length 103 handled by ControllerActivityWatcher
09-10 11:32:59.855  1596  1596 D AOC     : A3:MSG: controller.cc, 273: CNTRL: cmd ID: 0x000a, tag: 0x91 [cntr = 5267]
09-10 11:32:59.856  1596  1596 D AOC     : A3:MSG: controller.cc, 811: CNTRL: ipc: control, cmd ID: 0x000a, tag: 0x91, rc: 0
09-10 11:32:59.856  1596  1596 D AOC     : A3:MSG: controller.cc, 273: CNTRL: cmd ID: 0x000a, tag: 0x92 [cntr = 5268]
09-10 11:32:59.856  1596  1596 D AOC     : A3:MSG: controller.cc, 811: CNTRL: ipc: control, cmd ID: 0x000a, tag: 0x92, rc: 0
09-10 11:32:59.857  1596  1596 D AOC     : A3:MSG: controller.cc, 273: CNTRL: cmd ID: 0x000a, tag: 0x93 [cntr = 5269]
09-10 11:32:59.857  1596  1596 D AOC     : A3:MSG: controller.cc, 811: CNTRL: ipc: control, cmd ID: 0x000a, tag: 0x93, rc: 0
09-10 11:32:59.857  1596  1596 D AOC     : A3:MSG: controller.cc, 273: CNTRL: cmd ID: 0x000a, tag: 0x94 [cntr = 5270]
09-10 11:32:59.857  1596  1596 D AOC     : A3:MSG: controller.cc, 811: CNTRL: ipc: control, cmd ID: 0x000a, tag: 0x94, rc: 0
09-10 11:32:59.858  1596  1596 D AOC     : A3:MSG: controller.cc, 273: CNTRL: cmd ID: 0x000a, tag: 0x95 [cntr = 5271]
09-10 11:32:59.858  1596  1596 D AOC     : A3:MSG: controller.cc, 811: CNTRL: ipc: control, cmd ID: 0x000a, tag: 0x95, rc: 0
09-10 11:32:59.859  1596  1596 D AOC     : A3:MSG: controller.cc, 273: CNTRL: cmd ID: 0x000a, tag: 0x96 [cntr = 5272]
09-10 11:32:59.859  1596  1596 D AOC     : A3:MSG: controller.cc, 811: CNTRL: ipc: control, cmd ID: 0x000a, tag: 0x96, rc: 0
09-10 11:32:59.859  1596  1596 D AOC     : A3:MSG: controller.cc, 273: CNTRL: cmd ID: 0x000a, tag: 0x97 [cntr = 5273]
09-10 11:32:59.860  1596  1596 D AOC     : A3:MSG: controller.cc, 811: CNTRL: ipc: control, cmd ID: 0x000a, tag: 0x97, rc: 0
09-10 11:32:59.860  1596  1596 D AOC     : A3:MSG: controller.cc, 273: CNTRL: cmd ID: 0x000a, tag: 0x98 [cntr = 5274]
09-10 11:32:59.860  1596  1596 D AOC     : A3:MSG: controller.cc, 811: CNTRL: ipc: control, cmd ID: 0x000a, tag: 0x98, rc: 0
09-10 11:32:59.861  1596  1596 D AOC     : A3:MSG: controller.cc, 273: CNTRL: cmd ID: 0x000a, tag: 0x99 [cntr = 5275]
09-10 11:32:59.861  1596  1596 D AOC     : A3:MSG: controller.cc, 811: CNTRL: ipc: control, cmd ID: 0x000a, tag: 0x99, rc: 0
09-10 11:32:59.861  1596  1596 D AOC     : A3:MSG: controller.cc, 273: CNTRL: cmd ID: 0x000a, tag: 0x9a [cntr = 5276]
09-10 11:32:59.862  1596  1596 D AOC     : A3:MSG: controller.cc, 811: CNTRL: ipc: control, cmd ID: 0x000a, tag: 0x9a, rc: 0
09-10 11:32:59.862  1596  1596 D AOC     : A3:MSG: controller.cc, 273: CNTRL: cmd ID: 0x000a, tag: 0x9b [cntr = 5277]
09-10 11:32:59.862  1596  1596 D AOC     : A3:MSG: controller.cc, 811: CNTRL: ipc: control, cmd ID: 0x000a, tag: 0x9b, rc: 0
09-10 11:32:59.863  1596  1596 D AOC     : A3:MSG: controller.cc, 273: CNTRL: cmd ID: 0x000a, tag: 0x9c [cntr = 5278]
09-10 11:32:59.863  1596  1596 D AOC     : A3:MSG: controller.cc, 811: CNTRL: ipc: control, cmd ID: 0x000a, tag: 0x9c, rc: 0
09-10 11:32:59.864  1596  1596 D AOC     : A3:MSG: controller.cc, 273: CNTRL: cmd ID: 0x000a, tag: 0x9d [cntr = 5279]
09-10 11:32:59.864  1596  1596 D AOC     : A3:MSG: controller.cc, 811: CNTRL: ipc: control, cmd ID: 0x000a, tag: 0x9d, rc: 0
09-10 11:32:59.864  1596  1596 D AOC     : A3:MSG: controller.cc, 273: CNTRL: cmd ID: 0x000a, tag: 0x9e [cntr = 5280]
09-10 11:32:59.865  1596  1596 D AOC     : A3:MSG: controller.cc, 811: CNTRL: ipc: control, cmd ID: 0x000a, tag: 0x9e, rc: 0
09-10 11:32:59.865  1596  1596 D AOC     : A3:MSG: controller.cc, 273: CNTRL: cmd ID: 0x000a, tag: 0x9f [cntr = 5281]
09-10 11:32:59.865  1596  1596 D AOC     : A3:MSG: controller.cc, 811: CNTRL: ipc: control, cmd ID: 0x000a, tag: 0x9f, rc: 0
09-10 11:32:59.866  1596  1596 D AOC     : A3:MSG: controller.cc, 273: CNTRL: cmd ID: 0x000a, tag: 0xa0 [cntr = 5282]
09-10 11:32:59.866  1596  1596 D AOC     : A3:MSG: controller.cc, 811: CNTRL: ipc: control, cmd ID: 0x000a, tag: 0xa0, rc: 0
09-10 11:32:59.866  1596  1596 D AOC     : A3:MSG: controller.cc, 273: CNTRL: cmd ID: 0x000a, tag: 0xa1 [cntr = 5283]
09-10 11:32:59.867  1596  1596 D AOC     : A3:MSG: controller.cc, 811: CNTRL: ipc: control, cmd ID: 0x000a, tag: 0xa1, rc: 0
09-10 11:32:59.990  2905  2912 V BluetoothSocket: close() Local Socket: Already closed and cleaned up
09-10 11:32:59.999  2828  2828 D TelephonyManager: requestModemActivityInfo: Sending result to app: ModemActivityInfo{ mTimestamp=62596870 mSleepTimeMs=43343971 mIdleTimeMs=2047948 mActivityStatsTechSpecificInfo=[{mRat=UNKNOWN,mFrequencyRange=UNKNOWN,mTxTimeMs[]=[296212, 469702, 802367, 124619, 1256798],mRxTimeMs=16481556}]}
09-10 11:33:01.005  3992  4372 I AiAiEcho: (REDACTED) Predicting[%d]: %s
09-10 11:33:01.008  3992  4372 I AiAiEcho: (REDACTED) EchoTargets: %s
09-10 11:33:01.008  3992  4372 I AiAiEcho: Filtered by AiAi flag check: %s
09-10 11:33:01.012  3992  4372 I AiAiEcho: (REDACTED) #weatherSubItemsTwiddler: Weather removes SubtitleSupplementalItem in surface: %s
09-10 11:33:01.013  3992  4372 I AiAiEcho: #remoteViewsTwiddler: feature disabled.
09-10 11:33:01.014  3992  4372 I AiAiEcho: (REDACTED) Predicting[%d]: %s
09-10 11:33:01.015  2905 29494 I NearbyMediums: No BLE Fast/GATT advertisements found in the latest cycle.
09-10 11:33:01.015  2905 29494 I NearbyMediums: Current Tracked Scanning Clients are : {NearbyConnections.EnvironmentMonitor, NearbySharing, NearbyConnections.TxAdvertisement}
09-10 11:33:01.016  3992  4372 I AiAiEcho: (REDACTED) EchoTargets: %s
09-10 11:33:01.016  3992  4372 I AiAiEcho: Filtered by AiAi flag check: %s
09-10 11:33:01.016  3992  4372 I AiAiEcho: #remoteViewsTwiddler: feature disabled.
09-10 11:33:01.017  3992  4372 I AiAiEcho: (REDACTED) Predicting[%d]: %s
09-10 11:33:01.019  3992  4372 I AiAiEcho: (REDACTED) EchoTargets: %s
09-10 11:33:01.019  3992  4372 I AiAiEcho: Filtered by AiAi flag check: %s
09-10 11:33:01.019  3992  4372 I AiAiEcho: #remoteViewsTwiddler: feature disabled.
09-10 11:33:01.020  3992  4372 I AiAiEcho: (REDACTED) Predicting[%d]: %s
09-10 11:33:01.021  3992  4372 I AiAiEcho: (REDACTED) EchoTargets: %s
09-10 11:33:01.021  3992  4372 I AiAiEcho: Filtered by AiAi flag check: %s
09-10 11:33:01.022  3992  4372 I AiAiEcho: (REDACTED) #weatherSubItemsTwiddler: Weather removes SubtitleSupplementalItem in surface: %s
09-10 11:33:01.022  3992  4372 I AiAiEcho: #remoteViewsTwiddler: feature disabled.
09-10 11:33:01.029  3992  4372 I AiAiEcho: (REDACTED) #postPredictionTargets: Sending updates to UISurface %s with targets# %s (types=[%s])
09-10 11:33:01.030  3992  4372 I AiAiEcho: (REDACTED) #postPredictionTargets: Sending updates to UISurface %s with targets# %s (types=[%s])
09-10 11:33:01.031  3992  4372 I AiAiEcho: (REDACTED) #postPredictionTargets: Sending updates to UISurface %s with targets# %s (types=[%s])
09-10 11:33:01.032  2542  2579 I AmbientCueRepository: Receiving SmartSpace targets # 0
09-10 11:33:01.033  2542  2542 I WeatherSmartspaceView: setFormattedContentDescription: text=32°C, iconDescription=Light rain, contentDescription=Light rain, 32°C
09-10 11:33:01.033  2542  2542 I WeatherSmartspaceView: setFormattedContentDescription: text=32°C, iconDescription=Light rain, contentDescription=Light rain, 32°C
09-10 11:33:01.033  2542  2542 I WeatherData: Weather data parsed DRIZZLE ("Light rain") 32°C from Bundle[{description=Light rain, feedback_intent=null, explanation_intent=Supplier{VAL_PARCELABLE@148+1744}, is_gaia_linked_data=true, use_celsius=true, state=11, temperature=32}]
09-10 11:33:01.036  3992  4372 I AiAiEcho: (REDACTED) #postPredictionTargets: Sending updates to UISurface %s with targets# %s (types=[%s])
09-10 11:33:01.252  2165  2185 I pixel-thermal: usb_pwr_therm2:38.717 raw data: usb_pwr_therm2:38717 
09-10 11:33:03.259  2165  2185 I pixel-thermal: usb_pwr_therm2:38.717 raw data: usb_pwr_therm2:38717 
09-10 11:33:03.690  2643  2672 I Tethering: [BpfCoordinator] onAlertReached
09-10 11:33:03.849  2165  2185 I pixel-thermal: cellular-emergency:39.5822 raw data: VIRTUAL-NEUTRAL:39105.2 VIRTUAL-NEUTRAL-SKIN2:39582.2 VIRTUAL-QUIET-NEUTRAL:39001.9 VIRTUAL-SKIN:39582.2 cellular-emergency:39582.2 disp_therm:39519 gnss_tcxo_therm:38227 neutral_therm:37226 quiet_therm:39763 skin_therm1:38584 skin_therm2:45080 
09-10 11:33:03.850  2165  2185 I pixel-thermal: VIRTUAL-SKIN-CPU:39.5822 raw data: VIRTUAL-SKIN:39582.2 VIRTUAL-SKIN-CPU:39582.2 
09-10 11:33:03.851  2165  2185 I pixel-thermal: VIRTUAL-SKIN-CPU power_budget=1362.6 err=1.4178 s_power=800 time_elapsed_ms=7005 p=567.119 i=-4.52085 d=0 dt_per_min=nan compensation=0 budget transient=0 control target=3 excluded power budget=0
09-10 11:33:03.851  2165  2185 I pixel-thermal: VIRTUAL-SKIN-CPU binded power rails: (S4M_VDD_CPUCL0: 45.09 mW)(S2M_VDD_CPUCL2: 23.91 mW)(S3M_VDD_CPUCL1: 19.13 mW)
09-10 11:33:03.851  2165  2185 I pixel-thermal: neutral_therm:37.226 raw data: neutral_therm:37226 
09-10 11:33:03.851  2165  2185 I pixel-thermal: VIRTUAL-SKIN:39.5822 raw data: VIRTUAL-SKIN:39582.2 
09-10 11:33:03.852  2165  2185 I pixel-thermal: VIRTUAL-SKIN-CPU-GPU:39.5822 raw data: VIRTUAL-SKIN:39582.2 VIRTUAL-SKIN-CPU-GPU:39582.2 
09-10 11:33:03.852  2165  2185 I pixel-thermal: VIRTUAL-SKIN-CPU-GPU power_budget=2413.79 err=5.4178 s_power=800 time_elapsed_ms=7005 p=1625.34 i=-11.5523 d=0 dt_per_min=nan compensation=0 budget transient=0 control target=3 excluded power budget=0
09-10 11:33:03.852  2165  2185 I pixel-thermal: VIRTUAL-SKIN-CPU-GPU binded power rails: (S4M_VDD_CPUCL0: 45.09 mW)(S2M_VDD_CPUCL2: 23.91 mW)(S3M_VDD_CPUCL1: 19.13 mW)(S2S_VDD_G3D: 3.24 mW)
09-10 11:33:03.852  2165  2185 I pixel-thermal: VIRTUAL-SKIN-HINT:39.5822 raw data: VIRTUAL-SKIN:39582.2 VIRTUAL-SKIN-HINT:39582.2 
09-10 11:33:03.853  2165  2185 I pixel-thermal: VIRTUAL-SKIN-CHARGE:39.5822 raw data: VIRTUAL-SKIN:39582.2 VIRTUAL-SKIN-CHARGE:39582.2 
09-10 11:33:03.853  2165  2185 I pixel-thermal: VIRTUAL-SKIN-CHARGE's fcc binded power rail POWER_FOR_CHARGING_THROTTLING: power threshold = 500, avg power = 528.475
09-10 11:33:03.854  2165  2185 I pixel-thermal: Successfully update cdev fcc sysfs to 6
09-10 11:33:05.067  2828  2828 D TelephonyManager: requestModemActivityInfo: Sending result to app: ModemActivityInfo{ mTimestamp=62601938 mSleepTimeMs=43343971 mIdleTimeMs=2047948 mActivityStatsTechSpecificInfo=[{mRat=UNKNOWN,mFrequencyRange=UNKNOWN,mTxTimeMs[]=[296227, 469866, 802422, 124619, 1259090],mRxTimeMs=16486456}]}
09-10 11:33:05.277  2165  2185 I pixel-thermal: usb_pwr_therm2:38.828 raw data: usb_pwr_therm2:38828 
09-10 11:33:06.634  2678  2916 D TemperatureStateSource: sequence=3468 actualDelay=10001
09-10 11:33:06.635  2678  2916 D TemperatureStateSource: Reading temperature: sequence=3469
09-10 11:33:06.642  2165  2165 I pixel-thermal: VIRTUAL-SKIN:39.6703 raw data: VIRTUAL-NEUTRAL:39151.4 VIRTUAL-NEUTRAL-SKIN2:39670.3 VIRTUAL-QUIET-NEUTRAL:39311.2 VIRTUAL-SKIN:39670.3 disp_therm:39585 gnss_tcxo_therm:38183 neutral_therm:37270 quiet_therm:40186 skin_therm1:38606 skin_therm2:45271 
09-10 11:33:06.643  2678  2916 D TemperatureStateSource: getDeviceTemperatures: sequence=3469 deviceTemperatureType=3 temperatureSource=0 temperatures=[39.670303]
09-10 11:33:06.643  2678  2916 D TemperatureStateSource: sequence=3469 waitTime=10000
09-10 11:33:06.643  2165  2185 I pixel-thermal: VIRTUAL-USB-UI:0 raw data: USB2-MINUS-CHG:-4964 VIRTUAL-USB-UI:0 charger_skin_therm:43792 usb_pwr_therm2:38828 
09-10 11:33:06.644  2165  2185 I pixel-thermal: VIRTUAL-USB-THROTTLING:0 raw data: USB2-MINUS-CHG:-4964 VIRTUAL-USB-THROTTLING:0 usb_pwr_therm2:38828 
09-10 11:33:06.644  2678  3566 D ImpulseStateSource: Notify clients: 3484
09-10 11:33:07.282  2165  2185 I pixel-thermal: usb_pwr_therm2:38.828 raw data: usb_pwr_therm2:38828 
09-10 11:33:09.293  2165  2185 I pixel-thermal: usb_pwr_therm2:38.828 raw data: usb_pwr_therm2:38828 
09-10 11:33:10.857  2165  2185 I pixel-thermal: cellular-emergency:39.6703 raw data: VIRTUAL-NEUTRAL:39151.4 VIRTUAL-NEUTRAL-SKIN2:39670.3 VIRTUAL-QUIET-NEUTRAL:39311.2 VIRTUAL-SKIN:39670.3 cellular-emergency:39670.3 disp_therm:39585 gnss_tcxo_therm:38183 neutral_therm:37270 quiet_therm:40186 skin_therm1:38606 skin_therm2:45271 
09-10 11:33:10.857  2165  2185 I pixel-thermal: VIRTUAL-SKIN-CPU:39.6703 raw data: VIRTUAL-SKIN:39670.3 VIRTUAL-SKIN-CPU:39670.3 
09-10 11:33:10.857  2165  2185 I pixel-thermal: VIRTUAL-SKIN-CPU power_budget=1327.36 err=1.3297 s_power=800 time_elapsed_ms=7009 p=531.879 i=-4.52085 d=-0 dt_per_min=nan compensation=0 budget transient=0 control target=3 excluded power budget=0
09-10 11:33:10.857  2165  2185 I pixel-thermal: VIRTUAL-SKIN-CPU binded power rails: (S4M_VDD_CPUCL0: 31.43 mW)(S2M_VDD_CPUCL2: 14.54 mW)(S3M_VDD_CPUCL1: 11.60 mW)
09-10 11:33:10.857  2165  2185 I pixel-thermal: neutral_therm:37.27 raw data: neutral_therm:37270 
09-10 11:33:10.857  2165  2185 I pixel-thermal: VIRTUAL-SKIN:39.6703 raw data: VIRTUAL-SKIN:39670.3 
09-10 11:33:10.857  2165  2185 I pixel-thermal: VIRTUAL-SKIN-CPU-GPU:39.6703 raw data: VIRTUAL-SKIN:39670.3 VIRTUAL-SKIN-CPU-GPU:39670.3 
09-10 11:33:10.857  2165  2185 I pixel-thermal: VIRTUAL-SKIN-CPU-GPU power_budget=2387.36 err=5.3297 s_power=800 time_elapsed_ms=7009 p=1598.91 i=-11.5523 d=-0 dt_per_min=nan compensation=0 budget transient=0 control target=3 excluded power budget=0
09-10 11:33:10.857  2165  2185 I pixel-thermal: VIRTUAL-SKIN-CPU-GPU binded power rails: (S4M_VDD_CPUCL0: 31.43 mW)(S2M_VDD_CPUCL2: 14.54 mW)(S3M_VDD_CPUCL1: 11.60 mW)(S2S_VDD_G3D: 2.88 mW)
09-10 11:33:10.857  2165  2185 I pixel-thermal: VIRTUAL-SKIN-HINT:39.6703 raw data: VIRTUAL-SKIN:39670.3 VIRTUAL-SKIN-HINT:39670.3 
09-10 11:33:10.858  2165  2185 I pixel-thermal: VIRTUAL-SKIN-CHARGE:39.6703 raw data: VIRTUAL-SKIN:39670.3 VIRTUAL-SKIN-CHARGE:39670.3 
09-10 11:33:10.858  2165  2185 I pixel-thermal: VIRTUAL-SKIN-CHARGE's fcc binded power rail POWER_FOR_CHARGING_THROTTLING: power threshold = 500, avg power = 482.146
09-10 11:33:10.858  2165  2185 I pixel-thermal: Successfully update cdev fcc sysfs to 3
09-10 11:33:11.020  2905 29494 I NearbyMediums: No BLE Fast/GATT advertisements found in the latest cycle.
09-10 11:33:11.020  2905 29494 I NearbyMediums: Current Tracked Scanning Clients are : {NearbyConnections.EnvironmentMonitor, NearbySharing, NearbyConnections.TxAdvertisement}
09-10 11:33:11.300  2165  2185 I pixel-thermal: usb_pwr_therm2:38.828 raw data: usb_pwr_therm2:38828 
09-10 11:33:13.308  2165  2185 I pixel-thermal: usb_pwr_therm2:38.828 raw data: usb_pwr_therm2:38828 
09-10 11:33:13.652  2165  2185 I pixel-thermal: VIRTUAL-USB-UI:0 raw data: USB2-MINUS-CHG:-4919 VIRTUAL-USB-UI:0 charger_skin_therm:43747 usb_pwr_therm2:38828 
09-10 11:33:13.653  2165  2185 I pixel-thermal: VIRTUAL-USB-THROTTLING:0 raw data: USB2-MINUS-CHG:-4919 VIRTUAL-USB-THROTTLING:0 usb_pwr_therm2:38828 
09-10 11:33:15.318  2165  2185 I pixel-thermal: usb_pwr_therm2:38.828 raw data: usb_pwr_therm2:38828 
09-10 11:33:15.940  1821  2397 E Nl80211Native: getChannelsMhzForBand: Wiphy index not recorded for band 8
09-10 11:33:15.940  1821  2397 E Nl80211Native: getChannelsMhzForBand: Wiphy index not recorded for band 16
09-10 11:33:15.944  1821  2397 I Nl80211Proxy: Sending Nl80211 message: GenericNetlinkMsg{ nlHeader{StructNlMsgHdr{ nlmsg_len{352}, nlmsg_type{28()}, nlmsg_flags{5(NLM_F_REQUEST|NLM_F_ACK)}, nlmsg_seq{1282}, nlmsg_pid{0} }}, genNlHeader{StructGenNlMsgHdr{ command{33}, version{1}, reserved{0} }}, attributes{[StructNlAttr{ nla_len{8}, nla_type{-32723}, nla_value{04000000}, }, StructNlAttr{ nla_len{8}, nla_type{3}, nla_value{2F000000}, }, StructNlAttr{ nla_len{308}, nla_type{-32724}, nla_value{080000006C09000008000100710900000800020076090000080003007B09000008000400800900000800050085090000080006008A090000080007008F0900000800080094090000080009009909000008000A009E09000008000B00A309000008000C00A809000008000D003C14000008000E005014000008000F00641400000800100078140000080011008C14000008001200A014000008001300B414000008001400C8140000080015007C150000080016009015000008001700A415000008001800B815000008001900CC15000008001A00E015000008001B00F415000008001C000816000008001D001C16000008001E003016000008001F0044160000080020005816000008002100711600000800220085160000080023009916000008002400AD16000008002500C1160000}, }, StructNlAttr{ nla_len{8}, nla_type{158}, nla_value{08040000}, }]} }
09-10 11:33:16.060  1821  2397 I Nl80211Proxy: Received NLMSG_ERROR with error 0 for message GenericNetlinkMsg{ nlHeader{StructNlMsgHdr{ nlmsg_len{352}, nlmsg_type{28()}, nlmsg_flags{5(NLM_F_REQUEST|NLM_F_ACK)}, nlmsg_seq{1282}, nlmsg_pid{0} }}, genNlHeader{StructGenNlMsgHdr{ command{33}, version{1}, reserved{0} }}, attributes{[StructNlAttr{ nla_len{8}, nla_type{-32723}, nla_value{04000000}, }, StructNlAttr{ nla_len{8}, nla_type{3}, nla_value{2F000000}, }, StructNlAttr{ nla_len{308}, nla_type{-32724}, nla_value{080000006C09000008000100710900000800020076090000080003007B09000008000400800900000800050085090000080006008A090000080007008F0900000800080094090000080009009909000008000A009E09000008000B00A309000008000C00A809000008000D003C14000008000E005014000008000F00641400000800100078140000080011008C14000008001200A014000008001300B414000008001400C8140000080015007C150000080016009015000008001700A415000008001800B815000008001900CC15000008001A00E015000008001B00F415000008001C000816000008001D001C16000008001E003016000008001F0044160000080020005816000008002100711600000800220085160000080023009916000008002400AD16000008002500C1160000}, }, StructNlAttr{ nla_len{8}, nla_type{158}, nla_value{08040000}, }]} }
09-10 11:33:16.645  2678  2778 D TemperatureStateSource: sequence=3469 actualDelay=10002
09-10 11:33:16.647  2678  2778 D TemperatureStateSource: Reading temperature: sequence=3470
09-10 11:33:16.654  2165  2165 I pixel-thermal: VIRTUAL-SKIN:39.6703 raw data: VIRTUAL-NEUTRAL:39160.4 VIRTUAL-NEUTRAL-SKIN2:39670.3 VIRTUAL-QUIET-NEUTRAL:39233.5 VIRTUAL-SKIN:39670.3 disp_therm:39630 gnss_tcxo_therm:38183 neutral_therm:37270 quiet_therm:40075 skin_therm1:38628 skin_therm2:45271 
09-10 11:33:16.656  2678  2778 D TemperatureStateSource: getDeviceTemperatures: sequence=3470 deviceTemperatureType=3 temperatureSource=0 temperatures=[39.670303]
09-10 11:33:16.657  2678  2778 D TemperatureStateSource: sequence=3470 waitTime=10000
09-10 11:33:16.659  2678  2916 D ImpulseStateSource: Notify clients: 3485
09-10 11:33:17.327  2165  2185 I pixel-thermal: usb_pwr_therm2:38.828 raw data: usb_pwr_therm2:38828 
09-10 11:33:17.863  2165  2185 I pixel-thermal: cellular-emergency:39.6703 raw data: VIRTUAL-SKIN:39670.3 cellular-emergency:39670.3 
09-10 11:33:17.863  2165  2185 I pixel-thermal: VIRTUAL-SKIN-CPU:39.6703 raw data: VIRTUAL-SKIN:39670.3 VIRTUAL-SKIN-CPU:39670.3 
09-10 11:33:17.864  2165  2185 I pixel-thermal: VIRTUAL-SKIN-CPU power_budget=1327.36 err=1.3297 s_power=800 time_elapsed_ms=7007 p=531.879 i=-4.52085 d=0 dt_per_min=nan compensation=0 budget transient=0 control target=3 excluded power budget=0
09-10 11:33:17.864  2165  2185 I pixel-thermal: VIRTUAL-SKIN-CPU binded power rails: (S4M_VDD_CPUCL0: 30.63 mW)(S2M_VDD_CPUCL2: 11.67 mW)(S3M_VDD_CPUCL1: 11.26 mW)
09-10 11:33:17.864  2165  2185 I pixel-thermal: neutral_therm:37.27 raw data: neutral_therm:37270 
09-10 11:33:17.864  2165  2185 I pixel-thermal: VIRTUAL-SKIN:39.6703 raw data: VIRTUAL-SKIN:39670.3 
09-10 11:33:17.865  2165  2185 I pixel-thermal: VIRTUAL-SKIN-CPU-GPU:39.6703 raw data: VIRTUAL-SKIN:39670.3 VIRTUAL-SKIN-CPU-GPU:39670.3 
09-10 11:33:17.865  2165  2185 I pixel-thermal: VIRTUAL-SKIN-CPU-GPU power_budget=2387.36 err=5.3297 s_power=800 time_elapsed_ms=7007 p=1598.91 i=-11.5523 d=0 dt_per_min=nan compensation=0 budget transient=0 control target=3 excluded power budget=0
09-10 11:33:17.865  2165  2185 I pixel-thermal: VIRTUAL-SKIN-CPU-GPU binded power rails: (S4M_VDD_CPUCL0: 30.63 mW)(S2M_VDD_CPUCL2: 11.67 mW)(S3M_VDD_CPUCL1: 11.26 mW)(S2S_VDD_G3D: 3.35 mW)
09-10 11:33:17.865  2165  2185 I pixel-thermal: VIRTUAL-SKIN-HINT:39.6703 raw data: VIRTUAL-SKIN:39670.3 VIRTUAL-SKIN-HINT:39670.3 
09-10 11:33:17.867  2165  2185 I pixel-thermal: VIRTUAL-SKIN-CHARGE:39.6703 raw data: VIRTUAL-SKIN:39670.3 VIRTUAL-SKIN-CHARGE:39670.3 
09-10 11:33:17.867  2165  2185 I pixel-thermal: VIRTUAL-SKIN-CHARGE's fcc binded power rail POWER_FOR_CHARGING_THROTTLING: power threshold = 500, avg power = 479.479
09-10 11:33:18.289  1552  1552 W wificond: No handler for scan result notification from interface with index: 47
09-10 11:33:18.291  1821  2393 D WifiNative: Scan result ready event
09-10 11:33:18.294  1821  2397 I Nl80211Proxy: Sending Nl80211 message: GenericNetlinkMsg{ nlHeader{StructNlMsgHdr{ nlmsg_len{20}, nlmsg_type{28()}, nlmsg_flags{769(NLM_F_REQUEST|NLM_F_DUMP)}, nlmsg_seq{1283}, nlmsg_pid{0} }}, genNlHeader{StructGenNlMsgHdr{ command{5}, version{1}, reserved{0} }}, attributes{[]} }
09-10 11:33:18.312  1821  2397 I Nl80211Proxy: Received NLMSG_DONE for message GenericNetlinkMsg{ nlHeader{StructNlMsgHdr{ nlmsg_len{20}, nlmsg_type{28()}, nlmsg_flags{769(NLM_F_REQUEST|NLM_F_DUMP)}, nlmsg_seq{1283}, nlmsg_pid{0} }}, genNlHeader{StructGenNlMsgHdr{ command{5}, version{1}, reserved{0} }}, attributes{[]} }
09-10 11:33:18.313  1821  2397 W Nl80211Utils: Malformed NEW_INTERFACE response: missing attributes
09-10 11:33:18.314  1821  2397 I Nl80211Proxy: Sending Nl80211 message: GenericNetlinkMsg{ nlHeader{StructNlMsgHdr{ nlmsg_len{28}, nlmsg_type{28()}, nlmsg_flags{769(NLM_F_REQUEST|NLM_F_DUMP)}, nlmsg_seq{1284}, nlmsg_pid{0} }}, genNlHeader{StructGenNlMsgHdr{ command{32}, version{1}, reserved{0} }}, attributes{[StructNlAttr{ nla_len{8}, nla_type{3}, nla_value{2F000000}, }]} }
09-10 11:33:18.314  1821  2397 I Nl80211Proxy: Received NLMSG_DONE for message GenericNetlinkMsg{ nlHeader{StructNlMsgHdr{ nlmsg_len{28}, nlmsg_type{28()}, nlmsg_flags{769(NLM_F_REQUEST|NLM_F_DUMP)}, nlmsg_seq{1284}, nlmsg_pid{0} }}, genNlHeader{StructGenNlMsgHdr{ command{32}, version{1}, reserved{0} }}, attributes{[StructNlAttr{ nla_len{8}, nla_type{3}, nla_value{2F000000}, }]} }
09-10 11:33:18.323  2905  4746 I WifiScanner: onFullResults
09-10 11:33:18.323  2905  4976 I WifiScanner: onFullResults
09-10 11:33:18.333  1379  3673 I WifiHAL : Creating message to get link statistics; iface = 47
09-10 11:33:18.401  1379  3673 D WifiHAL : Start debug command: mType GET_FEATURE
09-10 11:33:18.402  1379  3673 I WifiHAL : CreateRequest mType = GET_FEATURE
09-10 11:33:18.402  1379  3673 D WifiHAL : In DebugCommand::handleResponse, mType:GET_FEATURE
09-10 11:33:18.402  1379  3673 D WifiHAL : len = 4, expected len = 4
09-10 11:33:19.339  2165  2185 I pixel-thermal: usb_pwr_therm2:38.806 raw data: usb_pwr_therm2:38806 
09-10 11:33:19.744  1348  1348 E android.hardware.power.stats-service.pixel: Failed to read uid_time_in_state for attribution, return default EnergyConsumer
09-10 11:33:20.660  2165  2185 I pixel-thermal: VIRTUAL-USB-UI:0 raw data: USB2-MINUS-CHG:-4895 VIRTUAL-USB-UI:0 charger_skin_therm:43701 usb_pwr_therm2:38806 
09-10 11:33:20.660  2165  2185 I pixel-thermal: VIRTUAL-USB-THROTTLING:0 raw data: USB2-MINUS-CHG:-4895 VIRTUAL-USB-THROTTLING:0 usb_pwr_therm2:38806 
09-10 11:33:21.027  2905 29494 I NearbyMediums: No BLE Fast/GATT advertisements found in the latest cycle.
09-10 11:33:21.028  2905 29494 I NearbyMediums: Current Tracked Scanning Clients are : {NearbyConnections.EnvironmentMonitor, NearbySharing, NearbyConnections.TxAdvertisement}
09-10 11:33:21.345  2165  2185 I pixel-thermal: usb_pwr_therm2:38.806 raw data: usb_pwr_therm2:38806 
09-10 11:33:23.356  2165  2185 I pixel-thermal: usb_pwr_therm2:38.806 raw data: usb_pwr_therm2:38806 
09-10 11:33:24.875  2165  2185 I pixel-thermal: cellular-emergency:39.6261 raw data: VIRTUAL-NEUTRAL:39171.6 VIRTUAL-NEUTRAL-SKIN2:39626.1 VIRTUAL-QUIET-NEUTRAL:39086.9 VIRTUAL-SKIN:39626.1 cellular-emergency:39626.1 disp_therm:39563 gnss_tcxo_therm:38316 neutral_therm:37248 quiet_therm:39875 skin_therm1:38695 skin_therm2:45175 
09-10 11:33:24.876  2165  2185 I pixel-thermal: VIRTUAL-SKIN-CPU:39.6261 raw data: VIRTUAL-SKIN:39626.1 VIRTUAL-SKIN-CPU:39626.1 
09-10 11:33:24.877  2165  2185 I pixel-thermal: VIRTUAL-SKIN-CPU power_budget=1345.04 err=1.3739 s_power=800 time_elapsed_ms=7009 p=549.559 i=-4.52085 d=0 dt_per_min=nan compensation=0 budget transient=0 control target=3 excluded power budget=0
09-10 11:33:24.877  2165  2185 I pixel-thermal: VIRTUAL-SKIN-CPU binded power rails: (S4M_VDD_CPUCL0: 30.74 mW)(S2M_VDD_CPUCL2: 13.16 mW)(S3M_VDD_CPUCL1: 12.43 mW)
09-10 11:33:24.878  2165  2185 I pixel-thermal: neutral_therm:37.248 raw data: neutral_therm:37248 
09-10 11:33:24.878  2165  2185 I pixel-thermal: VIRTUAL-SKIN:39.6261 raw data: VIRTUAL-SKIN:39626.1 
09-10 11:33:24.878  2165  2185 I pixel-thermal: VIRTUAL-SKIN-CPU-GPU:39.6261 raw data: VIRTUAL-SKIN:39626.1 VIRTUAL-SKIN-CPU-GPU:39626.1 
09-10 11:33:24.878  2165  2185 I pixel-thermal: VIRTUAL-SKIN-CPU-GPU power_budget=2400.62 err=5.3739 s_power=800 time_elapsed_ms=7009 p=1612.17 i=-11.5523 d=0 dt_per_min=nan compensation=0 budget transient=0 control target=3 excluded power budget=0
09-10 11:33:24.878  2165  2185 I pixel-thermal: VIRTUAL-SKIN-CPU-GPU binded power rails: (S4M_VDD_CPUCL0: 30.74 mW)(S2M_VDD_CPUCL2: 13.16 mW)(S3M_VDD_CPUCL1: 12.43 mW)(S2S_VDD_G3D: 3.11 mW)
09-10 11:33:24.879  2165  2185 I pixel-thermal: VIRTUAL-SKIN-HINT:39.6261 raw data: VIRTUAL-SKIN:39626.1 VIRTUAL-SKIN-HINT:39626.1 
09-10 11:33:24.879  2165  2185 I pixel-thermal: VIRTUAL-SKIN-CHARGE:39.6261 raw data: VIRTUAL-SKIN:39626.1 VIRTUAL-SKIN-CHARGE:39626.1 
09-10 11:33:24.879  2165  2185 I pixel-thermal: VIRTUAL-SKIN-CHARGE's fcc binded power rail POWER_FOR_CHARGING_THROTTLING: power threshold = 500, avg power = 482.073
09-10 11:33:25.369  2165  2185 I pixel-thermal: usb_pwr_therm2:38.784 raw data: usb_pwr_therm2:38784 
09-10 11:33:26.659  2678  3566 D TemperatureStateSource: sequence=3470 actualDelay=10002
09-10 11:33:26.661  2678  3566 D TemperatureStateSource: Reading temperature: sequence=3471
09-10 11:33:26.666  2165  2165 I pixel-thermal: VIRTUAL-SKIN:39.6261 raw data: VIRTUAL-SKIN:39626.1 
09-10 11:33:26.668  2678  3566 D TemperatureStateSource: getDeviceTemperatures: sequence=3471 deviceTemperatureType=3 temperatureSource=0 temperatures=[39.626102]
09-10 11:33:26.669  2678  3566 D TemperatureStateSource: sequence=3471 waitTime=10000
09-10 11:33:26.670  2678  2916 D ImpulseStateSource: Notify clients: 3486
09-10 11:33:26.794  1821 13597 D IntervalStats: Unable to parse usage stats packages: [492]
09-10 11:33:26.804  1821 13597 D IntervalStats: Unable to parse usage stats packages: [492]
09-10 11:33:26.809  1821 13597 D IntervalStats: Unable to parse usage stats packages: [492]
09-10 11:33:26.825  1821 13597 D IntervalStats: Unable to parse usage stats packages: [513]
09-10 11:33:27.376  2165  2185 I pixel-thermal: usb_pwr_therm2:38.784 raw data: usb_pwr_therm2:38784 
09-10 11:33:27.376  2165  2185 I pixel-thermal: Power rails total power: 604.09 mW for 60281 ms
09-10 11:33:27.376  2165  2185 I pixel-thermal: Power rails [L8S_UFS_VCCQ: 5.82 mW] [S2S_VDD_G3D: 3.02 mW] [S10S_VDD2L: 15.96 mW] [S5S_VDDQ_MEM: 4.23 mW] [S4S_VDD2H_MEM: 22.38 mW] [S9S_VDD_AOC: 22.08 mW] 
09-10 11:33:27.376  2165  2185 I pixel-thermal: Power rails [S10M_VDD_TPU: 10.54 mW] [L2S_VDD_AOC_RET: 11.23 mW] [L9S_GNSS_CORE: 0.71 mW] [S1M_VDD_MIF: 27.37 mW] [S5M_VDD_INT: 28.34 mW] [S4M_VDD_CPUCL0: 35.05 mW] 
09-10 11:33:27.376  2165  2185 I pixel-thermal: Power rails [S2M_VDD_CPUCL2: 14.22 mW] [S3M_VDD_CPUCL1: 14.63 mW] [L15M_VDD_SLC_M: 18.77 mW] [VSYS_PWR_DISPLAY: 369.74 mW] 
09-10 11:33:27.376  2165  2185 I pixel-thermal: CDEV log usbc-port state:0 fcc state:3 thermal-cpufreq-1 state:0 tpu_cooling state:2 thermal-gpufreq-0 state:0 thermal-cpufreq-2 state:0 thermal-cpufreq-0 state:0 
09-10 11:33:27.666  2165  2185 I pixel-thermal: VIRTUAL-USB-UI:0 raw data: USB2-MINUS-CHG:-4894 VIRTUAL-USB-UI:0 charger_skin_therm:43678 usb_pwr_therm2:38784 
09-10 11:33:27.666  2165  2185 I pixel-thermal: VIRTUAL-USB-THROTTLING:0 raw data: USB2-MINUS-CHG:-4894 VIRTUAL-USB-THROTTLING:0 usb_pwr_therm2:38784 
09-10 11:33:29.382  2165  2185 I pixel-thermal: usb_pwr_therm2:38.784 raw data: usb_pwr_therm2:38784 
09-10 11:33:31.031  2905 29494 I NearbyMediums: No BLE Fast/GATT advertisements found in the latest cycle.
09-10 11:33:31.032  2905 29494 I NearbyMediums: Current Tracked Scanning Clients are : {NearbyConnections.EnvironmentMonitor, NearbySharing, NearbyConnections.TxAdvertisement}
09-10 11:33:31.039  1821  2286 I UsageStatsService: User[0] Flushing usage stats to disk
09-10 11:33:31.389  2165  2185 I pixel-thermal: usb_pwr_therm2:38.784 raw data: usb_pwr_therm2:38784 
09-10 11:33:31.883  2165  2185 I pixel-thermal: cellular-emergency:39.6343 raw data: VIRTUAL-NEUTRAL:39153.5 VIRTUAL-NEUTRAL-SKIN2:39634.3 VIRTUAL-QUIET-NEUTRAL:39077.4 VIRTUAL-SKIN:39634.3 cellular-emergency:39634.3 disp_therm:39563 gnss_tcxo_therm:38250 neutral_therm:37270 quiet_therm:39852 skin_therm1:38650 skin_therm2:45151 
09-10 11:33:31.883  2165  2185 I pixel-thermal: VIRTUAL-SKIN-CPU:39.6343 raw data: VIRTUAL-SKIN:39634.3 VIRTUAL-SKIN-CPU:39634.3 
09-10 11:33:31.883  2165  2185 I pixel-thermal: VIRTUAL-SKIN-CPU power_budget=1341.76 err=1.3657 s_power=800 time_elapsed_ms=7008 p=546.278 i=-4.52085 d=-0 dt_per_min=nan compensation=0 budget transient=0 control target=3 excluded power budget=0
09-10 11:33:31.884  2165  2185 I pixel-thermal: VIRTUAL-SKIN-CPU binded power rails: (S4M_VDD_CPUCL0: 37.10 mW)(S2M_VDD_CPUCL2: 18.32 mW)(S3M_VDD_CPUCL1: 12.31 mW)
09-10 11:33:31.885  2165  2185 I pixel-thermal: neutral_therm:37.27 raw data: neutral_therm:37270 
09-10 11:33:31.885  2165  2185 I pixel-thermal: VIRTUAL-SKIN:39.6343 raw data: VIRTUAL-SKIN:39634.3 
09-10 11:33:31.886  2165  2185 I pixel-thermal: VIRTUAL-SKIN-CPU-GPU:39.6343 raw data: VIRTUAL-SKIN:39634.3 VIRTUAL-SKIN-CPU-GPU:39634.3 
09-10 11:33:31.886  2165  2185 I pixel-thermal: VIRTUAL-SKIN-CPU-GPU power_budget=2398.16 err=5.3657 s_power=800 time_elapsed_ms=7008 p=1609.71 i=-11.5523 d=-0 dt_per_min=nan compensation=0 budget transient=0 control target=3 excluded power budget=0
09-10 11:33:31.886  2165  2185 I pixel-thermal: VIRTUAL-SKIN-CPU-GPU binded power rails: (S4M_VDD_CPUCL0: 37.10 mW)(S2M_VDD_CPUCL2: 18.32 mW)(S3M_VDD_CPUCL1: 12.31 mW)(S2S_VDD_G3D: 3.28 mW)
09-10 11:33:31.886  2165  2185 I pixel-thermal: VIRTUAL-SKIN-HINT:39.6343 raw data: VIRTUAL-SKIN:39634.3 VIRTUAL-SKIN-HINT:39634.3 
09-10 11:33:31.887  2165  2185 I pixel-thermal: VIRTUAL-SKIN-CHARGE:39.6343 raw data: VIRTUAL-SKIN:39634.3 VIRTUAL-SKIN-CHARGE:39634.3 
09-10 11:33:31.887  2165  2185 I pixel-thermal: VIRTUAL-SKIN-CHARGE's fcc binded power rail POWER_FOR_CHARGING_THROTTLING: power threshold = 500, avg power = 499.039
09-10 11:33:33.404  2165  2185 I pixel-thermal: usb_pwr_therm2:38.784 raw data: usb_pwr_therm2:38784 
09-10 11:33:33.712  2643  2672 I Tethering: [BpfCoordinator] onAlertReached
09-10 11:33:34.677  2165  2185 I pixel-thermal: VIRTUAL-USB-UI:0 raw data: USB2-MINUS-CHG:-4917 VIRTUAL-USB-UI:0 charger_skin_therm:43701 usb_pwr_therm2:38784 
09-10 11:33:34.678  2165  2185 I pixel-thermal: VIRTUAL-USB-THROTTLING:0 raw data: USB2-MINUS-CHG:-4917 VIRTUAL-USB-THROTTLING:0 usb_pwr_therm2:38784 
09-10 11:33:34.789  1821  2391 W NetworkPolicy: shared quota unsupported; generating rule for each iface
09-10 11:33:35.322  2828  2828 D TelephonyManager: requestModemActivityInfo: Sending result to app: ModemActivityInfo{ mTimestamp=62632192 mSleepTimeMs=43343971 mIdleTimeMs=2047948 mActivityStatsTechSpecificInfo=[{mRat=UNKNOWN,mFrequencyRange=UNKNOWN,mTxTimeMs[]=[296301, 470313, 802768, 124628, 1263000],mRxTimeMs=16515506}]}
09-10 11:33:35.411  2165  2185 I pixel-thermal: usb_pwr_therm2:38.784 raw data: usb_pwr_therm2:38784 
09-10 11:33:36.671  2678  3566 D TemperatureStateSource: sequence=3471 actualDelay=10002
09-10 11:33:36.672  2678  3566 D TemperatureStateSource: Reading temperature: sequence=3472
09-10 11:33:36.676  2165  2165 I pixel-thermal: VIRTUAL-SKIN:39.6343 raw data: VIRTUAL-NEUTRAL:39153.5 VIRTUAL-NEUTRAL-SKIN2:39634.3 VIRTUAL-QUIET-NEUTRAL:39077.4 VIRTUAL-SKIN:39634.3 disp_therm:39563 gnss_tcxo_therm:38250 neutral_therm:37270 quiet_therm:39852 skin_therm1:38650 skin_therm2:45151 
09-10 11:33:36.678  2678  3566 D TemperatureStateSource: getDeviceTemperatures: sequence=3472 deviceTemperatureType=3 temperatureSource=0 temperatures=[39.634304]
09-10 11:33:36.678  2678  3566 D TemperatureStateSource: sequence=3472 waitTime=10000
09-10 11:33:36.679  2678  2790 D ImpulseStateSource: Notify clients: 3487
09-10 11:33:37.421  2165  2185 I pixel-thermal: usb_pwr_therm2:38.873 raw data: usb_pwr_therm2:38873 
09-10 11:33:38.890  2165  2185 I pixel-thermal: cellular-emergency:39.6762 raw data: VIRTUAL-NEUTRAL:39172.1 VIRTUAL-NEUTRAL-SKIN2:39676.2 VIRTUAL-QUIET-NEUTRAL:39413.8 VIRTUAL-SKIN:39676.2 cellular-emergency:39676.2 disp_therm:39630 gnss_tcxo_therm:38205 neutral_therm:37248 quiet_therm:40342 skin_therm1:38650 skin_therm2:45342 
09-10 11:33:38.890  2165  2185 I pixel-thermal: VIRTUAL-SKIN-CPU:39.6762 raw data: VIRTUAL-SKIN:39676.2 VIRTUAL-SKIN-CPU:39676.2 
09-10 11:33:38.891  2165  2185 I pixel-thermal: VIRTUAL-SKIN-CPU power_budget=1325 err=1.3238 s_power=800 time_elapsed_ms=7007 p=529.52 i=-4.52085 d=-0 dt_per_min=nan compensation=0 budget transient=0 control target=3 excluded power budget=0
09-10 11:33:38.892  2165  2185 I pixel-thermal: VIRTUAL-SKIN-CPU binded power rails: (S4M_VDD_CPUCL0: 35.61 mW)(S2M_VDD_CPUCL2: 16.54 mW)(S3M_VDD_CPUCL1: 12.24 mW)
09-10 11:33:38.892  2165  2185 I pixel-thermal: neutral_therm:37.248 raw data: neutral_therm:37248 
09-10 11:33:38.892  2165  2185 I pixel-thermal: VIRTUAL-SKIN:39.6762 raw data: VIRTUAL-SKIN:39676.2 
09-10 11:33:38.893  2165  2185 I pixel-thermal: VIRTUAL-SKIN-CPU-GPU:39.6762 raw data: VIRTUAL-SKIN:39676.2 VIRTUAL-SKIN-CPU-GPU:39676.2 
09-10 11:33:38.893  2165  2185 I pixel-thermal: VIRTUAL-SKIN-CPU-GPU power_budget=2385.59 err=5.3238 s_power=800 time_elapsed_ms=7007 p=1597.14 i=-11.5523 d=-0 dt_per_min=nan compensation=0 budget transient=0 control target=3 excluded power budget=0
09-10 11:33:38.893  2165  2185 I pixel-thermal: VIRTUAL-SKIN-CPU-GPU binded power rails: (S4M_VDD_CPUCL0: 35.61 mW)(S2M_VDD_CPUCL2: 16.54 mW)(S3M_VDD_CPUCL1: 12.24 mW)(S2S_VDD_G3D: 2.78 mW)
09-10 11:33:38.893  2165  2185 I pixel-thermal: VIRTUAL-SKIN-HINT:39.6762 raw data: VIRTUAL-SKIN:39676.2 VIRTUAL-SKIN-HINT:39676.2 
09-10 11:33:38.894  2165  2185 I pixel-thermal: VIRTUAL-SKIN-CHARGE:39.6762 raw data: VIRTUAL-SKIN:39676.2 VIRTUAL-SKIN-CHARGE:39676.2 
09-10 11:33:38.894  2165  2185 I pixel-thermal: VIRTUAL-SKIN-CHARGE's fcc binded power rail POWER_FOR_CHARGING_THROTTLING: power threshold = 500, avg power = 493.239
09-10 11:33:39.433  2165  2185 I pixel-thermal: usb_pwr_therm2:38.873 raw data: usb_pwr_therm2:38873 
09-10 11:33:41.034  2905 29494 I NearbyMediums: No BLE Fast/GATT advertisements found in the latest cycle.
09-10 11:33:41.035  2905 29494 I NearbyMediums: Current Tracked Scanning Clients are : {NearbyConnections.EnvironmentMonitor, NearbySharing, NearbyConnections.TxAdvertisement}
09-10 11:33:41.440  2165  2185 I pixel-thermal: usb_pwr_therm2:38.873 raw data: usb_pwr_therm2:38873 
09-10 11:33:41.682  2165  2185 I pixel-thermal: VIRTUAL-USB-UI:0 raw data: USB2-MINUS-CHG:-4896 VIRTUAL-USB-UI:0 charger_skin_therm:43769 usb_pwr_therm2:38873 
09-10 11:33:41.683  2165  2185 I pixel-thermal: VIRTUAL-USB-THROTTLING:0 raw data: USB2-MINUS-CHG:-4896 VIRTUAL-USB-THROTTLING:0 usb_pwr_therm2:38873 
09-10 11:33:43.449  2165  2185 I pixel-thermal: usb_pwr_therm2:38.873 raw data: usb_pwr_therm2:38873 
09-10 11:33:45.454  2165  2185 I pixel-thermal: usb_pwr_therm2:38.918 raw data: usb_pwr_therm2:38918 
09-10 11:33:45.892  2165  2185 I pixel-thermal: cellular-emergency:39.6536 raw data: VIRTUAL-NEUTRAL:39154.2 VIRTUAL-NEUTRAL-SKIN2:39653.6 VIRTUAL-QUIET-NEUTRAL:39267.2 VIRTUAL-SKIN:39653.6 cellular-emergency:39653.6 disp_therm:39652 gnss_tcxo_therm:38205 neutral_therm:37226 quiet_therm:40142 skin_therm1:38606 skin_therm2:45318 
09-10 11:33:45.892  2165  2185 I pixel-thermal: VIRTUAL-SKIN-CPU:39.6536 raw data: VIRTUAL-SKIN:39653.6 VIRTUAL-SKIN-CPU:39653.6 
09-10 11:33:45.892  2165  2185 I pixel-thermal: VIRTUAL-SKIN-CPU power_budget=1334.04 err=1.3464 s_power=800 time_elapsed_ms=7004 p=538.559 i=-4.52085 d=0 dt_per_min=nan compensation=0 budget transient=0 control target=3 excluded power budget=0
09-10 11:33:45.892  2165  2185 I pixel-thermal: VIRTUAL-SKIN-CPU binded power rails: (S4M_VDD_CPUCL0: 32.25 mW)(S2M_VDD_CPUCL2: 18.10 mW)(S3M_VDD_CPUCL1: 11.59 mW)
09-10 11:33:45.892  2165  2185 I pixel-thermal: neutral_therm:37.226 raw data: neutral_therm:37226 
09-10 11:33:45.892  2165  2185 I pixel-thermal: VIRTUAL-SKIN:39.6536 raw data: VIRTUAL-SKIN:39653.6 
09-10 11:33:45.892  2165  2185 I pixel-thermal: VIRTUAL-SKIN-CPU-GPU:39.6536 raw data: VIRTUAL-SKIN:39653.6 VIRTUAL-SKIN-CPU-GPU:39653.6 
09-10 11:33:45.892  2165  2185 I pixel-thermal: VIRTUAL-SKIN-CPU-GPU power_budget=2392.37 err=5.3464 s_power=800 time_elapsed_ms=7004 p=1603.92 i=-11.5523 d=0 dt_per_min=nan compensation=0 budget transient=0 control target=3 excluded power budget=0
09-10 11:33:45.892  2165  2185 I pixel-thermal: VIRTUAL-SKIN-CPU-GPU binded power rails: (S4M_VDD_CPUCL0: 32.25 mW)(S2M_VDD_CPUCL2: 18.10 mW)(S3M_VDD_CPUCL1: 11.59 mW)(S2S_VDD_G3D: 3.43 mW)
09-10 11:33:45.892  2165  2185 I pixel-thermal: VIRTUAL-SKIN-HINT:39.6536 raw data: VIRTUAL-SKIN:39653.6 VIRTUAL-SKIN-HINT:39653.6 
09-10 11:33:45.892  2165  2185 I pixel-thermal: VIRTUAL-SKIN-CHARGE:39.6536 raw data: VIRTUAL-SKIN:39653.6 VIRTUAL-SKIN-CHARGE:39653.6 
09-10 11:33:45.892  2165  2185 I pixel-thermal: VIRTUAL-SKIN-CHARGE's fcc binded power rail POWER_FOR_CHARGING_THROTTLING: power threshold = 500, avg power = 490.366
09-10 11:33:46.681  2678  2790 D TemperatureStateSource: sequence=3472 actualDelay=10003
09-10 11:33:46.682  2678  2790 D TemperatureStateSource: Reading temperature: sequence=3473
09-10 11:33:46.687  2165  2165 I pixel-thermal: VIRTUAL-SKIN:39.6536 raw data: VIRTUAL-SKIN:39653.6 
09-10 11:33:46.689  2678  2790 D TemperatureStateSource: getDeviceTemperatures: sequence=3473 deviceTemperatureType=3 temperatureSource=0 temperatures=[39.653603]
09-10 11:33:46.690  2678  2790 D TemperatureStateSource: sequence=3473 waitTime=10000
09-10 11:33:46.691  2678  2790 D ImpulseStateSource: Notify clients: 3488
09-10 11:33:47.463  2165  2185 I pixel-thermal: usb_pwr_therm2:38.918 raw data: usb_pwr_therm2:38918 
09-10 11:33:48.690  2165  2185 I pixel-thermal: VIRTUAL-USB-UI:0 raw data: USB2-MINUS-CHG:-4760 VIRTUAL-USB-UI:0 charger_skin_therm:43678 usb_pwr_therm2:38918 
09-10 11:33:48.691  2165  2185 I pixel-thermal: VIRTUAL-USB-THROTTLING:0 raw data: USB2-MINUS-CHG:-4760 VIRTUAL-USB-THROTTLING:0 usb_pwr_therm2:38918 
09-10 11:33:49.470  2165  2185 I pixel-thermal: usb_pwr_therm2:38.918 raw data: usb_pwr_therm2:38918 
09-10 11:33:51.038  2905 29494 I NearbyMediums: No BLE Fast/GATT advertisements found in the latest cycle.
09-10 11:33:51.038  2905 29494 I NearbyMediums: Current Tracked Scanning Clients are : {NearbyConnections.EnvironmentMonitor, NearbySharing, NearbyConnections.TxAdvertisement}
09-10 11:33:51.478  2165  2185 I pixel-thermal: usb_pwr_therm2:38.895 raw data: usb_pwr_therm2:38895 
09-10 11:33:52.902  2165  2185 I pixel-thermal: cellular-emergency:39.6608 raw data: VIRTUAL-NEUTRAL:39162.3 VIRTUAL-NEUTRAL-SKIN2:39660.8 VIRTUAL-QUIET-NEUTRAL:39251.8 VIRTUAL-SKIN:39660.8 cellular-emergency:39660.8 disp_therm:39697 gnss_tcxo_therm:38205 neutral_therm:37226 quiet_therm:40120 skin_therm1:38606 skin_therm2:45342 
09-10 11:33:52.902  2165  2185 I pixel-thermal: VIRTUAL-SKIN-CPU:39.6608 raw data: VIRTUAL-SKIN:39660.8 VIRTUAL-SKIN-CPU:39660.8 
09-10 11:33:52.902  2165  2185 I pixel-thermal: VIRTUAL-SKIN-CPU power_budget=1331.16 err=1.3392 s_power=800 time_elapsed_ms=7007 p=535.68 i=-4.52085 d=-0 dt_per_min=nan compensation=0 budget transient=0 control target=3 excluded power budget=0
09-10 11:33:52.902  2165  2185 I pixel-thermal: VIRTUAL-SKIN-CPU binded power rails: (S4M_VDD_CPUCL0: 31.11 mW)(S2M_VDD_CPUCL2: 16.10 mW)(S3M_VDD_CPUCL1: 10.99 mW)
09-10 11:33:52.902  2165  2185 I pixel-thermal: neutral_therm:37.226 raw data: neutral_therm:37226 
09-10 11:33:52.902  2165  2185 I pixel-thermal: VIRTUAL-SKIN:39.6608 raw data: VIRTUAL-SKIN:39660.8 
09-10 11:33:52.903  2165  2185 I pixel-thermal: VIRTUAL-SKIN-CPU-GPU:39.6608 raw data: VIRTUAL-SKIN:39660.8 VIRTUAL-SKIN-CPU-GPU:39660.8 
09-10 11:33:52.903  2165  2185 I pixel-thermal: VIRTUAL-SKIN-CPU-GPU power_budget=2390.21 err=5.3392 s_power=800 time_elapsed_ms=7007 p=1601.76 i=-11.5523 d=-0 dt_per_min=nan compensation=0 budget transient=0 control target=3 excluded power budget=0
09-10 11:33:52.903  2165  2185 I pixel-thermal: VIRTUAL-SKIN-CPU-GPU binded power rails: (S4M_VDD_CPUCL0: 31.11 mW)(S2M_VDD_CPUCL2: 16.10 mW)(S3M_VDD_CPUCL1: 10.99 mW)(S2S_VDD_G3D: 2.82 mW)
09-10 11:33:52.903  2165  2185 I pixel-thermal: VIRTUAL-SKIN-HINT:39.6608 raw data: VIRTUAL-SKIN:39660.8 VIRTUAL-SKIN-HINT:39660.8 
09-10 11:33:52.903  2165  2185 I pixel-thermal: VIRTUAL-SKIN-CHARGE:39.6608 raw data: VIRTUAL-SKIN:39660.8 VIRTUAL-SKIN-CHARGE:39660.8 
09-10 11:33:52.903  2165  2185 I pixel-thermal: VIRTUAL-SKIN-CHARGE's fcc binded power rail POWER_FOR_CHARGING_THROTTLING: power threshold = 500, avg power = 485.495
09-10 11:33:53.488  2165  2185 I pixel-thermal: usb_pwr_therm2:38.895 raw data: usb_pwr_therm2:38895 
09-10 11:33:55.496  2165  2185 I pixel-thermal: usb_pwr_therm2:38.895 raw data: usb_pwr_therm2:38895 
09-10 11:33:55.694  2165  2185 I pixel-thermal: VIRTUAL-USB-UI:0 raw data: USB2-MINUS-CHG:-4852 VIRTUAL-USB-UI:0 charger_skin_therm:43747 usb_pwr_therm2:38895 
09-10 11:33:55.694  2165  2185 I pixel-thermal: VIRTUAL-USB-THROTTLING:0 raw data: USB2-MINUS-CHG:-4852 VIRTUAL-USB-THROTTLING:0 usb_pwr_therm2:38895 
09-10 11:33:56.691  2678  2916 D TemperatureStateSource: sequence=3473 actualDelay=10001
09-10 11:33:56.691  2678  2916 D TemperatureStateSource: Reading temperature: sequence=3474
09-10 11:33:56.694  2165  2165 I pixel-thermal: VIRTUAL-SKIN:39.6608 raw data: VIRTUAL-NEUTRAL:39162.3 VIRTUAL-NEUTRAL-SKIN2:39660.8 VIRTUAL-QUIET-NEUTRAL:39251.8 VIRTUAL-SKIN:39660.8 disp_therm:39697 gnss_tcxo_therm:38205 neutral_therm:37226 quiet_therm:40120 skin_therm1:38606 skin_therm2:45342 
09-10 11:33:56.695  2678  2916 D TemperatureStateSource: getDeviceTemperatures: sequence=3474 deviceTemperatureType=3 temperatureSource=0 temperatures=[39.6608]
09-10 11:33:56.695  2678  2916 D TemperatureStateSource: sequence=3474 waitTime=10000
09-10 11:33:56.696  2678  2916 D ImpulseStateSource: Notify clients: 3489
09-10 11:33:57.502  2165  2185 I pixel-thermal: usb_pwr_therm2:38.873 raw data: usb_pwr_therm2:38873 
09-10 11:33:59.509  2165  2185 I pixel-thermal: usb_pwr_therm2:38.873 raw data: usb_pwr_therm2:38873 
09-10 11:33:59.911  2165  2185 I pixel-thermal: cellular-emergency:39.669 raw data: VIRTUAL-NEUTRAL:39159.7 VIRTUAL-NEUTRAL-SKIN2:39669 VIRTUAL-QUIET-NEUTRAL:39211.5 VIRTUAL-SKIN:39669 cellular-emergency:39669 disp_therm:39674 gnss_tcxo_therm:38183 neutral_therm:37248 quiet_therm:40053 skin_therm1:38606 skin_therm2:45318 
09-10 11:33:59.912  2165  2185 I pixel-thermal: VIRTUAL-SKIN-CPU:39.669 raw data: VIRTUAL-SKIN:39669 VIRTUAL-SKIN-CPU:39669 
09-10 11:33:59.912  2165  2185 I pixel-thermal: VIRTUAL-SKIN-CPU power_budget=1327.88 err=1.331 s_power=800 time_elapsed_ms=7006 p=532.399 i=-4.52085 d=-0 dt_per_min=nan compensation=0 budget transient=0 control target=3 excluded power budget=0
09-10 11:33:59.912  2165  2185 I pixel-thermal: VIRTUAL-SKIN-CPU binded power rails: (S4M_VDD_CPUCL0: 33.47 mW)(S2M_VDD_CPUCL2: 16.80 mW)(S3M_VDD_CPUCL1: 11.95 mW)
09-10 11:33:59.912  2165  2185 I pixel-thermal: neutral_therm:37.248 raw data: neutral_therm:37248 
09-10 11:33:59.913  2165  2185 I pixel-thermal: VIRTUAL-SKIN:39.669 raw data: VIRTUAL-SKIN:39669 
09-10 11:33:59.913  2165  2185 I pixel-thermal: VIRTUAL-SKIN-CPU-GPU:39.669 raw data: VIRTUAL-SKIN:39669 VIRTUAL-SKIN-CPU-GPU:39669 
09-10 11:33:59.913  2165  2185 I pixel-thermal: VIRTUAL-SKIN-CPU-GPU power_budget=2387.75 err=5.331 s_power=800 time_elapsed_ms=7006 p=1599.3 i=-11.5523 d=-0 dt_per_min=nan compensation=0 budget transient=0 control target=3 excluded power budget=0
09-10 11:33:59.913  2165  2185 I pixel-thermal: VIRTUAL-SKIN-CPU-GPU binded power rails: (S4M_VDD_CPUCL0: 33.47 mW)(S2M_VDD_CPUCL2: 16.80 mW)(S3M_VDD_CPUCL1: 11.95 mW)(S2S_VDD_G3D: 3.18 mW)
09-10 11:33:59.913  2165  2185 I pixel-thermal: VIRTUAL-SKIN-HINT:39.669 raw data: VIRTUAL-SKIN:39669 VIRTUAL-SKIN-HINT:39669 
09-10 11:33:59.913  2165  2185 I pixel-thermal: VIRTUAL-SKIN-CHARGE:39.669 raw data: VIRTUAL-SKIN:39669 VIRTUAL-SKIN-CHARGE:39669 
09-10 11:33:59.913  2165  2185 I pixel-thermal: VIRTUAL-SKIN-CHARGE's fcc binded power rail POWER_FOR_CHARGING_THROTTLING: power threshold = 500, avg power = 489.839
09-10 11:34:00.938  1821  2053 D AppOpHistoryHelper: MetricHandler reporting 12 records.
09-10 11:34:01.006  3992  4372 I AiAiEcho: (REDACTED) Predicting[%d]: %s
09-10 11:34:01.009  3992  4372 I AiAiEcho: (REDACTED) EchoTargets: %s
09-10 11:34:01.009  3992  4372 I AiAiEcho: Filtered by AiAi flag check: %s
09-10 11:34:01.013  3992  4372 I AiAiEcho: (REDACTED) #weatherSubItemsTwiddler: Weather removes SubtitleSupplementalItem in surface: %s
09-10 11:34:01.014  3992  4372 I AiAiEcho: #remoteViewsTwiddler: feature disabled.
09-10 11:34:01.015  3992  4372 I AiAiEcho: (REDACTED) Predicting[%d]: %s
09-10 11:34:01.016  3992  4372 I AiAiEcho: (REDACTED) EchoTargets: %s
09-10 11:34:01.016  3992  4372 I AiAiEcho: Filtered by AiAi flag check: %s
09-10 11:34:01.017  3992  4372 I AiAiEcho: #remoteViewsTwiddler: feature disabled.
09-10 11:34:01.018  3992  4372 I AiAiEcho: (REDACTED) Predicting[%d]: %s
09-10 11:34:01.019  3992  4372 I AiAiEcho: (REDACTED) EchoTargets: %s
09-10 11:34:01.019  3992  4372 I AiAiEcho: Filtered by AiAi flag check: %s
09-10 11:34:01.020  3992  4372 I AiAiEcho: #remoteViewsTwiddler: feature disabled.
09-10 11:34:01.021  3992  4372 I AiAiEcho: (REDACTED) Predicting[%d]: %s
09-10 11:34:01.022  3992  4372 I AiAiEcho: (REDACTED) EchoTargets: %s
09-10 11:34:01.022  3992  4372 I AiAiEcho: Filtered by AiAi flag check: %s
09-10 11:34:01.023  3992  4372 I AiAiEcho: (REDACTED) #weatherSubItemsTwiddler: Weather removes SubtitleSupplementalItem in surface: %s
09-10 11:34:01.023  3992  4372 I AiAiEcho: #remoteViewsTwiddler: feature disabled.
09-10 11:34:01.028  3992  4372 I AiAiEcho: (REDACTED) #postPredictionTargets: Sending updates to UISurface %s with targets# %s (types=[%s])
09-10 11:34:01.029  3992  4372 I AiAiEcho: (REDACTED) #postPredictionTargets: Sending updates to UISurface %s with targets# %s (types=[%s])
09-10 11:34:01.030  3992  4372 I AiAiEcho: (REDACTED) #postPredictionTargets: Sending updates to UISurface %s with targets# %s (types=[%s])
09-10 11:34:01.031  2542  2542 I WeatherSmartspaceView: setFormattedContentDescription: text=32°C, iconDescription=Light rain, contentDescription=Light rain, 32°C
09-10 11:34:01.031  2542  2542 I WeatherSmartspaceView: setFormattedContentDescription: text=32°C, iconDescription=Light rain, contentDescription=Light rain, 32°C
09-10 11:34:01.031  2542  2579 I AmbientCueRepository: Receiving SmartSpace targets # 0
09-10 11:34:01.031  2542  2542 I WeatherData: Weather data parsed DRIZZLE ("Light rain") 32°C from Bundle[{description=Light rain, feedback_intent=null, explanation_intent=Supplier{VAL_PARCELABLE@148+1744}, is_gaia_linked_data=true, use_celsius=true, state=11, temperature=32}]
09-10 11:34:01.034  3992  4372 I AiAiEcho: (REDACTED) #postPredictionTargets: Sending updates to UISurface %s with targets# %s (types=[%s])
09-10 11:34:01.039  2905 29494 I NearbyMediums: No BLE Fast/GATT advertisements found in the latest cycle.
09-10 11:34:01.039  2905 29494 I NearbyMediums: Current Tracked Scanning Clients are : {NearbyConnections.EnvironmentMonitor, NearbySharing, NearbyConnections.TxAdvertisement}
09-10 11:34:01.525  2165  2185 I pixel-thermal: usb_pwr_therm2:38.873 raw data: usb_pwr_therm2:38873 
09-10 11:34:02.706  2165  2185 I pixel-thermal: VIRTUAL-USB-UI:0 raw data: USB2-MINUS-CHG:-4896 VIRTUAL-USB-UI:0 charger_skin_therm:43769 usb_pwr_therm2:38873 
09-10 11:34:02.707  2165  2185 I pixel-thermal: VIRTUAL-USB-THROTTLING:0 raw data: USB2-MINUS-CHG:-4896 VIRTUAL-USB-THROTTLING:0 usb_pwr_therm2:38873 
09-10 11:34:03.533  2165  2185 I pixel-thermal: usb_pwr_therm2:38.873 raw data: usb_pwr_therm2:38873 
09-10 11:34:05.540  2165  2185 I pixel-thermal: usb_pwr_therm2:38.873 raw data: usb_pwr_therm2:38873 
09-10 11:34:06.698  2678  2790 D TemperatureStateSource: sequence=3474 actualDelay=10002
09-10 11:34:06.699  2678  2790 D TemperatureStateSource: Reading temperature: sequence=3475
09-10 11:34:06.707  2165  2165 I pixel-thermal: VIRTUAL-SKIN:39.6608 raw data: VIRTUAL-NEUTRAL:39149.1 VIRTUAL-NEUTRAL-SKIN2:39660.8 VIRTUAL-QUIET-NEUTRAL:39220.3 VIRTUAL-SKIN:39660.8 disp_therm:39697 gnss_tcxo_therm:38161 neutral_therm:37226 quiet_therm:40075 skin_therm1:38584 skin_therm2:45342 
09-10 11:34:06.709  2678  2790 D TemperatureStateSource: getDeviceTemperatures: sequence=3475 deviceTemperatureType=3 temperatureSource=0 temperatures=[39.6608]
09-10 11:34:06.709  2678  2790 D TemperatureStateSource: sequence=3475 waitTime=10000
09-10 11:34:06.710  2678  3566 D ImpulseStateSource: Notify clients: 3490
09-10 11:34:06.912  2165  2185 I pixel-thermal: cellular-emergency:39.6608 raw data: VIRTUAL-SKIN:39660.8 cellular-emergency:39660.8 
09-10 11:34:06.912  2165  2185 I pixel-thermal: VIRTUAL-SKIN-CPU:39.6608 raw data: VIRTUAL-SKIN:39660.8 VIRTUAL-SKIN-CPU:39660.8 
09-10 11:34:06.913  2165  2185 I pixel-thermal: VIRTUAL-SKIN-CPU power_budget=1331.16 err=1.3392 s_power=800 time_elapsed_ms=7006 p=535.68 i=-4.52085 d=0 dt_per_min=nan compensation=0 budget transient=0 control target=3 excluded power budget=0
09-10 11:34:06.913  2165  2185 I pixel-thermal: VIRTUAL-SKIN-CPU binded power rails: (S4M_VDD_CPUCL0: 41.14 mW)(S2M_VDD_CPUCL2: 17.99 mW)(S3M_VDD_CPUCL1: 15.47 mW)
09-10 11:34:06.913  2165  2185 I pixel-thermal: neutral_therm:37.226 raw data: neutral_therm:37226 
09-10 11:34:06.913  2165  2185 I pixel-thermal: VIRTUAL-SKIN:39.6608 raw data: VIRTUAL-SKIN:39660.8 
09-10 11:34:06.913  2165  2185 I pixel-thermal: VIRTUAL-SKIN-CPU-GPU:39.6608 raw data: VIRTUAL-SKIN:39660.8 VIRTUAL-SKIN-CPU-GPU:39660.8 
09-10 11:34:06.913  2165  2185 I pixel-thermal: VIRTUAL-SKIN-CPU-GPU power_budget=2390.21 err=5.3392 s_power=800 time_elapsed_ms=7006 p=1601.76 i=-11.5523 d=0 dt_per_min=nan compensation=0 budget transient=0 control target=3 excluded power budget=0
09-10 11:34:06.913  2165  2185 I pixel-thermal: VIRTUAL-SKIN-CPU-GPU binded power rails: (S4M_VDD_CPUCL0: 41.14 mW)(S2M_VDD_CPUCL2: 17.99 mW)(S3M_VDD_CPUCL1: 15.47 mW)(S2S_VDD_G3D: 3.95 mW)
09-10 11:34:06.913  2165  2185 I pixel-thermal: VIRTUAL-SKIN-HINT:39.6608 raw data: VIRTUAL-SKIN:39660.8 VIRTUAL-SKIN-HINT:39660.8 
09-10 11:34:06.913  2165  2185 I pixel-thermal: VIRTUAL-SKIN-CHARGE:39.6608 raw data: VIRTUAL-SKIN:39660.8 VIRTUAL-SKIN-CHARGE:39660.8 
09-10 11:34:06.913  2165  2185 I pixel-thermal: VIRTUAL-SKIN-CHARGE's fcc binded power rail POWER_FOR_CHARGING_THROTTLING: power threshold = 500, avg power = 506.85
09-10 11:34:06.914  2165  2185 I pixel-thermal: Successfully update cdev fcc sysfs to 6
09-10 11:34:06.914  1615  1615 I adbd    : adbd service requested 'shell,v2,TERM=xterm-ghostty,raw:ps -A -o PID,NAME,ARGS | grep -E "weston|gbm_present|kumquat|proot"; pm path org.randomcoder.udroid.dev; dumpsys power | grep mWakefulness'
09-10 11:34:07.003  1821  2153 D PackageManagerShellCommand: runPath with userId: USER_CURRENT_OR_SELF translated to userId:0
09-10 11:34:07.547  2165  2185 I pixel-thermal: usb_pwr_therm2:38.873 raw data: usb_pwr_therm2:38873 
09-10 11:34:08.738  2643  2672 I Tethering: [BpfCoordinator] onAlertReached
09-10 11:34:09.553  2165  2185 I pixel-thermal: usb_pwr_therm2:38.873 raw data: usb_pwr_therm2:38873 
09-10 11:34:09.709  2165  2185 I pixel-thermal: VIRTUAL-USB-UI:0 raw data: USB2-MINUS-CHG:-4942 VIRTUAL-USB-UI:0 charger_skin_therm:43815 usb_pwr_therm2:38873 
09-10 11:34:09.710  2165  2185 I pixel-thermal: VIRTUAL-USB-THROTTLING:0 raw data: USB2-MINUS-CHG:-4942 VIRTUAL-USB-THROTTLING:0 usb_pwr_therm2:38873 
09-10 11:34:10.623  2828  2828 D TelephonyManager: requestModemActivityInfo: Sending result to app: ModemActivityInfo{ mTimestamp=62667495 mSleepTimeMs=43343971 mIdleTimeMs=2047948 mActivityStatsTechSpecificInfo=[{mRat=UNKNOWN,mFrequencyRange=UNKNOWN,mTxTimeMs[]=[296651, 472367, 803799, 124646, 1266046],mRxTimeMs=16549456}]}
09-10 11:34:11.043  2905 29494 I NearbyMediums: No BLE Fast/GATT advertisements found in the latest cycle.
09-10 11:34:11.044  2905 29494 I NearbyMediums: Current Tracked Scanning Clients are : {NearbyConnections.EnvironmentMonitor, NearbySharing, NearbyConnections.TxAdvertisement}
09-10 11:34:11.561  2165  2185 I pixel-thermal: usb_pwr_therm2:38.851 raw data: usb_pwr_therm2:38851 
09-10 11:34:13.568  2165  2185 I pixel-thermal: usb_pwr_therm2:38.851 raw data: usb_pwr_therm2:38851 
09-10 11:34:13.924  2165  2185 I pixel-thermal: cellular-emergency:39.6598 raw data: VIRTUAL-NEUTRAL:39155 VIRTUAL-NEUTRAL-SKIN2:39659.8 VIRTUAL-QUIET-NEUTRAL:39260.6 VIRTUAL-SKIN:39659.8 cellular-emergency:39659.8 disp_therm:39719 gnss_tcxo_therm:38138 neutral_therm:37204 quiet_therm:40142 skin_therm1:38628 skin_therm2:45390 
09-10 11:34:13.925  2165  2185 I pixel-thermal: VIRTUAL-SKIN-CPU:39.6598 raw data: VIRTUAL-SKIN:39659.8 VIRTUAL-SKIN-CPU:39659.8 
09-10 11:34:13.925  2165  2185 I pixel-thermal: VIRTUAL-SKIN-CPU power_budget=1331.56 err=1.3402 s_power=800 time_elapsed_ms=7007 p=536.079 i=-4.52085 d=0 dt_per_min=nan compensation=0 budget transient=0 control target=3 excluded power budget=0
09-10 11:34:13.926  2165  2185 I pixel-thermal: VIRTUAL-SKIN-CPU binded power rails: (S4M_VDD_CPUCL0: 42.71 mW)(S2M_VDD_CPUCL2: 22.54 mW)(S3M_VDD_CPUCL1: 17.70 mW)
09-10 11:34:13.926  2165  2185 I pixel-thermal: neutral_therm:37.204 raw data: neutral_therm:37204 
09-10 11:34:13.926  2165  2185 I pixel-thermal: VIRTUAL-SKIN:39.6598 raw data: VIRTUAL-SKIN:39659.8 
09-10 11:34:13.926  2165  2185 I pixel-thermal: VIRTUAL-SKIN-CPU-GPU:39.6598 raw data: VIRTUAL-SKIN:39659.8 VIRTUAL-SKIN-CPU-GPU:39659.8 
09-10 11:34:13.927  2165  2185 I pixel-thermal: VIRTUAL-SKIN-CPU-GPU power_budget=2390.51 err=5.3402 s_power=800 time_elapsed_ms=7007 p=1602.06 i=-11.5523 d=0 dt_per_min=nan compensation=0 budget transient=0 control target=3 excluded power budget=0
09-10 11:34:13.927  2165  2185 I pixel-thermal: VIRTUAL-SKIN-CPU-GPU binded power rails: (S4M_VDD_CPUCL0: 42.71 mW)(S2M_VDD_CPUCL2: 22.54 mW)(S3M_VDD_CPUCL1: 17.70 mW)(S2S_VDD_G3D: 3.15 mW)
09-10 11:34:13.927  2165  2185 I pixel-thermal: VIRTUAL-SKIN-HINT:39.6598 raw data: VIRTUAL-SKIN:39659.8 VIRTUAL-SKIN-HINT:39659.8 
09-10 11:34:13.928  2165  2185 I pixel-thermal: VIRTUAL-SKIN-CHARGE:39.6598 raw data: VIRTUAL-SKIN:39659.8 VIRTUAL-SKIN-CHARGE:39659.8 
09-10 11:34:13.928  2165  2185 I pixel-thermal: VIRTUAL-SKIN-CHARGE's fcc binded power rail POWER_FOR_CHARGING_THROTTLING: power threshold = 500, avg power = 518.787
09-10 11:34:15.585  2165  2185 I pixel-thermal: usb_pwr_therm2:38.851 raw data: usb_pwr_therm2:38851 
09-10 11:34:16.711  2678  2778 D TemperatureStateSource: sequence=3475 actualDelay=10001
09-10 11:34:16.713  2678  2778 D TemperatureStateSource: Reading temperature: sequence=3476
09-10 11:34:16.722  2165  2185 I pixel-thermal: VIRTUAL-USB-UI:0 raw data: USB2-MINUS-CHG:-5010 VIRTUAL-USB-UI:0 charger_skin_therm:43861 usb_pwr_therm2:38851 
09-10 11:34:16.722  2165  2185 I pixel-thermal: VIRTUAL-USB-THROTTLING:0 raw data: USB2-MINUS-CHG:-5010 VIRTUAL-USB-THROTTLING:0 usb_pwr_therm2:38851 
09-10 11:34:16.725  2165  2165 I pixel-thermal: VIRTUAL-SKIN:39.6752 raw data: VIRTUAL-NEUTRAL:39167.3 VIRTUAL-NEUTRAL-SKIN2:39675.2 VIRTUAL-QUIET-NEUTRAL:39220.3 VIRTUAL-SKIN:39675.2 disp_therm:39719 gnss_tcxo_therm:38161 neutral_therm:37226 quiet_therm:40075 skin_therm1:38628 skin_therm2:45390 
09-10 11:34:16.727  2678  2778 D TemperatureStateSource: getDeviceTemperatures: sequence=3476 deviceTemperatureType=3 temperatureSource=0 temperatures=[39.6752]
09-10 11:34:16.727  2678  2778 D TemperatureStateSource: sequence=3476 waitTime=10000
09-10 11:34:16.728  2678  3566 D ImpulseStateSource: Notify clients: 3491
09-10 11:34:17.304  2905 30292 I gle.android.gms: Explicit concurrent mark compact GC freed 3038KB AllocSpace bytes, 8(128KB) LOS objects, 78% free, 56MB/256MB, paused 1.006ms,5.793ms total 501.548ms
09-10 11:34:17.305  2905  2912 V BluetoothSocket: close() Local Socket: Already closed and cleaned up
09-10 11:34:17.589  2165  2185 I pixel-thermal: usb_pwr_therm2:38.851 raw data: usb_pwr_therm2:38851 
09-10 11:34:19.598  2165  2185 I pixel-thermal: usb_pwr_therm2:38.851 raw data: usb_pwr_therm2:38851 
09-10 11:34:20.690  3981  3993 V ClearcutMetricXmitter: Transmission is done.
09-10 11:34:20.930  2165  2185 I pixel-thermal: cellular-emergency:39.6752 raw data: VIRTUAL-NEUTRAL:39167.3 VIRTUAL-NEUTRAL-SKIN2:39675.2 VIRTUAL-QUIET-NEUTRAL:39220.3 VIRTUAL-SKIN:39675.2 cellular-emergency:39675.2 disp_therm:39719 gnss_tcxo_therm:38161 neutral_therm:37226 quiet_therm:40075 skin_therm1:38628 skin_therm2:45390 
09-10 11:34:20.930  2165  2185 I pixel-thermal: VIRTUAL-SKIN-CPU:39.6752 raw data: VIRTUAL-SKIN:39675.2 VIRTUAL-SKIN-CPU:39675.2 
09-10 11:34:20.930  2165  2185 I pixel-thermal: VIRTUAL-SKIN-CPU power_budget=1325.4 err=1.3248 s_power=800 time_elapsed_ms=7009 p=529.919 i=-4.52085 d=-0 dt_per_min=nan compensation=0 budget transient=0 control target=3 excluded power budget=0
09-10 11:34:20.930  2165  2185 I pixel-thermal: VIRTUAL-SKIN-CPU binded power rails: (S4M_VDD_CPUCL0: 42.39 mW)(S2M_VDD_CPUCL2: 15.34 mW)(S3M_VDD_CPUCL1: 20.24 mW)
09-10 11:34:20.930  2165  2185 I pixel-thermal: neutral_therm:37.226 raw data: neutral_therm:37226 
09-10 11:34:20.930  2165  2185 I pixel-thermal: VIRTUAL-SKIN:39.6752 raw data: VIRTUAL-SKIN:39675.2 
09-10 11:34:20.930  2165  2185 I pixel-thermal: VIRTUAL-SKIN-CPU-GPU:39.6752 raw data: VIRTUAL-SKIN:39675.2 VIRTUAL-SKIN-CPU-GPU:39675.2 
09-10 11:34:20.930  2165  2185 I pixel-thermal: VIRTUAL-SKIN-CPU-GPU power_budget=2385.89 err=5.3248 s_power=800 time_elapsed_ms=7009 p=1597.44 i=-11.5523 d=-0 dt_per_min=nan compensation=0 budget transient=0 control target=3 excluded power budget=0
09-10 11:34:20.930  2165  2185 I pixel-thermal: VIRTUAL-SKIN-CPU-GPU binded power rails: (S4M_VDD_CPUCL0: 42.39 mW)(S2M_VDD_CPUCL2: 15.34 mW)(S3M_VDD_CPUCL1: 20.24 mW)(S2S_VDD_G3D: 3.37 mW)
09-10 11:34:20.930  2165  2185 I pixel-thermal: VIRTUAL-SKIN-HINT:39.6752 raw data: VIRTUAL-SKIN:39675.2 VIRTUAL-SKIN-HINT:39675.2 
09-10 11:34:20.930  2165  2185 I pixel-thermal: VIRTUAL-SKIN-CHARGE:39.6752 raw data: VIRTUAL-SKIN:39675.2 VIRTUAL-SKIN-CHARGE:39675.2 
09-10 11:34:20.930  2165  2185 I pixel-thermal: VIRTUAL-SKIN-CHARGE's fcc binded power rail POWER_FOR_CHARGING_THROTTLING: power threshold = 500, avg power = 516.179
09-10 11:34:21.050  2905 29494 I NearbyMediums: No BLE Fast/GATT advertisements found in the latest cycle.
09-10 11:34:21.050  2905 29494 I NearbyMediums: Current Tracked Scanning Clients are : {NearbyConnections.EnvironmentMonitor, NearbySharing, NearbyConnections.TxAdvertisement}
09-10 11:34:21.605  2165  2185 I pixel-thermal: usb_pwr_therm2:38.851 raw data: usb_pwr_therm2:38851 
09-10 11:34:23.507  1615  1615 I adbd    : adbd service requested 'sync:'
09-10 11:34:23.613  2165  2185 I pixel-thermal: usb_pwr_therm2:38.873 raw data: usb_pwr_therm2:38873 
09-10 11:34:23.677  1615  1615 I adbd    : adbd service requested 'shell,v2,TERM=xterm-ghostty,raw:run-as org.randomcoder.udroid.dev cp /data/local/tmp/gfxstream_gbm_present_probe-draw-20260910 files/rootfs/proot-debian-trixie/root/; run-as org.randomcoder.udroid.dev chmod 755 files/rootfs/proot-debian-trixie/root/gfxstream_gbm_present_probe-draw-20260910; run-as org.randomcoder.udroid.dev sha256sum files/rootfs/proot-debian-trixie/root/gfxstream_gbm_present_probe-draw-20260910; am force-stop org.randomcoder.udroid.dev; am start -n org.randomcoder.udroid.dev/org.randomcoder.udroid.gfxstream.GfxstreamPresenterProbeActivity --ez externalProducer true'
09-10 11:34:23.724  2165  2185 I pixel-thermal: VIRTUAL-USB-UI:0 raw data: USB2-MINUS-CHG:-5080 VIRTUAL-USB-UI:0 charger_skin_therm:43953 usb_pwr_therm2:38873 
09-10 11:34:23.724  2165  2185 I pixel-thermal: VIRTUAL-USB-THROTTLING:0 raw data: USB2-MINUS-CHG:-5080 VIRTUAL-USB-THROTTLING:0 usb_pwr_therm2:38873 
09-10 11:34:23.859  1821  2153 I ActivityManager: Force stopping org.randomcoder.udroid.dev appid=10337 user=0: from pid 30363
09-10 11:34:23.861  1821  2153 I ActivityManager: Killing 29601:org.randomcoder.udroid.dev/u0a337 (adj 0): stop org.randomcoder.udroid.dev due to from pid 30363
09-10 11:34:23.864  1821  2153 W ActivityTaskManager: Force removing ActivityRecord{223190881 u0 org.randomcoder.udroid.dev/org.randomcoder.udroid.gfxstream.GfxstreamPresenterProbeActivity t425 f}}: app died, no saved state
09-10 11:34:23.865  1821  1862 D HintManagerService: Uid gone for 10337
09-10 11:34:23.865   687   687 W powerhal-libperfmgr: sched_setattr failed for thread 29645, err=3
09-10 11:34:23.865   687   687 W powerhal-libperfmgr: sched_setattr failed for thread 29646, err=3
09-10 11:34:23.865   687   687 W powerhal-libperfmgr: sched_setattr failed for thread 29615, err=3
09-10 11:34:23.866  9953  9953 I HidDeviceService: unregisterAppUid(): uid=10337
09-10 11:34:23.866  9953  9953 W HidDeviceService: unregisterAppUid(): caller UID doesn't match user UID
09-10 11:34:23.867   540   587 I libbinder.BpBinder: onLastStrongRef automatically unlinking death recipients for binder (0xb400007637b51460) with descriptor: '(not cached)'
09-10 11:34:23.867  2542  2565 V RecentTasksController: Notify recent tasks changed
09-10 11:34:23.868  2836  2836 D RecentTasksList: invalidateLoadedTasks - previous requestLoadId: -1
09-10 11:34:23.869  2542  2565 V WindowManagerShell: Transition requested (#243): android.os.BinderProxy@123e44d TransitionRequestInfo { type = CLOSE, triggerTask = TaskInfo{userId=0 taskId=425 effectiveUid=10337 displayId=0 isRunning=false baseIntent=Intent { flg=0x10000000 cmp=org.randomcoder.udroid.dev/org.randomcoder.udroid.gfxstream.GfxstreamPresenterProbeActivity } baseActivity=null topActivity=null origActivity=null realActivity=ComponentInfo{org.randomcoder.udroid.dev/org.randomcoder.udroid.gfxstream.GfxstreamPresenterProbeActivity} realActivityIsAppLockEnabled=false numActivities=0 lastActiveTime=61949598 supportsMultiWindow=true supportsMultiWindowWithoutConstraints=true resizeMode=1 isResizeable=true minWidth=-1 minHeight=-1 defaultMinSize=220 token=WCT{android.os.BinderProxy@2203b44} topActivityType=1 pictureInPictureParams=null shouldDockBigOverlays=false launchIntoPipHostTaskId=-1 lastParentTaskIdBeforePip=-1 displayCutoutSafeInsets=Rect(0, 0 - 0, 0) topActivityInfo=null launchCookies=[] positionInParent=Point(0, 0) parentTaskId=-1 isFocused=true isInteractive=true isVisible=true isVisibleRequested=true isTopActivityNoDisplay=false isSleeping=false locusId=null displayAreaFeatureId=1 isTopActivityTransparent=false isActivityStackTransparent=true lastNonFullscreenBounds=Rect(1043, 145 - 1357, 946) leafTaskBoundsFromOptions= false capturedLink=null capturedLinkTimestamp=0 requestedVisibleTypes=503 topActivityRequestOpenInBrowserEducationTimestamp=0 appCompatTaskInfo=AppCompatTaskInfo { topActivityInSizeCompat=false isLeafTask= true eligibleForLetterboxEducation= false isLetterboxEducationEnabled= false isLetterboxDoubleTapEnabled= false eligibleForUserAspectRatioButton= false topActivityBoundsLetterboxed= false isFromLetterboxDoubleTap= false topActivityLetterboxVerticalPosition= -1 topActivityLetterboxHorizontalPosition= -1 topActivityLetterboxWidth=-1 topActivityLetterboxHeight=-1 topActivityAppBounds=Rect(0, 0 - 0, 0) isUserFullscreenOverrideEnabled=false isSystemFullscreenOverrideEnabled=false hasMinAspectRatioOverride=false topActivityLetterboxBounds=null topNonResizableActivityAspectRatio=-1.0} topActivityMainWindowFrame=null isAppBubble=false}, pipChange = null, remoteTransitionInfo = null, displayChanges = null, requestedLocation = null, userChange = null, windowingLayerChange = null, fullscreenRequestChange = null, flags = 0, debugId = 243 }
09-10 11:34:23.869  2542  2565 W DisconnectHandler: No disconnect change found in the transition, not handling request.
09-10 11:34:23.872  1821  2400 D InetDiagMessage: Destroyed 0 sockets, proto=IPPROTO_TCP, family=AF_INET, states=14
09-10 11:34:23.872  1821  2400 D InetDiagMessage: Destroyed 0 sockets, proto=IPPROTO_TCP, family=AF_INET6, states=14
09-10 11:34:23.873  1821  2400 D InetDiagMessage: Destroyed live tcp sockets for uids={10337} in 9ms
09-10 11:34:23.873  1821  2400 D InetDiagMessage: Destroyed 0 sockets, proto=IPPROTO_TCP, family=AF_INET, states=14
09-10 11:34:23.874  1821  2400 D InetDiagMessage: Destroyed 0 sockets, proto=IPPROTO_TCP, family=AF_INET6, states=14
09-10 11:34:23.874  1821  2400 D InetDiagMessage: Destroyed live tcp sockets for uids={20337} in 1ms
09-10 11:34:23.876  1381 11847 D AudioFlinger: onStateChanged: pid:7768  uid:10299  state:unfrozen - no freeze activity
09-10 11:34:23.876  7768  7768 D WM-DelayedWorkTracker: Scheduling work f0e732f8-9f3a-4302-8c52-d23423cfcdb8
09-10 11:34:23.876  7768  7768 D WM-GreedyScheduler: Starting tracking for f0e732f8-9f3a-4302-8c52-d23423cfcdb8
09-10 11:34:23.876  1821  2153 D ActivityManager: sync unfroze 7768 com.whatsapp for 12
09-10 11:34:23.881  2836  2836 D ViewRootImpl: Skipping stats log for color mode
09-10 11:34:23.881  2836  2836 D BaseActivity: Launcher flags updated: [state_started] +[state_started]
09-10 11:34:23.882  2836  2836 D BaseActivity: Launcher flags updated: [state_started|state_resumed|state_user_active] +[state_resumed|state_user_active]
09-10 11:34:23.882  1821  2153 I AppsFilter: interaction: PackageSetting{8ce009f com.google.android.microdroid.empty_payload/10283} -> PackageSetting{29da320 org.randomcoder.udroid.dev/10337} BLOCKED
09-10 11:34:23.882  1821  2153 I AppsFilter: interaction: PackageSetting{f57fdb5 com.termux.x11/10336} -> PackageSetting{29da320 org.randomcoder.udroid.dev/10337} BLOCKED
09-10 11:34:23.882  2836  2836 D BaseActivity: Launcher flags updated: [state_started|state_resumed|state_user_active] +[]
09-10 11:34:23.883  2836  2836 D BaseActivity: Launcher flags updated: [state_started|state_resumed|state_deferred_resumed|state_user_active] +[state_deferred_resumed]
09-10 11:34:23.883  2836  2836 D StatsLog: LAUNCHER_ONRESUME
09-10 11:34:23.883  2542  2565 D WindowManagerShell: setLauncherKeepClearAreaHeight: visible=true, height=472
09-10 11:34:23.885  2836  2949 D QuickstepModelDelegate: notifyAppTargetEvent action=1 launchLocation=workspace/0/[-1,-1]/[1,1]
09-10 11:34:23.887  2836  2836 D SmartspaceInteractor: notifySmartspaceEvent: SmartspaceTargetEvent{mSmartspaceTarget=null, mSmartspaceActionId='null', mEventType=6}
09-10 11:34:23.888  2828  2828 D CarrierSvcBindHelper: onHandleForceStop: [org.randomcoder.udroid.dev]
09-10 11:34:23.888  1821  2891 D WindowManager: setClientSurface Surface(name=VRI-com.google.android.apps.nexuslauncher/com.google.android.apps.nexuslauncher.NexusLauncherActivity#4037)/@0x5f61d77 for a9af8c8 com.google.android.apps.nexuslauncher/com.google.android.apps.nexuslauncher.NexusLauncherActivity
09-10 11:34:23.889  3981  3993 I ffad    : (REDACTED) HDM. appOpsListener %s %s
09-10 11:34:23.889  3981  3993 I ffad    : (REDACTED) HDM. Ignoring irrelevant audio permission changes for package %s
09-10 11:34:23.890  2828  3106 D EuiccConnector: handleMessage: E msg.what=1
09-10 11:34:23.890  2828  3106 D EuiccConnector: processMsg: AvailableState
09-10 11:34:23.890  2828  3106 D EuiccConnector: processMsg: UnavailableState
09-10 11:34:23.890  3992  4372 I AiAiEcho: (REDACTED) Predicting[%d]: %s
09-10 11:34:23.891  2836  2836 I Surface : Creating surface for consumer unnamed-2836-76 with slotExpansion=1 for 64 slots
09-10 11:34:23.891  1821  1865 I DisplayDeviceRepository: Display device changed render timings: "Built-in Screen", renderFrameRate=60.0, presentationDeadlineNanos=11500000, appVsyncOffsetNanos=6233334, frameRateOverrides=[]
09-10 11:34:23.891  2836  2836 I Surface : Creating surface for consumer VRI[NexusLauncherActivity]#49(BLAST Consumer)49 with slotExpansion=1 for 64 slots
09-10 11:34:23.891  3992  4372 I AiAiEcho: (REDACTED) EchoTargets: %s
09-10 11:34:23.891  3992  4372 I AiAiEcho: Filtered by AiAi flag check: %s
09-10 11:34:23.892  2836  2836 D SsBaseTemplateCard: Passed-in item info is null
09-10 11:34:23.892  2836  2836 I SsBaseTemplateCard: setFormattedContentDescription: text=32°C, iconDescription=Light rain, contentDescription=Light rain, 32°C
09-10 11:34:23.892  2836  2836 D SsBaseTemplateCard: Passed-in item info is null
09-10 11:34:23.892  2836  2836 D SsBaseTemplateCard: Passed-in item info is null
09-10 11:34:23.892  2836  2836 I SsBaseTemplateCard: Secondary card pane is null
09-10 11:34:23.893  3992  4372 I AiAiEcho: (REDACTED) #weatherSubItemsTwiddler: Weather removes SubtitleSupplementalItem in surface: %s
09-10 11:34:23.893  3992  4372 I AiAiEcho: #remoteViewsTwiddler: feature disabled.
09-10 11:34:23.893  2836  2836 D SmartspaceInteractor: notifySmartspaceEvent: SmartspaceTargetEvent{mSmartspaceTarget=SmartspaceTarget{mSmartspaceTargetId='WEATHER-569377245', mHeaderAction=SmartspaceAction{mId='WEATHER', mIcon=Icon(typ=BITMAP size=192x192), mTitle=32°C, mSubtitle=32°C, mContentDescription=Light rain, mPendingIntent=null, mIntent=Intent { act=android.intent.action.VIEW flg=0x18000000 cmp=com.google.android.googlequicksearchbox/com.google.android.apps.search.assistant.verticals.ambient.smartspace.trampolineactivity.ExportedSmartspaceTrampolineActivity (has extras) }, mUserHandle=UserHandle{0}, mExtras=Bundle[mParcelledData.dataSize=2164]}, mBaseAction=SmartspaceAction{mId='', mIcon=null, mTitle=, mSubtitle=, mContentDescription=, mPendingIntent=null, mIntent=null, mUserHandle=UserHandle{0}, mExtras=Bundle[{description=Light rain, feedback_intent=null, explanation_intent=Supplier{VAL_PARCELABLE@148+1744}, is_gaia_linked_data=true, use_celsius=true, state=11, temperature=32, settings_highlight_key=smartspace_pref_weather_key}]}, mCreationTimeMillis=1789020000000, mExpiryTimeMillis=1789023600000, mScore=0.0, mActionChips=[], mIconGrid=[], mFeatureType=1, mSensitive=false, mShouldShowExpanded=false, mSourceNotificationKey='', mComponentName=ComponentInfo{package_name/class_name}, mUserHandle=UserHandle{0}, mAssociatedSmartspaceTargetId='null', mSliceUri=null, mWidget=null, mTemplateData=BaseTemplateData{mTemplateType=1, mPrimaryItem=null, mSubtitleItem=SubItemInfo{mText=Text{mText=32°C, mTruncateAtType=END, mMaxLines=1}, mIcon=SmartspaceIcon{mIcon=Icon(typ=BITMAP size=192x192), mContentDescription=Light rain, mShouldTint=false}, mTapAction=SmartspaceTapAction{mId=, mIntent=Intent { act=android.intent.action.VIEW flg=0x18000000 cmp=com.google.android.googlequicksearchbox/com.google.android.apps.search.assistant.verticals.ambient.smartspace.trampolineactivity.ExportedSmartspaceTrampolineActivity (has extras) }, mPendingIntent=null, mUserHandle=null, mExtras=null, mShouldShowOnLockscreen=false}, mLoggingInfo=SubItemLoggingInfo{mInstanceId=2047, mFeatureType=1, mPackageName=}}, mSubtitleSupplementalItem=null, mSupplementalLineItem=null, mSupplementalAlarmItem=null, mLayoutWeight=1}, mRemoteViews=null}, mSmartspaceActionId='', mEventType=3}
09-10 11:34:23.894  2836  2836 D SmartspaceInteractor: notifySmartspaceEvent: SmartspaceTargetEvent{mSmartspaceTarget=SmartspaceTarget{mSmartspaceTargetId='WEATHER-569377245', mHeaderAction=SmartspaceAction{mId='WEATHER', mIcon=Icon(typ=BITMAP size=192x192), mTitle=32°C, mSubtitle=32°C, mContentDescription=Light rain, mPendingIntent=null, mIntent=Intent { act=android.intent.action.VIEW flg=0x18000000 cmp=com.google.android.googlequicksearchbox/com.google.android.apps.search.assistant.verticals.ambient.smartspace.trampolineactivity.ExportedSmartspaceTrampolineActivity (has extras) }, mUserHandle=UserHandle{0}, mExtras=Bundle[mParcelledData.dataSize=2164]}, mBaseAction=SmartspaceAction{mId='', mIcon=null, mTitle=, mSubtitle=, mContentDescription=, mPendingIntent=null, mIntent=null, mUserHandle=UserHandle{0}, mExtras=Bundle[{description=Light rain, feedback_intent=null, explanation_intent=Supplier{VAL_PARCELABLE@148+1744}, is_gaia_linked_data=true, use_celsius=true, state=11, temperature=32, settings_highlight_key=smartspace_pref_weather_key}]}, mCreationTimeMillis=1789020000000, mExpiryTimeMillis=1789023600000, mScore=0.0, mActionChips=[], mIconGrid=[], mFeatureType=1, mSensitive=false, mShouldShowExpanded=false, mSourceNotificationKey='', mComponentName=ComponentInfo{package_name/class_name}, mUserHandle=UserHandle{0}, mAssociatedSmartspaceTargetId='null', mSliceUri=null, mWidget=null, mTemplateData=BaseTemplateData{mTemplateType=1, mPrimaryItem=null, mSubtitleItem=SubItemInfo{mText=Text{mText=32°C, mTruncateAtType=END, mMaxLines=1}, mIcon=SmartspaceIcon{mIcon=Icon(typ=BITMAP size=192x192), mContentDescription=Light rain, mShouldTint=false}, mTapAction=SmartspaceTapAction{mId=, mIntent=Intent { act=android.intent.action.VIEW flg=0x18000000 cmp=com.google.android.googlequicksearchbox/com.google.android.apps.search.assistant.verticals.ambient.smartspace.trampolineactivity.ExportedSmartspaceTrampolineActivity (has extras) }, mPendingIntent=null, mUserHandle=null, mExtras=null, mShouldShowOnLockscreen=false}, mLoggingInfo=SubItemLoggingInfo{mInstanceId=2047, mFeatureType=1, mPackageName=}}, mSubtitleSupplementalItem=null, mSupplementalLineItem=null, mSupplementalAlarmItem=null, mLayoutWeight=1}, mRemoteViews=null}, mSmartspaceActionId='', mEventType=2}
09-10 11:34:23.894  2836  2836 D BaseDepthController: setSurface:
09-10 11:34:23.894  2836  2836 D BaseDepthController: 	mWaitingOnSurfaceValidity: false
09-10 11:34:23.894  2836  2836 D BaseDepthController: 	mBaseSurface: Surface(name=VRI-com.google.android.apps.nexuslauncher/com.google.android.apps.nexuslauncher.NexusLauncherActivity#4037)/@0x6211e38
09-10 11:34:23.894  2836  2836 V BaseDepthController: Applying blur: 0 to Surface(name=VRI-com.google.android.apps.nexuslauncher/com.google.android.apps.nexuslauncher.NexusLauncherActivity#4037)/@0x6211e38 applyImmediately: false
09-10 11:34:23.894  2836  2836 D BaseDepthController: shouldBlurWorkspace: false targetState: Normal currentStableState: Normal mCurrentBlur: 0 mLauncher.getDepthBlurTargets(): [com.android.launcher3.Workspace{a9f1e11 V.ED..... ......ID 0,0-1080,2400 #7f0a0486 app:id/workspace}, com.android.launcher3.Hotseat{30f2b76 V.ED..... .......D 0,1928-1080,2400 #7f0a01f6 app:id/hotseat}]
09-10 11:34:23.894  3992  4372 I AiAiEcho: (REDACTED) %s No tracked ambient data found for ID: %s; for event type: %d, skipping event processing.
09-10 11:34:23.896  3992  4372 I AiAiEcho: (REDACTED) #postPredictionTargets: Sending updates to UISurface %s with targets# %s (types=[%s])
09-10 11:34:23.897  2828  3106 D EuiccConnector: transitionTo: destState=AvailableState
09-10 11:34:23.897  2542  2755 D WallpaperService: onVisibilityChanged(true): com.android.systemui.wallpapers.ImageWallpaper$CanvasEngine@d163f9f
09-10 11:34:23.897  2165  2165 I pixel-thermal: VIRTUAL-SKIN:39.6978 raw data: VIRTUAL-NEUTRAL:39203 VIRTUAL-NEUTRAL-SKIN2:39697.8 VIRTUAL-QUIET-NEUTRAL:39211.5 VIRTUAL-SKIN:39697.8 disp_therm:39697 gnss_tcxo_therm:38227 neutral_therm:37248 quiet_therm:40053 skin_therm1:38695 skin_therm2:45414 
09-10 11:34:23.898  2828  2828 D CarrierSvcBindHelper: No carrier app for: 0
09-10 11:34:23.899  7768  8212 D WM-GreedyScheduler: Constraints met: Scheduling work ID WorkGenerationalId(workSpecId=f0e732f8-9f3a-4302-8c52-d23423cfcdb8, generation=0)
09-10 11:34:23.905  1821  2287 D ActivityManager: sync unfroze 5171 com.google.android.apps.photos for 6
09-10 11:34:23.910  3992  4372 I AiAiEcho: (REDACTED) %s No tracked ambient data found for ID: %s; for event type: %d, skipping event processing.
09-10 11:34:23.910  3992  4372 I AiAiEcho: (REDACTED) %s No tracked ambient data found for ID: %s; for event type: %d, skipping event processing.
09-10 11:34:23.915  2542  2755 D WallpaperService: onSurfaceChanged(android.service.wallpaper.WallpaperService$Engine$1@e8cb53e, 2, 736, 1472): com.android.systemui.wallpapers.ImageWallpaper$CanvasEngine@d163f9f
09-10 11:34:23.915  2542  2755 D WallpaperService: onSurfaceRedrawNeeded(android.service.wallpaper.WallpaperService$Engine$1@e8cb53e): com.android.systemui.wallpapers.ImageWallpaper$CanvasEngine@d163f9f
09-10 11:34:23.915  1821  1865 W ProcessStats: Tracking association SourceState{27eecd0 system/1000 ImpBg #51707} whose proc state 6 is better than process ProcessState{45fd3ca com.google.android.apps.photos/10198 pkg=com.google.android.apps.photos} proc state 14 (0 skipped)
09-10 11:34:23.918  1821  2287 D ActivityManager: sync unfroze 6025 com.jio.myjio for 6
09-10 11:34:23.919  1615  1615 I adbd    : Remote process closed the socket (on MSG_PEEK)
09-10 11:34:23.920  2836  2836 D SsBaseTemplateCard: Passed-in item info is null
09-10 11:34:23.920  2836  2836 I SsBaseTemplateCard: setFormattedContentDescription: text=32°C, iconDescription=Light rain, contentDescription=Light rain, 32°C
09-10 11:34:23.920  2836  2836 D SsBaseTemplateCard: Passed-in item info is null
09-10 11:34:23.920  2836  2836 D SsBaseTemplateCard: Passed-in item info is null
09-10 11:34:23.920  2836  2836 I SsBaseTemplateCard: Secondary card pane is null
09-10 11:34:23.923  1294  1294 I Zygote  : Process 29601 exited due to signal 9 (Killed)
09-10 11:34:23.923  1821  5945 I ImeTracker: org.randomcoder.udroid.dev:2fe9617f: onRequestHide at ORIGIN_SERVER reason HIDE_REMOVE_CLIENT fromUser false userId 0 displayId 0
09-10 11:34:23.923  1821  5945 I ImeTracker: org.randomcoder.udroid.dev:2fe9617f: onCancelled at PHASE_SERVER_SHOULD_HIDE
09-10 11:34:23.923  3871  3871 W InputChannel-JNI: Channel already disposed.
09-10 11:34:23.923  7768  8075 E msys    : E[N data-request]_HandleDataResponse(2117)=>Data request error for task AFE25582-03D9-48AB-8667-4FA1F847B58B (response type 1): java.net.SocketTimeoutException: timeout
09-10 11:34:23.924  3871  3871 I SubtypeOperator: SubtypeOperator$1.onUnbindInput():43 
09-10 11:34:23.924  7768  8069 E msys    : E[N WCIHTTPImplNetworkSession]WCIHTTPTaskImplCreateRegular(556)=>[I] http/task/regular/create/start
09-10 11:34:23.925  7768  8069 E msys    : E[N WCIHTTPImplNetworkSession]WCIHTTPTaskImplCreateRegular(591)=>[I] http/task/regular/create/execute
09-10 11:34:23.925  7768  8069 E msys    : E[N WCIHTTPImplNetworkSession]WCIHTTPTaskImplCreateRegular(614)=>[I] http/task/regular/create/success
09-10 11:34:23.926  1821  2282 V ActivityManager: Got obituary of 29601:org.randomcoder.udroid.dev
09-10 11:34:23.927  1821  1927 I libprocessgroup: Removed cgroup /sys/fs/cgroup/apps/uid_10337/pid_29601
09-10 11:34:23.927  1821  1927 I ActivityManager: Process PhantomProcessRecord {e82f4d6 29642:29601:linker64/u0a337} died
09-10 11:34:23.928  7768  8212 D WM-Processor: IBd: processing WorkGenerationalId(workSpecId=f0e732f8-9f3a-4302-8c52-d23423cfcdb8, generation=0)
09-10 11:34:23.928  2828  3106 D EuiccConnector: handleMessage: new destination call exit/enter
09-10 11:34:23.928  2828  3106 D EuiccConnector: setupTempStateStackWithStatesToEnter: X mTempStateStackCount=1,curStateInfo: state=UnavailableState,active=true,parent=null
09-10 11:34:23.928  2828  3106 D EuiccConnector: invokeExitMethods: AvailableState
09-10 11:34:23.928  2828  3106 D EuiccConnector: moveTempStackToStateStack: i=0,j=1
09-10 11:34:23.928  2828  3106 D EuiccConnector: moveTempStackToStateStack: X mStateStackTop=1,startingIndex=1,Top=AvailableState
09-10 11:34:23.928  2828  3106 D EuiccConnector: invokeEnterMethods: AvailableState
09-10 11:34:23.928  2828  3106 D EuiccConnector: handleMessage: X
09-10 11:34:23.928  2828  3106 D EuiccConnector: handleMessage: E msg.what=103
09-10 11:34:23.928  2828  3106 D EuiccConnector: processMsg: AvailableState
09-10 11:34:23.928  2828  3106 D EuiccConnector: deferMessage: msg=103
09-10 11:34:23.928  2828  3106 D EuiccConnector: transitionTo: destState=BindingState
09-10 11:34:23.928  2828  3106 D EuiccConnector: handleMessage: new destination call exit/enter
09-10 11:34:23.928  2828  3106 D EuiccConnector: setupTempStateStackWithStatesToEnter: X mTempStateStackCount=1,curStateInfo: null
09-10 11:34:23.928  2828  3106 D EuiccConnector: invokeExitMethods: AvailableState
09-10 11:34:23.929  2828  3106 D EuiccConnector: invokeExitMethods: UnavailableState
09-10 11:34:23.929  2828  3106 D EuiccConnector: moveTempStackToStateStack: i=0,j=0
09-10 11:34:23.929  2828  3106 D EuiccConnector: moveTempStackToStateStack: X mStateStackTop=0,startingIndex=0,Top=BindingState
09-10 11:34:23.929  2828  3106 D EuiccConnector: invokeEnterMethods: BindingState
09-10 11:34:23.929  1821  2515 W ActivityTaskManager: callingPackage for (uid=2000, pid=30372) has no WPC
09-10 11:34:23.930  1821  2515 V GrammaticalInflectionUtils: AttributionSource: android.content.AttributionSource@fd02cba0 does not have READ_SYSTEM_GRAMMATICAL_GENDER permission.
09-10 11:34:23.931  1821  2515 W TransitionChain: Combining startAct into #243(CLOSE|R|0x0) from appDied
09-10 11:34:23.932  2836  2836 D RecentsView: onTaskDisplayChanged: 426, new displayId = 0
09-10 11:34:23.933  1821  5938 D ActivityManager: sync unfroze 3235 com.google.android.euicc for 6
09-10 11:34:23.935  2828  3106 D EuiccConnector: transitionTo: destState=DisconnectedState
09-10 11:34:23.935  2828  3106 D EuiccConnector: moveDeferredMessageAtFrontOfQueue; what=103
09-10 11:34:23.935  2828  3106 D EuiccConnector: handleMessage: new destination call exit/enter
09-10 11:34:23.935  2828  3106 D EuiccConnector: setupTempStateStackWithStatesToEnter: X mTempStateStackCount=1,curStateInfo: null
09-10 11:34:23.935  2828  3106 D EuiccConnector: invokeExitMethods: BindingState
09-10 11:34:23.935  2828  3106 D EuiccConnector: moveTempStackToStateStack: i=0,j=0
09-10 11:34:23.935  2828  3106 D EuiccConnector: moveTempStackToStateStack: X mStateStackTop=0,startingIndex=0,Top=DisconnectedState
09-10 11:34:23.935  2828  3106 D EuiccConnector: invokeEnterMethods: DisconnectedState
09-10 11:34:23.935  2828  3106 D EuiccConnector: handleMessage: X
09-10 11:34:23.937  2828  3106 D EuiccConnector: handleMessage: E msg.what=103
09-10 11:34:23.937  2828  3106 D EuiccConnector: processMsg: DisconnectedState
09-10 11:34:23.937  2828  3106 D EuiccConnector: deferMessage: msg=103
09-10 11:34:23.937  2828  3106 D EuiccConnector: handleMessage: X
09-10 11:34:23.940  1821  2515 I ActivityTaskManager: Add Task{7f4cf47 #425 type=standard A=10337:org.randomcoder.udroid.dev} to hidden list because adding Task{547c1ba #426 type=standard A=10337:org.randomcoder.udroid.dev}
09-10 11:34:23.941  1821  2515 D CorePackageUpdate: onRecentTaskRemoved Removing task: 425
09-10 11:34:23.941  1821  2515 D CorePackageUpdate: Couldn't find a persistent state for task= 425
09-10 11:34:23.941  2836  2836 D BaseActivity: Launcher flags updated: [state_started|state_resumed|state_deferred_resumed|state_user_active] -[]
09-10 11:34:23.941  1821  2515 V ActivityTaskManager: TaskLaunchParamsModifier: phase=3 task=Task{547c1ba #426 type=standard A=10337:org.randomcoder.udroid.dev} activity=ActivityRecord{100911278 u0 org.randomcoder.udroid.dev/org.randomcoder.udroid.gfxstream.GfxstreamPresenterProbeActivity t-1} display-from-task=0 display-id=0 task-display-area-windowing-mode=1 suggested-display-area=DefaultTaskDisplayArea@155937703 inherit-from-task=fullscreen non-freeform-task-display-area display-area=DefaultTaskDisplayArea@155937703 default-portrait freeform-size-mismatch=Rect(1043, 145 - 1357, 946)
09-10 11:34:23.941  1821  2515 I ActivityTaskManager: START u0 {flg=0x10000000 xflg=0x4 cmp=org.randomcoder.udroid.dev/org.randomcoder.udroid.gfxstream.GfxstreamPresenterProbeActivity (has extras)} with LAUNCH_MULTIPLE from uid 2000 (com.android.shell) (BAL_ALLOW_PERMISSION) result code=0
09-10 11:34:23.941  2836  2836 D BaseActivity: Launcher flags updated: [state_started|state_resumed|state_deferred_resumed] -[state_user_active]
09-10 11:34:23.941  2836  2836 D BaseActivity: Launcher flags updated: [state_started] -[state_resumed|state_deferred_resumed]
09-10 11:34:23.942  2836  2836 W SplitSelectStateCtor: Missing session instanceIds
09-10 11:34:23.942  2836  2836 D StatsLog: LAUNCHER_SPLIT_SELECTION_EXIT_INTERRUPTED
09-10 11:34:23.942  2542  2565 D WindowManagerShell: setLauncherKeepClearAreaHeight: visible=false, height=472
09-10 11:34:23.942  1821  2897 I AppsFilter: interaction: PackageSetting{8ce009f com.google.android.microdroid.empty_payload/10283} -> PackageSetting{cd6b861 org.randomcoder.udroid.dev/10337} BLOCKED
09-10 11:34:23.943  1821  2897 I AppsFilter: interaction: PackageSetting{f57fdb5 com.termux.x11/10336} -> PackageSetting{cd6b861 org.randomcoder.udroid.dev/10337} BLOCKED
09-10 11:34:23.945  7768  7768 D WM-WorkerWrapper: Starting work for com.whatsapp.infra.networking.xmpp.lifecycle.XmppLifecycleWorker
09-10 11:34:23.946  1821  5941 I WindowManager: WIN DEATH: Window{be84788 u0 org.randomcoder.udroid.dev/org.randomcoder.udroid.gfxstream.GfxstreamPresenterProbeActivity}
09-10 11:34:23.946  1821  5945 D CompatChangeReporter: Compat change id reported: 377864165; UID 10337; state: ENABLED
09-10 11:34:23.947  2542  2755 D WallpaperService: onSurfaceChanged(android.service.wallpaper.WallpaperService$Engine$1@e8cb53e, 2, 736, 1472): com.android.systemui.wallpapers.ImageWallpaper$CanvasEngine@d163f9f
09-10 11:34:23.947  2542  2755 D WallpaperService: onSurfaceRedrawNeeded(android.service.wallpaper.WallpaperService$Engine$1@e8cb53e): com.android.systemui.wallpapers.ImageWallpaper$CanvasEngine@d163f9f
09-10 11:34:23.948  1821  1865 V GrammaticalInflectionUtils: AttributionSource: android.content.AttributionSource@fd02cba0 does not have READ_SYSTEM_GRAMMATICAL_GENDER permission.
09-10 11:34:23.949  1821  5941 D CompatChangeReporter: Compat change id reported: 463899193; UID 10337; state: ENABLED
09-10 11:34:23.950  1821  1865 W ActivityManager: setHasOverlayUi called on unknown pid: 29601
09-10 11:34:23.953  2542  2565 V RecentTasksController: Notify recent tasks changed
09-10 11:34:23.953  2542  2565 V RecentTasksController: Notify recent tasks changed
09-10 11:34:23.953  2836  2836 D RecentTasksList: invalidateLoadedTasks - previous requestLoadId: -1
09-10 11:34:23.953  2836  2836 D RecentTasksList: invalidateLoadedTasks - previous requestLoadId: -1
09-10 11:34:23.958  3235  3235 I EuiccGoogle: [2] EuiccServiceImpl.onCreate: onCreate Single-SIM mode: simCardState is 11
09-10 11:34:23.958  1294  1294 D Zygote  : Forked child process 30380
09-10 11:34:23.959  1821  5941 W InputChannel-JNI: Channel already disposed.
09-10 11:34:23.959  1821  1924 I ActivityManager: Start proc 30380:org.randomcoder.udroid.dev/u0a337 for next-top-activity {org.randomcoder.udroid.dev/org.randomcoder.udroid.gfxstream.GfxstreamPresenterProbeActivity}
09-10 11:34:23.960  3235 30376 I EuiccGoogle: [155] Partner.getResourceEntry$ar$ds$ar$class_merging$ar$class_merging$ar$class_merging: Partner app=com.google.android.euiccoverlay, Resource name=esim_supported_countries, type=string, partnerResId = 0
09-10 11:34:23.960  3235 30376 I EuiccGoogle: [155] Partner.getResourceEntry$ar$ds$ar$class_merging$ar$class_merging$ar$class_merging: Partner app=com.google.android.euiccoverlay, Resource name=esim_unsupported_countries, type=string, partnerResId = 2131755062
09-10 11:34:23.960  1821  5941 D WindowManager: setClientSurface Surface(name=VRI-Splash Screen org.randomcoder.udroid.dev#4045)/@0x8c4dfc2 for a251299 Splash Screen org.randomcoder.udroid.dev
09-10 11:34:23.962  2542  2577 I Surface : Creating surface for consumer unnamed-2542-241 with slotExpansion=1 for 64 slots
09-10 11:34:23.962  2542  2577 I Surface : Creating surface for consumer VRI[dev]#189(BLAST Consumer)189 with slotExpansion=1 for 64 slots
09-10 11:34:23.962 30380 30380 I libprocessgroup: Created cgroup /sys/fs/cgroup/apps/uid_10337/pid_30380
09-10 11:34:23.965  2828  3106 D EuiccConnector: handleMessage: E msg.what=4
09-10 11:34:23.965  2828  3106 D EuiccConnector: processMsg: DisconnectedState
09-10 11:34:23.965  2828  3106 D EuiccConnector: transitionTo: destState=ConnectedState
09-10 11:34:23.965  2828  3106 D EuiccConnector: handleMessage: new destination call exit/enter
09-10 11:34:23.965  2828  3106 D EuiccConnector: setupTempStateStackWithStatesToEnter: X mTempStateStackCount=1,curStateInfo: state=DisconnectedState,active=true,parent=null
09-10 11:34:23.965  2828  3106 D EuiccConnector: moveTempStackToStateStack: i=0,j=1
09-10 11:34:23.965  2828  3106 D EuiccConnector: moveTempStackToStateStack: X mStateStackTop=1,startingIndex=1,Top=ConnectedState
09-10 11:34:23.965  2828  3106 D EuiccConnector: invokeEnterMethods: ConnectedState
09-10 11:34:23.965  2828  3106 D EuiccConnector: moveDeferredMessageAtFrontOfQueue; what=103
09-10 11:34:23.965  2828  3106 D EuiccConnector: handleMessage: X
09-10 11:34:23.966  2828  3106 D EuiccConnector: handleMessage: E msg.what=103
09-10 11:34:23.966  2828  3106 D EuiccConnector: processMsg: ConnectedState
09-10 11:34:23.967  3235 30376 I EuiccGoogle: [155] PhenotypeUpdatedReceiver.setPsimConversionSupportedCarriers: pSIM conversion feature is not enabled
09-10 11:34:23.967 30380 30380 I Zygote  : Process 30380 created for org.randomcoder.udroid.dev
09-10 11:34:23.967 30380 30380 I oder.udroid.dev: Late-enabling -Xcheck:jni
09-10 11:34:23.967  2828  3106 D EuiccConnector: handleMessage: X
09-10 11:34:23.972  3235 30382 I EuiccGoogle: [158] EuiccServiceImpl.onGetEuiccProfileInfoList: onGetEuiccProfileInfoList: slotId = 1
09-10 11:34:23.975  3235  3240 W e.android.euicc: Reducing the number of considered missed Gc histogram windows from 101 to 100
09-10 11:34:23.977  3235 30382 I EuiccGoogle: [158] EuiccServiceImpl.onGetEuiccProfileInfoList: slotId = 1, isRemovable = false
09-10 11:34:23.977  3235 30382 I EuiccGoogle: [158] EuiccServiceImpl.onGetEuiccProfileInfoList: onGetEuiccProfileInfoList: isRemovable = false.
09-10 11:34:23.977  3235 30382 I EuiccGoogle: [158] EuiccServiceImpl.onGetEuiccProfileInfoList: getSimCardState for slotId: 1
09-10 11:34:23.979  3235 30382 I EuiccGoogle: [158] EuiccServiceImpl.onGetEuiccProfileInfoList: GetEuiccProfileInfoListResult: simCardState :11and simCardStateAtTelephony:11 for slot:1
09-10 11:34:23.979  3235 30382 I EuiccGoogle: [158] EuiccServiceImpl.getProfileInfoList: getProfileInfoList: slotId = 1, includeTestProfiles = false
09-10 11:34:23.979  3235 30382 I EuiccGoogle: [158] EuiccServiceImpl.getProfileInfoList: getProfileInfoList: slotId = 1, includeTestProfiles = false.
09-10 11:34:23.979  3235 30382 I EuiccGoogle: [158] EuiccServiceImpl.getEidFromSlotId: getEidFromSlotId: slotId = 1.
09-10 11:34:23.979  3235 30382 I EuiccGoogle: [158] NetworkFetcher.getEidForSlot: getEidForSlot: 1
09-10 11:34:23.980  3235 30382 I EuiccGoogle: [158] BlockingEuiccCardManager.requestAllProfiles: requestAllProfiles: cardId = [Io2h6uXGD-PZ5YRi9DVG5SIrO7U]
09-10 11:34:23.985 30380 30380 I oder.udroid.dev: Using generational CollectorTypeCMC GC.
09-10 11:34:23.988  1615  1685 I adbd    : jdwp connection from 30380
09-10 11:34:23.990 30380 30380 D nativeloader: Load libframework-connectivity-tiramisu-jni.so using APEX ns com_android_tethering for caller /apex/com.android.tethering/javalib/framework-connectivity-t.jar: ok
09-10 11:34:23.992  7768  8075 E msys    : E[N data-request]_HandleDataResponse(2117)=>Data request error for task 2D91D04C-1594-43EF-8359-137ED6A1DB5F (response type 1): java.net.ConnectException: Failed to connect to /57.144.57.32:443
09-10 11:34:23.993  7768  8069 E msys    : E[N WCIHTTPImplNetworkSession]WCIHTTPTaskImplCreateRegular(556)=>[I] http/task/regular/create/start
09-10 11:34:23.993  7768  8069 E msys    : E[N WCIHTTPImplNetworkSession]WCIHTTPTaskImplCreateRegular(591)=>[I] http/task/regular/create/execute
09-10 11:34:23.993  7768  8069 E msys    : E[N WCIHTTPImplNetworkSession]WCIHTTPTaskImplCreateRegular(614)=>[I] http/task/regular/create/success
09-10 11:34:23.999  6025  6449 W ContentResolver: Failed to get type for: content://media/external/file/19258
09-10 11:34:23.999  6025  6449 W ContentResolver: java.lang.IllegalArgumentException: No item at content://media/external/file/19258
09-10 11:34:23.999  6025  6449 W ContentResolver: 	at java.lang.reflect.Constructor.newInstance0(Native Method)
09-10 11:34:23.999  6025  6449 W ContentResolver: 	at java.lang.reflect.Constructor.newInstance(Constructor.java:341)
09-10 11:34:23.999  6025  6449 W ContentResolver: 	at android.os.ParcelableException.readFromParcel(ParcelableException.java:56)
09-10 11:34:23.999  6025  6449 W ContentResolver: 	at android.os.ParcelableException$1.createFromParcel(ParcelableException.java:82)
09-10 11:34:23.999  6025  6449 W ContentResolver: 	at android.os.ParcelableException$1.createFromParcel(ParcelableException.java:79)
09-10 11:34:23.999  6025  6449 W ContentResolver: 	at android.os.Parcel.readParcelableInternal(Parcel.java:5281)
09-10 11:34:23.999  6025  6449 W ContentResolver: 	at android.os.Parcel.readValue(Parcel.java:5031)
09-10 11:34:23.999  6025  6449 W ContentResolver: 	at android.os.Parcel.readValue(Parcel.java:4761)
09-10 11:34:23.999  6025  6449 W ContentResolver: 	at android.os.Parcel.-$$Nest$mreadValue(Parcel.java:0)
09-10 11:34:23.999  6025  6449 W ContentResolver: 	at android.os.Parcel$LazyValue.apply(Parcel.java:4876)
09-10 11:34:23.999  6025  6449 W ContentResolver: 	at android.os.Parcel$LazyValue.apply(Parcel.java:4829)
09-10 11:34:23.999  6025  6449 W ContentResolver: 	at android.os.BaseBundle.unwrapLazyValueFromMapLocked(BaseBundle.java:448)
09-10 11:34:23.999  6025  6449 W ContentResolver: 	at android.os.BaseBundle.getValueAt(BaseBundle.java:428)
09-10 11:34:23.999  6025  6449 W ContentResolver: 	at android.os.BaseBundle.getValue(BaseBundle.java:399)
09-10 11:34:23.999  6025  6449 W ContentResolver: 	at android.os.BaseBundle.getValue(BaseBundle.java:382)
09-10 11:34:23.999  6025  6449 W ContentResolver: 	at android.os.BaseBundle.get(BaseBundle.java:774)
09-10 11:34:23.999  6025  6449 W ContentResolver: 	at android.os.Bundle.getParcelable(Bundle.java:1121)
09-10 11:34:23.999  6025  6449 W ContentResolver: 	at android.content.ContentResolver$ResultListener.onResult(ContentResolver.java:1027)
09-10 11:34:23.999  6025  6449 W ContentResolver: 	at android.os.RemoteCallback.sendResult(RemoteCallback.java:76)
09-10 11:34:23.999  6025  6449 W ContentResolver: 	at android.os.RemoteCallback$1.sendResult(RemoteCallback.java:53)
09-10 11:34:23.999  6025  6449 W ContentResolver: 	at android.os.IRemoteCallback$Stub.onTransact(IRemoteCallback.java:84)
09-10 11:34:23.999  6025  6449 W ContentResolver: 	at android.os.Binder.execTransactInternal(Binder.java:1369)
09-10 11:34:23.999  6025  6449 W ContentResolver: 	at android.os.Binder.execTransact(Binder.java:1323)
09-10 11:34:24.003  7768  8075 E msys    : E[N data-request]_HandleDataResponse(2117)=>Data request error for task C8A21ACF-B591-44E7-A7A1-121D60AD35A7 (response type 1): java.net.UnknownHostException: Unable to resolve host "dit.whatsapp.net": No address associated with hostname
09-10 11:34:24.004  7768  8069 E msys    : E[I wam]_WAMTransportPrivateLogUploadMessageWithDefaultLevel(55)=>privatestats/wameta/transport/buffer/send response failed, no more endpoints
09-10 11:34:24.007 30380 30380 D ApplicationLoaders: Returning zygote-cached class loader: /system_ext/framework/androidx.window.extensions.jar
09-10 11:34:24.007 30380 30380 D ApplicationLoaders: Returning zygote-cached class loader: /system_ext/framework/androidx.window.sidecar.jar
09-10 11:34:24.010 30380 30380 D nativeloader: Configuring clns-9 for other apk /data/app/~~-WiDYLAVNvo9mV0mLdSteg==/org.randomcoder.udroid.dev-KoGPAqqE-FGUDSYwbISW5Q==/base.apk. target_sdk_version=36, uses_libraries=, library_path=/data/app/~~-WiDYLAVNvo9mV0mLdSteg==/org.randomcoder.udroid.dev-KoGPAqqE-FGUDSYwbISW5Q==/lib/arm64:/data/app/~~-WiDYLAVNvo9mV0mLdSteg==/org.randomcoder.udroid.dev-KoGPAqqE-FGUDSYwbISW5Q==/base.apk!/lib/arm64-v8a, permitted_path=/data:/mnt/expand:/data/user/0/org.randomcoder.udroid.dev
09-10 11:34:24.015 30380 30380 V GraphicsEnvironment: Currently set values for:
09-10 11:34:24.015 30380 30380 V GraphicsEnvironment:   angle_gl_driver_selection_pkgs=[com.android.angle]
09-10 11:34:24.015 30380 30380 V GraphicsEnvironment:   angle_gl_driver_selection_values=[angle]
09-10 11:34:24.015 30380 30380 V GraphicsEnvironment: org.randomcoder.udroid.dev is not listed in per-application setting
09-10 11:34:24.016 30380 30380 V GraphicsEnvironment: No special selections for ANGLE, returning default driver choice
09-10 11:34:24.016 30380 30380 V GraphicsEnvironment: Neither updatable production driver nor prerelease driver is supported.
09-10 11:34:24.025  3235 30382 I EuiccGoogle: [158] EuiccServiceImpl.onGetEuiccProfileInfoList: onGetEuiccProfileInfoList: Profile nickname = Jio.
09-10 11:34:24.025  3235 30382 I EuiccGoogle: [158] EuiccServiceImpl.onGetEuiccProfileInfoList: onGetEuiccProfileInfoList: Profile info = EuiccProfileInfo (nickname=Jio, serviceProviderName=Jio, profileName=89918540400680990641, profileClass=2, state=1, CarrierIdentifier=CarrierIdentifier{mcc=405,mnc=854,spn=null,imsi=null,gid1=FFFFFFFFFFFFFFFFFFFF,gid2=FFFFFFFFFFFFFFFFFFFF,carrierid=-1,specificCarrierId=-1}, policyRules=0, accessRules=null, iccid=899185404[****]).
09-10 11:34:24.026  2828  3106 D EuiccConnector: handleMessage: E msg.what=6
09-10 11:34:24.026  2828  3106 D EuiccConnector: processMsg: ConnectedState
09-10 11:34:24.026  2828  3106 D EuiccConnector: handleMessage: X
09-10 11:34:24.043  2542  2565 V RecentTasksController: Notify recent tasks changed
09-10 11:34:24.043  2836  2836 D RecentTasksList: invalidateLoadedTasks - previous requestLoadId: -1
09-10 11:34:24.045  2542  2565 V RecentTasksController: generateList(getRecentTasks)
09-10 11:34:24.045  2542  2565 V RecentTasksController: initializeDesksMap - desktop windowing not available
09-10 11:34:24.045  2542  2565 V RecentTasksController: Added fullscreen task: 426
09-10 11:34:24.045  2542  2565 V RecentTasksController: Added fullscreen task: 411
09-10 11:34:24.045  2542  2565 V RecentTasksController: Added fullscreen task: 414
09-10 11:34:24.045  2542  2565 V RecentTasksController: generateList - complete
09-10 11:34:24.045  2836  2947 D PreloadThumbnailUseCase: Preloading thumbnails for task ids: [[id=414 windowingMode=1 user=0 lastActiveTime=56897866] null, [id=411 windowingMode=1 user=0 lastActiveTime=56917424] null, [id=426 windowingMode=1 user=0 lastActiveTime=62680813] null]
09-10 11:34:24.046  1821  5941 D CorePackageUpdate: Couldn't find a persistent state for task= 426
09-10 11:34:24.050  2542  3003 V WindowManagerShell: onTransitionReady(transaction=7821135473024)
09-10 11:34:24.050  2542  2565 V WindowManagerShell: onTransitionReady (#243) android.os.BinderProxy@123e44d: {id=243 t=CLOSE f=0x0 trk=0 r=[0@Point(0, 0)] c=[
09-10 11:34:24.050  2542  2565 V WindowManagerShell:         {m=OPEN f=MOVE_TO_TOP|FLAG_CHANGED_INTERACTIVE leash=Surface(name=Task=426#4040)/@0xd42cf29 sb=Rect(0, 0 - 2400, 1080) eb=Rect(0, 0 - 2400, 1080) epz=Point(2400, 1080) d=0 taskParent=-1 winMode=1 userId=0},
09-10 11:34:24.050  2542  2565 V WindowManagerShell:         {m=CLOSE f=FLAG_CHANGED_INTERACTIVE leash=Surface(name=Task=425#4010)/@0x346e2ae sb=Rect(0, 0 - 2400, 1080) eb=Rect(0, 0 - 2400, 1080) epz=Point(2400, 1080) d=0 taskParent=-1 winMode=1 userId=0}
09-10 11:34:24.050  2542  2565 V WindowManagerShell:     ]}
09-10 11:34:24.051  2542  2565 V WindowManagerShell: Playing animation for (#243) android.os.BinderProxy@123e44d@0
09-10 11:34:24.051  2542  2565 D ShellSplitScreen: startAnimation: transition=243 isSplitActive=false
09-10 11:34:24.051  2542  2565 V ShellRecents: RecentsTransitionHandler.startAnimation: no controller found
09-10 11:34:24.051  2542  2565 V WindowManagerShell: Transition doesn't have explicit remote, search filters for match for {id=243 t=CLOSE f=0x0 trk=0 r=[0@Point(0, 0)] c=[{m=OPEN f=MOVE_TO_TOP|FLAG_CHANGED_INTERACTIVE leash=Surface(name=Task=426#4040)/@0xd42cf29 sb=Rect(0, 0 - 2400, 1080) eb=Rect(0, 0 - 2400, 1080) epz=Point(2400, 1080) d=0 taskParent=-1 winMode=1 userId=0},{m=CLOSE f=FLAG_CHANGED_INTERACTIVE leash=Surface(name=Task=425#4010)/@0x346e2ae sb=Rect(0, 0 - 2400, 1080) eb=Rect(0, 0 - 2400, 1080) epz=Point(2400, 1080) d=0 taskParent=-1 winMode=1 userId=0}]}
09-10 11:34:24.051  2542  2565 V WindowManagerShell:  Checking filter Pair{{types=[] flags=0x0 notFlags=0x0 checks=[{atype=dream independent=true modes=[OPEN,TO_FRONT] flags=NONE mustBeTask=false order=ANY topActivity=null launchCookie=null windowingMode=undefined isCrossDisplayMove=false},{atype=home independent=true modes=[CLOSE,TO_BACK] flags=NONE mustBeTask=false order=ANY topActivity=null launchCookie=null windowingMode=undefined isCrossDisplayMove=false}]} RemoteTransition { remoteTransition = android.window.IRemoteTransition$Stub$Proxy@5baeda9, appThread = android.app.IApplicationThread$Stub$Proxy@eb6df2e, debugName = LauncherToDream, filter = {types=[] flags=0x0 notFlags=0x0 checks=[{atype=dream independent=true modes=[OPEN,TO_FRONT] flags=NONE mustBeTask=false order=ANY topActivity=null launchCookie=null windowingMode=undefined isCrossDisplayMove=false},{atype=home independent=true modes=[CLOSE,TO_BACK] flags=NONE mustBeTask=false order=ANY topActivity=null launchCookie=null windowingMode=undefined isCrossDisplayMove=false}]} }}
09-10 11:34:24.051  2542  2565 V WindowManagerShell:  Checking filter Pair{{types=[] flags=0x0 notFlags=0x0 checks=[{atype=standard independent=false modes=[CHANGE] flags=NONE mustBeTask=true order=ANY topActivity=null launchCookie=null windowingMode=undefined isCrossDisplayMove=true}]} RemoteTransition { remoteTransition = android.window.IRemoteTransition$Stub$Proxy@7713acf, appThread = android.app.IApplicationThread$Stub$Proxy@63b4c5c, debugName = QuickstepDisplayMove, filter = {types=[] flags=0x0 notFlags=0x0 checks=[{atype=standard independent=false modes=[CHANGE] flags=NONE mustBeTask=true order=ANY topActivity=null launchCookie=null windowingMode=undefined isCrossDisplayMove=true}]} }}
09-10 11:34:24.051  2542  2565 V WindowManagerShell:  Checking filter Pair{{types=[] flags=0x0 notFlags=0x100 checks=[{atype=home independent=true modes=[OPEN,TO_FRONT] flags=NONE mustBeTask=false order=ANY topActivity=ComponentInfo{com.google.android.apps.nexuslauncher/com.google.android.apps.nexuslauncher.NexusLauncherActivity} launchCookie=null windowingMode=undefined isCrossDisplayMove=false},{atype=standard independent=true modes=[CLOSE,TO_BACK] flags=NONE mustBeTask=false order=ANY topActivity=null launchCookie=null windowingMode=undefined isCrossDisplayMove=false},{NOT atype=undefined independent=true modes=[] flags=NONE mustBeTask=true order=ANY topActivity=null launchCookie=null customAnim=true windowingMode=undefined isCrossDisplayMove=false}]} RemoteTransition { remoteTransition = android.window.IRemoteTransition$Stub$Proxy@3abbb65, appThread = android.app.IApplicationThread$Stub$Proxy@855c03a, debugName = QuickstepLaunchHome, filter = {types=[] flags=0x0 notFlags=0x100 checks=[{atype=home independent=true modes=[OPEN,TO_FRONT] flags=NONE mustBeTask=false order=ANY topActivity=ComponentInfo{com.google.android.apps.nexuslauncher/com.google.android.apps.nexuslauncher.NexusLauncherActivity} launchCookie=null windowingMode=undefined isCrossDisplayMove=false},{atype=standard independent=true modes=[CLOSE,TO_BACK] flags=NONE mustBeTask=false order=ANY topActivity=null launchCookie=null windowingMode=undefined isCrossDisplayMove=false},{NOT atype=undefined independent=true modes=[] flags=NONE mustBeTask=true order=ANY topActivity=null launchCookie=null customAnim=true windowingMode=undefined isCrossDisplayMove=false}]} }}
09-10 11:34:24.051  2542  2565 V WindowManagerShell:  Delegate animation for (#243) to null
09-10 11:34:24.051  2542  2565 V WindowManagerShell: start default transition animation, info = {id=243 t=CLOSE f=0x0 trk=0 r=[0@Point(0, 0)] c=[{m=OPEN f=MOVE_TO_TOP|FLAG_CHANGED_INTERACTIVE leash=Surface(name=Task=426#4040)/@0xd42cf29 sb=Rect(0, 0 - 2400, 1080) eb=Rect(0, 0 - 2400, 1080) epz=Point(2400, 1080) d=0 taskParent=-1 winMode=1 userId=0},{m=CLOSE f=FLAG_CHANGED_INTERACTIVE leash=Surface(name=Task=425#4010)/@0x346e2ae sb=Rect(0, 0 - 2400, 1080) eb=Rect(0, 0 - 2400, 1080) epz=Point(2400, 1080) d=0 taskParent=-1 winMode=1 userId=0}]}
09-10 11:34:24.052  2542  2565 V WindowManagerShell: loadAnimation: anim=android.view.animation.AnimationSet@ca27bba animAttr=0xb type=CLOSE isEntrance=false
09-10 11:34:24.052 30380 30398 I DisplayManager: Choreographer implicitly registered for the refresh rate.
09-10 11:34:24.053 30380 30398 D vulkan  : searching for layers in '/data/app/~~-WiDYLAVNvo9mV0mLdSteg==/org.randomcoder.udroid.dev-KoGPAqqE-FGUDSYwbISW5Q==/lib/arm64'
09-10 11:34:24.054 30380 30398 D vulkan  : searching for layers in '/data/app/~~-WiDYLAVNvo9mV0mLdSteg==/org.randomcoder.udroid.dev-KoGPAqqE-FGUDSYwbISW5Q==/base.apk!/lib/arm64-v8a'
09-10 11:34:24.054  6025  6029 W com.jio.myjio: Reducing the number of considered missed Gc histogram windows from 278 to 100
09-10 11:34:24.055  1821  1862 V WindowManager: Sent Transition (#243) createdAt=09-10 11:34:23.864 via request=TransitionRequestInfo { type = CLOSE, triggerTask = TaskInfo{userId=0 taskId=425 effectiveUid=10337 displayId=0 isRunning=false baseIntent=Intent { flg=0x10000000 cmp=org.randomcoder.udroid.dev/org.randomcoder.udroid.gfxstream.GfxstreamPresenterProbeActivity } baseActivity=null topActivity=null origActivity=null realActivity=ComponentInfo{org.randomcoder.udroid.dev/org.randomcoder.udroid.gfxstream.GfxstreamPresenterProbeActivity} realActivityIsAppLockEnabled=false numActivities=0 lastActiveTime=61949598 supportsMultiWindow=true supportsMultiWindowWithoutConstraints=true resizeMode=1 isResizeable=true minWidth=-1 minHeight=-1 defaultMinSize=220 token=WCT{RemoteToken{896d01a Task{7f4cf47 #425 type=standard A=10337:org.randomcoder.udroid.dev}}} topActivityType=1 pictureInPictureParams=null shouldDockBigOverlays=false launchIntoPipHostTaskId=-1 lastParentTaskIdBeforePip=-1 displayCutoutSafeInsets=Rect(0, 0 - 0, 0) topActivityInfo=null launchCookies=[] positionInParent=Point(0, 0) parentTaskId=-1 isFocused=true isInteractive=true isVisible=true isVisibleRequested=true isTopActivityNoDisplay=false isSleeping=false locusId=null displayAreaFeatureId=1 isTopActivityTransparent=false isActivityStackTransparent=true lastNonFullscreenBounds=Rect(1043, 145 - 1357, 946) leafTaskBoundsFromOptions= false capturedLink=null capturedLinkTimestamp=0 requestedVisibleTypes=503 topActivityRequestOpenInBrowserEducationTimestamp=0 appCompatTaskInfo=AppCompatTaskInfo { topActivityInSizeCompat=false isLeafTask= true eligibleForLetterboxEducation= false isLetterboxEducationEnabled= false isLetterboxDoubleTapEnabled= false eligibleForUserAspectRatioButton= false topActivityBoundsLetterboxed= false isFromLetterboxDoubleTap= false topActivityLetterboxVerticalPosition= -1 topActivityLetterboxHorizontalPosition= -1 topActivityLetterboxWidth=-1 topActivityLetterboxHeight=-1 topActivityAppBounds=Rect(0, 0 - 0, 0) isUserFullscreenOverrideEnabled=false isSystemFullscreenOverrideEnabled=false hasMinAspectRatioOverride=false topActivityLetterboxBounds=null topNonResizableActivityAspectRatio=-1.0} topActivityMainWindowFrame=null isAppBubble=false}, pipChange = null, remoteTransitionInfo = null, displayChanges = null, requestedLocation = null, userChange = null, windowingLayerChange = null, fullscreenRequestChange = null, flags = 0, debugId = 243 }
09-10 11:34:24.055  1821  1862 V WindowManager:     startWCT=WindowContainerTransaction { changes= {} hops= [] flags= 0 errorCallbackToken=null taskFragmentOrganizer=null }
09-10 11:34:24.055  1821  1862 V WindowManager:     info={id=243 t=CLOSE f=0x0 trk=0 r=[0@Point(0, 0)] c=[
09-10 11:34:24.055  1821  1862 V WindowManager:         {WCT{RemoteToken{88d36e Task{547c1ba #426 type=standard A=10337:org.randomcoder.udroid.dev}}} m=OPEN f=MOVE_TO_TOP|FLAG_CHANGED_INTERACTIVE leash=Surface(name=Task=426#4040)/@0x513ff17 sb=Rect(0, 0 - 2400, 1080) eb=Rect(0, 0 - 2400, 1080) epz=Point(2400, 1080) d=0 taskParent=-1 winMode=1 userId=0},
09-10 11:34:24.055  1821  1862 V WindowManager:         {WCT{RemoteToken{896d01a Task{7f4cf47 #425 type=standard A=10337:org.randomcoder.udroid.dev}}} m=CLOSE f=FLAG_CHANGED_INTERACTIVE leash=Surface(name=Task=425#4010)/@0x83cb10e sb=Rect(0, 0 - 2400, 1080) eb=Rect(0, 0 - 2400, 1080) epz=Point(2400, 1080) d=0 taskParent=-1 winMode=1 userId=0}
09-10 11:34:24.055  1821  1862 V WindowManager:     ]}
09-10 11:34:24.057  2542  2565 V WindowManagerShell: loadAnimation: anim=android.view.animation.AnimationSet@d68c812 animAttr=0xa type=CLOSE isEntrance=true
09-10 11:34:24.058  2542  2565 V WindowManagerShell:  animated by com.android.wm.shell.transition.DefaultTransitionHandler@4945206
09-10 11:34:24.058  2542  2565 V ShellTaskOrganizer: Task appeared taskId=426 listener=FullscreenTaskListener
09-10 11:34:24.058  2542  2565 V ShellTaskOrganizer: Fullscreen Task Appeared: #426
09-10 11:34:24.058  2542  2565 D ShellPackageUpdate: PackageUpdateController: Setting handlePackageUpdate for task: 426
09-10 11:34:24.058  1821  5941 E TransitionChain: Can't collect into a chain with no transition
09-10 11:34:24.058  2542  2565 V RecentTasksController: Notify recent tasks changed
09-10 11:34:24.058  2836  2836 D RecentTasksList: invalidateLoadedTasks - previous requestLoadId: -1
09-10 11:34:24.061 30380 30380 D DesktopExperienceFlags: Toggle override initialized to: false
09-10 11:34:24.069  6025  6449 W ContentResolver: Failed to get type for: content://media/external/file/19259
09-10 11:34:24.069  6025  6449 W ContentResolver: java.lang.IllegalArgumentException: No item at content://media/external/file/19259
09-10 11:34:24.069  6025  6449 W ContentResolver: 	at java.lang.reflect.Constructor.newInstance0(Native Method)
09-10 11:34:24.069  6025  6449 W ContentResolver: 	at java.lang.reflect.Constructor.newInstance(Constructor.java:341)
09-10 11:34:24.069  6025  6449 W ContentResolver: 	at android.os.ParcelableException.readFromParcel(ParcelableException.java:56)
09-10 11:34:24.069  6025  6449 W ContentResolver: 	at android.os.ParcelableException$1.createFromParcel(ParcelableException.java:82)
09-10 11:34:24.069  6025  6449 W ContentResolver: 	at android.os.ParcelableException$1.createFromParcel(ParcelableException.java:79)
09-10 11:34:24.069  6025  6449 W ContentResolver: 	at android.os.Parcel.readParcelableInternal(Parcel.java:5281)
09-10 11:34:24.069  6025  6449 W ContentResolver: 	at android.os.Parcel.readValue(Parcel.java:5031)
09-10 11:34:24.069  6025  6449 W ContentResolver: 	at android.os.Parcel.readValue(Parcel.java:4761)
09-10 11:34:24.069  6025  6449 W ContentResolver: 	at android.os.Parcel.-$$Nest$mreadValue(Parcel.java:0)
09-10 11:34:24.069  6025  6449 W ContentResolver: 	at android.os.Parcel$LazyValue.apply(Parcel.java:4876)
09-10 11:34:24.069  6025  6449 W ContentResolver: 	at android.os.Parcel$LazyValue.apply(Parcel.java:4829)
09-10 11:34:24.069  6025  6449 W ContentResolver: 	at android.os.BaseBundle.unwrapLazyValueFromMapLocked(BaseBundle.java:448)
09-10 11:34:24.069  6025  6449 W ContentResolver: 	at android.os.BaseBundle.getValueAt(BaseBundle.java:428)
09-10 11:34:24.069  6025  6449 W ContentResolver: 	at android.os.BaseBundle.getValue(BaseBundle.java:399)
09-10 11:34:24.069  6025  6449 W ContentResolver: 	at android.os.BaseBundle.getValue(BaseBundle.java:382)
09-10 11:34:24.069  6025  6449 W ContentResolver: 	at android.os.BaseBundle.get(BaseBundle.java:774)
09-10 11:34:24.069  6025  6449 W ContentResolver: 	at android.os.Bundle.getParcelable(Bundle.java:1121)
09-10 11:34:24.069  6025  6449 W ContentResolver: 	at android.content.ContentResolver$ResultListener.onResult(ContentResolver.java:1027)
09-10 11:34:24.069  6025  6449 W ContentResolver: 	at android.os.RemoteCallback.sendResult(RemoteCallback.java:76)
09-10 11:34:24.069  6025  6449 W ContentResolver: 	at android.os.RemoteCallback$1.sendResult(RemoteCallback.java:53)
09-10 11:34:24.069  6025  6449 W ContentResolver: 	at android.os.IRemoteCallback$Stub.onTransact(IRemoteCallback.java:84)
09-10 11:34:24.069  6025  6449 W ContentResolver: 	at android.os.Binder.execTransactInternal(Binder.java:1369)
09-10 11:34:24.069  6025  6449 W ContentResolver: 	at android.os.Binder.execTransact(Binder.java:1323)
09-10 11:34:24.073 30380 30380 D nativeloader: Load /data/app/~~-WiDYLAVNvo9mV0mLdSteg==/org.randomcoder.udroid.dev-KoGPAqqE-FGUDSYwbISW5Q==/lib/arm64/libudroid_ahb_presenter.so using class loader ns clns-9 (caller=/data/app/~~-WiDYLAVNvo9mV0mLdSteg==/org.randomcoder.udroid.dev-KoGPAqqE-FGUDSYwbISW5Q==/base.apk): ok
09-10 11:34:24.080 30380 30380 D CompatChangeReporter: Compat change id reported: 377864165; UID 10337; state: ENABLED
09-10 11:34:24.078 30380 30380 W pool-4-thread-1: type=1400 audit(0.0:9103): avc:  granted  { execute } for  name="udroid-gfxstream-run" dev="dm-57" ino=264651 scontext=u:r:untrusted_app_34:s0:c81,c257,c512,c768 tcontext=u:object_r:app_data_file:s0:c81,c257,c512,c768 tclass=file app=org.randomcoder.udroid.dev
09-10 11:34:24.082  6025  6449 W ContentResolver: Failed to get type for: content://media/external/file/19259
09-10 11:34:24.082  6025  6449 W ContentResolver: java.lang.IllegalArgumentException: No item at content://media/external/file/19259
09-10 11:34:24.082  6025  6449 W ContentResolver: 	at java.lang.reflect.Constructor.newInstance0(Native Method)
09-10 11:34:24.082  6025  6449 W ContentResolver: 	at java.lang.reflect.Constructor.newInstance(Constructor.java:341)
09-10 11:34:24.082  6025  6449 W ContentResolver: 	at android.os.ParcelableException.readFromParcel(ParcelableException.java:56)
09-10 11:34:24.082  6025  6449 W ContentResolver: 	at android.os.ParcelableException$1.createFromParcel(ParcelableException.java:82)
09-10 11:34:24.082  6025  6449 W ContentResolver: 	at android.os.ParcelableException$1.createFromParcel(ParcelableException.java:79)
09-10 11:34:24.082  6025  6449 W ContentResolver: 	at android.os.Parcel.readParcelableInternal(Parcel.java:5281)
09-10 11:34:24.082  6025  6449 W ContentResolver: 	at android.os.Parcel.readValue(Parcel.java:5031)
09-10 11:34:24.082  6025  6449 W ContentResolver: 	at android.os.Parcel.readValue(Parcel.java:4761)
09-10 11:34:24.082  6025  6449 W ContentResolver: 	at android.os.Parcel.-$$Nest$mreadValue(Parcel.java:0)
09-10 11:34:24.082  6025  6449 W ContentResolver: 	at android.os.Parcel$LazyValue.apply(Parcel.java:4876)
09-10 11:34:24.082  6025  6449 W ContentResolver: 	at android.os.Parcel$LazyValue.apply(Parcel.java:4829)
09-10 11:34:24.082  6025  6449 W ContentResolver: 	at android.os.BaseBundle.unwrapLazyValueFromMapLocked(BaseBundle.java:448)
09-10 11:34:24.082  6025  6449 W ContentResolver: 	at android.os.BaseBundle.getValueAt(BaseBundle.java:428)
09-10 11:34:24.082  6025  6449 W ContentResolver: 	at android.os.BaseBundle.getValue(BaseBundle.java:399)
09-10 11:34:24.082  6025  6449 W ContentResolver: 	at android.os.BaseBundle.getValue(BaseBundle.java:382)
09-10 11:34:24.082  6025  6449 W ContentResolver: 	at android.os.BaseBundle.get(BaseBundle.java:774)
09-10 11:34:24.082  6025  6449 W ContentResolver: 	at android.os.Bundle.getParcelable(Bundle.java:1121)
09-10 11:34:24.082  6025  6449 W ContentResolver: 	at android.content.ContentResolver$ResultListener.onResult(ContentResolver.java:1027)
09-10 11:34:24.082  6025  6449 W ContentResolver: 	at android.os.RemoteCallback.sendResult(RemoteCallback.java:76)
09-10 11:34:24.082  6025  6449 W ContentResolver: 	at android.os.RemoteCallback$1.sendResult(RemoteCallback.java:53)
09-10 11:34:24.082  6025  6449 W ContentResolver: 	at android.os.IRemoteCallback$Stub.onTransact(IRemoteCallback.java:84)
09-10 11:34:24.082  6025  6449 W ContentResolver: 	at android.os.Binder.execTransactInternal(Binder.java:1369)
09-10 11:34:24.082  6025  6449 W ContentResolver: 	at android.os.Binder.execTransact(Binder.java:1323)
09-10 11:34:24.088   542   600 E hwc-display: [PrimaryDisplay] resetColorMappingInfoForClientComp:: resetColorMappingInfo() idx=1 error(-22)
09-10 11:34:24.088   542   600 E hwc-display: Fail to open file /data/vendor/log/hwc/PrimaryDisplay_hwc_error_log0.txt, error: Permission denied
09-10 11:34:24.088   542   600 E hwc-display: Fail to open file /data/log/PrimaryDisplay_hwc_error_log0.txt, error: No such file or directory
09-10 11:34:24.088   542   600 E hwc-display: Unable to open log file for PrimaryDisplay_hwc_error_log0.txt
09-10 11:34:24.088   542   600 E hwc-display: [PrimaryDisplay] resetColorMappingInfoForClientComp:: resetColorMappingInfo() idx=2 error(-22)
09-10 11:34:24.088   542   600 E hwc-display: Fail to open file /data/vendor/log/hwc/PrimaryDisplay_hwc_error_log0.txt, error: Permission denied
09-10 11:34:24.088   542   600 E hwc-display: Fail to open file /data/log/PrimaryDisplay_hwc_error_log0.txt, error: No such file or directory
09-10 11:34:24.088   542   600 E hwc-display: Unable to open log file for PrimaryDisplay_hwc_error_log0.txt
09-10 11:34:24.088   542   600 E hwc-display: [PrimaryDisplay] resetColorMappingInfoForClientComp:: resetColorMappingInfo() idx=3 error(-22)
09-10 11:34:24.088   542   600 E hwc-display: Fail to open file /data/vendor/log/hwc/PrimaryDisplay_hwc_error_log0.txt, error: Permission denied
09-10 11:34:24.088   542   600 E hwc-display: Fail to open file /data/log/PrimaryDisplay_hwc_error_log0.txt, error: No such file or directory
09-10 11:34:24.088   542   600 E hwc-display: Unable to open log file for PrimaryDisplay_hwc_error_log0.txt
09-10 11:34:24.089 30380 30380 I ContentCaptureHelper: Setting logging level to OFF
09-10 11:34:24.086   542   542 W HwBinder:542_2: type=1400 audit(0.0:9104): avc:  denied  { search } for  name="log" dev="dm-57" ino=709 scontext=u:r:hal_graphics_composer_default:s0 tcontext=u:object_r:vendor_log_file:s0 tclass=dir permissive=0
09-10 11:34:24.086   542   542 W HwBinder:542_2: type=1400 audit(0.0:9105): avc:  denied  { search } for  name="log" dev="dm-57" ino=709 scontext=u:r:hal_graphics_composer_default:s0 tcontext=u:object_r:vendor_log_file:s0 tclass=dir permissive=0
09-10 11:34:24.086   542   542 W HwBinder:542_2: type=1400 audit(0.0:9106): avc:  denied  { search } for  name="log" dev="dm-57" ino=709 scontext=u:r:hal_graphics_composer_default:s0 tcontext=u:object_r:vendor_log_file:s0 tclass=dir permissive=0
09-10 11:34:24.086   542   542 W HwBinder:542_2: type=1400 audit(0.0:9107): avc:  denied  { search } for  name="log" dev="dm-57" ino=709 scontext=u:r:hal_graphics_composer_default:s0 tcontext=u:object_r:vendor_log_file:s0 tclass=dir permissive=0
09-10 11:34:24.098  6025  6449 W ContentResolver: Failed to get type for: content://media/external/file/19260
09-10 11:34:24.098  6025  6449 W ContentResolver: java.lang.IllegalArgumentException: No item at content://media/external/file/19260
09-10 11:34:24.098  6025  6449 W ContentResolver: 	at java.lang.reflect.Constructor.newInstance0(Native Method)
09-10 11:34:24.098  6025  6449 W ContentResolver: 	at java.lang.reflect.Constructor.newInstance(Constructor.java:341)
09-10 11:34:24.098  6025  6449 W ContentResolver: 	at android.os.ParcelableException.readFromParcel(ParcelableException.java:56)
09-10 11:34:24.098  6025  6449 W ContentResolver: 	at android.os.ParcelableException$1.createFromParcel(ParcelableException.java:82)
09-10 11:34:24.098  6025  6449 W ContentResolver: 	at android.os.ParcelableException$1.createFromParcel(ParcelableException.java:79)
09-10 11:34:24.098  6025  6449 W ContentResolver: 	at android.os.Parcel.readParcelableInternal(Parcel.java:5281)
09-10 11:34:24.098  6025  6449 W ContentResolver: 	at android.os.Parcel.readValue(Parcel.java:5031)
09-10 11:34:24.098  6025  6449 W ContentResolver: 	at android.os.Parcel.readValue(Parcel.java:4761)
09-10 11:34:24.098  6025  6449 W ContentResolver: 	at android.os.Parcel.-$$Nest$mreadValue(Parcel.java:0)
09-10 11:34:24.098  6025  6449 W ContentResolver: 	at android.os.Parcel$LazyValue.apply(Parcel.java:4876)
09-10 11:34:24.098  6025  6449 W ContentResolver: 	at android.os.Parcel$LazyValue.apply(Parcel.java:4829)
09-10 11:34:24.098  6025  6449 W ContentResolver: 	at android.os.BaseBundle.unwrapLazyValueFromMapLocked(BaseBundle.java:448)
09-10 11:34:24.098  6025  6449 W ContentResolver: 	at android.os.BaseBundle.getValueAt(BaseBundle.java:428)
09-10 11:34:24.098  6025  6449 W ContentResolver: 	at android.os.BaseBundle.getValue(BaseBundle.java:399)
09-10 11:34:24.098  6025  6449 W ContentResolver: 	at android.os.BaseBundle.getValue(BaseBundle.java:382)
09-10 11:34:24.098  6025  6449 W ContentResolver: 	at android.os.BaseBundle.get(BaseBundle.java:774)
09-10 11:34:24.098  6025  6449 W ContentResolver: 	at android.os.Bundle.getParcelable(Bundle.java:1121)
09-10 11:34:24.098  6025  6449 W ContentResolver: 	at android.content.ContentResolver$ResultListener.onResult(ContentResolver.java:1027)
09-10 11:34:24.098  6025  6449 W ContentResolver: 	at android.os.RemoteCallback.sendResult(RemoteCallback.java:76)
09-10 11:34:24.098  6025  6449 W ContentResolver: 	at android.os.RemoteCallback$1.sendResult(RemoteCallback.java:53)
09-10 11:34:24.098  6025  6449 W ContentResolver: 	at android.os.IRemoteCallback$Stub.onTransact(IRemoteCallback.java:84)
09-10 11:34:24.098  6025  6449 W ContentResolver: 	at android.os.Binder.execTransactInternal(Binder.java:1369)
09-10 11:34:24.098  6025  6449 W ContentResolver: 	at android.os.Binder.execTransact(Binder.java:1323)
09-10 11:34:24.104  6025  6449 W ContentResolver: Failed to get type for: content://media/external/file/19261
09-10 11:34:24.104  6025  6449 W ContentResolver: java.lang.IllegalArgumentException: No item at content://media/external/file/19261
09-10 11:34:24.104  6025  6449 W ContentResolver: 	at java.lang.reflect.Constructor.newInstance0(Native Method)
09-10 11:34:24.104  6025  6449 W ContentResolver: 	at java.lang.reflect.Constructor.newInstance(Constructor.java:341)
09-10 11:34:24.104  6025  6449 W ContentResolver: 	at android.os.ParcelableException.readFromParcel(ParcelableException.java:56)
09-10 11:34:24.104  6025  6449 W ContentResolver: 	at android.os.ParcelableException$1.createFromParcel(ParcelableException.java:82)
09-10 11:34:24.104  6025  6449 W ContentResolver: 	at android.os.ParcelableException$1.createFromParcel(ParcelableException.java:79)
09-10 11:34:24.104  6025  6449 W ContentResolver: 	at android.os.Parcel.readParcelableInternal(Parcel.java:5281)
09-10 11:34:24.104  6025  6449 W ContentResolver: 	at android.os.Parcel.readValue(Parcel.java:5031)
09-10 11:34:24.104  6025  6449 W ContentResolver: 	at android.os.Parcel.readValue(Parcel.java:4761)
09-10 11:34:24.104  6025  6449 W ContentResolver: 	at android.os.Parcel.-$$Nest$mreadValue(Parcel.java:0)
09-10 11:34:24.104  6025  6449 W ContentResolver: 	at android.os.Parcel$LazyValue.apply(Parcel.java:4876)
09-10 11:34:24.104  6025  6449 W ContentResolver: 	at android.os.Parcel$LazyValue.apply(Parcel.java:4829)
09-10 11:34:24.104  6025  6449 W ContentResolver: 	at android.os.BaseBundle.unwrapLazyValueFromMapLocked(BaseBundle.java:448)
09-10 11:34:24.104  6025  6449 W ContentResolver: 	at android.os.BaseBundle.getValueAt(BaseBundle.java:428)
09-10 11:34:24.104  6025  6449 W ContentResolver: 	at android.os.BaseBundle.getValue(BaseBundle.java:399)
09-10 11:34:24.104  6025  6449 W ContentResolver: 	at android.os.BaseBundle.getValue(BaseBundle.java:382)
09-10 11:34:24.104  6025  6449 W ContentResolver: 	at android.os.BaseBundle.get(BaseBundle.java:774)
09-10 11:34:24.104  6025  6449 W ContentResolver: 	at android.os.Bundle.getParcelable(Bundle.java:1121)
09-10 11:34:24.104  6025  6449 W ContentResolver: 	at android.content.ContentResolver$ResultListener.onResult(ContentResolver.java:1027)
09-10 11:34:24.104  6025  6449 W ContentResolver: 	at android.os.RemoteCallback.sendResult(RemoteCallback.java:76)
09-10 11:34:24.104  6025  6449 W ContentResolver: 	at android.os.RemoteCallback$1.sendResult(RemoteCallback.java:53)
09-10 11:34:24.104  6025  6449 W ContentResolver: 	at android.os.IRemoteCallback$Stub.onTransact(IRemoteCallback.java:84)
09-10 11:34:24.104  6025  6449 W ContentResolver: 	at android.os.Binder.execTransactInternal(Binder.java:1369)
09-10 11:34:24.104  6025  6449 W ContentResolver: 	at android.os.Binder.execTransact(Binder.java:1323)
09-10 11:34:24.104  5171  5178 W oid.apps.photos: Reducing the number of considered missed Gc histogram windows from 246 to 100
09-10 11:34:24.108  6025  6449 W ContentResolver: Failed to get type for: content://media/external/file/19261
09-10 11:34:24.108  6025  6449 W ContentResolver: java.lang.IllegalArgumentException: No item at content://media/external/file/19261
09-10 11:34:24.108  6025  6449 W ContentResolver: 	at java.lang.reflect.Constructor.newInstance0(Native Method)
09-10 11:34:24.108  6025  6449 W ContentResolver: 	at java.lang.reflect.Constructor.newInstance(Constructor.java:341)
09-10 11:34:24.108  6025  6449 W ContentResolver: 	at android.os.ParcelableException.readFromParcel(ParcelableException.java:56)
09-10 11:34:24.108  6025  6449 W ContentResolver: 	at android.os.ParcelableException$1.createFromParcel(ParcelableException.java:82)
09-10 11:34:24.108  6025  6449 W ContentResolver: 	at android.os.ParcelableException$1.createFromParcel(ParcelableException.java:79)
09-10 11:34:24.108  6025  6449 W ContentResolver: 	at android.os.Parcel.readParcelableInternal(Parcel.java:5281)
09-10 11:34:24.108  6025  6449 W ContentResolver: 	at android.os.Parcel.readValue(Parcel.java:5031)
09-10 11:34:24.108  6025  6449 W ContentResolver: 	at android.os.Parcel.readValue(Parcel.java:4761)
09-10 11:34:24.108  6025  6449 W ContentResolver: 	at android.os.Parcel.-$$Nest$mreadValue(Parcel.java:0)
09-10 11:34:24.108  6025  6449 W ContentResolver: 	at android.os.Parcel$LazyValue.apply(Parcel.java:4876)
09-10 11:34:24.108  6025  6449 W ContentResolver: 	at android.os.Parcel$LazyValue.apply(Parcel.java:4829)
09-10 11:34:24.108  6025  6449 W ContentResolver: 	at android.os.BaseBundle.unwrapLazyValueFromMapLocked(BaseBundle.java:448)
09-10 11:34:24.108  6025  6449 W ContentResolver: 	at android.os.BaseBundle.getValueAt(BaseBundle.java:428)
09-10 11:34:24.108  6025  6449 W ContentResolver: 	at android.os.BaseBundle.getValue(BaseBundle.java:399)
09-10 11:34:24.108  6025  6449 W ContentResolver: 	at android.os.BaseBundle.getValue(BaseBundle.java:382)
09-10 11:34:24.108  6025  6449 W ContentResolver: 	at android.os.BaseBundle.get(BaseBundle.java:774)
09-10 11:34:24.108  6025  6449 W ContentResolver: 	at android.os.Bundle.getParcelable(Bundle.java:1121)
09-10 11:34:24.108  6025  6449 W ContentResolver: 	at android.content.ContentResolver$ResultListener.onResult(ContentResolver.java:1027)
09-10 11:34:24.108  6025  6449 W ContentResolver: 	at android.os.RemoteCallback.sendResult(RemoteCallback.java:76)
09-10 11:34:24.108  6025  6449 W ContentResolver: 	at android.os.RemoteCallback$1.sendResult(RemoteCallback.java:53)
09-10 11:34:24.108  6025  6449 W ContentResolver: 	at android.os.IRemoteCallback$Stub.onTransact(IRemoteCallback.java:84)
09-10 11:34:24.108  6025  6449 W ContentResolver: 	at android.os.Binder.execTransactInternal(Binder.java:1369)
09-10 11:34:24.108  6025  6449 W ContentResolver: 	at android.os.Binder.execTransact(Binder.java:1323)
09-10 11:34:24.109  1821  2153 W InputChannel-JNI: Channel already disposed.
09-10 11:34:24.112  6025  6449 W ContentResolver: Failed to get type for: content://media/external/file/19262
09-10 11:34:24.112  6025  6449 W ContentResolver: java.lang.IllegalArgumentException: No item at content://media/external/file/19262
09-10 11:34:24.112  6025  6449 W ContentResolver: 	at java.lang.reflect.Constructor.newInstance0(Native Method)
09-10 11:34:24.112  6025  6449 W ContentResolver: 	at java.lang.reflect.Constructor.newInstance(Constructor.java:341)
09-10 11:34:24.112  6025  6449 W ContentResolver: 	at android.os.ParcelableException.readFromParcel(ParcelableException.java:56)
09-10 11:34:24.112  6025  6449 W ContentResolver: 	at android.os.ParcelableException$1.createFromParcel(ParcelableException.java:82)
09-10 11:34:24.112  6025  6449 W ContentResolver: 	at android.os.ParcelableException$1.createFromParcel(ParcelableException.java:79)
09-10 11:34:24.112  6025  6449 W ContentResolver: 	at android.os.Parcel.readParcelableInternal(Parcel.java:5281)
09-10 11:34:24.112  6025  6449 W ContentResolver: 	at android.os.Parcel.readValue(Parcel.java:5031)
09-10 11:34:24.112  6025  6449 W ContentResolver: 	at android.os.Parcel.readValue(Parcel.java:4761)
09-10 11:34:24.112  6025  6449 W ContentResolver: 	at android.os.Parcel.-$$Nest$mreadValue(Parcel.java:0)
09-10 11:34:24.112  6025  6449 W ContentResolver: 	at android.os.Parcel$LazyValue.apply(Parcel.java:4876)
09-10 11:34:24.112  6025  6449 W ContentResolver: 	at android.os.Parcel$LazyValue.apply(Parcel.java:4829)
09-10 11:34:24.112  6025  6449 W ContentResolver: 	at android.os.BaseBundle.unwrapLazyValueFromMapLocked(BaseBundle.java:448)
09-10 11:34:24.112  6025  6449 W ContentResolver: 	at android.os.BaseBundle.getValueAt(BaseBundle.java:428)
09-10 11:34:24.112  6025  6449 W ContentResolver: 	at android.os.BaseBundle.getValue(BaseBundle.java:399)
09-10 11:34:24.112  6025  6449 W ContentResolver: 	at android.os.BaseBundle.getValue(BaseBundle.java:382)
09-10 11:34:24.112  6025  6449 W ContentResolver: 	at android.os.BaseBundle.get(BaseBundle.java:774)
09-10 11:34:24.112  6025  6449 W ContentResolver: 	at android.os.Bundle.getParcelable(Bundle.java:1121)
09-10 11:34:24.112  6025  6449 W ContentResolver: 	at android.content.ContentResolver$ResultListener.onResult(ContentResolver.java:1027)
09-10 11:34:24.112  6025  6449 W ContentResolver: 	at android.os.RemoteCallback.sendResult(RemoteCallback.java:76)
09-10 11:34:24.112  6025  6449 W ContentResolver: 	at android.os.RemoteCallback$1.sendResult(RemoteCallback.java:53)
09-10 11:34:24.112  6025  6449 W ContentResolver: 	at android.os.IRemoteCallback$Stub.onTransact(IRemoteCallback.java:84)
09-10 11:34:24.112  6025  6449 W ContentResolver: 	at android.os.Binder.execTransactInternal(Binder.java:1369)
09-10 11:34:24.112  6025  6449 W ContentResolver: 	at android.os.Binder.execTransact(Binder.java:1323)
09-10 11:34:24.115  6025  6449 W ContentResolver: Failed to get type for: content://media/external/file/19263
09-10 11:34:24.115  6025  6449 W ContentResolver: java.lang.IllegalArgumentException: No item at content://media/external/file/19263
09-10 11:34:24.115  6025  6449 W ContentResolver: 	at java.lang.reflect.Constructor.newInstance0(Native Method)
09-10 11:34:24.115  6025  6449 W ContentResolver: 	at java.lang.reflect.Constructor.newInstance(Constructor.java:341)
09-10 11:34:24.115  6025  6449 W ContentResolver: 	at android.os.ParcelableException.readFromParcel(ParcelableException.java:56)
09-10 11:34:24.115  6025  6449 W ContentResolver: 	at android.os.ParcelableException$1.createFromParcel(ParcelableException.java:82)
09-10 11:34:24.115  6025  6449 W ContentResolver: 	at android.os.ParcelableException$1.createFromParcel(ParcelableException.java:79)
09-10 11:34:24.115  6025  6449 W ContentResolver: 	at android.os.Parcel.readParcelableInternal(Parcel.java:5281)
09-10 11:34:24.115  6025  6449 W ContentResolver: 	at android.os.Parcel.readValue(Parcel.java:5031)
09-10 11:34:24.115  6025  6449 W ContentResolver: 	at android.os.Parcel.readValue(Parcel.java:4761)
09-10 11:34:24.115  6025  6449 W ContentResolver: 	at android.os.Parcel.-$$Nest$mreadValue(Parcel.java:0)
09-10 11:34:24.115  6025  6449 W ContentResolver: 	at android.os.Parcel$LazyValue.apply(Parcel.java:4876)
09-10 11:34:24.115  6025  6449 W ContentResolver: 	at android.os.Parcel$LazyValue.apply(Parcel.java:4829)
09-10 11:34:24.115  6025  6449 W ContentResolver: 	at android.os.BaseBundle.unwrapLazyValueFromMapLocked(BaseBundle.java:448)
09-10 11:34:24.115  6025  6449 W ContentResolver: 	at android.os.BaseBundle.getValueAt(BaseBundle.java:428)
09-10 11:34:24.115  6025  6449 W ContentResolver: 	at android.os.BaseBundle.getValue(BaseBundle.java:399)
09-10 11:34:24.115  6025  6449 W ContentResolver: 	at android.os.BaseBundle.getValue(BaseBundle.java:382)
09-10 11:34:24.115  6025  6449 W ContentResolver: 	at android.os.BaseBundle.get(BaseBundle.java:774)
09-10 11:34:24.115  6025  6449 W ContentResolver: 	at android.os.Bundle.getParcelable(Bundle.java:1121)
09-10 11:34:24.115  6025  6449 W ContentResolver: 	at android.content.ContentResolver$ResultListener.onResult(ContentResolver.java:1027)
09-10 11:34:24.115  6025  6449 W ContentResolver: 	at android.os.RemoteCallback.sendResult(RemoteCallback.java:76)
09-10 11:34:24.115  6025  6449 W ContentResolver: 	at android.os.RemoteCallback$1.sendResult(RemoteCallback.java:53)
09-10 11:34:24.115  6025  6449 W ContentResolver: 	at android.os.IRemoteCallback$Stub.onTransact(IRemoteCallback.java:84)
09-10 11:34:24.115  6025  6449 W ContentResolver: 	at android.os.Binder.execTransactInternal(Binder.java:1369)
09-10 11:34:24.115  6025  6449 W ContentResolver: 	at android.os.Binder.execTransact(Binder.java:1323)
09-10 11:34:24.120  6025  6449 W ContentResolver: Failed to get type for: content://media/external/file/19264
09-10 11:34:24.120  6025  6449 W ContentResolver: java.lang.IllegalArgumentException: No item at content://media/external/file/19264
09-10 11:34:24.120  6025  6449 W ContentResolver: 	at java.lang.reflect.Constructor.newInstance0(Native Method)
09-10 11:34:24.120  6025  6449 W ContentResolver: 	at java.lang.reflect.Constructor.newInstance(Constructor.java:341)
09-10 11:34:24.120  6025  6449 W ContentResolver: 	at android.os.ParcelableException.readFromParcel(ParcelableException.java:56)
09-10 11:34:24.120  6025  6449 W ContentResolver: 	at android.os.ParcelableException$1.createFromParcel(ParcelableException.java:82)
09-10 11:34:24.120  6025  6449 W ContentResolver: 	at android.os.ParcelableException$1.createFromParcel(ParcelableException.java:79)
09-10 11:34:24.120  6025  6449 W ContentResolver: 	at android.os.Parcel.readParcelableInternal(Parcel.java:5281)
09-10 11:34:24.120  6025  6449 W ContentResolver: 	at android.os.Parcel.readValue(Parcel.java:5031)
09-10 11:34:24.120  6025  6449 W ContentResolver: 	at android.os.Parcel.readValue(Parcel.java:4761)
09-10 11:34:24.120  6025  6449 W ContentResolver: 	at android.os.Parcel.-$$Nest$mreadValue(Parcel.java:0)
09-10 11:34:24.120  6025  6449 W ContentResolver: 	at android.os.Parcel$LazyValue.apply(Parcel.java:4876)
09-10 11:34:24.120  6025  6449 W ContentResolver: 	at android.os.Parcel$LazyValue.apply(Parcel.java:4829)
09-10 11:34:24.120  6025  6449 W ContentResolver: 	at android.os.BaseBundle.unwrapLazyValueFromMapLocked(BaseBundle.java:448)
09-10 11:34:24.120  6025  6449 W ContentResolver: 	at android.os.BaseBundle.getValueAt(BaseBundle.java:428)
09-10 11:34:24.120  6025  6449 W ContentResolver: 	at android.os.BaseBundle.getValue(BaseBundle.java:399)
09-10 11:34:24.120  6025  6449 W ContentResolver: 	at android.os.BaseBundle.getValue(BaseBundle.java:382)
09-10 11:34:24.120  6025  6449 W ContentResolver: 	at android.os.BaseBundle.get(BaseBundle.java:774)
09-10 11:34:24.120  6025  6449 W ContentResolver: 	at android.os.Bundle.getParcelable(Bundle.java:1121)
09-10 11:34:24.120  6025  6449 W ContentResolver: 	at android.content.ContentResolver$ResultListener.onResult(ContentResolver.java:1027)
09-10 11:34:24.120  6025  6449 W ContentResolver: 	at android.os.RemoteCallback.sendResult(RemoteCallback.java:76)
09-10 11:34:24.120  6025  6449 W ContentResolver: 	at android.os.RemoteCallback$1.sendResult(RemoteCallback.java:53)
09-10 11:34:24.120  6025  6449 W ContentResolver: 	at android.os.IRemoteCallback$Stub.onTransact(IRemoteCallback.java:84)
09-10 11:34:24.120  6025  6449 W ContentResolver: 	at android.os.Binder.execTransactInternal(Binder.java:1369)
09-10 11:34:24.120  6025  6449 W ContentResolver: 	at android.os.Binder.execTransact(Binder.java:1323)
09-10 11:34:24.121 30380 30380 D WindowOnBackDispatcher: setTopOnBackInvokedCallback (unwrapped): android.app.Activity$$ExternalSyntheticLambda0@c5b6e77
09-10 11:34:24.121  1821  2153 D CoreBackPreview: Window{8dac915 u0 org.randomcoder.udroid.dev/org.randomcoder.udroid.gfxstream.GfxstreamPresenterProbeActivity}: Setting back callback OnBackInvokedCallbackInfo{mCallback=android.window.IOnBackInvokedCallback$Stub$Proxy@f8f68f6, mPriority=-1, mIsAnimationCallback=false, mOverrideBehavior=0}
09-10 11:34:24.122 30380 30380 D VRI[GfxstreamPresenterProbeActivity]: WindowInsets changed: 2400x1080 statusBars:[0,74,0,0] navigationBars:[0,0,0,63] mandatorySystemGestures:[0,74,0,84] 
09-10 11:34:24.122 30380 30380 I HWUI    : Using FreeType backend (prop=Auto)
09-10 11:34:24.124  6025  6449 W ContentResolver: Failed to get type for: content://media/external/file/19263
09-10 11:34:24.124  6025  6449 W ContentResolver: java.lang.IllegalArgumentException: No item at content://media/external/file/19263
09-10 11:34:24.124  6025  6449 W ContentResolver: 	at java.lang.reflect.Constructor.newInstance0(Native Method)
09-10 11:34:24.124  6025  6449 W ContentResolver: 	at java.lang.reflect.Constructor.newInstance(Constructor.java:341)
09-10 11:34:24.124  6025  6449 W ContentResolver: 	at android.os.ParcelableException.readFromParcel(ParcelableException.java:56)
09-10 11:34:24.124  6025  6449 W ContentResolver: 	at android.os.ParcelableException$1.createFromParcel(ParcelableException.java:82)
09-10 11:34:24.124  6025  6449 W ContentResolver: 	at android.os.ParcelableException$1.createFromParcel(ParcelableException.java:79)
09-10 11:34:24.124  6025  6449 W ContentResolver: 	at android.os.Parcel.readParcelableInternal(Parcel.java:5281)
09-10 11:34:24.124  6025  6449 W ContentResolver: 	at android.os.Parcel.readValue(Parcel.java:5031)
09-10 11:34:24.124  6025  6449 W ContentResolver: 	at android.os.Parcel.readValue(Parcel.java:4761)
09-10 11:34:24.124  6025  6449 W ContentResolver: 	at android.os.Parcel.-$$Nest$mreadValue(Parcel.java:0)
09-10 11:34:24.124  6025  6449 W ContentResolver: 	at android.os.Parcel$LazyValue.apply(Parcel.java:4876)
09-10 11:34:24.124  6025  6449 W ContentResolver: 	at android.os.Parcel$LazyValue.apply(Parcel.java:4829)
09-10 11:34:24.124  6025  6449 W ContentResolver: 	at android.os.BaseBundle.unwrapLazyValueFromMapLocked(BaseBundle.java:448)
09-10 11:34:24.124  6025  6449 W ContentResolver: 	at android.os.BaseBundle.getValueAt(BaseBundle.java:428)
09-10 11:34:24.124  6025  6449 W ContentResolver: 	at android.os.BaseBundle.getValue(BaseBundle.java:399)
09-10 11:34:24.124  6025  6449 W ContentResolver: 	at android.os.BaseBundle.getValue(BaseBundle.java:382)
09-10 11:34:24.124  6025  6449 W ContentResolver: 	at android.os.BaseBundle.get(BaseBundle.java:774)
09-10 11:34:24.124  6025  6449 W ContentResolver: 	at android.os.Bundle.getParcelable(Bundle.java:1121)
09-10 11:34:24.124  6025  6449 W ContentResolver: 	at android.content.ContentResolver$ResultListener.onResult(ContentResolver.java:1027)
09-10 11:34:24.124  6025  6449 W ContentResolver: 	at android.os.RemoteCallback.sendResult(RemoteCallback.java:76)
09-10 11:34:24.124  6025  6449 W ContentResolver: 	at android.os.RemoteCallback$1.sendResult(RemoteCallback.java:53)
09-10 11:34:24.124  6025  6449 W ContentResolver: 	at android.os.IRemoteCallback$Stub.onTransact(IRemoteCallback.java:84)
09-10 11:34:24.124  6025  6449 W ContentResolver: 	at android.os.Binder.execTransactInternal(Binder.java:1369)
09-10 11:34:24.124  6025  6449 W ContentResolver: 	at android.os.Binder.execTransact(Binder.java:1323)
09-10 11:34:24.124  1821  5945 D WindowManager: setClientSurface Surface(name=VRI-org.randomcoder.udroid.dev/org.randomcoder.udroid.gfxstream.GfxstreamPresenterProbeActivity#4050)/@0x64ed4f7 for 8dac915 org.randomcoder.udroid.dev/org.randomcoder.udroid.gfxstream.GfxstreamPresenterProbeActivity
09-10 11:34:24.127 30380 30380 I Surface : Creating surface for consumer unnamed-30380-0 with slotExpansion=1 for 64 slots
09-10 11:34:24.128 30380 30380 I Surface : Creating surface for consumer VRI[GfxstreamPresenterProbeActivity]#0(BLAST Consumer)0 with slotExpansion=1 for 64 slots
09-10 11:34:24.128  6025  6449 W ContentResolver: Failed to get type for: content://media/external/file/19265
09-10 11:34:24.128  6025  6449 W ContentResolver: java.lang.IllegalArgumentException: No item at content://media/external/file/19265
09-10 11:34:24.128  6025  6449 W ContentResolver: 	at java.lang.reflect.Constructor.newInstance0(Native Method)
09-10 11:34:24.128  6025  6449 W ContentResolver: 	at java.lang.reflect.Constructor.newInstance(Constructor.java:341)
09-10 11:34:24.128  6025  6449 W ContentResolver: 	at android.os.ParcelableException.readFromParcel(ParcelableException.java:56)
09-10 11:34:24.128  6025  6449 W ContentResolver: 	at android.os.ParcelableException$1.createFromParcel(ParcelableException.java:82)
09-10 11:34:24.128  6025  6449 W ContentResolver: 	at android.os.ParcelableException$1.createFromParcel(ParcelableException.java:79)
09-10 11:34:24.128  6025  6449 W ContentResolver: 	at android.os.Parcel.readParcelableInternal(Parcel.java:5281)
09-10 11:34:24.128  6025  6449 W ContentResolver: 	at android.os.Parcel.readValue(Parcel.java:5031)
09-10 11:34:24.128  6025  6449 W ContentResolver: 	at android.os.Parcel.readValue(Parcel.java:4761)
09-10 11:34:24.128  6025  6449 W ContentResolver: 	at android.os.Parcel.-$$Nest$mreadValue(Parcel.java:0)
09-10 11:34:24.128  6025  6449 W ContentResolver: 	at android.os.Parcel$LazyValue.apply(Parcel.java:4876)
09-10 11:34:24.128  6025  6449 W ContentResolver: 	at android.os.Parcel$LazyValue.apply(Parcel.java:4829)
09-10 11:34:24.128  6025  6449 W ContentResolver: 	at android.os.BaseBundle.unwrapLazyValueFromMapLocked(BaseBundle.java:448)
09-10 11:34:24.128  6025  6449 W ContentResolver: 	at android.os.BaseBundle.getValueAt(BaseBundle.java:428)
09-10 11:34:24.128  6025  6449 W ContentResolver: 	at android.os.BaseBundle.getValue(BaseBundle.java:399)
09-10 11:34:24.128  6025  6449 W ContentResolver: 	at android.os.BaseBundle.getValue(BaseBundle.java:382)
09-10 11:34:24.128  6025  6449 W ContentResolver: 	at android.os.BaseBundle.get(BaseBundle.java:774)
09-10 11:34:24.128  6025  6449 W ContentResolver: 	at android.os.Bundle.getParcelable(Bundle.java:1121)
09-10 11:34:24.128  6025  6449 W ContentResolver: 	at android.content.ContentResolver$ResultListener.onResult(ContentResolver.java:1027)
09-10 11:34:24.128  6025  6449 W ContentResolver: 	at android.os.RemoteCallback.sendResult(RemoteCallback.java:76)
09-10 11:34:24.128  6025  6449 W ContentResolver: 	at android.os.RemoteCallback$1.sendResult(RemoteCallback.java:53)
09-10 11:34:24.128  6025  6449 W ContentResolver: 	at android.os.IRemoteCallback$Stub.onTransact(IRemoteCallback.java:84)
09-10 11:34:24.128  6025  6449 W ContentResolver: 	at android.os.Binder.execTransactInternal(Binder.java:1369)
09-10 11:34:24.128  6025  6449 W ContentResolver: 	at android.os.Binder.execTransact(Binder.java:1323)
09-10 11:34:24.130 30380 30380 I Surface : Creating surface for consumer unnamed-30380-1 with slotExpansion=1 for 64 slots
09-10 11:34:24.130 30380 30380 I Surface : Creating surface for consumer b1dfb4d SurfaceView[org.randomcoder.udroid.dev/org.randomcoder.udroid.gfxstream.GfxstreamPresenterProbeActivity]#1(BLAST Consumer)1 with slotExpansion=1 for 64 slots
09-10 11:34:24.131  6025  6449 W ContentResolver: Failed to get type for: content://media/external/file/19266
09-10 11:34:24.131  6025  6449 W ContentResolver: java.lang.IllegalArgumentException: No item at content://media/external/file/19266
09-10 11:34:24.131  6025  6449 W ContentResolver: 	at java.lang.reflect.Constructor.newInstance0(Native Method)
09-10 11:34:24.131  6025  6449 W ContentResolver: 	at java.lang.reflect.Constructor.newInstance(Constructor.java:341)
09-10 11:34:24.131  6025  6449 W ContentResolver: 	at android.os.ParcelableException.readFromParcel(ParcelableException.java:56)
09-10 11:34:24.131  6025  6449 W ContentResolver: 	at android.os.ParcelableException$1.createFromParcel(ParcelableException.java:82)
09-10 11:34:24.131  6025  6449 W ContentResolver: 	at android.os.ParcelableException$1.createFromParcel(ParcelableException.java:79)
09-10 11:34:24.131  6025  6449 W ContentResolver: 	at android.os.Parcel.readParcelableInternal(Parcel.java:5281)
09-10 11:34:24.131  6025  6449 W ContentResolver: 	at android.os.Parcel.readValue(Parcel.java:5031)
09-10 11:34:24.131  6025  6449 W ContentResolver: 	at android.os.Parcel.readValue(Parcel.java:4761)
09-10 11:34:24.131  6025  6449 W ContentResolver: 	at android.os.Parcel.-$$Nest$mreadValue(Parcel.java:0)
09-10 11:34:24.131  6025  6449 W ContentResolver: 	at android.os.Parcel$LazyValue.apply(Parcel.java:4876)
09-10 11:34:24.131  6025  6449 W ContentResolver: 	at android.os.Parcel$LazyValue.apply(Parcel.java:4829)
09-10 11:34:24.131  6025  6449 W ContentResolver: 	at android.os.BaseBundle.unwrapLazyValueFromMapLocked(BaseBundle.java:448)
09-10 11:34:24.131  6025  6449 W ContentResolver: 	at android.os.BaseBundle.getValueAt(BaseBundle.java:428)
09-10 11:34:24.131  6025  6449 W ContentResolver: 	at android.os.BaseBundle.getValue(BaseBundle.java:399)
09-10 11:34:24.131  6025  6449 W ContentResolver: 	at android.os.BaseBundle.getValue(BaseBundle.java:382)
09-10 11:34:24.131  6025  6449 W ContentResolver: 	at android.os.BaseBundle.get(BaseBundle.java:774)
09-10 11:34:24.131  6025  6449 W ContentResolver: 	at android.os.Bundle.getParcelable(Bundle.java:1121)
09-10 11:34:24.131  6025  6449 W ContentResolver: 	at android.content.ContentResolver$ResultListener.onResult(ContentResolver.java:1027)
09-10 11:34:24.131  6025  6449 W ContentResolver: 	at android.os.RemoteCallback.sendResult(RemoteCallback.java:76)
09-10 11:34:24.131  6025  6449 W ContentResolver: 	at android.os.RemoteCallback$1.sendResult(RemoteCallback.java:53)
09-10 11:34:24.131  6025  6449 W ContentResolver: 	at android.os.IRemoteCallback$Stub.onTransact(IRemoteCallback.java:84)
09-10 11:34:24.131  6025  6449 W ContentResolver: 	at android.os.Binder.execTransactInternal(Binder.java:1369)
09-10 11:34:24.131  6025  6449 W ContentResolver: 	at android.os.Binder.execTransact(Binder.java:1323)
09-10 11:34:24.134  6025  6449 W ContentResolver: Failed to get type for: content://media/external/file/19262
09-10 11:34:24.134  6025  6449 W ContentResolver: java.lang.IllegalArgumentException: No item at content://media/external/file/19262
09-10 11:34:24.134  6025  6449 W ContentResolver: 	at java.lang.reflect.Constructor.newInstance0(Native Method)
09-10 11:34:24.134  6025  6449 W ContentResolver: 	at java.lang.reflect.Constructor.newInstance(Constructor.java:341)
09-10 11:34:24.134  6025  6449 W ContentResolver: 	at android.os.ParcelableException.readFromParcel(ParcelableException.java:56)
09-10 11:34:24.134  6025  6449 W ContentResolver: 	at android.os.ParcelableException$1.createFromParcel(ParcelableException.java:82)
09-10 11:34:24.134  6025  6449 W ContentResolver: 	at android.os.ParcelableException$1.createFromParcel(ParcelableException.java:79)
09-10 11:34:24.134  6025  6449 W ContentResolver: 	at android.os.Parcel.readParcelableInternal(Parcel.java:5281)
09-10 11:34:24.134  6025  6449 W ContentResolver: 	at android.os.Parcel.readValue(Parcel.java:5031)
09-10 11:34:24.134  6025  6449 W ContentResolver: 	at android.os.Parcel.readValue(Parcel.java:4761)
09-10 11:34:24.134  6025  6449 W ContentResolver: 	at android.os.Parcel.-$$Nest$mreadValue(Parcel.java:0)
09-10 11:34:24.134  6025  6449 W ContentResolver: 	at android.os.Parcel$LazyValue.apply(Parcel.java:4876)
09-10 11:34:24.134  6025  6449 W ContentResolver: 	at android.os.Parcel$LazyValue.apply(Parcel.java:4829)
09-10 11:34:24.134  6025  6449 W ContentResolver: 	at android.os.BaseBundle.unwrapLazyValueFromMapLocked(BaseBundle.java:448)
09-10 11:34:24.134  6025  6449 W ContentResolver: 	at android.os.BaseBundle.getValueAt(BaseBundle.java:428)
09-10 11:34:24.134  6025  6449 W ContentResolver: 	at android.os.BaseBundle.getValue(BaseBundle.java:399)
09-10 11:34:24.134  6025  6449 W ContentResolver: 	at android.os.BaseBundle.getValue(BaseBundle.java:382)
09-10 11:34:24.134  6025  6449 W ContentResolver: 	at android.os.BaseBundle.get(BaseBundle.java:774)
09-10 11:34:24.134  6025  6449 W ContentResolver: 	at android.os.Bundle.getParcelable(Bundle.java:1121)
09-10 11:34:24.134  6025  6449 W ContentResolver: 	at android.content.ContentResolver$ResultListener.onResult(ContentResolver.java:1027)
09-10 11:34:24.134  6025  6449 W ContentResolver: 	at android.os.RemoteCallback.sendResult(RemoteCallback.java:76)
09-10 11:34:24.134  6025  6449 W ContentResolver: 	at android.os.RemoteCallback$1.sendResult(RemoteCallback.java:53)
09-10 11:34:24.134  6025  6449 W ContentResolver: 	at android.os.IRemoteCallback$Stub.onTransact(IRemoteCallback.java:84)
09-10 11:34:24.134  6025  6449 W ContentResolver: 	at android.os.Binder.execTransactInternal(Binder.java:1369)
09-10 11:34:24.134  6025  6449 W ContentResolver: 	at android.os.Binder.execTransact(Binder.java:1323)
09-10 11:34:24.138  6025  6449 W ContentResolver: Failed to get type for: content://media/external/file/19264
09-10 11:34:24.138  6025  6449 W ContentResolver: java.lang.IllegalArgumentException: No item at content://media/external/file/19264
09-10 11:34:24.138  6025  6449 W ContentResolver: 	at java.lang.reflect.Constructor.newInstance0(Native Method)
09-10 11:34:24.138  6025  6449 W ContentResolver: 	at java.lang.reflect.Constructor.newInstance(Constructor.java:341)
09-10 11:34:24.138  6025  6449 W ContentResolver: 	at android.os.ParcelableException.readFromParcel(ParcelableException.java:56)
09-10 11:34:24.138  6025  6449 W ContentResolver: 	at android.os.ParcelableException$1.createFromParcel(ParcelableException.java:82)
09-10 11:34:24.138  6025  6449 W ContentResolver: 	at android.os.ParcelableException$1.createFromParcel(ParcelableException.java:79)
09-10 11:34:24.138  6025  6449 W ContentResolver: 	at android.os.Parcel.readParcelableInternal(Parcel.java:5281)
09-10 11:34:24.138  6025  6449 W ContentResolver: 	at android.os.Parcel.readValue(Parcel.java:5031)
09-10 11:34:24.138  6025  6449 W ContentResolver: 	at android.os.Parcel.readValue(Parcel.java:4761)
09-10 11:34:24.138  6025  6449 W ContentResolver: 	at android.os.Parcel.-$$Nest$mreadValue(Parcel.java:0)
09-10 11:34:24.138  6025  6449 W ContentResolver: 	at android.os.Parcel$LazyValue.apply(Parcel.java:4876)
09-10 11:34:24.138  6025  6449 W ContentResolver: 	at android.os.Parcel$LazyValue.apply(Parcel.java:4829)
09-10 11:34:24.138  6025  6449 W ContentResolver: 	at android.os.BaseBundle.unwrapLazyValueFromMapLocked(BaseBundle.java:448)
09-10 11:34:24.138  6025  6449 W ContentResolver: 	at android.os.BaseBundle.getValueAt(BaseBundle.java:428)
09-10 11:34:24.138  6025  6449 W ContentResolver: 	at android.os.BaseBundle.getValue(BaseBundle.java:399)
09-10 11:34:24.138  6025  6449 W ContentResolver: 	at android.os.BaseBundle.getValue(BaseBundle.java:382)
09-10 11:34:24.138  6025  6449 W ContentResolver: 	at android.os.BaseBundle.get(BaseBundle.java:774)
09-10 11:34:24.138  6025  6449 W ContentResolver: 	at android.os.Bundle.getParcelable(Bundle.java:1121)
09-10 11:34:24.138  6025  6449 W ContentResolver: 	at android.content.ContentResolver$ResultListener.onResult(ContentResolver.java:1027)
09-10 11:34:24.138  6025  6449 W ContentResolver: 	at android.os.RemoteCallback.sendResult(RemoteCallback.java:76)
09-10 11:34:24.138  6025  6449 W ContentResolver: 	at android.os.RemoteCallback$1.sendResult(RemoteCallback.java:53)
09-10 11:34:24.138  6025  6449 W ContentResolver: 	at android.os.IRemoteCallback$Stub.onTransact(IRemoteCallback.java:84)
09-10 11:34:24.138  6025  6449 W ContentResolver: 	at android.os.Binder.execTransactInternal(Binder.java:1369)
09-10 11:34:24.138  6025  6449 W ContentResolver: 	at android.os.Binder.execTransact(Binder.java:1323)
09-10 11:34:24.140   542   600 E hwc-display: [PrimaryDisplay] resetColorMappingInfoForClientComp:: resetColorMappingInfo() idx=1 error(-22)
09-10 11:34:24.140   542   600 E hwc-display: Fail to open file /data/vendor/log/hwc/PrimaryDisplay_hwc_error_log0.txt, error: Permission denied
09-10 11:34:24.140   542   600 E hwc-display: Fail to open file /data/log/PrimaryDisplay_hwc_error_log0.txt, error: No such file or directory
09-10 11:34:24.140   542   600 E hwc-display: Unable to open log file for PrimaryDisplay_hwc_error_log0.txt
09-10 11:34:24.142  6025  6449 W ContentResolver: Failed to get type for: content://media/external/file/19266
09-10 11:34:24.142  6025  6449 W ContentResolver: java.lang.IllegalArgumentException: No item at content://media/external/file/19266
09-10 11:34:24.142  6025  6449 W ContentResolver: 	at java.lang.reflect.Constructor.newInstance0(Native Method)
09-10 11:34:24.142  6025  6449 W ContentResolver: 	at java.lang.reflect.Constructor.newInstance(Constructor.java:341)
09-10 11:34:24.142  6025  6449 W ContentResolver: 	at android.os.ParcelableException.readFromParcel(ParcelableException.java:56)
09-10 11:34:24.142  6025  6449 W ContentResolver: 	at android.os.ParcelableException$1.createFromParcel(ParcelableException.java:82)
09-10 11:34:24.142  6025  6449 W ContentResolver: 	at android.os.ParcelableException$1.createFromParcel(ParcelableException.java:79)
09-10 11:34:24.142  6025  6449 W ContentResolver: 	at android.os.Parcel.readParcelableInternal(Parcel.java:5281)
09-10 11:34:24.142  6025  6449 W ContentResolver: 	at android.os.Parcel.readValue(Parcel.java:5031)
09-10 11:34:24.142  6025  6449 W ContentResolver: 	at android.os.Parcel.readValue(Parcel.java:4761)
09-10 11:34:24.142  6025  6449 W ContentResolver: 	at android.os.Parcel.-$$Nest$mreadValue(Parcel.java:0)
09-10 11:34:24.142  6025  6449 W ContentResolver: 	at android.os.Parcel$LazyValue.apply(Parcel.java:4876)
09-10 11:34:24.142  6025  6449 W ContentResolver: 	at android.os.Parcel$LazyValue.apply(Parcel.java:4829)
09-10 11:34:24.142  6025  6449 W ContentResolver: 	at android.os.BaseBundle.unwrapLazyValueFromMapLocked(BaseBundle.java:448)
09-10 11:34:24.142  6025  6449 W ContentResolver: 	at android.os.BaseBundle.getValueAt(BaseBundle.java:428)
09-10 11:34:24.142  6025  6449 W ContentResolver: 	at android.os.BaseBundle.getValue(BaseBundle.java:399)
09-10 11:34:24.142  6025  6449 W ContentResolver: 	at android.os.BaseBundle.getValue(BaseBundle.java:382)
09-10 11:34:24.142  6025  6449 W ContentResolver: 	at android.os.BaseBundle.get(BaseBundle.java:774)
09-10 11:34:24.142  6025  6449 W ContentResolver: 	at android.os.Bundle.getParcelable(Bundle.java:1121)
09-10 11:34:24.142  6025  6449 W ContentResolver: 	at android.content.ContentResolver$ResultListener.onResult(ContentResolver.java:1027)
09-10 11:34:24.142  6025  6449 W ContentResolver: 	at android.os.RemoteCallback.sendResult(RemoteCallback.java:76)
09-10 11:34:24.142  6025  6449 W ContentResolver: 	at android.os.RemoteCallback$1.sendResult(RemoteCallback.java:53)
09-10 11:34:24.142  6025  6449 W ContentResolver: 	at android.os.IRemoteCallback$Stub.onTransact(IRemoteCallback.java:84)
09-10 11:34:24.142  6025  6449 W ContentResolver: 	at android.os.Binder.execTransactInternal(Binder.java:1369)
09-10 11:34:24.142  6025  6449 W ContentResolver: 	at android.os.Binder.execTransact(Binder.java:1323)
09-10 11:34:24.143  1821  1862 I ActivityTaskManager: Displayed org.randomcoder.udroid.dev/org.randomcoder.udroid.gfxstream.GfxstreamPresenterProbeActivity for user 0: +226ms
09-10 11:34:24.145  6025  6449 W ContentResolver: Failed to get type for: content://media/external/file/19267
09-10 11:34:24.145  6025  6449 W ContentResolver: java.lang.IllegalArgumentException: No item at content://media/external/file/19267
09-10 11:34:24.145  6025  6449 W ContentResolver: 	at java.lang.reflect.Constructor.newInstance0(Native Method)
09-10 11:34:24.145  6025  6449 W ContentResolver: 	at java.lang.reflect.Constructor.newInstance(Constructor.java:341)
09-10 11:34:24.145  6025  6449 W ContentResolver: 	at android.os.ParcelableException.readFromParcel(ParcelableException.java:56)
09-10 11:34:24.145  6025  6449 W ContentResolver: 	at android.os.ParcelableException$1.createFromParcel(ParcelableException.java:82)
09-10 11:34:24.145  6025  6449 W ContentResolver: 	at android.os.ParcelableException$1.createFromParcel(ParcelableException.java:79)
09-10 11:34:24.145  6025  6449 W ContentResolver: 	at android.os.Parcel.readParcelableInternal(Parcel.java:5281)
09-10 11:34:24.145  6025  6449 W ContentResolver: 	at android.os.Parcel.readValue(Parcel.java:5031)
09-10 11:34:24.145  6025  6449 W ContentResolver: 	at android.os.Parcel.readValue(Parcel.java:4761)
09-10 11:34:24.145  6025  6449 W ContentResolver: 	at android.os.Parcel.-$$Nest$mreadValue(Parcel.java:0)
09-10 11:34:24.145  6025  6449 W ContentResolver: 	at android.os.Parcel$LazyValue.apply(Parcel.java:4876)
09-10 11:34:24.145  6025  6449 W ContentResolver: 	at android.os.Parcel$LazyValue.apply(Parcel.java:4829)
09-10 11:34:24.145  6025  6449 W ContentResolver: 	at android.os.BaseBundle.unwrapLazyValueFromMapLocked(BaseBundle.java:448)
09-10 11:34:24.145  6025  6449 W ContentResolver: 	at android.os.BaseBundle.getValueAt(BaseBundle.java:428)
09-10 11:34:24.145  6025  6449 W ContentResolver: 	at android.os.BaseBundle.getValue(BaseBundle.java:399)
09-10 11:34:24.145  6025  6449 W ContentResolver: 	at android.os.BaseBundle.getValue(BaseBundle.java:382)
09-10 11:34:24.145  6025  6449 W ContentResolver: 	at android.os.BaseBundle.get(BaseBundle.java:774)
09-10 11:34:24.145  6025  6449 W ContentResolver: 	at android.os.Bundle.getParcelable(Bundle.java:1121)
09-10 11:34:24.145  6025  6449 W ContentResolver: 	at android.content.ContentResolver$ResultListener.onResult(ContentResolver.java:1027)
09-10 11:34:24.145  6025  6449 W ContentResolver: 	at android.os.RemoteCallback.sendResult(RemoteCallback.java:76)
09-10 11:34:24.145  6025  6449 W ContentResolver: 	at android.os.RemoteCallback$1.sendResult(RemoteCallback.java:53)
09-10 11:34:24.145  6025  6449 W ContentResolver: 	at android.os.IRemoteCallback$Stub.onTransact(IRemoteCallback.java:84)
09-10 11:34:24.145  6025  6449 W ContentResolver: 	at android.os.Binder.execTransactInternal(Binder.java:1369)
09-10 11:34:24.145  6025  6449 W ContentResolver: 	at android.os.Binder.execTransact(Binder.java:1323)
09-10 11:34:24.147  6025  6449 W ContentResolver: Failed to get type for: content://media/external/file/19268
09-10 11:34:24.147  6025  6449 W ContentResolver: java.lang.IllegalArgumentException: No item at content://media/external/file/19268
09-10 11:34:24.147  6025  6449 W ContentResolver: 	at java.lang.reflect.Constructor.newInstance0(Native Method)
09-10 11:34:24.147  6025  6449 W ContentResolver: 	at java.lang.reflect.Constructor.newInstance(Constructor.java:341)
09-10 11:34:24.147  6025  6449 W ContentResolver: 	at android.os.ParcelableException.readFromParcel(ParcelableException.java:56)
09-10 11:34:24.147  6025  6449 W ContentResolver: 	at android.os.ParcelableException$1.createFromParcel(ParcelableException.java:82)
09-10 11:34:24.147  6025  6449 W ContentResolver: 	at android.os.ParcelableException$1.createFromParcel(ParcelableException.java:79)
09-10 11:34:24.147  6025  6449 W ContentResolver: 	at android.os.Parcel.readParcelableInternal(Parcel.java:5281)
09-10 11:34:24.147  6025  6449 W ContentResolver: 	at android.os.Parcel.readValue(Parcel.java:5031)
09-10 11:34:24.147  6025  6449 W ContentResolver: 	at android.os.Parcel.readValue(Parcel.java:4761)
09-10 11:34:24.147  6025  6449 W ContentResolver: 	at android.os.Parcel.-$$Nest$mreadValue(Parcel.java:0)
09-10 11:34:24.147  6025  6449 W ContentResolver: 	at android.os.Parcel$LazyValue.apply(Parcel.java:4876)
09-10 11:34:24.147  6025  6449 W ContentResolver: 	at android.os.Parcel$LazyValue.apply(Parcel.java:4829)
09-10 11:34:24.147  6025  6449 W ContentResolver: 	at android.os.BaseBundle.unwrapLazyValueFromMapLocked(BaseBundle.java:448)
09-10 11:34:24.147  6025  6449 W ContentResolver: 	at android.os.BaseBundle.getValueAt(BaseBundle.java:428)
09-10 11:34:24.147  6025  6449 W ContentResolver: 	at android.os.BaseBundle.getValue(BaseBundle.java:399)
09-10 11:34:24.147  6025  6449 W ContentResolver: 	at android.os.BaseBundle.getValue(BaseBundle.java:382)
09-10 11:34:24.147  6025  6449 W ContentResolver: 	at android.os.BaseBundle.get(BaseBundle.java:774)
09-10 11:34:24.147  6025  6449 W ContentResolver: 	at android.os.Bundle.getParcelable(Bundle.java:1121)
09-10 11:34:24.147  6025  6449 W ContentResolver: 	at android.content.ContentResolver$ResultListener.onResult(ContentResolver.java:1027)
09-10 11:34:24.147  6025  6449 W ContentResolver: 	at android.os.RemoteCallback.sendResult(RemoteCallback.java:76)
09-10 11:34:24.147  6025  6449 W ContentResolver: 	at android.os.RemoteCallback$1.sendResult(RemoteCallback.java:53)
09-10 11:34:24.147  6025  6449 W ContentResolver: 	at android.os.IRemoteCallback$Stub.onTransact(IRemoteCallback.java:84)
09-10 11:34:24.147  6025  6449 W ContentResolver: 	at android.os.Binder.execTransactInternal(Binder.java:1369)
09-10 11:34:24.147  6025  6449 W ContentResolver: 	at android.os.Binder.execTransact(Binder.java:1323)
09-10 11:34:24.148  1821  5941 D ConnectivityService: requestNetwork for uid/pid:10292/6025 activeRequest: null callbackRequest: 1436 [NetworkRequest [ REQUEST id=1437, [ Capabilities: INTERNET&NOT_RESTRICTED&TRUSTED&NOT_VCN_MANAGED&NOT_BANDWIDTH_CONSTRAINED Uid: 10292 RequestorUid: 10292 RequestorPkg: com.jio.myjio UnderlyingNetworks: Null] ]] callback flags: 0 order: 2147483647 isUidTracked: false declaredMethods: AVAIL|LOST|NC
09-10 11:34:24.149  6025  6449 W ContentResolver: Failed to get type for: content://media/external/file/19268
09-10 11:34:24.149  6025  6449 W ContentResolver: java.lang.IllegalArgumentException: No item at content://media/external/file/19268
09-10 11:34:24.149  6025  6449 W ContentResolver: 	at java.lang.reflect.Constructor.newInstance0(Native Method)
09-10 11:34:24.149  6025  6449 W ContentResolver: 	at java.lang.reflect.Constructor.newInstance(Constructor.java:341)
09-10 11:34:24.149  6025  6449 W ContentResolver: 	at android.os.ParcelableException.readFromParcel(ParcelableException.java:56)
09-10 11:34:24.149  6025  6449 W ContentResolver: 	at android.os.ParcelableException$1.createFromParcel(ParcelableException.java:82)
09-10 11:34:24.149  6025  6449 W ContentResolver: 	at android.os.ParcelableException$1.createFromParcel(ParcelableException.java:79)
09-10 11:34:24.149  6025  6449 W ContentResolver: 	at android.os.Parcel.readParcelableInternal(Parcel.java:5281)
09-10 11:34:24.149  6025  6449 W ContentResolver: 	at android.os.Parcel.readValue(Parcel.java:5031)
09-10 11:34:24.149  6025  6449 W ContentResolver: 	at android.os.Parcel.readValue(Parcel.java:4761)
09-10 11:34:24.149  6025  6449 W ContentResolver: 	at android.os.Parcel.-$$Nest$mreadValue(Parcel.java:0)
09-10 11:34:24.149  6025  6449 W ContentResolver: 	at android.os.Parcel$LazyValue.apply(Parcel.java:4876)
09-10 11:34:24.149  6025  6449 W ContentResolver: 	at android.os.Parcel$LazyValue.apply(Parcel.java:4829)
09-10 11:34:24.149  6025  6449 W ContentResolver: 	at android.os.BaseBundle.unwrapLazyValueFromMapLocked(BaseBundle.java:448)
09-10 11:34:24.149  6025  6449 W ContentResolver: 	at android.os.BaseBundle.getValueAt(BaseBundle.java:428)
09-10 11:34:24.149  6025  6449 W ContentResolver: 	at android.os.BaseBundle.getValue(BaseBundle.java:399)
09-10 11:34:24.149  6025  6449 W ContentResolver: 	at android.os.BaseBundle.getValue(BaseBundle.java:382)
09-10 11:34:24.149  6025  6449 W ContentResolver: 	at android.os.BaseBundle.get(BaseBundle.java:774)
09-10 11:34:24.149  6025  6449 W ContentResolver: 	at android.os.Bundle.getParcelable(Bundle.java:1121)
09-10 11:34:24.149  6025  6449 W ContentResolver: 	at android.content.ContentResolver$ResultListener.onResult(ContentResolver.java:1027)
09-10 11:34:24.149  6025  6449 W ContentResolver: 	at android.os.RemoteCallback.sendResult(RemoteCallback.java:76)
09-10 11:34:24.149  6025  6449 W ContentResolver: 	at android.os.RemoteCallback$1.sendResult(RemoteCallback.java:53)
09-10 11:34:24.149  6025  6449 W ContentResolver: 	at android.os.IRemoteCallback$Stub.onTransact(IRemoteCallback.java:84)
09-10 11:34:24.149  6025  6449 W ContentResolver: 	at android.os.Binder.execTransactInternal(Binder.java:1369)
09-10 11:34:24.149  6025  6449 W ContentResolver: 	at android.os.Binder.execTransact(Binder.java:1323)
09-10 11:34:24.151  6025  6449 W ContentResolver: Failed to get type for: content://media/external/file/19269
09-10 11:34:24.151  6025  6449 W ContentResolver: java.lang.IllegalArgumentException: No item at content://media/external/file/19269
09-10 11:34:24.151  6025  6449 W ContentResolver: 	at java.lang.reflect.Constructor.newInstance0(Native Method)
09-10 11:34:24.151  6025  6449 W ContentResolver: 	at java.lang.reflect.Constructor.newInstance(Constructor.java:341)
09-10 11:34:24.151  6025  6449 W ContentResolver: 	at android.os.ParcelableException.readFromParcel(ParcelableException.java:56)
09-10 11:34:24.151  6025  6449 W ContentResolver: 	at android.os.ParcelableException$1.createFromParcel(ParcelableException.java:82)
09-10 11:34:24.151  6025  6449 W ContentResolver: 	at android.os.ParcelableException$1.createFromParcel(ParcelableException.java:79)
09-10 11:34:24.151  6025  6449 W ContentResolver: 	at android.os.Parcel.readParcelableInternal(Parcel.java:5281)
09-10 11:34:24.151  6025  6449 W ContentResolver: 	at android.os.Parcel.readValue(Parcel.java:5031)
09-10 11:34:24.151  6025  6449 W ContentResolver: 	at android.os.Parcel.readValue(Parcel.java:4761)
09-10 11:34:24.151  6025  6449 W ContentResolver: 	at android.os.Parcel.-$$Nest$mreadValue(Parcel.java:0)
09-10 11:34:24.151  6025  6449 W ContentResolver: 	at android.os.Parcel$LazyValue.apply(Parcel.java:4876)
09-10 11:34:24.151  6025  6449 W ContentResolver: 	at android.os.Parcel$LazyValue.apply(Parcel.java:4829)
09-10 11:34:24.151  6025  6449 W ContentResolver: 	at android.os.BaseBundle.unwrapLazyValueFromMapLocked(BaseBundle.java:448)
09-10 11:34:24.151  6025  6449 W ContentResolver: 	at android.os.BaseBundle.getValueAt(BaseBundle.java:428)
09-10 11:34:24.151  6025  6449 W ContentResolver: 	at android.os.BaseBundle.getValue(BaseBundle.java:399)
09-10 11:34:24.151  6025  6449 W ContentResolver: 	at android.os.BaseBundle.getValue(BaseBundle.java:382)
09-10 11:34:24.151  6025  6449 W ContentResolver: 	at android.os.BaseBundle.get(BaseBundle.java:774)
09-10 11:34:24.151  6025  6449 W ContentResolver: 	at android.os.Bundle.getParcelable(Bundle.java:1121)
09-10 11:34:24.151  6025  6449 W ContentResolver: 	at android.content.ContentResolver$ResultListener.onResult(ContentResolver.java:1027)
09-10 11:34:24.151  6025  6449 W ContentResolver: 	at android.os.RemoteCallback.sendResult(RemoteCallback.java:76)
09-10 11:34:24.151  6025  6449 W ContentResolver: 	at android.os.RemoteCallback$1.sendResult(RemoteCallback.java:53)
09-10 11:34:24.151  6025  6449 W ContentResolver: 	at android.os.IRemoteCallback$Stub.onTransact(IRemoteCallback.java:84)
09-10 11:34:24.151  6025  6449 W ContentResolver: 	at android.os.Binder.execTransactInternal(Binder.java:1369)
09-10 11:34:24.151  6025  6449 W ContentResolver: 	at android.os.Binder.execTransact(Binder.java:1323)
09-10 11:34:24.151  1821  2393 D WifiNetworkFactory: got request NetworkRequest [ REQUEST id=1437, [ Capabilities: INTERNET&NOT_RESTRICTED&TRUSTED&NOT_VCN_MANAGED&NOT_BANDWIDTH_CONSTRAINED Uid: 10292 RequestorUid: 10292 RequestorPkg: com.jio.myjio UnderlyingNetworks: Null] ]
09-10 11:34:24.152  1821  2393 D UntrustedWifiNetworkFactory: got request NetworkRequest [ REQUEST id=1437, [ Capabilities: INTERNET&NOT_RESTRICTED&TRUSTED&NOT_VCN_MANAGED&NOT_BANDWIDTH_CONSTRAINED Uid: 10292 RequestorUid: 10292 RequestorPkg: com.jio.myjio UnderlyingNetworks: Null] ]
09-10 11:34:24.152  1821  2393 D OemPaidWifiNetworkFactory: got request NetworkRequest [ REQUEST id=1437, [ Capabilities: INTERNET&NOT_RESTRICTED&TRUSTED&NOT_VCN_MANAGED&NOT_BANDWIDTH_CONSTRAINED Uid: 10292 RequestorUid: 10292 RequestorPkg: com.jio.myjio UnderlyingNetworks: Null] ]
09-10 11:34:24.152  1821  2393 D MultiInternetWifiNetworkFactory: got request NetworkRequest [ REQUEST id=1437, [ Capabilities: INTERNET&NOT_RESTRICTED&TRUSTED&NOT_VCN_MANAGED&NOT_BANDWIDTH_CONSTRAINED Uid: 10292 RequestorUid: 10292 RequestorPkg: com.jio.myjio UnderlyingNetworks: Null] ]
09-10 11:34:24.152  1821  2400 D ConnectivityService: NetReassign [1437 : null → 117] [c 0] [a 1] [i 3]
09-10 11:34:24.174   542   600 E hwc-display: [PrimaryDisplay] resetColorMappingInfoForClientComp:: resetColorMappingInfo() idx=1 error(-22)
09-10 11:34:24.174   542   600 E hwc-display: Fail to open file /data/vendor/log/hwc/PrimaryDisplay_hwc_error_log0.txt, error: Permission denied
09-10 11:34:24.174   542   600 E hwc-display: Fail to open file /data/log/PrimaryDisplay_hwc_error_log0.txt, error: No such file or directory
09-10 11:34:24.174   542   600 E hwc-display: Unable to open log file for PrimaryDisplay_hwc_error_log0.txt
09-10 11:34:24.174   542   600 E hwc-display: [PrimaryDisplay] resetColorMappingInfoForClientComp:: resetColorMappingInfo() idx=2 error(-22)
09-10 11:34:24.174   542   600 E hwc-display: Fail to open file /data/vendor/log/hwc/PrimaryDisplay_hwc_error_log0.txt, error: Permission denied
09-10 11:34:24.174   542   600 E hwc-display: Fail to open file /data/log/PrimaryDisplay_hwc_error_log0.txt, error: No such file or directory
09-10 11:34:24.174   542   600 E hwc-display: Unable to open log file for PrimaryDisplay_hwc_error_log0.txt
09-10 11:34:24.181  1821  2319 I ImeTracker: org.randomcoder.udroid.dev:37468038: onRequestHide at ORIGIN_SERVER reason HIDE_UNSPECIFIED_WINDOW fromUser false userId 0 displayId 0
09-10 11:34:24.182 30380 30380 D InsetsController: hide(ime())
09-10 11:34:24.183 30380 30380 I ImeTracker: org.randomcoder.udroid.dev:37468038: onCancelled at PHASE_CLIENT_ALREADY_HIDDEN
09-10 11:34:24.183  1821  5945 W InputChannel-JNI: Channel already disposed.
09-10 11:34:24.183  3871  3871 I SubtypeOperator: SubtypeOperator$1.onBindInput():33 
09-10 11:34:24.184  3871  3871 I GoogleInputMethodService: GoogleInputMethodService.onFinishInput():2361 
09-10 11:34:24.185  3871 30438 I Module  : DeviceLockedStatusModuleProvider$Module.updateDeviceLockedStatusInternal():119 repeatCheckTimes = 0, locked = false
09-10 11:34:24.185  3871  3871 I GoogleInputMethodService: GoogleInputMethodService.onStartInput():1532 onStartInput(EditorInfo{EditorInfo{packageName=org.randomcoder.udroid.dev, inputType=0, inputTypeString=NULL, enableLearning=false, autoCorrection=false, autoComplete=false, imeOptions=0, privateImeOptions=null, actionName=UNSPECIFIED, actionLabel=null, initialSelStart=-1, initialSelEnd=-1, initialCapsMode=0, label=null, fieldId=0, fieldName=null, extras=null, hintText=null, hintLocales=[]}}, false)
09-10 11:34:24.185  3871  3871 W LatinIMEBase: LatinIMEBase.updateInputViewCoverNavigation():322 Null input view, cannot update padding!
09-10 11:34:24.185  1821  5941 I ImeTracker: system_server:cb247bf4: onRequestHide at ORIGIN_SERVER reason IME_REQUESTED_CHANGED_LISTENER fromUser false displayId 0
09-10 11:34:24.186  1821  1865 I ImeTracker: system_server:cb247bf4: onCancelled at PHASE_SERVER_SHOULD_HIDE
09-10 11:34:24.186  1821  5945 W PackageConfigPersister: App-specific configuration not found for packageName: org.randomcoder.udroid.dev and userId: 0
09-10 11:34:24.186  3871 30441 I Module  : DeviceLockedStatusModuleProvider$Module.updateDeviceLockedStatusInternal():119 repeatCheckTimes = 1, locked = false
09-10 11:34:24.299 30426 30426 W libc    : Access denied finding property "ro.debuggable"
09-10 11:34:24.299 30426 30426 W libc    : Access denied finding property "ro.debuggable"
09-10 11:34:24.299 30426 30426 W libc    : Access denied finding property "ro.debuggable"
09-10 11:34:24.305 30426 30426 I GFXSTREAM: [virtio_gpu_gfxstream_renderer.cpp(854)] Gfxstream features:
09-10 11:34:24.305 30426 30426 I GFXSTREAM: [virtio_gpu_gfxstream_renderer.cpp(859)]     AsyncComposeSupport: disabled (Default reason)
09-10 11:34:24.305 30426 30426 I GFXSTREAM: [virtio_gpu_gfxstream_renderer.cpp(859)]     BypassVulkanDeviceFeatureOverrides: disabled (Default reason)
09-10 11:34:24.305 30426 30426 I GFXSTREAM: [virtio_gpu_gfxstream_renderer.cpp(859)]     EglOnEgl: enabled (rendererFlags & STREAM_RENDERER_FLAGS_USE_EGL_BIT || gfxstream::base::getEnvironmentVariable("ANDROID_EGL_ON_EGL") == "1")
09-10 11:34:24.305 30426 30426 I GFXSTREAM: [virtio_gpu_gfxstream_renderer.cpp(859)]     ExternalBlob: enabled (rendererFlags & STREAM_RENDERER_FLAGS_USE_EXTERNAL_BLOB || features.VulkanAllocateHostVisibleAsUdmabuf.enabled())
09-10 11:34:24.305 30426 30426 I GFXSTREAM: [virtio_gpu_gfxstream_renderer.cpp(859)]     GlAsyncSwap: disabled (false)
09-10 11:34:24.305 30426 30426 I GFXSTREAM: [virtio_gpu_gfxstream_renderer.cpp(859)]     GlDirectMem: disabled (false)
09-10 11:34:24.305 30426 30426 I GFXSTREAM: [virtio_gpu_gfxstream_renderer.cpp(859)]     GlDma: disabled (false)
09-10 11:34:24.305 30426 30426 I GFXSTREAM: [virtio_gpu_gfxstream_renderer.cpp(859)]     GlDma2: disabled (Default reason)
09-10 11:34:24.305 30426 30426 I GFXSTREAM: [virtio_gpu_gfxstream_renderer.cpp(859)]     GlPipeChecksum: disabled (false)
09-10 11:34:24.305 30426 30426 I GFXSTREAM: [virtio_gpu_gfxstream_renderer.cpp(859)]     GlProgramBinaryLinkStatus: disabled (Default reason)
09-10 11:34:24.305 30426 30426 I GFXSTREAM: [virtio_gpu_gfxstream_renderer.cpp(859)]     GlesDynamicVersion: enabled (true)
09-10 11:34:24.305 30426 30426 I GFXSTREAM: [virtio_gpu_gfxstream_renderer.cpp(859)]     GrallocSync: disabled (Default reason)
09-10 11:34:24.305 30426 30426 I GFXSTREAM: [virtio_gpu_gfxstream_renderer.cpp(859)]     GuestVulkanMaxApiVersion: (Unset) (Default reason)
09-10 11:34:24.305 30426 30426 I GFXSTREAM: [virtio_gpu_gfxstream_renderer.cpp(859)]     GuestVulkanOnly: enabled ((rendererFlags & STREAM_RENDERER_FLAGS_USE_VK_BIT) && !(rendererFlags & STREAM_RENDERER_FLAGS_USE_GLES_BIT))
09-10 11:34:24.305 30426 30426 I GFXSTREAM: [virtio_gpu_gfxstream_renderer.cpp(859)]     HasSharedSlotsHostMemoryAllocator: disabled (Default reason)
09-10 11:34:24.305 30426 30426 I GFXSTREAM: [virtio_gpu_gfxstream_renderer.cpp(859)]     HostComposition: enabled (true)
09-10 11:34:24.305 30426 30426 I GFXSTREAM: [virtio_gpu_gfxstream_renderer.cpp(859)]     HwcMultiConfigs: disabled (Default reason)
09-10 11:34:24.305 30426 30426 I GFXSTREAM: [virtio_gpu_gfxstream_renderer.cpp(859)]     Minigbm: disabled (Default reason)
09-10 11:34:24.305 30426 30426 I GFXSTREAM: [virtio_gpu_gfxstream_renderer.cpp(859)]     MinimalLogging: disabled (Default reason)
09-10 11:34:24.305 30426 30426 I GFXSTREAM: [virtio_gpu_gfxstream_renderer.cpp(859)]     NativeTextureDecompression: disabled (false)
09-10 11:34:24.305 30426 30426 I GFXSTREAM: [virtio_gpu_gfxstream_renderer.cpp(859)]     NoDelayCloseColorBuffer: enabled (true)
09-10 11:34:24.305 30426 30426 I GFXSTREAM: [virtio_gpu_gfxstream_renderer.cpp(859)]     RefCountPipe: disabled (false)
09-10 11:34:24.305 30426 30426 I GFXSTREAM: [virtio_gpu_gfxstream_renderer.cpp(859)]     Surfaceless: disabled (rendererFlags & STREAM_RENDERER_FLAGS_USE_SURFACELESS_BIT)
09-10 11:34:24.305 30426 30426 I GFXSTREAM: [virtio_gpu_gfxstream_renderer.cpp(859)]     SystemBlob: disabled (rendererFlags & STREAM_RENDERER_FLAGS_USE_SYSTEM_BLOB)
09-10 11:34:24.305 30426 30426 I GFXSTREAM: [virtio_gpu_gfxstream_renderer.cpp(859)]     VirtioGpuFenceContexts: enabled (true)
09-10 11:34:24.305 30426 30426 I GFXSTREAM: [virtio_gpu_gfxstream_renderer.cpp(859)]     VirtioGpuNativeSync: enabled (true)
09-10 11:34:24.305 30426 30426 I GFXSTREAM: [virtio_gpu_gfxstream_renderer.cpp(859)]     VirtioGpuNext: enabled (true)
09-10 11:34:24.305 30426 30426 I GFXSTREAM: [virtio_gpu_gfxstream_renderer.cpp(859)]     Vulkan: enabled (rendererFlags & STREAM_RENDERER_FLAGS_USE_VK_BIT)
09-10 11:34:24.305 30426 30426 I GFXSTREAM: [virtio_gpu_gfxstream_renderer.cpp(859)]     VulkanAllocateDeviceMemoryOnly: disabled (Default reason)
09-10 11:34:24.305 30426 30426 I GFXSTREAM: [virtio_gpu_gfxstream_renderer.cpp(859)]     VulkanAllocateHostMemory: disabled (Default reason)
09-10 11:34:24.305 30426 30426 I GFXSTREAM: [virtio_gpu_gfxstream_renderer.cpp(859)]     VulkanAllocateHostVisibleAsUdmabuf: disabled (gfxstream::base::IsAndroidKernel6_6() && gfxstream::base::HasUdmabufDevice())
09-10 11:34:24.305 30426 30426 I GFXSTREAM: [virtio_gpu_gfxstream_renderer.cpp(859)]     VulkanBatchedDescriptorSetUpdate: enabled (true)
09-10 11:34:24.305 30426 30426 I GFXSTREAM: [virtio_gpu_gfxstream_renderer.cpp(859)]     VulkanCommandBufferCheckpoints: disabled (Default reason)
09-10 11:34:24.305 30426 30426 I GFXSTREAM: [virtio_gpu_gfxstream_renderer.cpp(859)]     VulkanDebugUtils: disabled (Default reason)
09-10 11:34:24.305 30426 30426 I GFXSTREAM: [virtio_gpu_gfxstream_renderer.cpp(859)]     VulkanDisableCoherentMemoryAndEmulate: disabled (Default reason)
09-10 11:34:24.305 30426 30426 I GFXSTREAM: [virtio_gpu_gfxstream_renderer.cpp(859)]     VulkanEnsureCachedCoherentMemoryAvailable: enabled (true)
09-10 11:34:24.305 30426 30426 I GFXSTREAM: [virtio_gpu_gfxstream_renderer.cpp(859)]     VulkanExternalMemoryMode: (Unset) (Default reason)
09-10 11:34:24.305 30426 30426 I GFXSTREAM: [virtio_gpu_gfxstream_renderer.cpp(859)]     VulkanExternalSync: enabled (rendererFlags & STREAM_RENDERER_FLAGS_VULKAN_EXTERNAL_SYNC)
09-10 11:34:24.305 30426 30426 I GFXSTREAM: [virtio_gpu_gfxstream_renderer.cpp(859)]     VulkanIgnoredHandles: enabled (true)
09-10 11:34:24.305 30426 30426 I GFXSTREAM: [virtio_gpu_gfxstream_renderer.cpp(859)]     VulkanMaxSafeHeapSize: (Unset) (Default reason)
09-10 11:34:24.305 30426 30426 I GFXSTREAM: [virtio_gpu_gfxstream_renderer.cpp(859)]     VulkanNativeSwapchain: disabled (rendererFlags & STREAM_RENDERER_FLAGS_VULKAN_NATIVE_SWAPCHAIN_BIT)
09-10 11:34:24.305 30426 30426 I GFXSTREAM: [virtio_gpu_gfxstream_renderer.cpp(859)]     VulkanNullOptionalStrings: enabled (true)
09-10 11:34:24.305 30426 30426 I GFXSTREAM: [virtio_gpu_gfxstream_renderer.cpp(859)]     VulkanProtectedMemoryEmulation: disabled (Default reason)
09-10 11:34:24.305 30426 30426 I GFXSTREAM: [virtio_gpu_gfxstream_renderer.cpp(859)]     VulkanQueueSubmitWithCommands: enabled (true)
09-10 11:34:24.305 30426 30426 I GFXSTREAM: [virtio_gpu_gfxstream_renderer.cpp(859)]     VulkanRobustness: disabled (Default reason)
09-10 11:34:24.305 30426 30426 I GFXSTREAM: [virtio_gpu_gfxstream_renderer.cpp(859)]     VulkanShaderFloat16Int8: enabled (true)
09-10 11:34:24.305 30426 30426 I GFXSTREAM: [virtio_gpu_gfxstream_renderer.cpp(859)]     VulkanSnapshots: disabled (gfxstream::base::getEnvironmentVariable("ANDROID_GFXSTREAM_CAPTURE_VK_SNAPSHOT") == "1")
09-10 11:34:24.305 30426 30426 I GFXSTREAM: [virtio_gpu_gfxstream_renderer.cpp(859)]     VulkanUseDedicatedAhbMemoryType: disabled (Default reason)
09-10 11:34:24.305 30426 30426 I GFXSTREAM: [virtio_gpu_gfxstream_renderer.cpp(859)]     VulkanVirtualQueue: disabled (Default reason)
09-10 11:34:24.305 30426 30426 I GFXSTREAM: [virtio_gpu_gfxstream_renderer.cpp(859)]     Yuv420888ToNv21: disabled (Default reason)
09-10 11:34:24.305 30426 30426 I GFXSTREAM: [virtio_gpu_gfxstream_renderer.cpp(859)]     YuvCache: disabled (Default reason)
09-10 11:34:24.305 30426 30426 I GFXSTREAM: [vulkan_dispatch.cpp(224)] Added library: /system/lib64/libvulkan.so
09-10 11:34:24.306 30426 30426 E vulkan  : invalid vkGetInstanceProcAddr(VK_NULL_HANDLE, "vkCreateDebugReportCallbackEXT") call
09-10 11:34:24.306 30426 30426 E vulkan  : invalid vkGetInstanceProcAddr(VK_NULL_HANDLE, "vkDestroyDebugReportCallbackEXT") call
09-10 11:34:24.306 30426 30426 E vulkan  : invalid vkGetInstanceProcAddr(VK_NULL_HANDLE, "vkDebugReportMessageEXT") call
09-10 11:34:24.306 30426 30426 E vulkan  : invalid vkGetInstanceProcAddr(VK_NULL_HANDLE, "vkCreateDebugUtilsMessengerEXT") call
09-10 11:34:24.306 30426 30426 E vulkan  : invalid vkGetInstanceProcAddr(VK_NULL_HANDLE, "vkDestroyDebugUtilsMessengerEXT") call
09-10 11:34:24.306 30426 30426 E vulkan  : invalid vkGetInstanceProcAddr(VK_NULL_HANDLE, "vkSubmitDebugUtilsMessageEXT") call
09-10 11:34:24.306 30426 30426 E vulkan  : invalid vkGetInstanceProcAddr(VK_NULL_HANDLE, "vkCmdBeginRenderingKHR") call
09-10 11:34:24.306 30426 30426 E vulkan  : invalid vkGetInstanceProcAddr(VK_NULL_HANDLE, "vkCmdEndRenderingKHR") call
09-10 11:34:24.306 30426 30426 E vulkan  : invalid vkGetInstanceProcAddr(VK_NULL_HANDLE, "vkGetPhysicalDeviceFeatures2KHR") call
09-10 11:34:24.306 30426 30426 E vulkan  : invalid vkGetInstanceProcAddr(VK_NULL_HANDLE, "vkGetPhysicalDeviceProperties2KHR") call
09-10 11:34:24.306 30426 30426 E vulkan  : invalid vkGetInstanceProcAddr(VK_NULL_HANDLE, "vkGetPhysicalDeviceFormatProperties2KHR") call
09-10 11:34:24.306 30426 30426 E vulkan  : invalid vkGetInstanceProcAddr(VK_NULL_HANDLE, "vkGetPhysicalDeviceImageFormatProperties2KHR") call
09-10 11:34:24.306 30426 30426 E vulkan  : invalid vkGetInstanceProcAddr(VK_NULL_HANDLE, "vkGetPhysicalDeviceQueueFamilyProperties2KHR") call
09-10 11:34:24.306 30426 30426 E vulkan  : invalid vkGetInstanceProcAddr(VK_NULL_HANDLE, "vkGetPhysicalDeviceMemoryProperties2KHR") call
09-10 11:34:24.306 30426 30426 E vulkan  : invalid vkGetInstanceProcAddr(VK_NULL_HANDLE, "vkGetPhysicalDeviceSparseImageFormatProperties2KHR") call
09-10 11:34:24.306 30426 30426 E vulkan  : invalid vkGetInstanceProcAddr(VK_NULL_HANDLE, "vkTrimCommandPoolKHR") call
09-10 11:34:24.306 30426 30426 E vulkan  : invalid vkGetInstanceProcAddr(VK_NULL_HANDLE, "vkGetPhysicalDeviceExternalBufferPropertiesKHR") call
09-10 11:34:24.306 30426 30426 E vulkan  : invalid vkGetInstanceProcAddr(VK_NULL_HANDLE, "vkGetMemoryFdKHR") call
09-10 11:34:24.306 30426 30426 E vulkan  : invalid vkGetInstanceProcAddr(VK_NULL_HANDLE, "vkGetMemoryFdPropertiesKHR") call
09-10 11:34:24.306 30426 30426 E vulkan  : invalid vkGetInstanceProcAddr(VK_NULL_HANDLE, "vkGetPhysicalDeviceExternalSemaphorePropertiesKHR") call
09-10 11:34:24.306 30426 30426 E vulkan  : invalid vkGetInstanceProcAddr(VK_NULL_HANDLE, "vkImportSemaphoreFdKHR") call
09-10 11:34:24.306 30426 30426 E vulkan  : invalid vkGetInstanceProcAddr(VK_NULL_HANDLE, "vkGetSemaphoreFdKHR") call
09-10 11:34:24.306 30426 30426 E vulkan  : invalid vkGetInstanceProcAddr(VK_NULL_HANDLE, "vkCreateDescriptorUpdateTemplateKHR") call
09-10 11:34:24.306 30426 30426 E vulkan  : invalid vkGetInstanceProcAddr(VK_NULL_HANDLE, "vkDestroyDescriptorUpdateTemplateKHR") call
09-10 11:34:24.306 30426 30426 E vulkan  : invalid vkGetInstanceProcAddr(VK_NULL_HANDLE, "vkUpdateDescriptorSetWithTemplateKHR") call
09-10 11:34:24.306 30426 30426 E vulkan  : invalid vkGetInstanceProcAddr(VK_NULL_HANDLE, "vkCmdPushDescriptorSetWithTemplateKHR") call
09-10 11:34:24.306 30426 30426 E vulkan  : invalid vkGetInstanceProcAddr(VK_NULL_HANDLE, "vkCreateRenderPass2KHR") call
09-10 11:34:24.306 30426 30426 E vulkan  : invalid vkGetInstanceProcAddr(VK_NULL_HANDLE, "vkCmdBeginRenderPass2KHR") call
09-10 11:34:24.306 30426 30426 E vulkan  : invalid vkGetInstanceProcAddr(VK_NULL_HANDLE, "vkCmdNextSubpass2KHR") call
09-10 11:34:24.306 30426 30426 E vulkan  : invalid vkGetInstanceProcAddr(VK_NULL_HANDLE, "vkCmdEndRenderPass2KHR") call
09-10 11:34:24.306 30426 30426 E vulkan  : invalid vkGetInstanceProcAddr(VK_NULL_HANDLE, "vkGetPhysicalDeviceExternalFencePropertiesKHR") call
09-10 11:34:24.306 30426 30426 E vulkan  : invalid vkGetInstanceProcAddr(VK_NULL_HANDLE, "vkImportFenceFdKHR") call
09-10 11:34:24.306 30426 30426 E vulkan  : invalid vkGetInstanceProcAddr(VK_NULL_HANDLE, "vkGetFenceFdKHR") call
09-10 11:34:24.306 30426 30426 E vulkan  : invalid vkGetInstanceProcAddr(VK_NULL_HANDLE, "vkGetImageMemoryRequirements2KHR") call
09-10 11:34:24.306 30426 30426 E vulkan  : invalid vkGetInstanceProcAddr(VK_NULL_HANDLE, "vkGetBufferMemoryRequirements2KHR") call
09-10 11:34:24.306 30426 30426 E vulkan  : invalid vkGetInstanceProcAddr(VK_NULL_HANDLE, "vkGetImageSparseMemoryRequirements2KHR") call
09-10 11:34:24.306 30426 30426 E vulkan  : invalid vkGetInstanceProcAddr(VK_NULL_HANDLE, "vkCreateSamplerYcbcrConversionKHR") call
09-10 11:34:24.306 30426 30426 E vulkan  : invalid vkGetInstanceProcAddr(VK_NULL_HANDLE, "vkDestroySamplerYcbcrConversionKHR") call
09-10 11:34:24.306 30426 30426 E vulkan  : invalid vkGetInstanceProcAddr(VK_NULL_HANDLE, "vkBindBufferMemory2KHR") call
09-10 11:34:24.306 30426 30426 E vulkan  : invalid vkGetInstanceProcAddr(VK_NULL_HANDLE, "vkBindImageMemory2KHR") call
09-10 11:34:24.306 30426 30426 E vulkan  : invalid vkGetInstanceProcAddr(VK_NULL_HANDLE, "vkGetDescriptorSetLayoutSupportKHR") call
09-10 11:34:24.306 30426 30426 E vulkan  : invalid vkGetInstanceProcAddr(VK_NULL_HANDLE, "vkGetBufferDeviceAddressKHR") call
09-10 11:34:24.306 30426 30426 E vulkan  : invalid vkGetInstanceProcAddr(VK_NULL_HANDLE, "vkGetBufferOpaqueCaptureAddressKHR") call
09-10 11:34:24.306 30426 30426 E vulkan  : invalid vkGetInstanceProcAddr(VK_NULL_HANDLE, "vkGetDeviceMemoryOpaqueCaptureAddressKHR") call
09-10 11:34:24.306 30426 30426 E vulkan  : invalid vkGetInstanceProcAddr(VK_NULL_HANDLE, "vkGetPipelineExecutablePropertiesKHR") call
09-10 11:34:24.306 30426 30426 E vulkan  : invalid vkGetInstanceProcAddr(VK_NULL_HANDLE, "vkGetPipelineExecutableStatisticsKHR") call
09-10 11:34:24.306 30426 30426 E vulkan  : invalid vkGetInstanceProcAddr(VK_NULL_HANDLE, "vkGetPipelineExecutableInternalRepresentationsKHR") call
09-10 11:34:24.306 30426 30426 E vulkan  : invalid vkGetInstanceProcAddr(VK_NULL_HANDLE, "vkCmdSetEvent2KHR") call
09-10 11:34:24.306 30426 30426 E vulkan  : invalid vkGetInstanceProcAddr(VK_NULL_HANDLE, "vkCmdResetEvent2KHR") call
09-10 11:34:24.306 30426 30426 E vulkan  : invalid vkGetInstanceProcAddr(VK_NULL_HANDLE, "vkCmdWaitEvents2KHR") call
09-10 11:34:24.306 30426 30426 E vulkan  : invalid vkGetInstanceProcAddr(VK_NULL_HANDLE, "vkCmdPipelineBarrier2KHR") call
09-10 11:34:24.306 30426 30426 E vulkan  : invalid vkGetInstanceProcAddr(VK_NULL_HANDLE, "vkCmdWriteTimestamp2KHR") call
09-10 11:34:24.306 30426 30426 E vulkan  : invalid vkGetInstanceProcAddr(VK_NULL_HANDLE, "vkQueueSubmit2KHR") call
09-10 11:34:24.306 30426 30426 E vulkan  : invalid vkGetInstanceProcAddr(VK_NULL_HANDLE, "vkCmdCopyBuffer2KHR") call
09-10 11:34:24.306 30426 30426 E vulkan  : invalid vkGetInstanceProcAddr(VK_NULL_HANDLE, "vkCmdCopyImage2KHR") call
09-10 11:34:24.306 30426 30426 E vulkan  : invalid vkGetInstanceProcAddr(VK_NULL_HANDLE, "vkCmdCopyBufferToImage2KHR") call
09-10 11:34:24.306 30426 30426 E vulkan  : invalid vkGetInstanceProcAddr(VK_NULL_HANDLE, "vkCmdCopyImageToBuffer2KHR") call
09-10 11:34:24.306 30426 30426 E vulkan  : invalid vkGetInstanceProcAddr(VK_NULL_HANDLE, "vkCmdBlitImage2KHR") call
09-10 11:34:24.306 30426 30426 E vulkan  : invalid vkGetInstanceProcAddr(VK_NULL_HANDLE, "vkCmdResolveImage2KHR") call
09-10 11:34:24.306 30426 30426 E vulkan  : invalid vkGetInstanceProcAddr(VK_NULL_HANDLE, "vkGetDeviceBufferMemoryRequirementsKHR") call
09-10 11:34:24.306 30426 30426 E vulkan  : invalid vkGetInstanceProcAddr(VK_NULL_HANDLE, "vkGetDeviceImageMemoryRequirementsKHR") call
09-10 11:34:24.306 30426 30426 E vulkan  : invalid vkGetInstanceProcAddr(VK_NULL_HANDLE, "vkGetDeviceImageSparseMemoryRequirementsKHR") call
09-10 11:34:24.306 30426 30426 E vulkan  : invalid vkGetInstanceProcAddr(VK_NULL_HANDLE, "vkCmdBindIndexBuffer2KHR") call
09-10 11:34:24.306 30426 30426 E vulkan  : invalid vkGetInstanceProcAddr(VK_NULL_HANDLE, "vkGetRenderingAreaGranularityKHR") call
09-10 11:34:24.306 30426 30426 E vulkan  : invalid vkGetInstanceProcAddr(VK_NULL_HANDLE, "vkGetDeviceImageSubresourceLayoutKHR") call
09-10 11:34:24.306 30426 30426 E vulkan  : invalid vkGetInstanceProcAddr(VK_NULL_HANDLE, "vkGetImageSubresourceLayout2KHR") call
09-10 11:34:24.306 30426 30426 E vulkan  : invalid vkGetInstanceProcAddr(VK_NULL_HANDLE, "vkReleaseSwapchainImagesKHR") call
09-10 11:34:24.306 30426 30426 E vulkan  : invalid vkGetInstanceProcAddr(VK_NULL_HANDLE, "vkCmdSetLineStippleKHR") call
09-10 11:34:24.306 30426 30426 E vulkan  : invalid vkGetInstanceProcAddr(VK_NULL_HANDLE, "vkCmdBindDescriptorSets2KHR") call
09-10 11:34:24.306 30426 30426 E vulkan  : invalid vkGetInstanceProcAddr(VK_NULL_HANDLE, "vkCmdPushConstants2KHR") call
09-10 11:34:24.306 30426 30426 E vulkan  : invalid vkGetInstanceProcAddr(VK_NULL_HANDLE, "vkCmdPushDescriptorSet2KHR") call
09-10 11:34:24.306 30426 30426 E vulkan  : invalid vkGetInstanceProcAddr(VK_NULL_HANDLE, "vkCmdPushDescriptorSetWithTemplate2KHR") call
09-10 11:34:24.306 30426 30426 E vulkan  : invalid vkGetInstanceProcAddr(VK_NULL_HANDLE, "vkCmdSetDescriptorBufferOffsets2EXT") call
09-10 11:34:24.306 30426 30426 E vulkan  : invalid vkGetInstanceProcAddr(VK_NULL_HANDLE, "vkCmdBindDescriptorBufferEmbeddedSamplers2EXT") call
09-10 11:34:24.306 30426 30426 E vulkan  : invalid vkGetInstanceProcAddr(VK_NULL_HANDLE, "vkGetSwapchainGrallocUsageANDROID") call
09-10 11:34:24.306 30426 30426 E vulkan  : invalid vkGetInstanceProcAddr(VK_NULL_HANDLE, "vkAcquireImageANDROID") call
09-10 11:34:24.307 30426 30426 E vulkan  : invalid vkGetInstanceProcAddr(VK_NULL_HANDLE, "vkQueueSignalReleaseImageANDROID") call
09-10 11:34:24.307 30426 30426 E vulkan  : invalid vkGetInstanceProcAddr(VK_NULL_HANDLE, "vkGetSwapchainGrallocUsage2ANDROID") call
09-10 11:34:24.307 30426 30426 E vulkan  : invalid vkGetInstanceProcAddr(VK_NULL_HANDLE, "vkCmdBindTransformFeedbackBuffersEXT") call
09-10 11:34:24.307 30426 30426 E vulkan  : invalid vkGetInstanceProcAddr(VK_NULL_HANDLE, "vkCmdBeginTransformFeedbackEXT") call
09-10 11:34:24.307 30426 30426 E vulkan  : invalid vkGetInstanceProcAddr(VK_NULL_HANDLE, "vkCmdEndTransformFeedbackEXT") call
09-10 11:34:24.307 30426 30426 E vulkan  : invalid vkGetInstanceProcAddr(VK_NULL_HANDLE, "vkCmdBeginQueryIndexedEXT") call
09-10 11:34:24.307 30426 30426 E vulkan  : invalid vkGetInstanceProcAddr(VK_NULL_HANDLE, "vkCmdEndQueryIndexedEXT") call
09-10 11:34:24.307 30426 30426 E vulkan  : invalid vkGetInstanceProcAddr(VK_NULL_HANDLE, "vkCmdDrawIndirectByteCountEXT") call
09-10 11:34:24.307 30426 30426 E vulkan  : invalid vkGetInstanceProcAddr(VK_NULL_HANDLE, "vkSetDebugUtilsObjectNameEXT") call
09-10 11:34:24.307 30426 30426 E vulkan  : invalid vkGetInstanceProcAddr(VK_NULL_HANDLE, "vkSetDebugUtilsObjectTagEXT") call
09-10 11:34:24.307 30426 30426 E vulkan  : invalid vkGetInstanceProcAddr(VK_NULL_HANDLE, "vkQueueBeginDebugUtilsLabelEXT") call
09-10 11:34:24.308 30426 30426 E vulkan  : invalid vkGetInstanceProcAddr(VK_NULL_HANDLE, "vkQueueEndDebugUtilsLabelEXT") call
09-10 11:34:24.308 30426 30426 E vulkan  : invalid vkGetInstanceProcAddr(VK_NULL_HANDLE, "vkQueueInsertDebugUtilsLabelEXT") call
09-10 11:34:24.308 30426 30426 E vulkan  : invalid vkGetInstanceProcAddr(VK_NULL_HANDLE, "vkCmdBeginDebugUtilsLabelEXT") call
09-10 11:34:24.308 30426 30426 E vulkan  : invalid vkGetInstanceProcAddr(VK_NULL_HANDLE, "vkCmdEndDebugUtilsLabelEXT") call
09-10 11:34:24.308 30426 30426 E vulkan  : invalid vkGetInstanceProcAddr(VK_NULL_HANDLE, "vkCmdInsertDebugUtilsLabelEXT") call
09-10 11:34:24.308 30426 30426 E vulkan  : invalid vkGetInstanceProcAddr(VK_NULL_HANDLE, "vkGetImageDrmFormatModifierPropertiesEXT") call
09-10 11:34:24.308 30426 30426 E vulkan  : invalid vkGetInstanceProcAddr(VK_NULL_HANDLE, "vkGetMemoryHostPointerPropertiesEXT") call
09-10 11:34:24.308 30426 30426 E vulkan  : invalid vkGetInstanceProcAddr(VK_NULL_HANDLE, "vkCmdSetCheckpointNV") call
09-10 11:34:24.308 30426 30426 E vulkan  : invalid vkGetInstanceProcAddr(VK_NULL_HANDLE, "vkGetQueueCheckpointDataNV") call
09-10 11:34:24.308 30426 30426 E vulkan  : invalid vkGetInstanceProcAddr(VK_NULL_HANDLE, "vkGetQueueCheckpointData2NV") call
09-10 11:34:24.308 30426 30426 E vulkan  : invalid vkGetInstanceProcAddr(VK_NULL_HANDLE, "vkGetPhysicalDeviceToolPropertiesEXT") call
09-10 11:34:24.308 30426 30426 E vulkan  : invalid vkGetInstanceProcAddr(VK_NULL_HANDLE, "vkCmdSetLineStippleEXT") call
09-10 11:34:24.308 30426 30426 E vulkan  : invalid vkGetInstanceProcAddr(VK_NULL_HANDLE, "vkCmdSetCullModeEXT") call
09-10 11:34:24.308 30426 30426 E vulkan  : invalid vkGetInstanceProcAddr(VK_NULL_HANDLE, "vkCmdSetFrontFaceEXT") call
09-10 11:34:24.308 30426 30426 E vulkan  : invalid vkGetInstanceProcAddr(VK_NULL_HANDLE, "vkCmdSetPrimitiveTopologyEXT") call
09-10 11:34:24.308 30426 30426 E vulkan  : invalid vkGetInstanceProcAddr(VK_NULL_HANDLE, "vkCmdSetViewportWithCountEXT") call
09-10 11:34:24.308 30426 30426 E vulkan  : invalid vkGetInstanceProcAddr(VK_NULL_HANDLE, "vkCmdSetScissorWithCountEXT") call
09-10 11:34:24.308 30426 30426 E vulkan  : invalid vkGetInstanceProcAddr(VK_NULL_HANDLE, "vkCmdBindVertexBuffers2EXT") call
09-10 11:34:24.308 30426 30426 E vulkan  : invalid vkGetInstanceProcAddr(VK_NULL_HANDLE, "vkCmdSetDepthTestEnableEXT") call
09-10 11:34:24.308 30426 30426 E vulkan  : invalid vkGetInstanceProcAddr(VK_NULL_HANDLE, "vkCmdSetDepthWriteEnableEXT") call
09-10 11:34:24.308 30426 30426 E vulkan  : invalid vkGetInstanceProcAddr(VK_NULL_HANDLE, "vkCmdSetDepthCompareOpEXT") call
09-10 11:34:24.308 30426 30426 E vulkan  : invalid vkGetInstanceProcAddr(VK_NULL_HANDLE, "vkCmdSetDepthBoundsTestEnableEXT") call
09-10 11:34:24.308 30426 30426 E vulkan  : invalid vkGetInstanceProcAddr(VK_NULL_HANDLE, "vkCmdSetStencilTestEnableEXT") call
09-10 11:34:24.309 30426 30426 E vulkan  : invalid vkGetInstanceProcAddr(VK_NULL_HANDLE, "vkCmdSetStencilOpEXT") call
09-10 11:34:24.309 30426 30426 E vulkan  : invalid vkGetInstanceProcAddr(VK_NULL_HANDLE, "vkCopyMemoryToImageEXT") call
09-10 11:34:24.309 30426 30426 E vulkan  : invalid vkGetInstanceProcAddr(VK_NULL_HANDLE, "vkCopyImageToMemoryEXT") call
09-10 11:34:24.309 30426 30426 E vulkan  : invalid vkGetInstanceProcAddr(VK_NULL_HANDLE, "vkCopyImageToImageEXT") call
09-10 11:34:24.309 30426 30426 E vulkan  : invalid vkGetInstanceProcAddr(VK_NULL_HANDLE, "vkTransitionImageLayoutEXT") call
09-10 11:34:24.309 30426 30426 E vulkan  : invalid vkGetInstanceProcAddr(VK_NULL_HANDLE, "vkGetImageSubresourceLayout2EXT") call
09-10 11:34:24.309 30426 30426 E vulkan  : invalid vkGetInstanceProcAddr(VK_NULL_HANDLE, "vkReleaseSwapchainImagesEXT") call
09-10 11:34:24.309 30426 30426 E vulkan  : invalid vkGetInstanceProcAddr(VK_NULL_HANDLE, "vkCreatePrivateDataSlotEXT") call
09-10 11:34:24.309 30426 30426 E vulkan  : invalid vkGetInstanceProcAddr(VK_NULL_HANDLE, "vkDestroyPrivateDataSlotEXT") call
09-10 11:34:24.309 30426 30426 E vulkan  : invalid vkGetInstanceProcAddr(VK_NULL_HANDLE, "vkSetPrivateDataEXT") call
09-10 11:34:24.309 30426 30426 E vulkan  : invalid vkGetInstanceProcAddr(VK_NULL_HANDLE, "vkGetPrivateDataEXT") call
09-10 11:34:24.309 30426 30426 E vulkan  : invalid vkGetInstanceProcAddr(VK_NULL_HANDLE, "vkCmdSetPatchControlPointsEXT") call
09-10 11:34:24.309 30426 30426 E vulkan  : invalid vkGetInstanceProcAddr(VK_NULL_HANDLE, "vkCmdSetRasterizerDiscardEnableEXT") call
09-10 11:34:24.309 30426 30426 E vulkan  : invalid vkGetInstanceProcAddr(VK_NULL_HANDLE, "vkCmdSetDepthBiasEnableEXT") call
09-10 11:34:24.309 30426 30426 E vulkan  : invalid vkGetInstanceProcAddr(VK_NULL_HANDLE, "vkCmdSetLogicOpEXT") call
09-10 11:34:24.309 30426 30426 E vulkan  : invalid vkGetInstanceProcAddr(VK_NULL_HANDLE, "vkCmdSetPrimitiveRestartEnableEXT") call
09-10 11:34:24.309 30426 30426 E vulkan  : invalid vkGetInstanceProcAddr(VK_NULL_HANDLE, "vkCmdSetColorWriteEnableEXT") call
09-10 11:34:24.309 30426 30426 E vulkan  : invalid vkGetInstanceProcAddr(VK_NULL_HANDLE, "vkMapMemoryIntoAddressSpaceGOOGLE") call
09-10 11:34:24.309 30426 30426 E vulkan  : invalid vkGetInstanceProcAddr(VK_NULL_HANDLE, "vkUpdateDescriptorSetWithTemplateSizedGOOGLE") call
09-10 11:34:24.309 30426 30426 E vulkan  : invalid vkGetInstanceProcAddr(VK_NULL_HANDLE, "vkBeginCommandBufferAsyncGOOGLE") call
09-10 11:34:24.309 30426 30426 E vulkan  : invalid vkGetInstanceProcAddr(VK_NULL_HANDLE, "vkEndCommandBufferAsyncGOOGLE") call
09-10 11:34:24.309 30426 30426 E vulkan  : invalid vkGetInstanceProcAddr(VK_NULL_HANDLE, "vkResetCommandBufferAsyncGOOGLE") call
09-10 11:34:24.309 30426 30426 E vulkan  : invalid vkGetInstanceProcAddr(VK_NULL_HANDLE, "vkCommandBufferHostSyncGOOGLE") call
09-10 11:34:24.309 30426 30426 E vulkan  : invalid vkGetInstanceProcAddr(VK_NULL_HANDLE, "vkCreateImageWithRequirementsGOOGLE") call
09-10 11:34:24.309 30426 30426 E vulkan  : invalid vkGetInstanceProcAddr(VK_NULL_HANDLE, "vkCreateBufferWithRequirementsGOOGLE") call
09-10 11:34:24.309 30426 30426 E vulkan  : invalid vkGetInstanceProcAddr(VK_NULL_HANDLE, "vkGetMemoryHostAddressInfoGOOGLE") call
09-10 11:34:24.309 30426 30426 E vulkan  : invalid vkGetInstanceProcAddr(VK_NULL_HANDLE, "vkFreeMemorySyncGOOGLE") call
09-10 11:34:24.309 30426 30426 E vulkan  : invalid vkGetInstanceProcAddr(VK_NULL_HANDLE, "vkQueueHostSyncGOOGLE") call
09-10 11:34:24.309 30426 30426 E vulkan  : invalid vkGetInstanceProcAddr(VK_NULL_HANDLE, "vkQueueSubmitAsyncGOOGLE") call
09-10 11:34:24.309 30426 30426 E vulkan  : invalid vkGetInstanceProcAddr(VK_NULL_HANDLE, "vkQueueWaitIdleAsyncGOOGLE") call
09-10 11:34:24.309 30426 30426 E vulkan  : invalid vkGetInstanceProcAddr(VK_NULL_HANDLE, "vkQueueBindSparseAsyncGOOGLE") call
09-10 11:34:24.309 30426 30426 E vulkan  : invalid vkGetInstanceProcAddr(VK_NULL_HANDLE, "vkGetLinearImageLayoutGOOGLE") call
09-10 11:34:24.309 30426 30426 E vulkan  : invalid vkGetInstanceProcAddr(VK_NULL_HANDLE, "vkGetLinearImageLayout2GOOGLE") call
09-10 11:34:24.309 30426 30426 E vulkan  : invalid vkGetInstanceProcAddr(VK_NULL_HANDLE, "vkQueueFlushCommandsGOOGLE") call
09-10 11:34:24.309 30426 30426 E vulkan  : invalid vkGetInstanceProcAddr(VK_NULL_HANDLE, "vkQueueCommitDescriptorSetUpdatesGOOGLE") call
09-10 11:34:24.309 30426 30426 E vulkan  : invalid vkGetInstanceProcAddr(VK_NULL_HANDLE, "vkCollectDescriptorPoolIdsGOOGLE") call
09-10 11:34:24.309 30426 30426 E vulkan  : invalid vkGetInstanceProcAddr(VK_NULL_HANDLE, "vkQueueSignalReleaseImageANDROIDAsyncGOOGLE") call
09-10 11:34:24.309 30426 30426 E vulkan  : invalid vkGetInstanceProcAddr(VK_NULL_HANDLE, "vkQueueFlushCommandsFromAuxMemoryGOOGLE") call
09-10 11:34:24.309 30426 30426 E vulkan  : invalid vkGetInstanceProcAddr(VK_NULL_HANDLE, "vkGetBlobGOOGLE") call
09-10 11:34:24.309 30426 30426 E vulkan  : invalid vkGetInstanceProcAddr(VK_NULL_HANDLE, "vkUpdateDescriptorSetWithTemplateSized2GOOGLE") call
09-10 11:34:24.309 30426 30426 E vulkan  : invalid vkGetInstanceProcAddr(VK_NULL_HANDLE, "vkQueueSubmitAsync2GOOGLE") call
09-10 11:34:24.309 30426 30426 E vulkan  : invalid vkGetInstanceProcAddr(VK_NULL_HANDLE, "vkGetSemaphoreGOOGLE") call
09-10 11:34:24.309 30426 30426 E vulkan  : invalid vkGetInstanceProcAddr(VK_NULL_HANDLE, "vkTraceAsyncGOOGLE") call
09-10 11:34:24.309 30426 30426 E vulkan  : invalid vkGetInstanceProcAddr(VK_NULL_HANDLE, "vkSetDebugMetadataAsyncGOOGLE") call
09-10 11:34:24.309 30426 30426 E vulkan  : invalid vkGetInstanceProcAddr(VK_NULL_HANDLE, "vkCmdTraceRaysKHR") call
09-10 11:34:24.310 30426 30426 E vulkan  : invalid vkGetInstanceProcAddr(VK_NULL_HANDLE, "vkCreateRayTracingPipelinesKHR") call
09-10 11:34:24.310 30426 30426 E vulkan  : invalid vkGetInstanceProcAddr(VK_NULL_HANDLE, "vkGetRayTracingShaderGroupHandlesKHR") call
09-10 11:34:24.310 30426 30426 E vulkan  : invalid vkGetInstanceProcAddr(VK_NULL_HANDLE, "vkGetRayTracingCaptureReplayShaderGroupHandlesKHR") call
09-10 11:34:24.310 30426 30426 E vulkan  : invalid vkGetInstanceProcAddr(VK_NULL_HANDLE, "vkCmdTraceRaysIndirectKHR") call
09-10 11:34:24.310 30426 30426 E vulkan  : invalid vkGetInstanceProcAddr(VK_NULL_HANDLE, "vkGetRayTracingShaderGroupStackSizeKHR") call
09-10 11:34:24.310 30426 30426 E vulkan  : invalid vkGetInstanceProcAddr(VK_NULL_HANDLE, "vkCmdSetRayTracingPipelineStackSizeKHR") call
09-10 11:34:24.336 30426 30426 E GFXSTREAM: [vk_common_operations.cpp(1006)] Warning: Vulkan 1.0 APIs missing from instance
09-10 11:34:24.337 30426 30426 I GFXSTREAM: [vk_common_operations.cpp(1378)] Selecting Vulkan device: Mali-G78, Version: 1.4.305
09-10 11:34:24.337 30426 30426 I GFXSTREAM: [vk_common_operations.cpp(1382)] Using Vulkan externalMemoryMode: AndroidAHB for VkEmulation
09-10 11:34:24.368 30426 30426 I GFXSTREAM: [vk_common_operations.cpp(1724)] Initializing VkEmulation features:
09-10 11:34:24.368 30426 30426 I GFXSTREAM: [vk_common_operations.cpp(1726)]     glInteropSupported: false
09-10 11:34:24.368 30426 30426 I GFXSTREAM: [vk_common_operations.cpp(1727)]     useDeferredCommands: true
09-10 11:34:24.368 30426 30426 I GFXSTREAM: [vk_common_operations.cpp(1729)]     createResourceWithRequirements: true
09-10 11:34:24.368 30426 30426 I GFXSTREAM: [vk_common_operations.cpp(1731)]     useVulkanComposition: true
09-10 11:34:24.368 30426 30426 I GFXSTREAM: [vk_common_operations.cpp(1733)]     useVulkanNativeSwapchain: false
09-10 11:34:24.368 30426 30426 I GFXSTREAM: [vk_common_operations.cpp(1734)]     enable guestRenderDoc: false
09-10 11:34:24.368 30426 30426 I GFXSTREAM: [vk_common_operations.cpp(1736)]     ASTC LDR emulation mode: Gpu
09-10 11:34:24.368 30426 30426 I GFXSTREAM: [vk_common_operations.cpp(1738)]     enable ETC2 emulation: true
09-10 11:34:24.368 30426 30426 I GFXSTREAM: [vk_common_operations.cpp(1740)]     enable Ycbcr emulation: false
09-10 11:34:24.368 30426 30426 I GFXSTREAM: [vk_common_operations.cpp(1741)]     guestVulkanOnly: true
09-10 11:34:24.368 30426 30426 I GFXSTREAM: [vk_common_operations.cpp(1743)]     useDedicatedAllocations: false
09-10 11:34:24.368 30426 30426 I GFXSTREAM: [vk_common_operations.cpp(1747)]     guestVulkanMaxApiVersion: 1.4.0
09-10 11:34:24.368 30426 30426 I GFXSTREAM: [vk_common_operations.cpp(1749)]     enableProtectedMemoryEmulation: false
09-10 11:34:24.422  1821  5941 W JobScheduler: Job didn't exist in JobStore: 64cbfb6 #u0a198/1034 com.google.android.apps.photos/com.google.android.libraries.social.mediamonitor.MediaMonitorJobSchedulerService
09-10 11:34:24.469  1821  5941 W UriGrantsManagerService: No permission grants found for com.google.android.apps.photos
09-10 11:34:24.470  1821  5941 W UriGrantsManagerService: No permission grants found for com.google.android.apps.photos
09-10 11:34:24.496 30380 30386 I oder.udroid.dev: Compiler allocated 5305KB to compile void android.view.ViewRootImpl.performTraversals(long)
09-10 11:34:24.588  2542  2565 V WindowManagerShell: Transition animation finished (aborted=false), notifying core (#243) android.os.BinderProxy@123e44d@0
09-10 11:34:24.590  1821  1862 V WindowManager: Finish Transition (#243): created at 09-10 11:34:23.864 collect-started=0.069ms request-sent=0.15ms started=9.952ms ready=182.663ms sent=184.439ms commit=22.51ms finished=725.499ms
09-10 11:34:24.590  1821  2153 E libbinder.IPCThreadState: Binder transaction failure. id: 12832883, cmd: BR_DEAD_REPLY (29189), error: -22 (Invalid argument)
09-10 11:34:24.590  1821  2153 W ActivityManager: pid 1821 system sent binder code 7 with flags 1 and got error -32
09-10 11:34:24.590  1821  2153 W WindowManager: Exception thrown during dispatchAppVisibility Window{be84788 u0 org.randomcoder.udroid.dev/org.randomcoder.udroid.gfxstream.GfxstreamPresenterProbeActivity EXITING}
09-10 11:34:24.590  1821  2153 W WindowManager: android.os.DeadObjectException
09-10 11:34:24.590  1821  2153 W WindowManager: 	at android.os.BinderProxy.transactNative(Native Method)
09-10 11:34:24.590  1821  2153 W WindowManager: 	at android.os.BinderProxy.transact(BinderProxy.java:626)
09-10 11:34:24.590  1821  2153 W WindowManager: 	at android.view.IWindow$Stub$Proxy.dispatchAppVisibility(IWindow.java:602)
09-10 11:34:24.590  1821  2153 W WindowManager: 	at com.android.server.wm.WindowState.sendAppVisibilityToClients(WindowState.java:3388)
09-10 11:34:24.590  1821  2153 W WindowManager: 	at com.android.server.wm.WindowContainer.sendAppVisibilityToClients(WindowContainer.java:1245)
09-10 11:34:24.590  1821  2153 W WindowManager: 	at com.android.server.wm.WindowToken.setClientVisible(WindowToken.java:392)
09-10 11:34:24.590  1821  2153 W WindowManager: 	at com.android.server.wm.ActivityRecord.commitVisibility(ActivityRecord.java:5654)
09-10 11:34:24.590  1821  2153 W WindowManager: 	at com.android.server.wm.Transition.finishTransition(Transition.java:1629)
09-10 11:34:24.590  1821  2153 W WindowManager: 	at com.android.server.wm.TransitionController.finishTransition(TransitionController.java:1220)
09-10 11:34:24.590  1821  2153 W WindowManager: 	at com.android.server.wm.WindowOrganizerController.finishTransition(WindowOrganizerController.java:533)
09-10 11:34:24.590  1821  2153 W WindowManager: 	at android.window.IWindowOrganizerController$Stub.onTransact(IWindowOrganizerController.java:265)
09-10 11:34:24.590  1821  2153 W WindowManager: 	at com.android.server.wm.WindowOrganizerController.onTransact(WindowOrganizerController.java:239)
09-10 11:34:24.590  1821  2153 W WindowManager: 	at android.os.Binder.execTransactInternal(Binder.java:1369)
09-10 11:34:24.590  1821  2153 W WindowManager: 	at android.os.Binder.execTransact(Binder.java:1323)
09-10 11:34:24.590  1821  2153 W Process : Unable to open /proc/29601/status
09-10 11:34:24.591  2542  2755 D WallpaperService: onVisibilityChanged(false): com.android.systemui.wallpapers.ImageWallpaper$CanvasEngine@d163f9f
09-10 11:34:24.596  2542  2565 V WindowManagerShell: Track 0 became idle
09-10 11:34:24.596  2542  2565 V WindowManagerShell: All active transition animations finished
09-10 11:34:24.598  2836  2836 D BaseActivity: Launcher flags updated: [] -[state_started]
09-10 11:34:24.598  2836  2836 D BaseDepthController: setSurface:
09-10 11:34:24.598  2836  2836 D BaseDepthController: 	mWaitingOnSurfaceValidity: false
09-10 11:34:24.598  2836  2836 D BaseDepthController: 	mBaseSurface: null
09-10 11:34:24.598  2836  2836 D BaseDepthController: mSurface is null and mCurrentBlur is: 0
09-10 11:34:24.598  2836  2836 D LauncherStateManager: StateManager.goToState: fromState: Normal, toState: Normal, partial trace:
09-10 11:34:24.598  2836  2836 D LauncherStateManager: 	at com.android.launcher3.statemanager.StateManager.moveToRestState(go/retraceme 8bcbbc35bb13161dedaa519f339f298517b051dcbf8e2046701ae935fa579434:26)
09-10 11:34:24.598  2836  2836 D LauncherStateManager: 	at com.android.launcher3.statemanager.StateManager.moveToRestState(go/retraceme 8bcbbc35bb13161dedaa519f339f298517b051dcbf8e2046701ae935fa579434:35)
09-10 11:34:24.598  2836  2836 D LauncherStateManager: 	at com.android.launcher3.statemanager.StatefulActivity.onStop(go/retraceme 8bcbbc35bb13161dedaa519f339f298517b051dcbf8e2046701ae935fa579434:31)
09-10 11:34:24.598  2836  2836 D LauncherStateManager: StateManager.onRepeatStateSetAborted: state: Normal
09-10 11:34:24.598  2836  2836 D KeyboardStateManager: hideKeyboard
09-10 11:34:24.598  2836  2836 D KeyboardStateManager: isImeShown: false
09-10 11:34:24.598  2836  2836 D StatsLog: LAUNCHER_ONSTOP
09-10 11:34:24.599  2836  2836 D StatsLog: LAUNCHER_GOOGLE_SEARCH_RESTORE_LIST_SIZE_AFTER_ACTIVITY_RESTART
09-10 11:34:24.599  2836  2836 D SmartspaceInteractor: notifySmartspaceEvent: SmartspaceTargetEvent{mSmartspaceTarget=null, mSmartspaceActionId='null', mEventType=7}
09-10 11:34:24.599  2836  2836 D RecentsView: onTaskRemoved: 425, not handling task stack changes
09-10 11:34:24.599  2836  2836 D RecentsView: onTaskRemoved: 425, not handling task stack changes
09-10 11:34:24.601  3992  4372 I AiAiEcho: (REDACTED) %s No tracked ambient data found for ID: %s; for event type: %d, skipping event processing.
09-10 11:34:24.604  2836  2836 D SmartspaceInteractor: notifySmartspaceEvent: SmartspaceTargetEvent{mSmartspaceTarget=null, mSmartspaceActionId='null', mEventType=7}
09-10 11:34:24.608  3992  4372 I AiAiEcho: (REDACTED) %s No tracked ambient data found for ID: %s; for event type: %d, skipping event processing.
09-10 11:34:24.608  2905  4976 I FontLog : (REDACTED) Received query %s, URI %s
09-10 11:34:24.608  2905  4976 I FontLog : (REDACTED) Query [%s] resolved to %s
09-10 11:34:24.608  2542  2565 V ShellTaskOrganizer: Task vanished taskId=425
09-10 11:34:24.608  2542  2565 V ShellTaskOrganizer: Fullscreen Task Vanished: #425
09-10 11:34:24.608  2542  2565 D ShellPackageUpdate: PackageUpdateController: Removing handlePackageUpdate for task: 425
09-10 11:34:24.609  1821  2467 I Surface : Creating surface for consumer unnamed-1821-90 with slotExpansion=1 for 64 slots
09-10 11:34:24.609  2905  4976 I FontLog : (REDACTED) Fetch %s end status %s
09-10 11:34:24.610  1821  2153 E WindowOrganizerController: Attempting to externally change a non-organized container: Task{7f4cf47 #425 type=standard A=10337:org.randomcoder.udroid.dev}={handlePackageUpdate:false,} playercount=2 taskorg=android.window.ITaskOrganizer$Stub$Proxy@a61df8c
09-10 11:34:24.610  2542  2565 V RecentTasksController: Notify recent tasks changed
09-10 11:34:24.610  2542  2565 D ShellDesktopMode: AppToWebRepository: Task 425 is vanishing. Removing task data from repository
09-10 11:34:24.610  2836  2836 D RecentTasksList: invalidateLoadedTasks - previous requestLoadId: -1
09-10 11:34:24.610  2542  2565 V AppCompat: SingleSurfaceLetterboxController: []
09-10 11:34:24.610  2542  2565 V AppCompat: MultiSurfaceLetterboxController: []
09-10 11:34:24.610  2542  2565 V AppCompat: LetterboxInputController: []
09-10 11:34:24.610  2542  2565 V AppCompat: RoundedCornersLetterboxController: {}
09-10 11:34:24.611  2905  4976 I FontLog : (REDACTED) Pulling font file for id = %d, cache size = %d
09-10 11:34:24.613  1821  2467 I Surface : Creating surface for consumer ImageReader-1920x864f1m1-1821-41 with slotExpansion=1 for 64 slots
09-10 11:34:24.614  1821  2467 W ImageReader_JNI: Unable to acquire a buffer item, very likely client tried to acquire more than maxImages buffers
09-10 11:34:24.619  2905  4976 I FontLog : (REDACTED) Pulling font file for id = %d, cache size = %d
09-10 11:34:24.619 30426 30426 E GFXSTREAM: [compositor_vk.cpp(1093)] Failed to find memory type for creating buffer.
09-10 11:34:24.623 30426 30426 I GFXSTREAM: [compositor_vk.cpp(172)] Created CompositorVk
09-10 11:34:24.624  1821  2467 E ConsumerBase: [ImageReader-1920x864f1m1-1821-41] abandonLocked: ConsumerBase is abandoned!
09-10 11:34:24.626 30426 30426 W libbinder.BackendUnifiedServiceManager: Thread Pool max thread count is 0. Cannot cache binder as linkToDeath cannot be implemented. serviceName: android.hardware.graphics.allocator.IAllocator/default
09-10 11:34:24.627 30426 30426 W libbinder.BackendUnifiedServiceManager: Thread Pool max thread count is 0. Cannot cache binder as linkToDeath cannot be implemented. serviceName: android.hardware.graphics.allocator.IAllocator/default
09-10 11:34:24.631 30426 30426 I GFXSTREAM: [frame_buffer.cpp(1433)] Graphics Adapter Vendor N/A
09-10 11:34:24.631 30426 30426 I GFXSTREAM: [frame_buffer.cpp(1434)] Graphics Adapter N/A
09-10 11:34:24.631 30426 30426 I GFXSTREAM: [frame_buffer.cpp(1435)] Graphics API Version N/A
09-10 11:34:24.631 30426 30426 I GFXSTREAM: [frame_buffer.cpp(1436)] Graphics API Extensions N/A
09-10 11:34:24.631 30426 30426 I GFXSTREAM: [frame_buffer.cpp(1437)] Graphics Device Extensions N/A
09-10 11:34:24.633 30426 30426 I GFXSTREAM: [virtio_gpu_gfxstream_renderer.cpp(892)] Gfxstream initialized successfully!
09-10 11:34:24.644   540   540 E BpTransactionCompletedListener: Failed to transact (-32)
09-10 11:34:24.644   540   540 E BpTransactionCompletedListener: Failed to transact (-32)
09-10 11:34:24.897  3981  3993 I ffad    : (REDACTED) HDM. appOpsListener %s %s
09-10 11:34:24.898  3981  3993 I ffad    : (REDACTED) HDM. Ignoring irrelevant audio permission changes for package %s
09-10 11:34:25.337  1821  5941 W UriGrantsManagerService: No permission grants found for com.google.android.apps.photos
09-10 11:34:25.337  1821  5941 W UriGrantsManagerService: No permission grants found for com.google.android.apps.photos
09-10 11:34:25.419  1821  5941 W UriGrantsManagerService: No permission grants found for com.google.android.apps.photos
09-10 11:34:25.419  1821  5941 W UriGrantsManagerService: No permission grants found for com.google.android.apps.photos
09-10 11:34:25.617  2165  2185 I pixel-thermal: usb_pwr_therm2:38.873 raw data: usb_pwr_therm2:38873 
09-10 11:34:26.728  2678  2778 D TemperatureStateSource: sequence=3476 actualDelay=10001
09-10 11:34:26.730  2678  2778 D TemperatureStateSource: Reading temperature: sequence=3477
09-10 11:34:26.732  2165  2165 I pixel-thermal: VIRTUAL-SKIN:39.6978 raw data: VIRTUAL-NEUTRAL:39203 VIRTUAL-NEUTRAL-SKIN2:39697.8 VIRTUAL-QUIET-NEUTRAL:39211.5 VIRTUAL-SKIN:39697.8 disp_therm:39697 gnss_tcxo_therm:38227 neutral_therm:37248 quiet_therm:40053 skin_therm1:38695 skin_therm2:45414 
09-10 11:34:26.733  2678  2778 D TemperatureStateSource: getDeviceTemperatures: sequence=3477 deviceTemperatureType=3 temperatureSource=0 temperatures=[39.697803]
09-10 11:34:26.733  2678  2778 D TemperatureStateSource: sequence=3477 waitTime=10000
09-10 11:34:26.734  2678  2778 D ImpulseStateSource: Notify clients: 3492
09-10 11:34:27.625  2165  2185 I pixel-thermal: usb_pwr_therm2:38.873 raw data: usb_pwr_therm2:38873 
09-10 11:34:27.626  2165  2185 I pixel-thermal: Power rails total power: 692.92 mW for 60249 ms
09-10 11:34:27.626  2165  2185 I pixel-thermal: Power rails [L8S_UFS_VCCQ: 20.04 mW] [S2S_VDD_G3D: 4.47 mW] [S10S_VDD2L: 15.70 mW] [S5S_VDDQ_MEM: 5.68 mW] [S4S_VDD2H_MEM: 27.80 mW] [S9S_VDD_AOC: 22.09 mW] 
09-10 11:34:27.626  2165  2185 I pixel-thermal: Power rails [S10M_VDD_TPU: 10.55 mW] [L2S_VDD_AOC_RET: 11.38 mW] [L9S_GNSS_CORE: 0.70 mW] [S1M_VDD_MIF: 36.21 mW] [S5M_VDD_INT: 29.44 mW] [S4M_VDD_CPUCL0: 51.68 mW] 
09-10 11:34:27.626  2165  2185 I pixel-thermal: Power rails [S2M_VDD_CPUCL2: 56.79 mW] [S3M_VDD_CPUCL1: 21.68 mW] [L15M_VDD_SLC_M: 19.27 mW] [VSYS_PWR_DISPLAY: 359.46 mW] 
09-10 11:34:27.627  2165  2185 I pixel-thermal: CDEV log usbc-port state:0 fcc state:6 thermal-cpufreq-1 state:0 tpu_cooling state:2 thermal-gpufreq-0 state:0 thermal-cpufreq-2 state:0 thermal-cpufreq-0 state:0 
09-10 11:34:27.939  2165  2185 I pixel-thermal: cellular-emergency:39.6978 raw data: VIRTUAL-SKIN:39697.8 cellular-emergency:39697.8 
09-10 11:34:27.940  2165  2185 I pixel-thermal: VIRTUAL-SKIN-CPU:39.6978 raw data: VIRTUAL-SKIN:39697.8 VIRTUAL-SKIN-CPU:39697.8 
09-10 11:34:27.940  2165  2185 I pixel-thermal: VIRTUAL-SKIN-CPU power_budget=1316.36 err=1.3022 s_power=800 time_elapsed_ms=7008 p=520.879 i=-4.52085 d=-0 dt_per_min=nan compensation=0 budget transient=0 control target=3 excluded power budget=0
09-10 11:34:27.940  2165  2185 I pixel-thermal: VIRTUAL-SKIN-CPU binded power rails: (S4M_VDD_CPUCL0: 161.78 mW)(S2M_VDD_CPUCL2: 352.01 mW)(S3M_VDD_CPUCL1: 79.57 mW)
09-10 11:34:27.941  2165  2185 I pixel-thermal: neutral_therm:37.248 raw data: neutral_therm:37248 
09-10 11:34:27.941  2165  2185 I pixel-thermal: VIRTUAL-SKIN:39.6978 raw data: VIRTUAL-SKIN:39697.8 
09-10 11:34:27.941  2165  2185 I pixel-thermal: VIRTUAL-SKIN-CPU-GPU:39.6978 raw data: VIRTUAL-SKIN:39697.8 VIRTUAL-SKIN-CPU-GPU:39697.8 
09-10 11:34:27.941  2165  2185 I pixel-thermal: VIRTUAL-SKIN-CPU-GPU power_budget=2379.11 err=5.3022 s_power=800 time_elapsed_ms=7008 p=1590.66 i=-11.5523 d=-0 dt_per_min=nan compensation=0 budget transient=0 control target=3 excluded power budget=0
09-10 11:34:27.941  2165  2185 I pixel-thermal: VIRTUAL-SKIN-CPU-GPU binded power rails: (S4M_VDD_CPUCL0: 161.78 mW)(S2M_VDD_CPUCL2: 352.01 mW)(S3M_VDD_CPUCL1: 79.57 mW)(S2S_VDD_G3D: 14.08 mW)
09-10 11:34:27.941  2165  2185 I pixel-thermal: VIRTUAL-SKIN-HINT:39.6978 raw data: VIRTUAL-SKIN:39697.8 VIRTUAL-SKIN-HINT:39697.8 
09-10 11:34:27.941  2165  2185 I pixel-thermal: VIRTUAL-SKIN-CHARGE:39.6978 raw data: VIRTUAL-SKIN:39697.8 VIRTUAL-SKIN-CHARGE:39697.8 
09-10 11:34:27.942  2165  2185 I pixel-thermal: VIRTUAL-SKIN-CHARGE's fcc binded power rail POWER_FOR_CHARGING_THROTTLING: power threshold = 500, avg power = 1000.69
09-10 11:34:28.907  1821  2400 D InetDiagMessage: Destroyed 0 sockets, proto=IPPROTO_TCP, family=AF_INET, states=14
09-10 11:34:28.911  1821  2400 D InetDiagMessage: Destroyed 0 sockets, proto=IPPROTO_TCP, family=AF_INET6, states=14
09-10 11:34:28.911  1821  2400 D InetDiagMessage: Destroyed live tcp sockets for uids={10299} in 9ms
09-10 11:34:28.914  1821  2400 D InetDiagMessage: Destroyed 0 sockets, proto=IPPROTO_TCP, family=AF_INET, states=14
09-10 11:34:28.917  1821  2400 D InetDiagMessage: Destroyed 0 sockets, proto=IPPROTO_TCP, family=AF_INET6, states=14
09-10 11:34:28.917  1821  2400 D InetDiagMessage: Destroyed live tcp sockets for uids={20299} in 6ms
09-10 11:34:29.247  6025  6285 W JobInfo : Requested important-while-foreground flag for job803 is ignored and takes no effect
09-10 11:34:29.268  1821  2400 D InetDiagMessage: Destroyed 0 sockets, proto=IPPROTO_TCP, family=AF_INET, states=14
09-10 11:34:29.269  1821  2400 D InetDiagMessage: Destroyed 0 sockets, proto=IPPROTO_TCP, family=AF_INET6, states=14
09-10 11:34:29.269  1821  2400 D InetDiagMessage: Destroyed live tcp sockets for uids={10292} in 3ms
09-10 11:34:29.272  1821  2400 D InetDiagMessage: Destroyed 0 sockets, proto=IPPROTO_TCP, family=AF_INET, states=14
09-10 11:34:29.274  1821  2400 D InetDiagMessage: Destroyed 0 sockets, proto=IPPROTO_TCP, family=AF_INET6, states=14
09-10 11:34:29.274  1821  2400 D InetDiagMessage: Destroyed live tcp sockets for uids={20292} in 4ms
09-10 11:34:29.434  1821  2400 D InetDiagMessage: Destroyed 0 sockets, proto=IPPROTO_TCP, family=AF_INET, states=14
09-10 11:34:29.437  1821  2400 D InetDiagMessage: Destroyed 0 sockets, proto=IPPROTO_TCP, family=AF_INET6, states=14
09-10 11:34:29.437  1821  2400 D InetDiagMessage: Destroyed live tcp sockets for uids={10198} in 6ms
09-10 11:34:29.439  1821  2400 D InetDiagMessage: Destroyed 0 sockets, proto=IPPROTO_TCP, family=AF_INET, states=14
09-10 11:34:29.441  1821  2400 D InetDiagMessage: Destroyed 0 sockets, proto=IPPROTO_TCP, family=AF_INET6, states=14
09-10 11:34:29.441  1821  2400 D InetDiagMessage: Destroyed live tcp sockets for uids={20198} in 4ms
09-10 11:34:29.573  2542  2579 D ControlsListingControllerImpl: Subscribing callback, service count: 1
09-10 11:34:29.580  2542  2579 D ControlsListingControllerImpl: Unsubscribing callback
09-10 11:34:29.640  2165  2185 I pixel-thermal: usb_pwr_therm2:38.895 raw data: usb_pwr_therm2:38895 
09-10 11:34:29.753  2542  2579 I QuickAccessWalletTile: QAW service is unavailable, recreating the wallet client.
09-10 11:34:29.762 30380 30472 D ProfileInstaller: Installing profile for org.randomcoder.udroid.dev
09-10 11:34:30.740  2165  2185 I pixel-thermal: VIRTUAL-USB-UI:0 raw data: USB2-MINUS-CHG:-6065 VIRTUAL-USB-UI:0 charger_skin_therm:44960 usb_pwr_therm2:38895 
09-10 11:34:30.741  2165  2185 I pixel-thermal: VIRTUAL-USB-THROTTLING:0 raw data: USB2-MINUS-CHG:-6065 VIRTUAL-USB-THROTTLING:0 usb_pwr_therm2:38895 
09-10 11:34:31.055  2905 29494 I NearbyMediums: No BLE Fast/GATT advertisements found in the latest cycle.
09-10 11:34:31.055  2905 29494 I NearbyMediums: Current Tracked Scanning Clients are : {NearbyConnections.EnvironmentMonitor, NearbySharing, NearbyConnections.TxAdvertisement}
09-10 11:34:31.645  2165  2185 I pixel-thermal: usb_pwr_therm2:38.895 raw data: usb_pwr_therm2:38895 
09-10 11:34:33.654  2165  2185 I pixel-thermal: usb_pwr_therm2:38.895 raw data: usb_pwr_therm2:38895 
09-10 11:34:33.935  1821  2297 D ActivityManager: freezing 7768 com.whatsapp
09-10 11:34:33.936  1381 11849 D AudioFlinger: onStateChanged: pid:7768  uid:10299  state:frozen - no freeze activity
09-10 11:34:33.940  1821  2400 D InetDiagMessage: Destroyed 0 sockets, proto=IPPROTO_TCP, family=AF_INET, states=14
09-10 11:34:33.947  1821  2400 D InetDiagMessage: Destroyed 0 sockets, proto=IPPROTO_TCP, family=AF_INET6, states=14
09-10 11:34:33.947  1821  2400 D InetDiagMessage: Destroyed live tcp sockets for uids={10299} in 8ms
09-10 11:34:33.993  1821  1838 W System  : A resource failed to call release. 
09-10 11:34:33.993  1821  1838 W System  : A resource failed to call release. 
09-10 11:34:34.266  1821  2297 D ActivityManager: freezing 6025 com.jio.myjio
09-10 11:34:34.278  1821  2400 D InetDiagMessage: Destroyed 0 sockets, proto=IPPROTO_TCP, family=AF_INET, states=14
09-10 11:34:34.281  1821  2400 D InetDiagMessage: Destroyed 0 sockets, proto=IPPROTO_TCP, family=AF_INET6, states=14
09-10 11:34:34.281  1821  2400 D InetDiagMessage: Destroyed live tcp sockets for uids={10292} in 6ms
09-10 11:34:34.428  1821  2297 D ActivityManager: freezing 5171 com.google.android.apps.photos
09-10 11:34:34.435  1821  2400 D InetDiagMessage: Destroyed 0 sockets, proto=IPPROTO_TCP, family=AF_INET, states=14
09-10 11:34:34.437  1821  2400 D InetDiagMessage: Destroyed 0 sockets, proto=IPPROTO_TCP, family=AF_INET6, states=14
09-10 11:34:34.438  1821  2400 D InetDiagMessage: Destroyed live tcp sockets for uids={10198} in 6ms
09-10 11:34:34.947  2165  2185 I pixel-thermal: cellular-emergency:39.8268 raw data: VIRTUAL-NEUTRAL:39354.2 VIRTUAL-NEUTRAL-SKIN2:39826.8 VIRTUAL-QUIET-NEUTRAL:39226.9 VIRTUAL-SKIN:39826.8 cellular-emergency:39826.8 disp_therm:39630 gnss_tcxo_therm:38316 neutral_therm:37248 quiet_therm:40075 skin_therm1:39073 skin_therm2:45844 
09-10 11:34:34.948  2165  2185 I pixel-thermal: VIRTUAL-SKIN-CPU:39.8268 raw data: VIRTUAL-SKIN:39826.8 VIRTUAL-SKIN-CPU:39826.8 
09-10 11:34:34.948  2165  2185 I pixel-thermal: VIRTUAL-SKIN-CPU power_budget=1264.76 err=1.1732 s_power=800 time_elapsed_ms=7008 p=469.279 i=-4.52085 d=-0 dt_per_min=nan compensation=0 budget transient=0 control target=3 excluded power budget=0
09-10 11:34:34.948  2165  2185 I pixel-thermal: VIRTUAL-SKIN-CPU binded power rails: (S4M_VDD_CPUCL0: 42.86 mW)(S2M_VDD_CPUCL2: 15.94 mW)(S3M_VDD_CPUCL1: 16.12 mW)
09-10 11:34:34.948  2165  2185 I pixel-thermal: neutral_therm:37.248 raw data: neutral_therm:37248 
09-10 11:34:34.948  2165  2185 I pixel-thermal: VIRTUAL-SKIN:39.8268 raw data: VIRTUAL-SKIN:39826.8 
09-10 11:34:34.948  2165  2185 I pixel-thermal: VIRTUAL-SKIN-CPU-GPU:39.8268 raw data: VIRTUAL-SKIN:39826.8 VIRTUAL-SKIN-CPU-GPU:39826.8 
09-10 11:34:34.948  2165  2185 I pixel-thermal: VIRTUAL-SKIN-CPU-GPU power_budget=2340.41 err=5.1732 s_power=800 time_elapsed_ms=7008 p=1551.96 i=-11.5523 d=-0 dt_per_min=nan compensation=0 budget transient=0 control target=3 excluded power budget=0
09-10 11:34:34.948  2165  2185 I pixel-thermal: VIRTUAL-SKIN-CPU-GPU binded power rails: (S4M_VDD_CPUCL0: 42.86 mW)(S2M_VDD_CPUCL2: 15.94 mW)(S3M_VDD_CPUCL1: 16.12 mW)(S2S_VDD_G3D: 4.06 mW)
09-10 11:34:34.948  2165  2185 I pixel-thermal: VIRTUAL-SKIN-HINT:39.8268 raw data: VIRTUAL-SKIN:39826.8 VIRTUAL-SKIN-HINT:39826.8 
09-10 11:34:34.948  2165  2185 I pixel-thermal: VIRTUAL-SKIN-CHARGE:39.8268 raw data: VIRTUAL-SKIN:39826.8 VIRTUAL-SKIN-CHARGE:39826.8 
09-10 11:34:34.948  2165  2185 I pixel-thermal: VIRTUAL-SKIN-CHARGE's fcc binded power rail POWER_FOR_CHARGING_THROTTLING: power threshold = 500, avg power = 297.905
09-10 11:34:34.948  2165  2185 I pixel-thermal: Successfully update cdev fcc sysfs to 3
09-10 11:34:35.658  2165  2185 I pixel-thermal: usb_pwr_therm2:38.873 raw data: usb_pwr_therm2:38873 
09-10 11:34:36.736  2678  3566 D TemperatureStateSource: sequence=3477 actualDelay=10003
09-10 11:34:36.737  2678  3566 D TemperatureStateSource: Reading temperature: sequence=3478
09-10 11:34:36.741  2165  2165 I pixel-thermal: VIRTUAL-SKIN:39.8268 raw data: VIRTUAL-SKIN:39826.8 
09-10 11:34:36.743  2678  3566 D TemperatureStateSource: getDeviceTemperatures: sequence=3478 deviceTemperatureType=3 temperatureSource=0 temperatures=[39.8268]
09-10 11:34:36.743  2678  3566 D TemperatureStateSource: sequence=3478 waitTime=10000
09-10 11:34:36.746  2165  2165 I pixel-thermal: VIRTUAL-SKIN:39.8268 raw data: VIRTUAL-SKIN:39826.8 
09-10 11:34:36.748  2678  3566 I TemperatureStateSource: temperature was set
09-10 11:34:36.749  2678  3566 D ImpulseStateSource: Notify clients: 3493
09-10 11:34:36.750  2678  3566 D ImpulseConnection: bindService: com.google.android.apps.turbo
09-10 11:34:36.766  1821  5941 D ActivityManager: sync unfroze 27193 com.google.android.apps.turbo for 6
09-10 11:34:36.776  2678  2678 D ImpulseConnection: onServiceConnected: ComponentInfo{com.google.android.apps.turbo/com.google.android.apps.turbo.adaptiveplatform.impulse.ImpulseClientService} service is null false
09-10 11:34:36.783  1821  5941 W ProcessStats: Tracking association SourceState{d3a0c78 com.google.android.pixelsystemservice/10261 ImpFg #51735} whose proc state 5 is better than process ProcessState{65ddb54 com.google.android.apps.turbo/10180 pkg=com.google.android.apps.turbo} proc state 14 (13 skipped)
09-10 11:34:37.668  2165  2185 I pixel-thermal: usb_pwr_therm2:38.873 raw data: usb_pwr_therm2:38873 
09-10 11:34:37.745  2165  2185 I pixel-thermal: VIRTUAL-USB-UI:0 raw data: USB2-MINUS-CHG:-5675 VIRTUAL-USB-UI:0 charger_skin_therm:44548 usb_pwr_therm2:38873 
09-10 11:34:37.745  2165  2185 I pixel-thermal: VIRTUAL-USB-THROTTLING:0 raw data: USB2-MINUS-CHG:-5675 VIRTUAL-USB-THROTTLING:0 usb_pwr_therm2:38873 
09-10 11:34:39.589  1615  1615 I adbd    : adbd service requested 'shell,v2,TERM=xterm-ghostty,raw:'run-as' 'org.randomcoder.udroid.dev' 'env' 'ANDROID_DATA=/data' 'ANDROID_ROOT=/system' 'ANDROID_RUNTIME_ROOT=/apex/com.android.runtime' 'ANDROID_TZDATA_ROOT=/apex/com.android.tzdata' 'HOME=/data/data/org.randomcoder.udroid.dev/files' 'PATH=/system/bin' 'PROOT_LOADER=/data/app/~~-WiDYLAVNvo9mV0mLdSteg==/org.randomcoder.udroid.dev-KoGPAqqE-FGUDSYwbISW5Q==/lib/arm64/libproot-loader.so' 'PROOT_TMP_DIR=/data/data/org.randomcoder.udroid.dev/cache/proot' 'TMPDIR=/data/data/org.randomcoder.udroid.dev/cache/proot' '/system/bin/linker64' '/data/data/org.randomcoder.udroid.dev/files/runtime/proot-5.1.107.86-1-arm64-v8a/proot' '--link2symlink' '--kill-on-exit' '--root-id' '--rootfs=/data/data/org.randomcoder.udroid.dev/files/rootfs/proot-debian-trixie' '-b' '/system' '-b' '/apex' '-b' '/dev' '-b' '/proc' '-b' '/sys' '-b' '/linkerconfig/ld.config.txt' '-b' '/data/data/org.randomcoder.udroid.dev/files/runtime/gfxstream-guest-15-sync-fd-lifecycle-fb349a2d3b-dirty-arm64-v8a:/opt/udroid/gfxstream' '-b' '/data/data/org.randomcoder.udroid.dev/no_backup/graphics/kumquat-gpu.sock:/tmp/kumquat-gpu-0' '-b' '/data/data/org.randomcoder.udroid.dev/cache/weston-runtime:/run/weston' '--cwd=/root' '/usr/bin/env' '-i' 'HOME=/root' 'USER=root' 'LOGNAME=root' 'SHELL=/bin/sh' 'TERM=xterm-256color' 'LANG=C.UTF-8' 'PATH=/usr/local/sbin:/usr/local/bin:/usr/sbin:/usr/bin:/sbin:/bin' '/opt/udroid/gfxstream/bin/udroid-gfxstream-run' '/usr/bin/env' 'GBM_BACKEND=gfxstream' 'GBM_BACKENDS_PATH=/root/gbm-transport-diag' 'GFXSTREAM_GBM_DEBUG=1' 'VIRTGPU_KUMQUAT=1' 'VK_DRIVER_FILES=/opt/udroid-diag/sync-export-20260906/gfxstream/share/vulkan/icd.d/gfxstream-diag_icd.aarch64.json' 'VK_ICD_FILENAMES=/opt/udroid-diag/sync-export-20260906/gfxstream/share/vulkan/icd.d/gfxstream-diag_icd.aarch64.json' 'MESA_LOADER_DRIVER_OVERRIDE=zink' 'GALLIUM_DRIVER=zink' 'LIBGL_DRIVERS_PATH=/opt/udroid-diag/ownership-20260906/dri' 'LIBGL_KOPPER_DRI2=true' 'UDROID_WINSYS_OWNERSHIP_TRACE=1' 'LD_LIBRARY_PATH=/root/udroid-gbm-contract/lib:/opt/udroid-diag/sync-export-20260906/zink/lib/aarch64-linux-gnu:/opt/udroid-diag/ownership-20260906/dri:/opt/udroid-diag/sync-export-20260906/gfxstream/lib:/root/udroid-gfxstream-output-20260901-rfence-v2:/usr/lib/aarch64-linux-gnu' 'XDG_RUNTIME_DIR=/run/weston' 'UDROID_GBM_PROBE_DRAW=1' '/usr/bin/timeout' '-k' '3' '40' '/root/gfxstream_gbm_present_probe-draw-20260910' '/tmp/kumquat-gpu-0' '/opt/udroid-diag/sync-export-20260906/gfxstream/lib/libvulkan_gfxstream.so''
09-10 11:34:39.650 30478 30478 W linker64: type=1400 audit(0.0:9123): avc:  granted  { execute } for  path="/data/data/org.randomcoder.udroid.dev/files/runtime/proot-5.1.107.86-1-arm64-v8a/proot" dev="dm-57" ino=114415 scontext=u:r:runas_app:s0:c81,c257,c512,c768 tcontext=u:object_r:app_data_file:s0:c81,c257,c512,c768 tclass=file app=org.randomcoder.udroid.dev
09-10 11:34:39.670  2165  2185 I pixel-thermal: usb_pwr_therm2:38.873 raw data: usb_pwr_therm2:38873 
09-10 11:34:39.666 30478 30478 W linker64: type=1400 audit(0.0:9124): avc:  granted  { execute } for  name="env" dev="dm-57" ino=105776 scontext=u:r:runas_app:s0:c81,c257,c512,c768 tcontext=u:object_r:app_data_file:s0:c81,c257,c512,c768 tclass=file app=org.randomcoder.udroid.dev
09-10 11:34:39.670 30478 30478 W linker64: type=1400 audit(0.0:9125): avc:  granted  { execute } for  name="ld-linux-aarch64.so.1" dev="dm-57" ino=294080 scontext=u:r:runas_app:s0:c81,c257,c512,c768 tcontext=u:object_r:app_data_file:s0:c81,c257,c512,c768 tclass=file app=org.randomcoder.udroid.dev
09-10 11:34:39.670 30480 30480 W libproot-loader: type=1400 audit(0.0:9126): avc:  granted  { execute } for  path="/data/data/org.randomcoder.udroid.dev/files/rootfs/proot-debian-trixie/usr/bin/env" dev="dm-57" ino=105776 scontext=u:r:runas_app:s0:c81,c257,c512,c768 tcontext=u:object_r:app_data_file:s0:c81,c257,c512,c768 tclass=file app=org.randomcoder.udroid.dev
09-10 11:34:39.674 30480 30480 W libproot-loader: type=1400 audit(0.0:9127): avc:  granted  { execute } for  path="/data/data/org.randomcoder.udroid.dev/files/rootfs/proot-debian-trixie/usr/lib/aarch64-linux-gnu/ld-linux-aarch64.so.1" dev="dm-57" ino=294080 scontext=u:r:runas_app:s0:c81,c257,c512,c768 tcontext=u:object_r:app_data_file:s0:c81,c257,c512,c768 tclass=file app=org.randomcoder.udroid.dev
09-10 11:34:39.747 30426 30426 I GFXSTREAM: [virtio_gpu_frontend.cpp(716)] Format support:
09-10 11:34:39.747 30426 30426 I GFXSTREAM: [virtio_gpu_frontend.cpp(733)]  VIRGL_FORMAT_B5G6R5_UNORM: supported
09-10 11:34:39.747 30426 30426 I GFXSTREAM: [virtio_gpu_frontend.cpp(733)]  VIRGL_FORMAT_B8G8R8A8_UNORM: supported
09-10 11:34:39.747 30426 30426 I GFXSTREAM: [virtio_gpu_frontend.cpp(733)]  VIRGL_FORMAT_B8G8R8X8_UNORM: supported
09-10 11:34:39.747 30426 30426 I GFXSTREAM: [virtio_gpu_frontend.cpp(733)]  VIRGL_FORMAT_NV12: supported
09-10 11:34:39.747 30426 30426 I GFXSTREAM: [virtio_gpu_frontend.cpp(733)]  VIRGL_FORMAT_P010: supported
09-10 11:34:39.747 30426 30426 I GFXSTREAM: [virtio_gpu_frontend.cpp(733)]  VIRGL_FORMAT_P210: supported
09-10 11:34:39.747 30426 30426 I GFXSTREAM: [virtio_gpu_frontend.cpp(733)]  VIRGL_FORMAT_R10G10B10A2_UNORM: supported
09-10 11:34:39.747 30426 30426 I GFXSTREAM: [virtio_gpu_frontend.cpp(733)]  VIRGL_FORMAT_R16_UNORM: supported
09-10 11:34:39.747 30426 30426 I GFXSTREAM: [virtio_gpu_frontend.cpp(733)]  VIRGL_FORMAT_R16G16B16A16_FLOAT: supported
09-10 11:34:39.747 30426 30426 I GFXSTREAM: [virtio_gpu_frontend.cpp(733)]  VIRGL_FORMAT_R8_UNORM: supported
09-10 11:34:39.747 30426 30426 I GFXSTREAM: [virtio_gpu_frontend.cpp(733)]  VIRGL_FORMAT_R8G8_UNORM: supported
09-10 11:34:39.747 30426 30426 I GFXSTREAM: [virtio_gpu_frontend.cpp(733)]  VIRGL_FORMAT_R8G8B8_UNORM: supported
09-10 11:34:39.747 30426 30426 I GFXSTREAM: [virtio_gpu_frontend.cpp(733)]  VIRGL_FORMAT_R8G8B8A8_UNORM: supported
09-10 11:34:39.747 30426 30426 I GFXSTREAM: [virtio_gpu_frontend.cpp(733)]  VIRGL_FORMAT_R8G8B8X8_UNORM: supported
09-10 11:34:39.747 30426 30426 I GFXSTREAM: [virtio_gpu_frontend.cpp(733)]  VIRGL_FORMAT_YV12: supported
09-10 11:34:39.747 30426 30426 I GFXSTREAM: [virtio_gpu_frontend.cpp(733)]  VIRGL_FORMAT_Z16_UNORM: supported
09-10 11:34:39.747 30426 30426 I GFXSTREAM: [virtio_gpu_frontend.cpp(733)]  VIRGL_FORMAT_Z24_UNORM_S8_UINT: supported
09-10 11:34:39.747 30426 30426 I GFXSTREAM: [virtio_gpu_frontend.cpp(733)]  VIRGL_FORMAT_Z24X8_UNORM: supported
09-10 11:34:39.747 30426 30426 I GFXSTREAM: [virtio_gpu_frontend.cpp(733)]  VIRGL_FORMAT_Z32_FLOAT_S8X24_UINT: supported
09-10 11:34:39.747 30426 30426 I GFXSTREAM: [virtio_gpu_frontend.cpp(733)]  VIRGL_FORMAT_Z32_FLOAT: supported
09-10 11:34:39.749 30426 30426 E GFXSTREAM: [virtio_gpu_context.cpp(194)] [pending-blob] stage=take-missing context=1 blob=0 pending=0
09-10 11:34:39.754 30426 30482 I GFXSTREAM: [vk_decoder_global_state.cpp(1267)] Created VkInstance:0xb40000754b95f650 for application:'uDroid gfxstream GBM' engine:'Mesa GBM'.
09-10 11:34:39.761 30426 30482 I vulkan  : CreateInfoWrapper::FilterExtension: already have 'VK_ANDROID_external_memory_android_hardware_buffer'.
09-10 11:34:39.763 30426 30482 I GFXSTREAM: [vk_decoder_global_state.cpp(2482)] Created VkDevice:0xb4000074fb9bd080 for application:'uDroid gfxstream GBM' instance:0xb40000754b95f650. ASTC emulation:off CPU decoding:off. Protected memory:off
09-10 11:34:39.763 30426 30482 I GFXSTREAM: [vk_decoder_global_state.cpp(2494)] External sync device contract: fenceHandles=0x8 semaphoreHandles=0x10 externalSemaphoreFdExtension=yes.
09-10 11:34:39.765 30426 30482 I GFXSTREAM: [vk_decoder_global_state.cpp(3223)] RAW_DMABUF guest-image-create: format=37 extent=720x720 tiling=1 usage=0x97 flags=0x508 handles=0x600 modifier=0xffffffffffffffff planes=0 rowPitch=0 offset=0.
09-10 11:34:39.765 30426 30482 I GFXSTREAM: [vk_decoder_global_state.cpp(3252)] RAW_DMABUF guest-image-create-return: result=VK_SUCCESS image=0xb4000073fb9565b0.
09-10 11:34:39.765 30426 30426 I GFXSTREAM: [virtio_gpu_context.cpp(180)] [pending-blob] stage=add context=1 blob=1 pending=1
09-10 11:34:39.765 30426 30426 I GFXSTREAM: [virtio_gpu_context.cpp(204)] [pending-blob] stage=take context=1 blob=1 pending=0
09-10 11:34:39.768 30426 30482 I GFXSTREAM: [vk_decoder_global_state.cpp(6573)] RAW_DMABUF guest-memory-import: colorBuffer=4 requestedSize=2073600 requestedType=1 dedicatedImage=0xb4000073fb9565b0 dedicatedBuffer=0x0.
09-10 11:34:39.768 30426 30482 I GFXSTREAM: [vk_decoder_global_state.cpp(7074)] RAW_DMABUF guest-memory-import-return: colorBuffer=4 result=VK_SUCCESS size=2109440 type=1 memory=0xb40000758b951de0 dedicated=true image=0xb4000073fb9565b0.
09-10 11:34:39.769 30426 30482 I GFXSTREAM: [vk_decoder_global_state.cpp(3394)] RAW_DMABUF guest-image-bind: colorBuffer=4 image=0xb4000073fb9565b0 memory=0xb40000758b951de0 offset=0.
09-10 11:34:39.770 30426 30482 I GFXSTREAM: [vk_decoder_global_state.cpp(3399)] RAW_DMABUF guest-image-bind-return: colorBuffer=4 result=VK_SUCCESS.
09-10 11:34:39.773 30426 30482 I GFXSTREAM: [vk_decoder_global_state.cpp(1267)] Created VkInstance:0xb40000754b9630d0 for application:'uDroid gfxstream output adapter' engine:'uDroid'.
09-10 11:34:39.777 30426 30482 I vulkan  : CreateInfoWrapper::FilterExtension: already have 'VK_ANDROID_external_memory_android_hardware_buffer'.
09-10 11:34:39.779 30426 30482 I GFXSTREAM: [vk_decoder_global_state.cpp(2482)] Created VkDevice:0xb4000074fba0d0d0 for application:'uDroid gfxstream output adapter' instance:0xb40000754b9630d0. ASTC emulation:off CPU decoding:off. Protected memory:off
09-10 11:34:39.779 30426 30482 I GFXSTREAM: [vk_decoder_global_state.cpp(2494)] External sync device contract: fenceHandles=0x8 semaphoreHandles=0x10 externalSemaphoreFdExtension=yes.
09-10 11:34:39.798 30426 30482 I GFXSTREAM: [vk_decoder_global_state.cpp(1267)] Created VkInstance:0xb40000754b9682f0 for application:'gfxstream_gbm_present_probe-draw-20260910' engine:'mesa zink'.
09-10 11:34:39.805 30426 30482 I vulkan  : CreateInfoWrapper::FilterExtension: already have 'VK_ANDROID_external_memory_android_hardware_buffer'.
09-10 11:34:39.807 30426 30482 I GFXSTREAM: [vk_decoder_global_state.cpp(2482)] Created VkDevice:0xb4000074fba2d0f0 for application:'gfxstream_gbm_present_probe-draw-20260910' instance:0xb40000754b9682f0. ASTC emulation:off CPU decoding:off. Protected memory:off
09-10 11:34:39.807 30426 30482 I GFXSTREAM: [vk_decoder_global_state.cpp(2494)] External sync device contract: fenceHandles=0x8 semaphoreHandles=0x10 externalSemaphoreFdExtension=yes.
09-10 11:34:39.837 30426 30426 E GFXSTREAM: [virtio_gpu_context.cpp(194)] [pending-blob] stage=take-missing context=1 blob=2 pending=0
09-10 11:34:39.842 30426 30482 I GFXSTREAM: [vk_decoder_global_state.cpp(3223)] RAW_DMABUF guest-image-create: format=37 extent=720x720 tiling=1000158000 usage=0x97 flags=0x508 handles=0x600 modifier=0x0 planes=1 rowPitch=2880 offset=0.
09-10 11:34:39.842 30426 30482 I GFXSTREAM: [vk_decoder_global_state.cpp(3252)] RAW_DMABUF guest-image-create-return: result=VK_SUCCESS image=0xb4000073fb958e50.
09-10 11:34:39.845 30426 30482 I GFXSTREAM: [vk_decoder_global_state.cpp(6573)] RAW_DMABUF guest-memory-import: colorBuffer=4 requestedSize=0 requestedType=0 dedicatedImage=0xb4000073fb958e50 dedicatedBuffer=0x0.
09-10 11:34:39.845 30426 30482 I GFXSTREAM: [vk_decoder_global_state.cpp(7074)] RAW_DMABUF guest-memory-import-return: colorBuffer=4 result=VK_SUCCESS size=2109440 type=1 memory=0xb40000758b95ab80 dedicated=true image=0xb4000073fb958e50.
09-10 11:34:39.845 30426 30482 I GFXSTREAM: [vk_decoder_global_state.cpp(3394)] RAW_DMABUF guest-image-bind: colorBuffer=4 image=0xb4000073fb958e50 memory=0xb40000758b95ab80 offset=0.
09-10 11:34:39.846 30426 30482 I GFXSTREAM: [vk_decoder_global_state.cpp(3399)] RAW_DMABUF guest-image-bind-return: colorBuffer=4 result=VK_SUCCESS.
09-10 11:34:39.846 30426 30482 I GFXSTREAM: [vk_decoder_global_state.cpp(3223)] RAW_DMABUF guest-image-create: format=37 extent=720x720 tiling=1000158000 usage=0x97 flags=0x508 handles=0x600 modifier=0x0 planes=1 rowPitch=2880 offset=0.
09-10 11:34:39.846 30426 30482 I GFXSTREAM: [vk_decoder_global_state.cpp(3252)] RAW_DMABUF guest-image-create-return: result=VK_SUCCESS image=0xb4000073fb95ad90.
09-10 11:34:39.847 30426 30482 I GFXSTREAM: [vk_decoder_global_state.cpp(6573)] RAW_DMABUF guest-memory-import: colorBuffer=4 requestedSize=2109440 requestedType=1 dedicatedImage=0x0 dedicatedBuffer=0x0.
09-10 11:34:39.847 30426 30482 I GFXSTREAM: [vk_decoder_global_state.cpp(7074)] RAW_DMABUF guest-memory-import-return: colorBuffer=4 result=VK_SUCCESS size=2109440 type=1 memory=0xb40000758b95a510 dedicated=false image=0x0.
09-10 11:34:39.847 30426 30482 I GFXSTREAM: [vk_decoder_global_state.cpp(3394)] RAW_DMABUF guest-image-bind: colorBuffer=4 image=0xb4000073fb95ad90 memory=0xb40000758b95a510 offset=0.
09-10 11:34:39.849 30426 30482 I GFXSTREAM: [vk_decoder_global_state.cpp(3399)] RAW_DMABUF guest-image-bind-return: colorBuffer=4 result=VK_SUCCESS.
09-10 11:34:40.007 30426 30426 E GFXSTREAM: [virtio_gpu_context.cpp(194)] [pending-blob] stage=take-missing context=1 blob=0 pending=0
09-10 11:34:40.025 30426 30426 E GFXSTREAM: [virtio_gpu_context.cpp(194)] [pending-blob] stage=take-missing context=1 blob=0 pending=0
09-10 11:34:40.028 30426 30426 E GFXSTREAM: [virtio_gpu_context.cpp(194)] [pending-blob] stage=take-missing context=1 blob=0 pending=0
09-10 11:34:40.043 30426 30535 I GFXSTREAM: [vk_decoder_global_state.cpp(4200)] External semaphore export request: context=1 syncId=4 supportedHandles=0x10 selectedHandle=0x10 extension=yes.
09-10 11:34:40.043 30426 30535 I GFXSTREAM: [vk_decoder_global_state.cpp(4206)] External semaphore capability probe: context=1 syncId=4 binarySemaphoreHandles=0x10 binaryFenceHandles=0x8.
09-10 11:34:40.045 30426 30482 I GFXSTREAM: [vk_decoder_global_state.cpp(4200)] External semaphore export request: context=1 syncId=5 supportedHandles=0x10 selectedHandle=0x10 extension=yes.
09-10 11:34:40.045 30426 30482 I GFXSTREAM: [vk_decoder_global_state.cpp(4206)] External semaphore capability probe: context=1 syncId=5 binarySemaphoreHandles=0x10 binaryFenceHandles=0x8.
09-10 11:34:40.076  1821  1865 I DisplayDeviceRepository: Display device changed render timings: "Built-in Screen", renderFrameRate=60.0, presentationDeadlineNanos=11500000, appVsyncOffsetNanos=6233334, frameRateOverrides=[{uid=10337 frameRateHz=60.0}]
09-10 11:34:40.830  1615  1615 I adbd    : adbd service requested 'exec:screencap '-p''
09-10 11:34:40.964 30538 30538 W libbinder.BackendUnifiedServiceManager: Thread Pool max thread count is 0. Cannot cache binder as linkToDeath cannot be implemented. serviceName: SurfaceFlingerAIDL
09-10 11:34:40.964 30538 30538 W libbinder.BpBinder: Linking to death on android.gui.ISurfaceComposer but there are no threads (yet?) listening to incoming transactions. See ProcessState::startThreadPool and ProcessState::setThreadPoolMaxThreadCount. Generally you should setup the binder threadpool before other initialization steps.
09-10 11:34:40.964 30538 30538 W libbinder.ProcessState: Extra binder thread started, but 0 threads requested. Do not use *startThreadPool when zero threads are requested.
09-10 11:34:41.057  2905 29494 I NearbyMediums: No BLE Fast/GATT advertisements found in the latest cycle.
09-10 11:34:41.057  2905 29494 I NearbyMediums: Current Tracked Scanning Clients are : {NearbyConnections.EnvironmentMonitor, NearbySharing, NearbyConnections.TxAdvertisement}
09-10 11:34:41.677  2165  2185 I pixel-thermal: usb_pwr_therm2:38.873 raw data: usb_pwr_therm2:38873 
09-10 11:34:41.954  2165  2185 I pixel-thermal: cellular-emergency:39.8521 raw data: VIRTUAL-NEUTRAL:39395.8 VIRTUAL-NEUTRAL-SKIN2:39852.1 VIRTUAL-QUIET-NEUTRAL:39262.4 VIRTUAL-SKIN:39852.1 cellular-emergency:39852.1 disp_therm:39652 gnss_tcxo_therm:38472 neutral_therm:37315 quiet_therm:40097 skin_therm1:39051 skin_therm2:45772 
09-10 11:34:41.954  2165  2185 I pixel-thermal: VIRTUAL-SKIN-CPU:39.8521 raw data: VIRTUAL-SKIN:39852.1 VIRTUAL-SKIN-CPU:39852.1 
09-10 11:34:41.954  2165  2185 I pixel-thermal: VIRTUAL-SKIN-CPU power_budget=1254.64 err=1.1479 s_power=800 time_elapsed_ms=7005 p=459.158 i=-4.52085 d=-0 dt_per_min=nan compensation=0 budget transient=0 control target=3 excluded power budget=0
09-10 11:34:41.954  2165  2185 I pixel-thermal: VIRTUAL-SKIN-CPU binded power rails: (S4M_VDD_CPUCL0: 60.18 mW)(S2M_VDD_CPUCL2: 111.05 mW)(S3M_VDD_CPUCL1: 24.62 mW)
09-10 11:34:41.954  2165  2185 I pixel-thermal: neutral_therm:37.315 raw data: neutral_therm:37315 
09-10 11:34:41.955  2165  2185 I pixel-thermal: VIRTUAL-SKIN:39.8521 raw data: VIRTUAL-SKIN:39852.1 
09-10 11:34:41.955  2165  2185 I pixel-thermal: VIRTUAL-SKIN-CPU-GPU:39.8521 raw data: VIRTUAL-SKIN:39852.1 VIRTUAL-SKIN-CPU-GPU:39852.1 
09-10 11:34:41.955  2165  2185 I pixel-thermal: VIRTUAL-SKIN-CPU-GPU power_budget=2332.82 err=5.1479 s_power=800 time_elapsed_ms=7005 p=1544.37 i=-11.5523 d=-0 dt_per_min=nan compensation=0 budget transient=0 control target=3 excluded power budget=0
09-10 11:34:41.955  2165  2185 I pixel-thermal: VIRTUAL-SKIN-CPU-GPU binded power rails: (S4M_VDD_CPUCL0: 60.18 mW)(S2M_VDD_CPUCL2: 111.05 mW)(S3M_VDD_CPUCL1: 24.62 mW)(S2S_VDD_G3D: 3.00 mW)
09-10 11:34:41.955  2165  2185 I pixel-thermal: VIRTUAL-SKIN-HINT:39.8521 raw data: VIRTUAL-SKIN:39852.1 VIRTUAL-SKIN-HINT:39852.1 
09-10 11:34:41.955  2165  2185 I pixel-thermal: VIRTUAL-SKIN-CHARGE:39.8521 raw data: VIRTUAL-SKIN:39852.1 VIRTUAL-SKIN-CHARGE:39852.1 
09-10 11:34:41.955  2165  2185 I pixel-thermal: VIRTUAL-SKIN-CHARGE's fcc binded power rail POWER_FOR_CHARGING_THROTTLING: power threshold = 500, avg power = 459.749
09-10 11:34:43.686  2165  2185 I pixel-thermal: usb_pwr_therm2:38.873 raw data: usb_pwr_therm2:38873 
09-10 11:34:44.758  2165  2185 I pixel-thermal: VIRTUAL-USB-UI:0 raw data: USB2-MINUS-CHG:-5675 VIRTUAL-USB-UI:0 charger_skin_therm:44548 usb_pwr_therm2:38873 
09-10 11:34:44.758  2165  2185 I pixel-thermal: VIRTUAL-USB-THROTTLING:0 raw data: USB2-MINUS-CHG:-5675 VIRTUAL-USB-THROTTLING:0 usb_pwr_therm2:38873 
09-10 11:34:45.696  2165  2185 I pixel-thermal: usb_pwr_therm2:38.873 raw data: usb_pwr_therm2:38873 
09-10 11:34:46.235  1596  1596 D AOC     : F1:MSG: hotword_input_processor.cc, 1768: Hotword detected @frame at 5848064 ms, flags: 0x1.
09-10 11:34:46.236  1596  1596 D AOC     : F1:MSG: hotword_input_processor.cc, 1775: Hotword detection event sent to host
09-10 11:34:46.242  1311  1790 D sound_trigger_hw: handle_client_event: client 0 recognition_callback
09-10 11:34:46.242  1596  1596 D AOC     : F1:MSG: hotword_input_processor.cc, 640: Synced hotword ring buffer to last (2000) msec
09-10 11:34:46.244  1821  1821 I SoundTriggerHelper: Recognition success
09-10 11:34:46.245  1821 12221 I SoundTriggerMiddlewareLogging: RECOGNITION (1, PhraseRecognitionEventSys{phraseRecognitionEvent: PhraseRecognitionEvent{common: RecognitionEvent{status: 0, type: 0, captureAvailable: true, captureDelayMs: 0, capturePreambleMs: 0, triggerInData: false, audioConfig: AudioConfig{base: AudioConfigBase{sampleRate: 16000, channelMask: AudioChannelLayout.layoutMask(3), format: AudioFormatDescription{type: 1, pcm: 1, encoding: }}, offloadInfo: AudioOffloadInfo{base: AudioConfigBase{sampleRate: 0, channelMask: AudioChannelLayout.none(0), format: AudioFormatDescription{type: 0, pcm: 0, encoding: }}, streamType: 0, bitRatePerSecond: 0, durationUs: 0, hasVideo: false, isStreaming: false, bitWidth: 0, offloadBufferSize: 0, usage: 0, encapsulationMode: -1, contentId: 0, syncId: 0}, frameCount: 0}, data: [], recognitionStillActive: false}, phraseExtras: [PhraseRecognitionExtra{id: 101, recognitionModes: 1, confidenceLevel: 0, levels: []}]}, halEventReceivedMillis: 62703115, token: android.os.Binder@392819a}, 177)
09-10 11:34:46.247  7071  7083 W ProxyAndroidLoggerBackend: Too many Flogger logs received before configuration. Dropping old logs.
09-10 11:34:46.247  7071  7083 W ProxyAndroidLoggerBackend: Too many Flogger logs received before configuration. Dropping old logs.
09-10 11:34:46.247  7071  7083 W ProxyAndroidLoggerBackend: Too many Flogger logs received before configuration. Dropping old logs.
09-10 11:34:46.248  7071  7083 W ProxyAndroidLoggerBackend: Too many Flogger logs received before configuration. Dropping old logs.
09-10 11:34:46.249  7071  7083 E word_detector_0: RecordingActivityTracker(): binding to audio service failed, service up?
09-10 11:34:46.252  1311  2416 D audio_hw_input_stream: adev_open_input_stream handle 78 channels=0xc rate=16000 format=0x1 flags=0x2 source=1999 devices=0x80000004
09-10 11:34:46.258  1381 30541 I AudioFlinger: AudioFlinger's thread 0xb4000070500a2a38 tid=30541 ready to run
09-10 11:34:46.263  7071  7083 D mediametrics::getService: getService: disabled
09-10 11:34:46.264  7071  7083 W ProxyAndroidLoggerBackend: Too many Flogger logs received before configuration. Dropping old logs.
09-10 11:34:46.265  7071 12379 W ProxyAndroidLoggerBackend: Too many Flogger logs received before configuration. Dropping old logs.
09-10 11:34:46.265  7071 12379 W ProxyAndroidLoggerBackend: Too many Flogger logs received before configuration. Dropping old logs.
09-10 11:34:46.265  7071  7083 I native  : I0000 00:00:1789020286.265711    7083 soda_client.cc:385] Starting capture.
09-10 11:34:46.265  7071  7083 I native  : I0000 00:00:1789020286.265867    7083 audio_provider_factory_impl.cc:247] Creating timestamped provided
09-10 11:34:46.265  7071  7083 I native  : I0000 00:00:1789020286.265927    7083 soda_async_impl.cc:652] SODA session starting (require_hotword:1, hotword_timeout_in_millis:3000, trigger_type:TRIGGER_TYPE_UNSPECIFIED, hybrid_asr_config.mode:MODE_DEFAULT)
09-10 11:34:46.266  7071  7083 I native  : I0000 00:00:1789020286.265999    7083 hotword_processor.cc:504] Updated hotword timeout: 3000
09-10 11:34:46.268  7071 12385 W ProxyAndroidLoggerBackend: Too many Flogger logs received before configuration. Dropping old logs.
09-10 11:34:46.269  1381  8743 W APM::Devices: setPreferredConfig, failed, the device does not support requested value
09-10 11:34:46.269  1381  8743 W APM::AudioInputDescriptor: setDevice failed to set preferred config for device AUDIO_DEVICE_IN_BUILTIN_MIC, @:bottom
09-10 11:34:46.271  1311  1337 D audio_hw_patch: sound-trigger-rec routing:
09-10 11:34:46.271  1311  1337 D audio_hw_patch: 0: 0x80000004 
09-10 11:34:46.274  1311  2416 D audio_hw_input_stream: in_set_microphone_direction: standby 1 source 1999 dir 0
09-10 11:34:46.274  1821  2282 I AudioService.RecordingActivityMonitor: rec start riid:-1 uid:99001 session:177 src:HOTWORD not silenced pack:com.google.android.googlequicksearchbox
09-10 11:34:46.275  1311  2416 D audio_hw_input_stream: in_set_microphone_field_dimension: standby 1 source 1999 zoom 0.000000
09-10 11:34:46.275  7071 12379 D mediametrics::getService: getService: disabled
09-10 11:34:46.275  7071 12379 W ProxyAndroidLoggerBackend: Too many Flogger logs received before configuration. Dropping old logs.
09-10 11:34:46.277  1311 30545 D audio_hw_input_stream: start_in_st_stream: starting st_stream for source 1999
09-10 11:34:46.277  1311 30545 D sound_trigger_hw: handle_get_data_tunnel: enter: voice_recognition = 0, channel_mask=0xc
09-10 11:34:46.277  1311 30545 D sound_trigger_platform: st_platform_start_buffering: type: 0
09-10 11:34:46.277  1596  1596 D AOC     : F1:MSG: controller.cc, 273: AudioInCtrl: cmd ID: 0x0162, tag: 0xa6 [cntr = 221]
09-10 11:34:46.277  1596  1596 E AOC     : F1:ERR: controller.cc, 808: AudioInCtrl: ipc: sound_trigger, cmd ID: 0x0162, tag: 0xa6, rc: -1
09-10 11:34:46.278  1311 30545 E sound_trigger_platform: issue_cmd: opcode 354 failure from AoC -1
09-10 11:34:46.278  1311 30545 E sound_trigger_hw: handle_get_data_tunnel: read timestamp failure.
09-10 11:34:46.278  1311 30545 D sound_trigger_hw: handle_get_data_tunnel: client channel_mask = 0xc request channel_mask = 0xc
09-10 11:34:46.278  7071 12379 W ProxyAndroidLoggerBackend: Too many Flogger logs received before configuration. Dropping old logs.
09-10 11:34:46.280  7071 12381 I native  : I0000 00:00:1789020286.279967   12381 soda_async_impl.cc:1394] SODA received first mic audio buffer, size in bytes: 640, format: 1, channels: 2, sample rate: 16000
09-10 11:34:46.280  7071 12381 W native  : W0000 00:00:1789020286.280090   12381 lag_detector.cc:58] Pipeline lagging by 496932h39m43.193458862s. Continue processing samples.
09-10 11:34:46.744  2678  2916 D TemperatureStateSource: sequence=3478 actualDelay=10001
09-10 11:34:46.745  2678  2916 D TemperatureStateSource: Reading temperature: sequence=3479
09-10 11:34:46.747  2165  2165 I pixel-thermal: VIRTUAL-SKIN:39.8603 raw data: VIRTUAL-NEUTRAL:39420.2 VIRTUAL-NEUTRAL-SKIN2:39860.3 VIRTUAL-QUIET-NEUTRAL:39253.6 VIRTUAL-SKIN:39860.3 disp_therm:39630 gnss_tcxo_therm:38539 neutral_therm:37337 quiet_therm:40075 skin_therm1:39096 skin_therm2:45748 
09-10 11:34:46.748  2678  2916 D TemperatureStateSource: getDeviceTemperatures: sequence=3479 deviceTemperatureType=3 temperatureSource=0 temperatures=[39.860302]
09-10 11:34:46.748  2678  2916 D TemperatureStateSource: sequence=3479 waitTime=10000
09-10 11:34:46.748  2678  2778 D ImpulseStateSource: Notify clients: 3494
09-10 11:34:46.812  7071 12381 I native  : I0000 00:00:1789020286.811772   12381 soda_async_impl.cc:1150] Not receiving any loopback audio in 500ms. Last audio received time: 1970-01-01T05:30:00+05:30, Current time: 2026-09-10T11:34:46.811767044+05:30
09-10 11:34:47.348  7071 12381 I native  : I0000 00:00:1789020287.348539   12381 hotword_processor.cc:848] Hotword has timed out.
09-10 11:34:47.348  7071 12381 I native  : I0000 00:00:1789020287.348973   12381 soda_impl.cc:1990] Adding hotword timeout event
09-10 11:34:47.349  7071 12381 I native  : I0000 00:00:1789020287.349097   12381 soda_async_impl.cc:1034] SODA stopped processing audio, mics audio processed in millis: 3000, loopback audio processed in millis: 0
09-10 11:34:47.350  7071 12381 I native  : I0000 00:00:1789020287.349992   12381 soda_async_impl.cc:1046] Audio readers are stopped.
09-10 11:34:47.350  7071 12381 I native  : I0000 00:00:1789020287.350474   12381 soda_async_impl.cc:1524] Ending ASR due to process sync signal.
09-10 11:34:47.350  7071 12381 I native  : I0000 00:00:1789020287.350976   12381 soda_async_impl.cc:1109] SODA session stopped due to: HOTWORD_TIMEOUT
09-10 11:34:47.351  7071 12376 W ProxyAndroidLoggerBackend: Too many Flogger logs received before configuration. Dropping old logs.
09-10 11:34:47.351  7071 12376 W ProxyAndroidLoggerBackend: Too many Flogger logs received before configuration. Dropping old logs.
09-10 11:34:47.351  7071 12376 W ProxyAndroidLoggerBackend: Too many Flogger logs received before configuration. Dropping old logs.
09-10 11:34:47.351  7071 12376 W ProxyAndroidLoggerBackend: Too many Flogger logs received before configuration. Dropping old logs.
09-10 11:34:47.351  7071 12382 W ProxyAndroidLoggerBackend: Too many Flogger logs received before configuration. Dropping old logs.
09-10 11:34:47.468  1311  2416 D sound_trigger_hw: handle_put_data_tunnel: enter, is_voice_recognition = false
09-10 11:34:47.468  1311  2416 D sound_trigger_platform: st_platform_stop_buffering: type: 0
09-10 11:34:47.474  1311  2416 D audio_hw_patch: patch_release_audio_patch: patch handle 29
09-10 11:34:47.474  1821  2282 I AudioService.RecordingActivityMonitor: rec stop riid:-1 uid:99001 session:177 src:HOTWORD not silenced pack:com.google.android.googlequicksearchbox
09-10 11:34:47.477  7071 12376 D mediametrics::getService: getService: disabled
09-10 11:34:47.477  7071 12376 D mediametrics::getService: getService: disabled
09-10 11:34:47.478  7071 12376 W ProxyAndroidLoggerBackend: Too many Flogger logs received before configuration. Dropping old logs.
09-10 11:34:47.478  7071 12379 D mediametrics::getService: getService: disabled
09-10 11:34:47.478  7071 12379 D mediametrics::getService: getService: disabled
09-10 11:34:47.479  7071 12385 W ProxyAndroidLoggerBackend: Too many Flogger logs received before configuration. Dropping old logs.
09-10 11:34:47.480  7071 12385 W ProxyAndroidLoggerBackend: Too many Flogger logs received before configuration. Dropping old logs.
09-10 11:34:47.480  7071 12385 W ProxyAndroidLoggerBackend: Too many Flogger logs received before configuration. Dropping old logs.
09-10 11:34:47.480  7071 12385 W ProxyAndroidLoggerBackend: Too many Flogger logs received before configuration. Dropping old logs.
09-10 11:34:47.481  7071 12385 W ProxyAndroidLoggerBackend: Too many Flogger logs received before configuration. Dropping old logs.
09-10 11:34:47.482  7071 12385 E native  : E0000 00:00:1789020287.482021   12385 soda_client.cc:630] audio provider not present
09-10 11:34:47.490  3981  3993 I AlwaysOnHotwordDetector: onRejected
09-10 11:34:47.491  7071 12379 D mediametrics::getService: getService: disabled
09-10 11:34:47.491  3981  4643 I AlwaysOnHotwordDetector: handle message 6
09-10 11:34:47.491  7071 12379 W ProxyAndroidLoggerBackend: Too many Flogger logs received before configuration. Dropping old logs.
09-10 11:34:47.491  7071 12379 W ProxyAndroidLoggerBackend: Too many Flogger logs received before configuration. Dropping old logs.
09-10 11:34:47.491  7071 12379 W ProxyAndroidLoggerBackend: Too many Flogger logs received before configuration. Dropping old logs.
09-10 11:34:47.492  7071 12379 W ProxyAndroidLoggerBackend: Too many Flogger logs received before configuration. Dropping old logs.
09-10 11:34:47.492  3981  4812 I ffij    : HDM. #onRejected
09-10 11:34:47.494  3981  4812 I ffij    : HDM. Hotword timeout.
09-10 11:34:47.494  3981  4812 I ffjj    : (REDACTED) Hotword score : %f, Hotword model id : %s.
09-10 11:34:47.494  3981  4812 I ffjj    : (REDACTED) Timeout reason %s, Coarse channel index %d.
09-10 11:34:47.496  3981  4812 I ffjp    : onHotwordRejected called
09-10 11:34:47.496  3981  4804 I ffjp    : (REDACTED) This is hotwordRejectionEventTimestamp: %s
09-10 11:34:47.496  3981  4812 I fezz    : (REDACTED) HDM. #onSodaStop received %s
09-10 11:34:47.497  3981  4612 I fezz    : (REDACTED) HDM. Inside Sequencer. Try to start recognition again after %s
09-10 11:34:47.497  3981  4642 I fezz    : (REDACTED) HDM. #onSodaStop inside sequentialExecutor %s
09-10 11:34:47.497  3981  4612 I fezt    : (REDACTED) HDM. getAllConfigAndTakeAction called because of %s
09-10 11:34:47.497  3981  4642 W fezt    : (REDACTED) HDM. %s. Completer is null; It could be set earlier or we ware not waiting for the disconnect signal.
09-10 11:34:47.498  3981  4642 I eojg    : (REDACTED) HDM event received: %s
09-10 11:34:47.499  3981  4642 I ffay    : (REDACTED) Operational mode passed in HotwordConfig is %s
09-10 11:34:47.508  3981  4637 I ffij    : (REDACTED) HDM. DSP hotword running %s
09-10 11:34:47.509  3981  4642 I eofj    : (REDACTED) Platform configuration for connection(%s) has changed(@%s):%s
09-10 11:34:47.509  3981  4642 I eodg    : (REDACTED) On platform configuration update(@%s) in connection(%s).
09-10 11:34:47.509  3981  4803 I ffcr    : (REDACTED) No need to try to get the fallback locale. for keyphrase %s, locale %s
09-10 11:34:47.510  3981  4637 I anzt    : (REDACTED) On platform configuration update(%s).
09-10 11:34:47.510  3981  4803 I ffcx    : (REDACTED) #getDspAvailableResult locale : %s, dsp locale : %s, keyphrase : %s, DSP keyphrase : %s, isKeyphraseAndLocaleSupported : %b, canUseDownloadDspModel : %b. forceUniversalDspHotwordModel : %b
09-10 11:34:47.510  3981  4637 I anzb    : Received ConfigurationUpdate from Triggering API
09-10 11:34:47.511  3981  4803 I ffcx    : (REDACTED) isDspHotwordSupportedByPlatform = %s, isDspHotwordModelAvailable = %s
09-10 11:34:47.512  3981  4804 I fezt    : (REDACTED) HDM. getAllConfigAndTakeAction dspAvailable: %b, disableDspInTest: %b
09-10 11:34:47.512  3981  4804 I fexs    : (REDACTED) HDM. hotword enrollment state is enrolled:  %s, speakerId model exist: %s.
09-10 11:34:47.517  1541  2272 D AudioAnalytics: gc(1700, 2000): log size:1700 item map size:74, item map items:1700
09-10 11:34:47.517  3981  4804 I fexs    : (REDACTED) HDM. Hotword enrollment state : %s.
09-10 11:34:47.517  3981  4804 I fezt    : HDM. Registering for USER_PRESENT intent ...
09-10 11:34:47.518  3981  4804 I fexs    : (REDACTED) HDM. Hotword enrollment state : %s.
09-10 11:34:47.534 11210 11278 D WM-DelayedWorkTracker: Scheduling work b5a9b053-d933-41cb-ac32-ba588f8a2921
09-10 11:34:47.534 11210 11278 D WM-GreedyScheduler: Starting tracking for b5a9b053-d933-41cb-ac32-ba588f8a2921
09-10 11:34:47.536  1821  2153 D ActivityManager: sync unfroze 11210 com.google.android.googlequicksearchbox:search for 6
09-10 11:34:47.538  1821  2153 D ActivityManager: sync unfroze 24125 com.google.android.webview:sandboxed_process0:org.chromium.content.app.SandboxedProcessService0:3 for 6
09-10 11:34:47.542  3981  4804 I ffay    : (REDACTED) Operational mode passed in HotwordConfig is %s
09-10 11:34:47.542  3981  4804 I fexs    : (REDACTED) HDM. Hotword enrollment state : %s.
09-10 11:34:47.542  3981  4804 I ffaq    : (REDACTED) HDM. DefaultPersonalDecisionMaker#getNextAction. Voice match enabled: %b. incomplete enrollment state: %b, screen on: %b, screen locked: %b dsp available: %b
09-10 11:34:47.542  3981  4804 I ffaq    : (REDACTED) HDM. Enrollment incomplete getNext action for hotword detection, screenOn: %b, locked:%b
09-10 11:34:47.542  3981  4804 I ffba    : (REDACTED) HDM. SharedDecisionMaker#getNextAction for requester %s, mode %s 
09-10 11:34:47.542  3981  4804 I ffba    : HDM. #SharedDecisionMaker. NextAction.START
09-10 11:34:47.543 11210 11256 D WM-WorkConstraintsTrack: NetworkRequestConstraintController send initial capabilities
09-10 11:34:47.544  3981  4804 I feyl    : HDM. Speaker-id model never provided.
09-10 11:34:47.544  3981  4804 I feyl    : HDM. Reconfig not needed.
09-10 11:34:47.544  3981  4804 I fezt    : (REDACTED) HDM. currentReconfigCheckerResult %s
09-10 11:34:47.544 11210 11210 I giup    : (REDACTED) Created gRPC endpoint for service %s
09-10 11:34:47.544  3981  4520 I ffij    : (REDACTED) HDM. #setSpeakerIdRequired inside sequencer %b
09-10 11:34:47.544  3981  4520 I ffij    : HDM. No change in speaker-id requirement, so no need to update.
09-10 11:34:47.545  3981  4804 I ffhc    : (REDACTED) #setSpeakerIdRequired: %s
09-10 11:34:47.545 11210 11253 D WM-GreedyScheduler: Constraints not met: Cancelling work ID WorkGenerationalId(workSpecId=b5a9b053-d933-41cb-ac32-ba588f8a2921, generation=389)
09-10 11:34:47.545  3981  4804 I fezt    : (REDACTED) HDM. Get the next action %s for requester %s.
09-10 11:34:47.545  3981  4804 I ffiz    : HDM. Trusted hotword enabled for flag
09-10 11:34:47.545  3981  4804 I fezt    : HDM. getDspTriggerNotificationRequirement
09-10 11:34:47.545  3981  4804 I fezt    : (REDACTED) HDM. dspTriggerNotificationRequirement: %s
09-10 11:34:47.545  3981  4804 I ffiz    : HDM. Trusted hotword enabled for flag
09-10 11:34:47.545  3981  4804 I feyi    : Starting trusted DSP hotword detection
09-10 11:34:47.545  3981  4804 I ffij    : HDM. #setDspHotwordModel
09-10 11:34:47.546  3981  4804 I ffij    : HDM. #startDspHotwordRecognition
09-10 11:34:47.546  3981  4637 I ffij    : HDM. #setDspHotwordModel inside sequencer.
09-10 11:34:47.546  3981  4804 I fezt    : HDM. #handleStartHotwordDetectionResult
09-10 11:34:47.546  3981  4637 I fezt    : HDM. #handleStartHotwordDetectionResult: calling addDspHotwordPropertiesToRequestHandlingMetadata
09-10 11:34:47.546  3981  4466 I ffij    : HDM. onHotwordDetectionServiceInitialized() already Called!
09-10 11:34:47.546  3981  4637 I ffcx    : #addDspHotwordPropertiesToRequestHandlingMetadata
09-10 11:34:47.546  3981  4466 I ffij    : HDM. #createAlwaysOnHotwordDetectorIfNecessary
09-10 11:34:47.546  3981  4466 I ffij    : alwaysOnHotwordDetector already created and first onAvailabilityChanged called.
09-10 11:34:47.546  3981  4804 I ffcx    : (REDACTED) #addDspHotwordPropertiesToRequestHandlingMetadata: properties=%s
09-10 11:34:47.546  3981  4637 I ffcp    : HDM. #prepareDspModel
09-10 11:34:47.547  3981  4637 I ffcp    : HDM. #prepareDspModel inside ExecutionSequencer
09-10 11:34:47.547  3981  4637 I ffcp    : HDM. #prepareDspModel, already enrolled
09-10 11:34:47.548  3981  4537 I ffij    : (REDACTED) dspModelEnrollmentResult: %s, currentDownloadedDspHotwordModel.isPresent(): %b, directDspModeOrRetryInProgress: %b
09-10 11:34:47.548  1821  2282 W ProcessStats: Tracking association SourceState{58c726d com.google.android.googlequicksearchbox:interactor/10164 BFgs #51737} whose proc state 4 is better than process ProcessState{2eb4d94 com.google.android.googlequicksearchbox:search/10164 pkg=com.google.android.googlequicksearchbox} proc state 14 (0 skipped)
09-10 11:34:47.553  1821  2153 V SoundTriggerHelper: startRecognition
09-10 11:34:47.553  1821  2153 V SoundTriggerHelper: isRecognitionAllowed
09-10 11:34:47.553  1821  2153 V SoundTriggerHelper: deviceState: ENABLE
09-10 11:34:47.553  1821  2153 V SoundTriggerHelper: updateRecognitionLocked
09-10 11:34:47.553  1821  2153 V SoundTriggerHelper: isRecognitionAllowed
09-10 11:34:47.553  1821  2153 V SoundTriggerHelper: deviceState: ENABLE
09-10 11:34:47.553  1821  2153 V SoundTriggerHelper: prepareForRecognition
09-10 11:34:47.553  1821  2153 V SoundTriggerHelper: startRecognitionLocked
09-10 11:34:47.553  1821  2153 V SoundTriggerHelper: isRecognitionAllowed
09-10 11:34:47.553  1821  2153 V SoundTriggerHelper: deviceState: ENABLE
09-10 11:34:47.554  1311  2416 D sound_trigger_hw: stdev_start_recognition_extended: HIDL 2.3
09-10 11:34:47.554  1311  2416 D sound_trigger_hw: stdev_start_recognition_internal: entry handle 0
09-10 11:34:47.554  1311  2416 D sound_trigger_hw: [0] start sound model
09-10 11:34:47.554  1311  2416 D sound_trigger_platform: enable_hotword_neural_aec: enable 0
09-10 11:34:47.555  1311  2416 E sound_trigger_platform: issue_cmd: opcode 351 failure from AoC -1
09-10 11:34:47.555  1311  2416 D sound_trigger_platform: enable_hotword: enable 1
09-10 11:34:47.555  1311  2416 D sound_trigger_hw: send_control_cmd:cmd 1
09-10 11:34:47.555  1311  1790 D sound_trigger_hw: handle_control_cmd:get cmd 1
09-10 11:34:47.557  1596  1596 D AOC     : F1:MSG: controller.cc, 273: AudioInCtrl: cmd ID: 0x015f, tag: 0xa7 [cntr = 222]
09-10 11:34:47.557  1596  1596 E AOC     : F1:ERR: controller.cc, 808: AudioInCtrl: ipc: sound_trigger, cmd ID: 0x015f, tag: 0xa7, rc: -1
09-10 11:34:47.557  1596  1596 D AOC     : F1:MSG: controller.cc, 273: AudioInCtrl: cmd ID: 0x00e3, tag: 0xa8 [cntr = 223]
09-10 11:34:47.557  1596  1596 D AOC     : F1:MSG: controller.cc, 811: AudioInCtrl: ipc: sound_trigger, cmd ID: 0x00e3, tag: 0xa8, rc: 0
09-10 11:34:47.558  1821  2153 I SoundTriggerMiddlewareLogging: START_RECOGNITION (1, RecognitionConfig{captureRequested: true, phraseRecognitionExtras: [PhraseRecognitionExtra{id: 101, recognitionModes: 1, confidenceLevel: 0, levels: []}], audioCapabilities: 0, data: []}) -> android.os.Binder@7b6ee17
09-10 11:34:47.558  1821  2153 I SoundTriggerHelper: startRecognition successful.
09-10 11:34:47.559  3981  4537 I ffij    : HDM. Start DSP hotword detection successfully.
09-10 11:34:47.560  3981  4612 I fezt    : HDM. Hotword started successfully.
09-10 11:34:47.560  3981  4612 I eojg    : (REDACTED) HDM event received: %s
09-10 11:34:47.560  3981  4612 I fezt    : HDM. after notify apa
09-10 11:34:47.560  3981  4612 I fezt    : HDM. #logRequestHandlingNonErrorEndEvent. Reset requestIdOfFirstError, firstStartErrorCausesRetry and numOfRetriesDoneForHotwordDetectorStartErrors!
09-10 11:34:47.563  3981  4812 I eofj    : (REDACTED) Platform configuration for connection(%s) has changed(@%s):%s
09-10 11:34:47.563  3981  4812 I eodg    : (REDACTED) On platform configuration update(@%s) in connection(%s).
09-10 11:34:47.564  3981  4637 I anzt    : (REDACTED) On platform configuration update(%s).
09-10 11:34:47.564  3981  4637 I anzb    : Received ConfigurationUpdate from Triggering API
09-10 11:34:47.702  2165  2185 I pixel-thermal: usb_pwr_therm2:38.873 raw data: usb_pwr_therm2:38873 
09-10 11:34:48.960  2165  2185 I pixel-thermal: cellular-emergency:39.8757 raw data: VIRTUAL-NEUTRAL:39414.4 VIRTUAL-NEUTRAL-SKIN2:39875.7 VIRTUAL-QUIET-NEUTRAL:39228.7 VIRTUAL-SKIN:39875.7 cellular-emergency:39875.7 disp_therm:39630 gnss_tcxo_therm:38561 neutral_therm:37359 quiet_therm:40030 skin_therm1:39007 skin_therm2:45748 
09-10 11:34:48.961  2165  2185 I pixel-thermal: VIRTUAL-SKIN-CPU:39.8757 raw data: VIRTUAL-SKIN:39875.7 VIRTUAL-SKIN-CPU:39875.7 
09-10 11:34:48.961  2165  2185 I pixel-thermal: VIRTUAL-SKIN-CPU power_budget=1245.2 err=1.1243 s_power=800 time_elapsed_ms=7005 p=449.719 i=-4.52085 d=-0 dt_per_min=nan compensation=0 budget transient=0 control target=3 excluded power budget=0
09-10 11:34:48.961  2165  2185 I pixel-thermal: VIRTUAL-SKIN-CPU binded power rails: (S4M_VDD_CPUCL0: 49.27 mW)(S2M_VDD_CPUCL2: 14.84 mW)(S3M_VDD_CPUCL1: 30.31 mW)
09-10 11:34:48.961  2165  2185 I pixel-thermal: neutral_therm:37.359 raw data: neutral_therm:37359 
09-10 11:34:48.961  2165  2185 I pixel-thermal: VIRTUAL-SKIN:39.8757 raw data: VIRTUAL-SKIN:39875.7 
09-10 11:34:48.962  2165  2185 I pixel-thermal: VIRTUAL-SKIN-CPU-GPU:39.8757 raw data: VIRTUAL-SKIN:39875.7 VIRTUAL-SKIN-CPU-GPU:39875.7 
09-10 11:34:48.962  2165  2185 I pixel-thermal: VIRTUAL-SKIN-CPU-GPU power_budget=2325.74 err=5.1243 s_power=800 time_elapsed_ms=7005 p=1537.29 i=-11.5523 d=-0 dt_per_min=nan compensation=0 budget transient=0 control target=3 excluded power budget=0
09-10 11:34:48.963  2165  2185 I pixel-thermal: VIRTUAL-SKIN-CPU-GPU binded power rails: (S4M_VDD_CPUCL0: 49.27 mW)(S2M_VDD_CPUCL2: 14.84 mW)(S3M_VDD_CPUCL1: 30.31 mW)(S2S_VDD_G3D: 2.56 mW)
09-10 11:34:48.963  2165  2185 I pixel-thermal: VIRTUAL-SKIN-HINT:39.8757 raw data: VIRTUAL-SKIN:39875.7 VIRTUAL-SKIN-HINT:39875.7 
09-10 11:34:48.963  2165  2185 I pixel-thermal: VIRTUAL-SKIN-CHARGE:39.8757 raw data: VIRTUAL-SKIN:39875.7 VIRTUAL-SKIN-CHARGE:39875.7 
09-10 11:34:48.963  2165  2185 I pixel-thermal: VIRTUAL-SKIN-CHARGE's fcc binded power rail POWER_FOR_CHARGING_THROTTLING: power threshold = 500, avg power = 434.645
09-10 11:34:49.716  2165  2185 I pixel-thermal: usb_pwr_therm2:38.851 raw data: usb_pwr_therm2:38851 
09-10 11:34:51.063  2905 29494 I NearbyMediums: No BLE Fast/GATT advertisements found in the latest cycle.
09-10 11:34:51.064  2905 29494 I NearbyMediums: Current Tracked Scanning Clients are : {NearbyConnections.EnvironmentMonitor, NearbySharing, NearbyConnections.TxAdvertisement}
09-10 11:34:51.725  2165  2185 I pixel-thermal: usb_pwr_therm2:38.851 raw data: usb_pwr_therm2:38851 
09-10 11:34:51.760  2165  2185 I pixel-thermal: VIRTUAL-USB-UI:0 raw data: USB2-MINUS-CHG:-5537 VIRTUAL-USB-UI:0 charger_skin_therm:44388 usb_pwr_therm2:38851 
09-10 11:34:51.760  2165  2185 I pixel-thermal: VIRTUAL-USB-THROTTLING:0 raw data: USB2-MINUS-CHG:-5537 VIRTUAL-USB-THROTTLING:0 usb_pwr_therm2:38851 
09-10 11:34:53.730  2165  2185 I pixel-thermal: usb_pwr_therm2:38.851 raw data: usb_pwr_therm2:38851 
09-10 11:34:55.117 30426 30482 I GFXSTREAM: [vk_decoder_global_state.cpp(2881)] Destroyed VkDevice:0xb4000074fba2d0f0
09-10 11:34:55.117 30426 30482 I GFXSTREAM: [vk_decoder_global_state.cpp(11153)] Destroyed VkInstance:0xb40000754b9682f0 for application:'gfxstream_gbm_present_probe-draw-20260910' engine:'mesa zink'.
09-10 11:34:55.126 30426 30482 I GFXSTREAM: [vk_decoder_global_state.cpp(2881)] Destroyed VkDevice:0xb4000074fba0d0d0
09-10 11:34:55.127 30426 30482 I GFXSTREAM: [vk_decoder_global_state.cpp(11153)] Destroyed VkInstance:0xb40000754b9630d0 for application:'uDroid gfxstream output adapter' engine:'uDroid'.
09-10 11:34:55.137 30426 30482 I GFXSTREAM: [vk_decoder_global_state.cpp(2881)] Destroyed VkDevice:0xb4000074fb9bd080
09-10 11:34:55.137 30426 30482 I GFXSTREAM: [vk_decoder_global_state.cpp(11153)] Destroyed VkInstance:0xb40000754b95f650 for application:'uDroid gfxstream GBM' engine:'Mesa GBM'.
09-10 11:34:55.738  2165  2185 I pixel-thermal: usb_pwr_therm2:38.851 raw data: usb_pwr_therm2:38851 
09-10 11:34:55.968  2165  2185 I pixel-thermal: cellular-emergency:39.8472 raw data: VIRTUAL-NEUTRAL:39391.4 VIRTUAL-NEUTRAL-SKIN2:39847.2 VIRTUAL-QUIET-NEUTRAL:39275.6 VIRTUAL-SKIN:39847.2 cellular-emergency:39847.2 disp_therm:39630 gnss_tcxo_therm:38517 neutral_therm:37359 quiet_therm:40097 skin_therm1:39007 skin_therm2:45653 
09-10 11:34:55.968  2165  2185 I pixel-thermal: VIRTUAL-SKIN-CPU:39.8472 raw data: VIRTUAL-SKIN:39847.2 VIRTUAL-SKIN-CPU:39847.2 
09-10 11:34:55.969  2165  2185 I pixel-thermal: VIRTUAL-SKIN-CPU power_budget=1256.6 err=1.1528 s_power=800 time_elapsed_ms=7008 p=461.119 i=-4.52085 d=0 dt_per_min=nan compensation=0 budget transient=0 control target=3 excluded power budget=0
09-10 11:34:55.969  2165  2185 I pixel-thermal: VIRTUAL-SKIN-CPU binded power rails: (S4M_VDD_CPUCL0: 32.91 mW)(S2M_VDD_CPUCL2: 17.40 mW)(S3M_VDD_CPUCL1: 12.20 mW)
09-10 11:34:55.969  2165  2185 I pixel-thermal: neutral_therm:37.359 raw data: neutral_therm:37359 
09-10 11:34:55.969  2165  2185 I pixel-thermal: VIRTUAL-SKIN:39.8472 raw data: VIRTUAL-SKIN:39847.2 
09-10 11:34:55.969  2165  2185 I pixel-thermal: VIRTUAL-SKIN-CPU-GPU:39.8472 raw data: VIRTUAL-SKIN:39847.2 VIRTUAL-SKIN-CPU-GPU:39847.2 
09-10 11:34:55.970  2165  2185 I pixel-thermal: VIRTUAL-SKIN-CPU-GPU power_budget=2334.29 err=5.1528 s_power=800 time_elapsed_ms=7008 p=1545.84 i=-11.5523 d=0 dt_per_min=nan compensation=0 budget transient=0 control target=3 excluded power budget=0
09-10 11:34:55.971  2165  2185 I pixel-thermal: VIRTUAL-SKIN-CPU-GPU binded power rails: (S4M_VDD_CPUCL0: 32.91 mW)(S2M_VDD_CPUCL2: 17.40 mW)(S3M_VDD_CPUCL1: 12.20 mW)(S2S_VDD_G3D: 3.37 mW)
09-10 11:34:55.972  2165  2185 I pixel-thermal: VIRTUAL-SKIN-HINT:39.8472 raw data: VIRTUAL-SKIN:39847.2 VIRTUAL-SKIN-HINT:39847.2 
09-10 11:34:55.972  2165  2185 I pixel-thermal: VIRTUAL-SKIN-CHARGE:39.8472 raw data: VIRTUAL-SKIN:39847.2 VIRTUAL-SKIN-CHARGE:39847.2 
09-10 11:34:55.972  2165  2185 I pixel-thermal: VIRTUAL-SKIN-CHARGE's fcc binded power rail POWER_FOR_CHARGING_THROTTLING: power threshold = 500, avg power = 398.126
09-10 11:34:56.751  2678  3566 D TemperatureStateSource: sequence=3479 actualDelay=10003
09-10 11:34:56.753  2678  3566 D TemperatureStateSource: Reading temperature: sequence=3480
09-10 11:34:56.757  2165  2165 I pixel-thermal: VIRTUAL-SKIN:39.8472 raw data: VIRTUAL-SKIN:39847.2 
09-10 11:34:56.758  2678  3566 D TemperatureStateSource: getDeviceTemperatures: sequence=3480 deviceTemperatureType=3 temperatureSource=0 temperatures=[39.847202]
09-10 11:34:56.759  2678  3566 D TemperatureStateSource: sequence=3480 waitTime=10000
09-10 11:34:56.760  2678  3566 D ImpulseStateSource: Notify clients: 3495
09-10 11:34:57.607  2905 30355 I AlarmManager: setExactAndAllowWhileIdle [name: GCM_HB_ALARM type: 2 triggerAtMillis: 64464479]
09-10 11:34:57.627  2905 30292 I AlarmManager: setExactAndAllowWhileIdle [name: FcmRetry type: 2 triggerAtMillis: 62834497]
09-10 11:34:57.635  1821  1923 D ActivityManager: sync unfroze 21907 com.twitter.android for 3
09-10 11:34:57.699 21907 21967 D WM-WorkConstraintsTrack: NetworkRequestConstraintController onCapabilitiesChanged callback
09-10 11:34:57.710 21907 21967 D WM-WorkConstraintsTrack: NetworkRequestConstraintController onBlockedStatusChanged callback true
09-10 11:34:57.716 21907 30558 I Braze v41.1.1 .BrazeFirebaseMessagingService: Remote message did not originate from Braze. Not consuming remote message: com.google.firebase.messaging.t@12984bf
09-10 11:34:57.749  2165  2185 I pixel-thermal: usb_pwr_therm2:38.851 raw data: usb_pwr_therm2:38851 
09-10 11:34:57.753 21907 21911 W twitter.android: Reducing the number of considered missed Gc histogram windows from 240 to 100
09-10 11:34:58.177  1821  1939 W ProcessStats: Tracking association SourceState{58c726d com.google.android.googlequicksearchbox:interactor/10164 BFgs #51745} whose proc state 4 is better than process ProcessState{2eb4d94 com.google.android.googlequicksearchbox:search/10164 pkg=com.google.android.googlequicksearchbox} proc state 14 (0 skipped)
09-10 11:34:58.210  3992  4960 I AiAiEcho: SmartspaceNotificationPredictor no parser can handle this notification or notification is invalid
09-10 11:34:58.230  2542  2542 D InsetsController: hide(ime())
09-10 11:34:58.232  2542  2542 I ImeTracker: com.android.systemui:e0abe169: onRequestHide at ORIGIN_CLIENT reason HIDE_SOFT_INPUT_BY_INSETS_API fromUser false userId 0 displayId 0
09-10 11:34:58.232  2542  2542 I ImeTracker: com.android.systemui:e0abe169: onCancelled at PHASE_CLIENT_ALREADY_HIDDEN
09-10 11:34:58.237  2542  2542 D InsetsController: hide(ime())
09-10 11:34:58.238  2542  2542 I ImeTracker: com.android.systemui:58acfb74: onRequestHide at ORIGIN_CLIENT reason HIDE_SOFT_INPUT_BY_INSETS_API fromUser false userId 0 displayId 0
09-10 11:34:58.239  2542  2542 I ImeTracker: com.android.systemui:58acfb74: onCancelled at PHASE_CLIENT_ALREADY_HIDDEN
09-10 11:34:58.244  2542  2542 D InsetsController: hide(ime())
09-10 11:34:58.245  2542  2542 I ImeTracker: com.android.systemui:96e8c341: onRequestHide at ORIGIN_CLIENT reason HIDE_SOFT_INPUT_BY_INSETS_API fromUser false userId 0 displayId 0
09-10 11:34:58.245  2542  2542 I ImeTracker: com.android.systemui:96e8c341: onCancelled at PHASE_CLIENT_ALREADY_HIDDEN
09-10 11:34:58.250  2542  2542 D InsetsController: hide(ime())
09-10 11:34:58.251  2542  2542 I ImeTracker: com.android.systemui:cca66773: onRequestHide at ORIGIN_CLIENT reason HIDE_SOFT_INPUT_BY_INSETS_API fromUser false userId 0 displayId 0
09-10 11:34:58.252  2542  2542 I ImeTracker: com.android.systemui:cca66773: onCancelled at PHASE_CLIENT_ALREADY_HIDDEN
09-10 11:34:58.339  3992  5384 I AiAiPeople: (REDACTED) [%d] fragments remain to process, dispatched event [%s]
09-10 11:34:58.432  2542  2542 D InsetsController: hide(ime())
09-10 11:34:58.432  2542  2542 I ImeTracker: com.android.systemui:aede1b02: onRequestHide at ORIGIN_CLIENT reason HIDE_SOFT_INPUT_BY_INSETS_API fromUser false userId 0 displayId 0
09-10 11:34:58.432  2542  2542 I ImeTracker: com.android.systemui:aede1b02: onCancelled at PHASE_CLIENT_ALREADY_HIDDEN
09-10 11:34:58.433  2542  2542 W NotifRow: cancelAppearDrawing childKey: 0|com.twitter.android|5|notification://com.twitter.android?user_id=1273246000291799040|10315 wasDrawing:false
09-10 11:34:58.644  2905  2905 D BoundBrokerSvc: onRebind: Intent { act=com.google.android.gms.libs.gmscorelogger.service.START dat=chimera-action:/... xflg=0x4 cmp=com.google.android.gms/.chimera.PersistentDirectBootAwareApiService }
09-10 11:34:58.769  2165  2185 I pixel-thermal: VIRTUAL-USB-UI:0 raw data: USB2-MINUS-CHG:-5399 VIRTUAL-USB-UI:0 charger_skin_therm:44250 usb_pwr_therm2:38851 
09-10 11:34:58.769  2165  2185 I pixel-thermal: VIRTUAL-USB-THROTTLING:0 raw data: USB2-MINUS-CHG:-5399 VIRTUAL-USB-THROTTLING:0 usb_pwr_therm2:38851 
09-10 11:34:59.755  2165  2185 I pixel-thermal: usb_pwr_therm2:38.851 raw data: usb_pwr_therm2:38851 
09-10 11:35:01.003  3992  4372 I AiAiEcho: (REDACTED) Predicting[%d]: %s
09-10 11:35:01.005  3992  4372 I AiAiEcho: (REDACTED) EchoTargets: %s
09-10 11:35:01.005  3992  4372 I AiAiEcho: Filtered by AiAi flag check: %s
09-10 11:35:01.007  3992  4372 I AiAiEcho: (REDACTED) #weatherSubItemsTwiddler: Weather removes SubtitleSupplementalItem in surface: %s
09-10 11:35:01.008  3992  4372 I AiAiEcho: #remoteViewsTwiddler: feature disabled.
09-10 11:35:01.009  3992  4372 I AiAiEcho: (REDACTED) Predicting[%d]: %s
09-10 11:35:01.011  3992  4372 I AiAiEcho: (REDACTED) EchoTargets: %s
09-10 11:35:01.011  3992  4372 I AiAiEcho: Filtered by AiAi flag check: %s
09-10 11:35:01.011  3992  4372 I AiAiEcho: #remoteViewsTwiddler: feature disabled.
09-10 11:35:01.012  3992  4372 I AiAiEcho: (REDACTED) Predicting[%d]: %s
09-10 11:35:01.014  3992  4372 I AiAiEcho: (REDACTED) EchoTargets: %s
09-10 11:35:01.014  3992  4372 I AiAiEcho: Filtered by AiAi flag check: %s
09-10 11:35:01.014  3992  4372 I AiAiEcho: #remoteViewsTwiddler: feature disabled.
09-10 11:35:01.016  3992  4372 I AiAiEcho: (REDACTED) Predicting[%d]: %s
09-10 11:35:01.018  3992  4372 I AiAiEcho: (REDACTED) EchoTargets: %s
09-10 11:35:01.018  3992  4372 I AiAiEcho: Filtered by AiAi flag check: %s
09-10 11:35:01.019  3992  4372 I AiAiEcho: (REDACTED) #weatherSubItemsTwiddler: Weather removes SubtitleSupplementalItem in surface: %s
09-10 11:35:01.020  3992  4372 I AiAiEcho: #remoteViewsTwiddler: feature disabled.
09-10 11:35:01.029  3992  4372 I AiAiEcho: (REDACTED) #postPredictionTargets: Sending updates to UISurface %s with targets# %s (types=[%s])
09-10 11:35:01.030  3992  4372 I AiAiEcho: (REDACTED) #postPredictionTargets: Sending updates to UISurface %s with targets# %s (types=[%s])
09-10 11:35:01.031  3992  4372 I AiAiEcho: (REDACTED) #postPredictionTargets: Sending updates to UISurface %s with targets# %s (types=[%s])
09-10 11:35:01.033  2542  2542 I WeatherSmartspaceView: setFormattedContentDescription: text=32°C, iconDescription=Light rain, contentDescription=Light rain, 32°C
09-10 11:35:01.033  2542  2542 I WeatherSmartspaceView: setFormattedContentDescription: text=32°C, iconDescription=Light rain, contentDescription=Light rain, 32°C
09-10 11:35:01.033  2542  2542 I WeatherData: Weather data parsed DRIZZLE ("Light rain") 32°C from Bundle[{description=Light rain, feedback_intent=null, explanation_intent=Supplier{VAL_PARCELABLE@148+1744}, is_gaia_linked_data=true, use_celsius=true, state=11, temperature=32}]
09-10 11:35:01.038  2542  2579 I AmbientCueRepository: Receiving SmartSpace targets # 0
09-10 11:35:01.038  3992  4372 I AiAiEcho: (REDACTED) #postPredictionTargets: Sending updates to UISurface %s with targets# %s (types=[%s])
09-10 11:35:01.069  2905 29494 I NearbyMediums: No BLE Fast/GATT advertisements found in the latest cycle.
09-10 11:35:01.069  2905 29494 I NearbyMediums: Current Tracked Scanning Clients are : {NearbyConnections.EnvironmentMonitor, NearbySharing, NearbyConnections.TxAdvertisement}
09-10 11:35:01.765  2165  2185 I pixel-thermal: usb_pwr_therm2:38.828 raw data: usb_pwr_therm2:38828 
09-10 11:35:02.784 21907 21967 D WM-WorkConstraintsTrack: NetworkRequestConstraintController onBlockedStatusChanged callback true
09-10 11:35:02.788  1821  2400 D InetDiagMessage: Destroyed 0 sockets, proto=IPPROTO_TCP, family=AF_INET, states=14
09-10 11:35:02.790  1821  2400 D InetDiagMessage: Destroyed 0 sockets, proto=IPPROTO_TCP, family=AF_INET6, states=14
09-10 11:35:02.790  1821  2400 D InetDiagMessage: Destroyed live tcp sockets for uids={10315} in 9ms
09-10 11:35:02.793  1821  2400 D InetDiagMessage: Destroyed 0 sockets, proto=IPPROTO_TCP, family=AF_INET, states=14
09-10 11:35:02.796  1821  2400 D InetDiagMessage: Destroyed 0 sockets, proto=IPPROTO_TCP, family=AF_INET6, states=14
09-10 11:35:02.796  1821  2400 D InetDiagMessage: Destroyed live tcp sockets for uids={20315} in 5ms
09-10 11:35:02.977  2165  2185 I pixel-thermal: cellular-emergency:39.8174 raw data: VIRTUAL-NEUTRAL:39365.1 VIRTUAL-NEUTRAL-SKIN2:39817.4 VIRTUAL-QUIET-NEUTRAL:39222.1 VIRTUAL-SKIN:39817.4 cellular-emergency:39817.4 disp_therm:39652 gnss_tcxo_therm:38472 neutral_therm:37337 quiet_therm:40030 skin_therm1:38984 skin_therm2:45605 
09-10 11:35:02.977  2165  2185 I pixel-thermal: VIRTUAL-SKIN-CPU:39.8174 raw data: VIRTUAL-SKIN:39817.4 VIRTUAL-SKIN-CPU:39817.4 
09-10 11:35:02.977  2165  2185 I pixel-thermal: VIRTUAL-SKIN-CPU power_budget=1268.52 err=1.18259 s_power=800 time_elapsed_ms=7010 p=473.038 i=-4.52085 d=0 dt_per_min=nan compensation=0 budget transient=0 control target=3 excluded power budget=0
09-10 11:35:02.977  2165  2185 I pixel-thermal: VIRTUAL-SKIN-CPU binded power rails: (S4M_VDD_CPUCL0: 56.66 mW)(S2M_VDD_CPUCL2: 21.06 mW)(S3M_VDD_CPUCL1: 22.89 mW)
09-10 11:35:02.977  2165  2185 I pixel-thermal: neutral_therm:37.337 raw data: neutral_therm:37337 
09-10 11:35:02.977  2165  2185 I pixel-thermal: VIRTUAL-SKIN:39.8174 raw data: VIRTUAL-SKIN:39817.4 
09-10 11:35:02.977  2165  2185 I pixel-thermal: VIRTUAL-SKIN-CPU-GPU:39.8174 raw data: VIRTUAL-SKIN:39817.4 VIRTUAL-SKIN-CPU-GPU:39817.4 
09-10 11:35:02.978  2165  2185 I pixel-thermal: VIRTUAL-SKIN-CPU-GPU power_budget=2343.23 err=5.18259 s_power=800 time_elapsed_ms=7010 p=1554.78 i=-11.5523 d=0 dt_per_min=nan compensation=0 budget transient=0 control target=3 excluded power budget=0
09-10 11:35:02.978  2165  2185 I pixel-thermal: VIRTUAL-SKIN-CPU-GPU binded power rails: (S4M_VDD_CPUCL0: 56.66 mW)(S2M_VDD_CPUCL2: 21.06 mW)(S3M_VDD_CPUCL1: 22.89 mW)(S2S_VDD_G3D: 2.69 mW)
09-10 11:35:02.978  2165  2185 I pixel-thermal: VIRTUAL-SKIN-HINT:39.8174 raw data: VIRTUAL-SKIN:39817.4 VIRTUAL-SKIN-HINT:39817.4 
09-10 11:35:02.978  2165  2185 I pixel-thermal: VIRTUAL-SKIN-CHARGE:39.8174 raw data: VIRTUAL-SKIN:39817.4 VIRTUAL-SKIN-CHARGE:39817.4 
09-10 11:35:02.978  2165  2185 I pixel-thermal: VIRTUAL-SKIN-CHARGE's fcc binded power rail POWER_FOR_CHARGING_THROTTLING: power threshold = 500, avg power = 447.344
09-10 11:35:03.773  2165  2185 I pixel-thermal: usb_pwr_therm2:38.828 raw data: usb_pwr_therm2:38828 
09-10 11:35:05.779  2165  2185 I pixel-thermal: VIRTUAL-USB-UI:0 raw data: USB2-MINUS-CHG:-5308 VIRTUAL-USB-UI:0 charger_skin_therm:44136 usb_pwr_therm2:38828 
09-10 11:35:05.779  2165  2185 I pixel-thermal: usb_pwr_therm2:38.828 raw data: usb_pwr_therm2:38828 
09-10 11:35:05.780  2165  2185 I pixel-thermal: VIRTUAL-USB-THROTTLING:0 raw data: USB2-MINUS-CHG:-5308 VIRTUAL-USB-THROTTLING:0 usb_pwr_therm2:38828 
09-10 11:35:06.389  1358  1419 D USF     : AP/AOC clock synced: AOC: 62700695109863 ns (256822047170 tk), AP: 62723260831425 ns, diff = -22565721562 ns
09-10 11:35:06.760  2678  2916 D TemperatureStateSource: sequence=3480 actualDelay=10001
09-10 11:35:06.760  2678  2916 D TemperatureStateSource: Reading temperature: sequence=3481
09-10 11:35:06.763  2165  2165 I pixel-thermal: VIRTUAL-SKIN:39.8174 raw data: VIRTUAL-NEUTRAL:39365.1 VIRTUAL-NEUTRAL-SKIN2:39817.4 VIRTUAL-QUIET-NEUTRAL:39222.1 VIRTUAL-SKIN:39817.4 disp_therm:39652 gnss_tcxo_therm:38472 neutral_therm:37337 quiet_therm:40030 skin_therm1:38984 skin_therm2:45605 
09-10 11:35:06.763  2678  2916 D TemperatureStateSource: getDeviceTemperatures: sequence=3481 deviceTemperatureType=3 temperatureSource=0 temperatures=[39.817406]
09-10 11:35:06.764  2678  2916 D TemperatureStateSource: sequence=3481 waitTime=10000
09-10 11:35:06.764  2678  3566 D ImpulseStateSource: Notify clients: 3496
09-10 11:35:06.778  2678  3566 D ImpulseConnection: timeout happen: com.google.android.apps.turbo
09-10 11:35:06.778  2678  3566 D ImpulseConnection: unbindService for releasing a CONNECTED connection com.google.android.apps.turbo
09-10 11:35:06.784  9953  9953 I HidDeviceService: unregisterAppUid(): uid=10180
09-10 11:35:06.784  9953  9953 W HidDeviceService: unregisterAppUid(): caller UID doesn't match user UID
09-10 11:35:07.788  2165  2185 I pixel-thermal: usb_pwr_therm2:38.828 raw data: usb_pwr_therm2:38828 
09-10 11:35:07.804  1821  2297 D ActivityManager: freezing 21907 com.twitter.android
09-10 11:35:07.809  1821  2400 D InetDiagMessage: Destroyed 0 sockets, proto=IPPROTO_TCP, family=AF_INET, states=14
09-10 11:35:07.812  1821  2400 D InetDiagMessage: Destroyed 0 sockets, proto=IPPROTO_TCP, family=AF_INET6, states=14
09-10 11:35:07.812  1821  2400 D InetDiagMessage: Destroyed live tcp sockets for uids={10315} in 5ms
09-10 11:35:08.200  1821  1939 W ProcessStats: Tracking association SourceState{58c726d com.google.android.googlequicksearchbox:interactor/10164 BFgs #51750} whose proc state 4 is better than process ProcessState{2eb4d94 com.google.android.googlequicksearchbox:search/10164 pkg=com.google.android.googlequicksearchbox} proc state 14 (2 skipped)
09-10 11:35:09.101  1821  1923 D ActivityManager: sync unfroze 9686 com.ingka.ikea.app for 3
09-10 11:35:09.111  9686 30568 W JobInfo : Job 'com.ingka.ikea.app/com.google.android.gms.measurement.AppMeasurementJobService#-1033662992' has a deadline with functional constraints and an extremely short time window of 1000 ms (delay=1000, deadline=2000). The functional constraints are not likely to be satisfied when the job runs.
09-10 11:35:09.112  1821  2897 W JobInfo : Job 'com.ingka.ikea.app/com.google.android.gms.measurement.AppMeasurementJobService#-1033662992' has a deadline with functional constraints and an extremely short time window of 1000 ms (delay=1000, deadline=2000). The functional constraints are not likely to be satisfied when the job runs.
09-10 11:35:09.113  1821  2897 W JobInfo : Job 'com.ingka.ikea.app/com.google.android.gms.measurement.AppMeasurementJobService#-1033662992' has a deadline with functional constraints and an extremely short time window of 1000 ms (delay=1000, deadline=2000). The functional constraints are not likely to be satisfied when the job runs.
09-10 11:35:09.796  2165  2185 I pixel-thermal: usb_pwr_therm2:38.828 raw data: usb_pwr_therm2:38828 
09-10 11:35:09.864  2905 30292 I AlarmManager: setExactAndAllowWhileIdle [name: GCM_HB_ALARM type: 2 triggerAtMillis: 64476736]
09-10 11:35:09.883  2905 30554 I AlarmManager: setExactAndAllowWhileIdle [name: FcmRetry type: 2 triggerAtMillis: 62846753]
09-10 11:35:09.888  1381  1430 D AudioFlinger: onStateChanged: pid:7768  uid:10299  state:unfrozen - no freeze activity
09-10 11:35:09.888  2905 30581 I AlarmManager: setExactAndAllowWhileIdle [name: GCM_HB_ALARM type: 2 triggerAtMillis: 64476760]
09-10 11:35:09.893  1821  1923 D ActivityManager: sync unfroze 7768 com.whatsapp for 3
09-10 11:35:09.906  3981  3993 I ffad    : (REDACTED) HDM. appOpsListener %s %s
09-10 11:35:09.906  3981  3993 I ffad    : (REDACTED) HDM. Ignoring irrelevant audio permission changes for package %s
09-10 11:35:09.914  1821  2897 I ActivityManager: Background started FGS: Allowed [callingPackage: com.whatsapp; callingUid: 10299; uidState: SVC ; uidBFSL: n/a; BFGS denied: false; intent: Intent { xflg=0x4 cmp=com.whatsapp/.messaging.service.GcmFGService }; code:PUSH_MESSAGING; tempAllowListReason:<4bb4e8d com.google.android.c2dm.intent.RECEIVE/u0/0x2152,reasonCode:PUSH_MESSAGING,duration:20000,callingUid:10285>; allowWiu:-1; targetSdkVersion:36; callerTargetSdkVersion:36; startForegroundCount:0; bindFromPackage:null; isBindService:false]
09-10 11:35:09.916  3981  3993 I ffad    : (REDACTED) HDM. appOpsListener %s %s
09-10 11:35:09.916  3981  3993 I ffad    : (REDACTED) HDM. Ignoring irrelevant audio permission changes for package %s
09-10 11:35:09.917   687   687 W powerhal-libperfmgr: Sess(634), cannot resume, already active
09-10 11:35:09.921  1821  5945 D ConnectivityService: Returning UNBLOCKED NetworkInfo to uid=10299
09-10 11:35:09.921  7768  8083 E msys    : E[N WA]_WAJMNSStreamImplMNSTCPStreamCreate(410)=>[LogLevel:I] WAJMNSStream/impl/tcpStreamCreate/MNSStreamRaw/p=0xb400007927fdbb90
09-10 11:35:09.921  7768  8083 E msys    : E[N WA]WAJMNSStreamImplCreate(485)=>[LogLevel:I] WAJMNSStream/impl/create/p=0xb400007927fdbb90 (mnsConn=0xb40000798803c670)
09-10 11:35:09.921  7768  8083 E msys    : E[N WA]_WAJMNSStreamCreateMnsIpsFromIpAddressStrings(98)=>[LogLevel:I] no ip addresses provided, using DNS resolution
09-10 11:35:09.922  7768  8083 E msys    : E[N WA]WAJMNSStreamImplConnect(513)=>[LogLevel:I] WAJMNSStream/impl/connect/p=0xb400007927fdbb90 (endpoint=g.whatsapp.net:5222)(ipAddressCount=0)
09-10 11:35:09.922  7768  8083 E msys    : E[N WA]_WAJMNSStreamImplUpdateStreamState(238)=>[LogLevel:I] WAJMNSStream/impl/state-changed/p=0xb400007927fdbb90 (initial=>connecting)
09-10 11:35:09.924  1821  2897 W ActivityManager: Foreground service started from background can not have location/camera/microphone access: service com.whatsapp/.messaging.service.GcmFGService
09-10 11:35:09.924  1821  2897 I ActivityManager: Background started FGS: Allowed [callingPackage: com.whatsapp; callingUid: 10299; uidState: FGS ; uidBFSL: [BFSL]; BFGS denied: false; intent: Intent { cmp=com.whatsapp/.messaging.service.GcmFGService }; code:PROC_STATE_FGS; tempAllowListReason:<4bb4e8d com.google.android.c2dm.intent.RECEIVE/u0/0x2152,reasonCode:PUSH_MESSAGING,duration:20000,callingUid:10285>; allowWiu:-1; targetSdkVersion:36; callerTargetSdkVersion:36; startForegroundCount:0; bindFromPackage:null; isBindService:false]
09-10 11:35:09.925  1821  2897 W ForegroundServiceTypeLoggerModule: Foreground service start for UID: 10299 does not have any types
09-10 11:35:09.929  7768  7768 D WM-SystemJobService: onStartJob for WorkGenerationalId(workSpecId=f0e732f8-9f3a-4302-8c52-d23423cfcdb8, generation=0)
09-10 11:35:09.930  7768  8206 D WM-Processor: Work WorkGenerationalId(workSpecId=f0e732f8-9f3a-4302-8c52-d23423cfcdb8, generation=0) is already enqueued for processing
09-10 11:35:09.931  3981  3993 I ffad    : (REDACTED) HDM. appOpsListener %s %s
09-10 11:35:09.931  3981  3993 I ffad    : (REDACTED) HDM. Ignoring irrelevant audio permission changes for package %s
09-10 11:35:09.983  2165  2185 I pixel-thermal: cellular-emergency:39.7663 raw data: VIRTUAL-NEUTRAL:39328.6 VIRTUAL-NEUTRAL-SKIN2:39766.3 VIRTUAL-QUIET-NEUTRAL:39169.3 VIRTUAL-SKIN:39766.3 cellular-emergency:39766.3 disp_therm:39630 gnss_tcxo_therm:38472 neutral_therm:37315 quiet_therm:39964 skin_therm1:38940 skin_therm2:45486 
09-10 11:35:09.983  2165  2185 I pixel-thermal: VIRTUAL-SKIN-CPU:39.7663 raw data: VIRTUAL-SKIN:39766.3 VIRTUAL-SKIN-CPU:39766.3 
09-10 11:35:09.983  2165  2185 I pixel-thermal: VIRTUAL-SKIN-CPU power_budget=1288.96 err=1.2337 s_power=800 time_elapsed_ms=7006 p=493.478 i=-4.52085 d=0 dt_per_min=nan compensation=0 budget transient=0 control target=3 excluded power budget=0
09-10 11:35:09.983  2165  2185 I pixel-thermal: VIRTUAL-SKIN-CPU binded power rails: (S4M_VDD_CPUCL0: 40.97 mW)(S2M_VDD_CPUCL2: 12.92 mW)(S3M_VDD_CPUCL1: 13.85 mW)
09-10 11:35:09.983  2165  2185 I pixel-thermal: neutral_therm:37.315 raw data: neutral_therm:37315 
09-10 11:35:09.983  2165  2185 I pixel-thermal: VIRTUAL-SKIN:39.7663 raw data: VIRTUAL-SKIN:39766.3 
09-10 11:35:09.983  2165  2185 I pixel-thermal: VIRTUAL-SKIN-CPU-GPU:39.7663 raw data: VIRTUAL-SKIN:39766.3 VIRTUAL-SKIN-CPU-GPU:39766.3 
09-10 11:35:09.984  2165  2185 I pixel-thermal: VIRTUAL-SKIN-CPU-GPU power_budget=2358.56 err=5.2337 s_power=800 time_elapsed_ms=7006 p=1570.11 i=-11.5523 d=0 dt_per_min=nan compensation=0 budget transient=0 control target=3 excluded power budget=0
09-10 11:35:09.984  2165  2185 I pixel-thermal: VIRTUAL-SKIN-CPU-GPU binded power rails: (S4M_VDD_CPUCL0: 40.97 mW)(S2M_VDD_CPUCL2: 12.92 mW)(S3M_VDD_CPUCL1: 13.85 mW)(S2S_VDD_G3D: 3.32 mW)
09-10 11:35:09.984  2165  2185 I pixel-thermal: VIRTUAL-SKIN-HINT:39.7663 raw data: VIRTUAL-SKIN:39766.3 VIRTUAL-SKIN-HINT:39766.3 
09-10 11:35:09.984  2165  2185 I pixel-thermal: VIRTUAL-SKIN-CHARGE:39.7663 raw data: VIRTUAL-SKIN:39766.3 VIRTUAL-SKIN-CHARGE:39766.3 
09-10 11:35:09.984  2165  2185 I pixel-thermal: VIRTUAL-SKIN-CHARGE's fcc binded power rail POWER_FOR_CHARGING_THROTTLING: power threshold = 500, avg power = 403.266
09-10 11:35:09.986  7768  8119 E msys    : E[N mns]_OnResolverSuccess(384)=>Cache refresh succeeded with system DNS resolver. IP count: 2
09-10 11:35:09.989  7768  8119 E msys    : E[N WA]_WAJMNSStreamImplOnMNSReady(269)=>[LogLevel:I] WAJMNSStream/impl/callback/onMNSReady/p=0xb400007927fdbb90
09-10 11:35:09.989  7768  8119 E msys    : E[N WA]_WAJMNSStreamImplCreateConnectionReport(202)=>[LogLevel:I] WAJMNSStream/impl/report port=5222, connectedIPVersion=6, resolvedIPAddressCount=2, dnsResolutionStartTimeMS=36130234, dnsResolutionEndTimeMS=36130235, dnsCacheHit=Yes, connectStartTimeMS=36130235, connectEndTimeMS=36130302, proxyConnectStartTimeMS=0, proxyConnectEndTimeMS=0
09-10 11:35:09.989  7768  8119 E msys    : E[N WA]_WAJMNSStreamImplUpdateStreamState(238)=>[LogLevel:I] WAJMNSStream/impl/state-changed/p=0xb400007927fdbb90 (connecting=>connected)
09-10 11:35:10.375  7768  8069 E msys    : E[N WCIHTTPImplNetworkSession]WCIHTTPTaskImplCreateRegular(556)=>[I] http/task/regular/create/start
09-10 11:35:10.375  7768  8069 E msys    : E[N WCIHTTPImplNetworkSession]WCIHTTPTaskImplCreateRegular(591)=>[I] http/task/regular/create/execute
09-10 11:35:10.375  7768  8069 E msys    : E[N WCIHTTPImplNetworkSession]WCIHTTPTaskImplCreateRegular(614)=>[I] http/task/regular/create/success
09-10 11:35:10.659  1821  2515 W JobInfo : Job 'com.whatsapp/.infra.push.RegistrationIntentService#4' has a deadline with no functional constraints. The deadline won't improve job execution latency. Consider removing the deadline.
09-10 11:35:10.982  3992  5154 D androidtc: Initializing SystemTextClassifier, type = System
09-10 11:35:10.982  3992  3992 I AiAiTextClassifier: (REDACTED) onDestroyTextClassificationSession = %s
09-10 11:35:10.983  3992  3992 I AiAiTextClassifier: (REDACTED) onCreateTextClassificationSession = %s
09-10 11:35:10.984  3992  3992 I AiAiTextClassifier: AiaiTextClassifierService.onSuggestConversationActions
09-10 11:35:10.993  3992  3992 I AiAiTextClassifier: (REDACTED) onDestroyTextClassificationSession = %s
09-10 11:35:11.070  2905 29494 I NearbyMediums: No BLE Fast/GATT advertisements found in the latest cycle.
09-10 11:35:11.071  2905 29494 I NearbyMediums: Current Tracked Scanning Clients are : {NearbyConnections.EnvironmentMonitor, NearbySharing, NearbyConnections.TxAdvertisement}
09-10 11:35:11.125  3643  3718 I ConnectivityMonitorStateMachineController: Alarm fired
09-10 11:35:11.135  1821  2897 W JobInfo : Job 'com.whatsapp/.alarmservice.AlarmService#3' has a deadline with no functional constraints. The deadline won't improve job execution latency. Consider removing the deadline.
09-10 11:35:11.144  9686  9686 V FA      : AppMeasurementJobService is starting up.
09-10 11:35:11.154  9686  9686 V FA      : onStartJob received action: com.google.android.gms.measurement.SCION_UPLOAD
09-10 11:35:11.169  9686 30574 V FA      : [sgtm] AppMeasurementJobService processed last Scion upload request.
09-10 11:35:11.171  7768 22293 W SQLiteLog: (28) double-quoted string literal: "20"
09-10 11:35:11.171  7768 22293 W SQLiteLog: (28) double-quoted string literal: "40"
09-10 11:35:11.177  9686  9686 V FA      : onUnbind called for intent. action: null
09-10 11:35:11.178  9686  9686 V FA      : AppMeasurementJobService is shutting down.
09-10 11:35:11.195  1821  2409 D ActivityManager: sync unfroze 30867 android.process.acore for 7
09-10 11:35:11.198  3643  3718 D ImsRegistrationCheck: Continuous Lte or Nr
09-10 11:35:11.215  3992  4960 I AiAiEcho: SmartspaceNotificationPredictor no parser can handle this notification or notification is invalid
09-10 11:35:11.218  3992  4960 I AiAiEcho: SmartspaceNotificationPredictor no parser can handle this notification or notification is invalid
09-10 11:35:11.220  3992  5384 I AiAiPeople: (REDACTED) [%d] fragments remain to process, dispatched event [%s]
09-10 11:35:11.220  3643  3718 I SconeConnectivityMonitorStateMachine: [Default] {subId=1} Heart Beat
09-10 11:35:11.224  3643  3718 I WfcRegistrationCheck: isRoaming:false wfcMode:1
09-10 11:35:11.225  3992  5154 I AiAiBesties: Contact is a bestie.
09-10 11:35:11.225  3992  5154 I AiAiBesties: (REDACTED) Notification channel is already observed: [%s] from package %s
09-10 11:35:11.226  3992  5154 I AiAiBesties: Not a messaging style notification.
09-10 11:35:11.227  2542  2542 D InsetsController: hide(ime())
09-10 11:35:11.227  2542  2542 I ImeTracker: com.android.systemui:b5142309: onRequestHide at ORIGIN_CLIENT reason HIDE_SOFT_INPUT_BY_INSETS_API fromUser false userId 0 displayId 0
09-10 11:35:11.227  2542  2542 I ImeTracker: com.android.systemui:b5142309: onCancelled at PHASE_CLIENT_ALREADY_HIDDEN
09-10 11:35:11.258  3643  3718 I WfcRegistrationCheck: isLteOrNr:true failedCause:16
09-10 11:35:11.389  1821  2153 E ShortcutService: Invalid icon type in shortcut 5760205455381@lid. Bitmaps are not allowed in long-lived shortcuts. Use Resource icons, or Uri-based icons instead.
09-10 11:35:11.395  1821  2409 I AS.AudioService: shouldNotificationSoundPlay false: muted stream:5 attr:AudioAttributes: usage=USAGE_NOTIFICATION content=CONTENT_TYPE_SONIFICATION flags=0x800(FLAG_MUTE_HAPTIC)  tags= bundle=null
09-10 11:35:11.406  1821  2897 W ParceledListSlice: Element #11 is 21468 bytes.
09-10 11:35:11.410  1821  2897 W ParceledListSlice: Element #13 is 23760 bytes.
09-10 11:35:11.411  1821  2897 W ParceledListSlice: Element #14 is 24188 bytes.
09-10 11:35:11.411  1821  2897 W ParceledListSlice: Element #15 is 19000 bytes.
09-10 11:35:11.412  1821  2897 W ParceledListSlice: Element #16 is 23812 bytes.
09-10 11:35:11.413  1821  2897 W ParceledListSlice: Element #18 is 17512 bytes.
09-10 11:35:11.413  1821  2897 W ParceledListSlice: Element #19 is 17824 bytes.
09-10 11:35:11.416  1821  2897 W ParceledListSlice: Element #20 is 17928 bytes.
09-10 11:35:11.416  1821  2897 W ParceledListSlice: Element #21 is 17500 bytes.
09-10 11:35:11.475  2542  2542 W TouchableRegionManager: onHeadsUpPinnedModeChanged
09-10 11:35:11.478  2542  2542 D WindowOnBackDispatcher: setTopOnBackInvokedCallback (unwrapped): com.android.systemui.back.domain.interactor.BackActionInteractor$callback$2@98b1b68
09-10 11:35:11.479  1821  2153 D CoreBackPreview: Window{9c7cfed u0 NotificationShade}: Setting back callback OnBackInvokedCallbackInfo{mCallback=android.window.IOnBackInvokedCallback$Stub$Proxy@147beca, mPriority=0, mIsAnimationCallback=false, mOverrideBehavior=0}
09-10 11:35:11.479  2542  2665 D ShadeStatusBarComponentsInteractor#disableFlagsInteractor: newValue: DisableFlagsModel(disable1=0, disable2=0, animate=true)
09-10 11:35:11.483  2542  2542 D InsetsController: hide(ime())
09-10 11:35:11.484  2542  2542 I ImeTracker: com.android.systemui:d2a30bda: onRequestHide at ORIGIN_CLIENT reason HIDE_SOFT_INPUT_BY_INSETS_API fromUser false userId 0 displayId 0
09-10 11:35:11.484  2542  2542 I ImeTracker: com.android.systemui:d2a30bda: onCancelled at PHASE_CLIENT_ALREADY_HIDDEN
09-10 11:35:11.500  1821  2897 D WindowManager: setClientSurface Surface(name=VRI-NotificationShade#98)/@0x5c19aed for 9c7cfed NotificationShade
09-10 11:35:11.500  2542  2542 I Surface : Creating surface for consumer unnamed-2542-242 with slotExpansion=1 for 64 slots
09-10 11:35:11.500  2542  2542 I Surface : Creating surface for consumer VRI[NotificationShade]#190(BLAST Consumer)190 with slotExpansion=1 for 64 slots
09-10 11:35:11.514  2542  2542 D DeviceEntryIconViewBinder: Initializing device entry fgIconView
09-10 11:35:11.517  1821  2153 D BiometricService: canAuthenticate: User=0, Caller=0, Authenticators=255
09-10 11:35:11.517  1821  2153 D BiometricService/PreAuthInfo: Package: com.android.systemui Sensor ID: 0 Modality: 2 User id: 0 Status: 1
09-10 11:35:11.517  1821  2153 D BiometricService/PreAuthInfo: getCanAuthenticateInternal Modality: 2 AuthenticatorStatus: 1
09-10 11:35:11.517  1821  2153 D AuthService: canAuthenticate, userId: 0, callingUserId: 0, authenticators: 255, result: 0
09-10 11:35:11.518  1821  2153 D SystemServerTiming: getUserSwitchability-0
09-10 11:35:11.518  1821  2153 D SystemServerTiming: TM.isInCall
09-10 11:35:11.518  1821  2897 D SystemServerTiming: getUserSwitchability-0
09-10 11:35:11.518  1821  2897 D SystemServerTiming: TM.isInCall
09-10 11:35:11.518  1821  2153 D SystemServerTiming: hasUserRestriction-DISALLOW_USER_SWITCH
09-10 11:35:11.518  1821  2153 D SystemServerTiming: getInt-ALLOW_USER_SWITCHING_WHEN_SYSTEM_USER_LOCKED
09-10 11:35:11.518  1821  2897 D SystemServerTiming: hasUserRestriction-DISALLOW_USER_SWITCH
09-10 11:35:11.518  1821  2897 D SystemServerTiming: getInt-ALLOW_USER_SWITCHING_WHEN_SYSTEM_USER_LOCKED
09-10 11:35:11.518  1821  2153 D SystemServerTiming: isUserUnlocked-USER_SYSTEM
09-10 11:35:11.518  1821  2897 D SystemServerTiming: isUserUnlocked-USER_SYSTEM
09-10 11:35:11.520  2542  2542 D DLObserver: add listener: com.android.systemui.dock.DockManagerExtensionsKt$retrieveIsDocked$1$callback$1@502029f
09-10 11:35:11.520  2542  2542 D DLObserver: add listener: com.android.systemui.dock.DockManagerExtensionsKt$retrieveIsDocked$1$callback$1@4a1bfec
09-10 11:35:11.521  2542  2542 D DLObserver: add listener: com.android.systemui.dock.DockManagerExtensionsKt$retrieveIsDocked$1$callback$1@de0cfb5
09-10 11:35:11.521  2542  2542 D DLObserver: add listener: com.android.systemui.dock.DockManagerExtensionsKt$retrieveIsDocked$1$callback$1@2ffc64a
09-10 11:35:11.522  2542  2542 D DLObserver: add listener: com.android.systemui.dock.DockManagerExtensionsKt$retrieveIsDocked$1$callback$1@c8e29bb
09-10 11:35:11.522  2542  2542 D DLObserver: add listener: com.android.systemui.dock.DockManagerExtensionsKt$retrieveIsDocked$1$callback$1@ae0eed8
09-10 11:35:11.529  2542  2542 D DLObserver: onDockEvent mDockState = 0
09-10 11:35:11.529  2542  2542 D DLObserver: onDockEvent mDockState = 0
09-10 11:35:11.529  2542  2542 D DLObserver: onDockEvent mDockState = 0
09-10 11:35:11.529  2542  2542 D DLObserver: onDockEvent mDockState = 0
09-10 11:35:11.529  2542  2542 D DLObserver: onDockEvent mDockState = 0
09-10 11:35:11.529  2542  2542 D DLObserver: onDockEvent mDockState = 0
09-10 11:35:11.625  2542  2542 D DeviceEntryIconViewBinder: Updating device entry icon image state ForegroundIconViewModel(type=LOCK, useAodVariant=false, tint=-1972007, padding=62)
09-10 11:35:11.801  2165  2185 I pixel-thermal: usb_pwr_therm2:38.828 raw data: usb_pwr_therm2:38828 
09-10 11:35:11.953  3992  5384 I AiAiPeople: (REDACTED) [%d] fragments remain to process, dispatched event [%s]
09-10 11:35:12.554  1348  1348 E android.hardware.power.stats-service.pixel: Failed to read uid_time_in_state for attribution, return default EnergyConsumer
09-10 11:35:12.785  2165  2185 I pixel-thermal: VIRTUAL-USB-UI:0 raw data: USB2-MINUS-CHG:-5262 VIRTUAL-USB-UI:0 charger_skin_therm:44090 usb_pwr_therm2:38828 
09-10 11:35:12.786  2165  2185 I pixel-thermal: VIRTUAL-USB-THROTTLING:0 raw data: USB2-MINUS-CHG:-5262 VIRTUAL-USB-THROTTLING:0 usb_pwr_therm2:38828 
09-10 11:35:12.827  1821  2153 D ActivityManager: Stop FGS timeout: ServiceRecord{568c245 u0 com.whatsapp/.messaging.service.GcmFGService c:com.whatsapp}
09-10 11:35:12.832  1821  2153 W ForegroundServiceTypeLoggerModule: FGS stop call for: 10299 has no types!
09-10 11:35:12.845  1821  1862 D HintManagerService: Sent cleanup message for uid 10299
09-10 11:35:12.849  9953  9953 I HidDeviceService: unregisterAppUid(): uid=10299
09-10 11:35:12.850  9953  9953 W HidDeviceService: unregisterAppUid(): caller UID doesn't match user UID
09-10 11:35:12.854  1821  2897 D ConnectivityService: Returning BLOCKED NetworkInfo to uid=10299
09-10 11:35:12.857  7768  7768 D WM-SystemJobService: onStopJob for WorkGenerationalId(workSpecId=f0e732f8-9f3a-4302-8c52-d23423cfcdb8, generation=0)
09-10 11:35:12.858  7768  8083 E msys    : E[N WA]WAJMNSStreamImplForceDisconnectSync(586)=>[LogLevel:W] WAJMNSStream/impl/disconnect/force/p=0xb400007927fdbb90 (bytesSent=7992)(bytesRecv=6264)
09-10 11:35:12.866  7768  8083 E msys    : E[N WA]_WAJMNSStreamImplUpdateStreamState(238)=>[LogLevel:I] WAJMNSStream/impl/state-changed/p=0xb400007927fdbb90 (connected=>disconnected)
09-10 11:35:12.868  7768  8213 D WM-Processor: WorkerWrapper interrupted for f0e732f8-9f3a-4302-8c52-d23423cfcdb8
09-10 11:35:12.868  7768  8213 D WM-StopWorkRunnable: StopWorkRunnable for f0e732f8-9f3a-4302-8c52-d23423cfcdb8; Processor.stopWork = true
09-10 11:35:12.876  7768  8211 I WM-WorkerWrapper: Work [ id=f0e732f8-9f3a-4302-8c52-d23423cfcdb8, tags={ com.whatsapp.infra.networking.xmpp.lifecycle.XmppLifecycleWorker } ] was cancelled
09-10 11:35:12.876  7768  8211 I WM-WorkerWrapper: X.IaU
09-10 11:35:12.876  7768  8211 I WM-WorkerWrapper: 	at X.IBd.A01(:6)
09-10 11:35:12.876  7768  8211 I WM-WorkerWrapper: 	at X.ITr.run(:86)
09-10 11:35:12.876  7768  8211 I WM-WorkerWrapper: 	at X.GZY.run(:2)
09-10 11:35:12.876  7768  8211 I WM-WorkerWrapper: 	at java.util.concurrent.ThreadPoolExecutor.runWorker(ThreadPoolExecutor.java:1100)
09-10 11:35:12.876  7768  8211 I WM-WorkerWrapper: 	at java.util.concurrent.ThreadPoolExecutor$Worker.run(ThreadPoolExecutor.java:624)
09-10 11:35:12.876  7768  8211 I WM-WorkerWrapper: 	at java.lang.Thread.run(Thread.java:1571)
09-10 11:35:12.878  7768  8211 D WM-WorkerWrapper: Status for f0e732f8-9f3a-4302-8c52-d23423cfcdb8 is RUNNING; not doing any work and rescheduling for later execution
09-10 11:35:12.885  7768  7768 D WM-Processor: IBd f0e732f8-9f3a-4302-8c52-d23423cfcdb8 executed; reschedule = true
09-10 11:35:12.885  7768  7768 D WM-GreedyScheduler: Stopping tracking for WorkGenerationalId(workSpecId=f0e732f8-9f3a-4302-8c52-d23423cfcdb8, generation=0)
09-10 11:35:12.890  7768  8211 D WM-GreedyScheduler: Cancelling work ID f0e732f8-9f3a-4302-8c52-d23423cfcdb8
09-10 11:35:12.908  7768  8211 D WM-SystemJobScheduler: Scheduling work ID f0e732f8-9f3a-4302-8c52-d23423cfcdb8Job ID 4427
09-10 11:35:12.914  7768  8211 D WM-GreedyScheduler: Starting tracking for e5a6e14c-982a-4f66-920f-a45470cb3107,d26b6c5c-06ba-41e3-9c88-ab27d3fc1b8a,f0e732f8-9f3a-4302-8c52-d23423cfcdb8
09-10 11:35:12.927  7768  8211 D WM-GreedyScheduler: Constraints met: Scheduling work ID WorkGenerationalId(workSpecId=f0e732f8-9f3a-4302-8c52-d23423cfcdb8, generation=0)
09-10 11:35:12.932  7768  8211 D WM-Processor: IBd: processing WorkGenerationalId(workSpecId=f0e732f8-9f3a-4302-8c52-d23423cfcdb8, generation=0)
09-10 11:35:12.942  7768  7768 D WM-WorkerWrapper: Starting work for com.whatsapp.infra.networking.xmpp.lifecycle.XmppLifecycleWorker
09-10 11:35:13.813  2165  2185 I pixel-thermal: usb_pwr_therm2:38.828 raw data: usb_pwr_therm2:38828 
09-10 11:35:13.849  1821  2298 D HintManagerService: Starts cleaning for 10299
09-10 11:35:15.822  2165  2185 I pixel-thermal: usb_pwr_therm2:38.784 raw data: usb_pwr_therm2:38784 
09-10 11:35:16.197  1821  2400 D InetDiagMessage: Destroyed 0 sockets, proto=IPPROTO_TCP, family=AF_INET, states=14
09-10 11:35:16.202  1821  2400 D InetDiagMessage: Destroyed 0 sockets, proto=IPPROTO_TCP, family=AF_INET6, states=14
09-10 11:35:16.203  1821  2400 D InetDiagMessage: Destroyed live tcp sockets for uids={10344} in 11ms
09-10 11:35:16.209  1821  2400 D InetDiagMessage: Destroyed 0 sockets, proto=IPPROTO_TCP, family=AF_INET, states=14
09-10 11:35:16.214  1821  2400 D InetDiagMessage: Destroyed 0 sockets, proto=IPPROTO_TCP, family=AF_INET6, states=14
09-10 11:35:16.214  1821  2400 D InetDiagMessage: Destroyed live tcp sockets for uids={20344} in 11ms
09-10 11:35:16.707  1596  1596 D AOC     : F1:MSG: hotword_input_processor.cc, 1768: Hotword detected @frame at 5878528 ms, flags: 0x1.
09-10 11:35:16.707  1596  1596 D AOC     : F1:MSG: hotword_input_processor.cc, 1775: Hotword detection event sent to host
09-10 11:35:16.714  1311  1790 D sound_trigger_hw: handle_client_event: client 0 recognition_callback
09-10 11:35:16.715  1596  1596 D AOC     : F1:MSG: hotword_input_processor.cc, 640: Synced hotword ring buffer to last (2000) msec
09-10 11:35:16.724  1821  1821 I SoundTriggerHelper: Recognition success
09-10 11:35:16.725  1821 12221 I SoundTriggerMiddlewareLogging: RECOGNITION (1, PhraseRecognitionEventSys{phraseRecognitionEvent: PhraseRecognitionEvent{common: RecognitionEvent{status: 0, type: 0, captureAvailable: true, captureDelayMs: 0, capturePreambleMs: 0, triggerInData: false, audioConfig: AudioConfig{base: AudioConfigBase{sampleRate: 16000, channelMask: AudioChannelLayout.layoutMask(3), format: AudioFormatDescription{type: 1, pcm: 1, encoding: }}, offloadInfo: AudioOffloadInfo{base: AudioConfigBase{sampleRate: 0, channelMask: AudioChannelLayout.none(0), format: AudioFormatDescription{type: 0, pcm: 0, encoding: }}, streamType: 0, bitRatePerSecond: 0, durationUs: 0, hasVideo: false, isStreaming: false, bitWidth: 0, offloadBufferSize: 0, usage: 0, encapsulationMode: -1, contentId: 0, syncId: 0}, frameCount: 0}, data: [], recognitionStillActive: false}, phraseExtras: [PhraseRecognitionExtra{id: 101, recognitionModes: 1, confidenceLevel: 0, levels: []}]}, halEventReceivedMillis: 62733592, token: android.os.Binder@7b6ee17}, 177)
09-10 11:35:16.729  7071  7083 W ProxyAndroidLoggerBackend: Too many Flogger logs received before configuration. Dropping old logs.
09-10 11:35:16.730  7071  7083 W ProxyAndroidLoggerBackend: Too many Flogger logs received before configuration. Dropping old logs.
09-10 11:35:16.730  7071  7083 W ProxyAndroidLoggerBackend: Too many Flogger logs received before configuration. Dropping old logs.
09-10 11:35:16.731  7071  7083 W ProxyAndroidLoggerBackend: Too many Flogger logs received before configuration. Dropping old logs.
09-10 11:35:16.734  7071  7083 E word_detector_0: RecordingActivityTracker(): binding to audio service failed, service up?
09-10 11:35:16.741  1311  2416 D audio_hw_input_stream: adev_open_input_stream handle 78 channels=0xc rate=16000 format=0x1 flags=0x2 source=1999 devices=0x80000004
09-10 11:35:16.746  1381 30614 I AudioFlinger: AudioFlinger's thread 0xb4000070500a2a38 tid=30614 ready to run
09-10 11:35:16.753  7071  7083 D mediametrics::getService: getService: disabled
09-10 11:35:16.758  7071  7083 W ProxyAndroidLoggerBackend: Too many Flogger logs received before configuration. Dropping old logs.
09-10 11:35:16.760  7071 12379 W ProxyAndroidLoggerBackend: Too many Flogger logs received before configuration. Dropping old logs.
09-10 11:35:16.760  7071 12379 W ProxyAndroidLoggerBackend: Too many Flogger logs received before configuration. Dropping old logs.
09-10 11:35:16.762  1381  1430 W APM::Devices: setPreferredConfig, failed, the device does not support requested value
09-10 11:35:16.762  1381  1430 W APM::AudioInputDescriptor: setDevice failed to set preferred config for device AUDIO_DEVICE_IN_BUILTIN_MIC, @:bottom
09-10 11:35:16.763  7071  7083 I native  : I0000 00:00:1789020316.763851    7083 soda_client.cc:385] Starting capture.
09-10 11:35:16.763  7071  7083 I native  : I0000 00:00:1789020316.763962    7083 audio_provider_factory_impl.cc:247] Creating timestamped provided
09-10 11:35:16.764  7071  7083 I native  : I0000 00:00:1789020316.764034    7083 soda_async_impl.cc:652] SODA session starting (require_hotword:1, hotword_timeout_in_millis:3000, trigger_type:TRIGGER_TYPE_UNSPECIFIED, hybrid_asr_config.mode:MODE_DEFAULT)
09-10 11:35:16.764  7071  7083 I native  : I0000 00:00:1789020316.764077    7083 hotword_processor.cc:504] Updated hotword timeout: 3000
09-10 11:35:16.764  1311  1337 D audio_hw_patch: sound-trigger-rec routing:
09-10 11:35:16.764  1311  1337 D audio_hw_patch: 0: 0x80000004 
09-10 11:35:16.765  7071 12385 W ProxyAndroidLoggerBackend: Too many Flogger logs received before configuration. Dropping old logs.
09-10 11:35:16.765  2678  2790 D TemperatureStateSource: sequence=3481 actualDelay=10001
09-10 11:35:16.765  2678  2790 D TemperatureStateSource: Reading temperature: sequence=3482
09-10 11:35:16.767  1311 30617 D audio_hw_input_stream: start_in_st_stream: starting st_stream for source 1999
09-10 11:35:16.767  2165  2165 I pixel-thermal: VIRTUAL-SKIN:39.8256 raw data: VIRTUAL-NEUTRAL:39378.2 VIRTUAL-NEUTRAL-SKIN2:39825.6 VIRTUAL-QUIET-NEUTRAL:39213.3 VIRTUAL-SKIN:39825.6 disp_therm:39652 gnss_tcxo_therm:38450 neutral_therm:37359 quiet_therm:40008 skin_therm1:39051 skin_therm2:45581 
09-10 11:35:16.767  1311 30617 D sound_trigger_hw: handle_get_data_tunnel: enter: voice_recognition = 0, channel_mask=0xc
09-10 11:35:16.767  1311 30617 D sound_trigger_platform: st_platform_start_buffering: type: 0
09-10 11:35:16.767  2678  2790 D TemperatureStateSource: getDeviceTemperatures: sequence=3482 deviceTemperatureType=3 temperatureSource=0 temperatures=[39.825603]
09-10 11:35:16.767  1311  1337 D audio_hw_input_stream: in_set_microphone_direction: standby 1 source 1999 dir 0
09-10 11:35:16.767  2678  2790 D TemperatureStateSource: sequence=3482 waitTime=10000
09-10 11:35:16.767  1311  1337 D audio_hw_input_stream: in_set_microphone_field_dimension: standby 1 source 1999 zoom 0.000000
09-10 11:35:16.767  7071 12379 D mediametrics::getService: getService: disabled
09-10 11:35:16.767  2678  3566 D ImpulseStateSource: Notify clients: 3497
09-10 11:35:16.767  7071 12379 W ProxyAndroidLoggerBackend: Too many Flogger logs received before configuration. Dropping old logs.
09-10 11:35:16.767  1311 30617 E sound_trigger_platform: issue_cmd: opcode 354 failure from AoC -1
09-10 11:35:16.767  1311 30617 E sound_trigger_hw: handle_get_data_tunnel: read timestamp failure.
09-10 11:35:16.767  1311 30617 D sound_trigger_hw: handle_get_data_tunnel: client channel_mask = 0xc request channel_mask = 0xc
09-10 11:35:16.768  1596  1596 D AOC     : F1:MSG: controller.cc, 273: AudioInCtrl: cmd ID: 0x0162, tag: 0xa9 [cntr = 224]
09-10 11:35:16.768  1596  1596 E AOC     : F1:ERR: controller.cc, 808: AudioInCtrl: ipc: sound_trigger, cmd ID: 0x0162, tag: 0xa9, rc: -1
09-10 11:35:16.768  7071 12379 W ProxyAndroidLoggerBackend: Too many Flogger logs received before configuration. Dropping old logs.
09-10 11:35:16.768  7071 12381 I native  : I0000 00:00:1789020316.768922   12381 soda_async_impl.cc:1394] SODA received first mic audio buffer, size in bytes: 640, format: 1, channels: 2, sample rate: 16000
09-10 11:35:16.769  7071 12381 W native  : W0000 00:00:1789020316.769013   12381 lag_detector.cc:58] Pipeline lagging by 496932h39m43.320494932s. Continue processing samples.
09-10 11:35:16.773  1821  2897 I AudioService.RecordingActivityMonitor: rec start riid:-1 uid:99001 session:177 src:HOTWORD not silenced pack:com.google.android.googlequicksearchbox
09-10 11:35:16.811  1821  2297 D ActivityManager: freezing 27193 com.google.android.apps.turbo
09-10 11:35:16.815  1821  2400 D InetDiagMessage: Destroyed 0 sockets, proto=IPPROTO_TCP, family=AF_INET, states=14
09-10 11:35:16.816  1821  2400 D InetDiagMessage: Destroyed 0 sockets, proto=IPPROTO_TCP, family=AF_INET6, states=14
09-10 11:35:16.816  1821  2400 D InetDiagMessage: Destroyed live tcp sockets for uids={10180} in 3ms
09-10 11:35:16.993  2165  2185 I pixel-thermal: cellular-emergency:39.8256 raw data: VIRTUAL-SKIN:39825.6 cellular-emergency:39825.6 
09-10 11:35:16.994  2165  2185 I pixel-thermal: VIRTUAL-SKIN-CPU:39.8256 raw data: VIRTUAL-SKIN:39825.6 VIRTUAL-SKIN-CPU:39825.6 
09-10 11:35:16.994  2165  2185 I pixel-thermal: VIRTUAL-SKIN-CPU power_budget=1265.24 err=1.1744 s_power=800 time_elapsed_ms=7008 p=469.759 i=-4.52085 d=-0 dt_per_min=nan compensation=0 budget transient=0 control target=3 excluded power budget=0
09-10 11:35:16.994  2165  2185 I pixel-thermal: VIRTUAL-SKIN-CPU binded power rails: (S4M_VDD_CPUCL0: 98.46 mW)(S2M_VDD_CPUCL2: 35.37 mW)(S3M_VDD_CPUCL1: 56.53 mW)
09-10 11:35:16.995  2165  2185 I pixel-thermal: neutral_therm:37.359 raw data: neutral_therm:37359 
09-10 11:35:16.995  2165  2185 I pixel-thermal: VIRTUAL-SKIN:39.8256 raw data: VIRTUAL-SKIN:39825.6 
09-10 11:35:16.996  2165  2185 I pixel-thermal: VIRTUAL-SKIN-CPU-GPU:39.8256 raw data: VIRTUAL-SKIN:39825.6 VIRTUAL-SKIN-CPU-GPU:39825.6 
09-10 11:35:16.996  2165  2185 I pixel-thermal: VIRTUAL-SKIN-CPU-GPU power_budget=2340.77 err=5.1744 s_power=800 time_elapsed_ms=7008 p=1552.32 i=-11.5523 d=-0 dt_per_min=nan compensation=0 budget transient=0 control target=3 excluded power budget=0
09-10 11:35:16.997  2165  2185 I pixel-thermal: VIRTUAL-SKIN-CPU-GPU binded power rails: (S4M_VDD_CPUCL0: 98.46 mW)(S2M_VDD_CPUCL2: 35.37 mW)(S3M_VDD_CPUCL1: 56.53 mW)(S2S_VDD_G3D: 5.93 mW)
09-10 11:35:16.997  2165  2185 I pixel-thermal: VIRTUAL-SKIN-HINT:39.8256 raw data: VIRTUAL-SKIN:39825.6 VIRTUAL-SKIN-HINT:39825.6 
09-10 11:35:16.997  2165  2185 I pixel-thermal: VIRTUAL-SKIN-CHARGE:39.8256 raw data: VIRTUAL-SKIN:39825.6 VIRTUAL-SKIN-CHARGE:39825.6 
09-10 11:35:16.997  2165  2185 I pixel-thermal: VIRTUAL-SKIN-CHARGE's fcc binded power rail POWER_FOR_CHARGING_THROTTLING: power threshold = 500, avg power = 548.922
09-10 11:35:16.998  2165  2185 I pixel-thermal: Successfully update cdev fcc sysfs to 6
09-10 11:35:17.182  2542  2542 W TouchableRegionManager: onHeadsUpPinnedModeChanged
09-10 11:35:17.301  7071 12381 I native  : I0000 00:00:1789020317.301378   12381 soda_async_impl.cc:1150] Not receiving any loopback audio in 500ms. Last audio received time: 1970-01-01T05:30:00+05:30, Current time: 2026-09-10T11:35:17.301373545+05:30
09-10 11:35:17.400  9953  9953 I HidDeviceService: unregisterAppUid(): uid=10092
09-10 11:35:17.400  9953  9953 W HidDeviceService: unregisterAppUid(): caller UID doesn't match user UID
09-10 11:35:17.651  2542  2542 D WindowOnBackDispatcher: setTopOnBackInvokedCallback (unwrapped): null
09-10 11:35:17.651  1821  2897 D CoreBackPreview: Window{9c7cfed u0 NotificationShade}: Setting back callback null
09-10 11:35:17.653  2542  2664 D ShadeStatusBarComponentsInteractor#disableFlagsInteractor: newValue: DisableFlagsModel(disable1=0, disable2=0, animate=false)
09-10 11:35:17.676  2542  2542 D DLObserver: remove listener: com.android.systemui.dock.DockManagerExtensionsKt$retrieveIsDocked$1$callback$1@ae0eed8
09-10 11:35:17.677  2542  2542 D DLObserver: remove listener: com.android.systemui.dock.DockManagerExtensionsKt$retrieveIsDocked$1$callback$1@c8e29bb
09-10 11:35:17.678  2542  2542 D DLObserver: remove listener: com.android.systemui.dock.DockManagerExtensionsKt$retrieveIsDocked$1$callback$1@4a1bfec
09-10 11:35:17.679  2542  2542 D DLObserver: remove listener: com.android.systemui.dock.DockManagerExtensionsKt$retrieveIsDocked$1$callback$1@de0cfb5
09-10 11:35:17.680  2542  2542 D DLObserver: remove listener: com.android.systemui.dock.DockManagerExtensionsKt$retrieveIsDocked$1$callback$1@502029f
09-10 11:35:17.680  2542  2542 D DLObserver: remove listener: com.android.systemui.dock.DockManagerExtensionsKt$retrieveIsDocked$1$callback$1@2ffc64a
09-10 11:35:17.834  2165  2185 I pixel-thermal: usb_pwr_therm2:38.784 raw data: usb_pwr_therm2:38784 
09-10 11:35:17.841  7071 12381 I native  : I0000 00:00:1789020317.841685   12381 hotword_processor.cc:848] Hotword has timed out.
09-10 11:35:17.842  7071 12381 I native  : I0000 00:00:1789020317.842170   12381 soda_impl.cc:1990] Adding hotword timeout event
09-10 11:35:17.843  7071 12376 W ProxyAndroidLoggerBackend: Too many Flogger logs received before configuration. Dropping old logs.
09-10 11:35:17.843  7071 12376 W ProxyAndroidLoggerBackend: Too many Flogger logs received before configuration. Dropping old logs.
09-10 11:35:17.843  7071 12376 W ProxyAndroidLoggerBackend: Too many Flogger logs received before configuration. Dropping old logs.
09-10 11:35:17.843  7071 12376 W ProxyAndroidLoggerBackend: Too many Flogger logs received before configuration. Dropping old logs.
09-10 11:35:17.844  7071 12381 I native  : I0000 00:00:1789020317.844380   12381 soda_async_impl.cc:1034] SODA stopped processing audio, mics audio processed in millis: 3000, loopback audio processed in millis: 0
09-10 11:35:17.844  7071 30615 I native  : I0000 00:00:1789020317.844509   30615 audio_provider_reader.cc:179] Got end of data in: micsreader
09-10 11:35:17.844  7071 12381 I native  : I0000 00:00:1789020317.844928   12381 soda_async_impl.cc:1046] Audio readers are stopped.
09-10 11:35:17.845  7071 12381 I native  : I0000 00:00:1789020317.845347   12381 soda_async_impl.cc:1524] Ending ASR due to process sync signal.
09-10 11:35:17.846  7071 12381 I native  : I0000 00:00:1789020317.846007   12381 soda_async_impl.cc:1109] SODA session stopped due to: HOTWORD_TIMEOUT
09-10 11:35:17.846  7071 12382 W ProxyAndroidLoggerBackend: Too many Flogger logs received before configuration. Dropping old logs.
09-10 11:35:17.850  3981  3993 I ffad    : (REDACTED) HDM. appOpsListener %s %s
09-10 11:35:17.851  3981  3993 I ffad    : (REDACTED) HDM. Ignoring irrelevant audio permission changes for package %s
09-10 11:35:17.951  1311  2416 D sound_trigger_hw: handle_put_data_tunnel: enter, is_voice_recognition = false
09-10 11:35:17.951  1311  2416 D sound_trigger_platform: st_platform_stop_buffering: type: 0
09-10 11:35:17.957  1821  2282 I AudioService.RecordingActivityMonitor: rec stop riid:-1 uid:99001 session:177 src:HOTWORD not silenced pack:com.google.android.googlequicksearchbox
09-10 11:35:17.959  1311  1337 D audio_hw_patch: patch_release_audio_patch: patch handle 30
09-10 11:35:17.963  7071 12376 D mediametrics::getService: getService: disabled
09-10 11:35:17.963  7071 12376 D mediametrics::getService: getService: disabled
09-10 11:35:17.963  7071 12376 W ProxyAndroidLoggerBackend: Too many Flogger logs received before configuration. Dropping old logs.
09-10 11:35:17.963  7071 12379 D mediametrics::getService: getService: disabled
09-10 11:35:17.963  7071 12379 D mediametrics::getService: getService: disabled
09-10 11:35:17.965  7071 12379 D mediametrics::getService: getService: disabled
09-10 11:35:17.966  7071 12379 W ProxyAndroidLoggerBackend: Too many Flogger logs received before configuration. Dropping old logs.
09-10 11:35:17.966  7071 12379 W ProxyAndroidLoggerBackend: Too many Flogger logs received before configuration. Dropping old logs.
09-10 11:35:17.966  7071 12379 W ProxyAndroidLoggerBackend: Too many Flogger logs received before configuration. Dropping old logs.
09-10 11:35:17.966  7071 12379 W ProxyAndroidLoggerBackend: Too many Flogger logs received before configuration. Dropping old logs.
09-10 11:35:17.966  3981  3993 I AlwaysOnHotwordDetector: onRejected
09-10 11:35:17.966  3981  4643 I AlwaysOnHotwordDetector: handle message 6
09-10 11:35:17.967  7071 12385 W ProxyAndroidLoggerBackend: Too many Flogger logs received before configuration. Dropping old logs.
09-10 11:35:17.968  3981  4637 I ffij    : HDM. #onRejected
09-10 11:35:17.973  7071 12385 W ProxyAndroidLoggerBackend: Too many Flogger logs received before configuration. Dropping old logs.
09-10 11:35:17.974  3981  4637 I ffij    : HDM. Hotword timeout.
09-10 11:35:17.974  7071 12385 W ProxyAndroidLoggerBackend: Too many Flogger logs received before configuration. Dropping old logs.
09-10 11:35:17.974  3981  4637 I ffjj    : (REDACTED) Hotword score : %f, Hotword model id : %s.
09-10 11:35:17.974  7071 12385 W ProxyAndroidLoggerBackend: Too many Flogger logs received before configuration. Dropping old logs.
09-10 11:35:17.974  3981  4637 I ffjj    : (REDACTED) Timeout reason %s, Coarse channel index %d.
09-10 11:35:17.974  7071 12385 W ProxyAndroidLoggerBackend: Too many Flogger logs received before configuration. Dropping old logs.
09-10 11:35:17.974  7071 12385 E native  : E0000 00:00:1789020317.974612   12385 soda_client.cc:630] audio provider not present
09-10 11:35:17.979  3981  4637 I ffjp    : onHotwordRejected called
09-10 11:35:17.980  3981  4637 I fezz    : (REDACTED) HDM. #onSodaStop received %s
09-10 11:35:17.980  3981  4637 I ffjp    : (REDACTED) This is hotwordRejectionEventTimestamp: %s
09-10 11:35:17.980  3981  4637 I fezz    : (REDACTED) HDM. #onSodaStop inside sequentialExecutor %s
09-10 11:35:17.980  3981  4637 W fezt    : (REDACTED) HDM. %s. Completer is null; It could be set earlier or we ware not waiting for the disconnect signal.
09-10 11:35:17.980  3981  4804 I fezz    : (REDACTED) HDM. Inside Sequencer. Try to start recognition again after %s
09-10 11:35:17.981  3981  4804 I fezt    : (REDACTED) HDM. getAllConfigAndTakeAction called because of %s
09-10 11:35:17.981  3981  4637 I eojg    : (REDACTED) HDM event received: %s
09-10 11:35:17.981  3981  4637 I ffay    : (REDACTED) Operational mode passed in HotwordConfig is %s
09-10 11:35:17.982  3981  4812 I ffcr    : (REDACTED) No need to try to get the fallback locale. for keyphrase %s, locale %s
09-10 11:35:17.984  3981  4637 I ffij    : (REDACTED) HDM. DSP hotword running %s
09-10 11:35:17.985  3981  4812 I ffcx    : (REDACTED) #getDspAvailableResult locale : %s, dsp locale : %s, keyphrase : %s, DSP keyphrase : %s, isKeyphraseAndLocaleSupported : %b, canUseDownloadDspModel : %b. forceUniversalDspHotwordModel : %b
09-10 11:35:17.989  3981  4637 I eofj    : (REDACTED) Platform configuration for connection(%s) has changed(@%s):%s
09-10 11:35:17.989  3981  4637 I eodg    : (REDACTED) On platform configuration update(@%s) in connection(%s).
09-10 11:35:17.990  3981  4812 I ffcx    : (REDACTED) isDspHotwordSupportedByPlatform = %s, isDspHotwordModelAvailable = %s
09-10 11:35:17.991  3981  4637 I anzt    : (REDACTED) On platform configuration update(%s).
09-10 11:35:17.991  3981  4637 I anzb    : Received ConfigurationUpdate from Triggering API
09-10 11:35:17.991  3981  4812 I fezt    : (REDACTED) HDM. getAllConfigAndTakeAction dspAvailable: %b, disableDspInTest: %b
09-10 11:35:17.992  3981  4812 I fexs    : (REDACTED) HDM. hotword enrollment state is enrolled:  %s, speakerId model exist: %s.
09-10 11:35:17.996  3981  4812 I fexs    : (REDACTED) HDM. Hotword enrollment state : %s.
09-10 11:35:17.996  3981  4812 I fezt    : HDM. Registering for USER_PRESENT intent ...
09-10 11:35:17.997  3981  4812 I fexs    : (REDACTED) HDM. Hotword enrollment state : %s.
09-10 11:35:18.004  3981  4642 I ffay    : (REDACTED) Operational mode passed in HotwordConfig is %s
09-10 11:35:18.004  3981  4642 I fexs    : (REDACTED) HDM. Hotword enrollment state : %s.
09-10 11:35:18.005  3981  4642 I ffaq    : (REDACTED) HDM. DefaultPersonalDecisionMaker#getNextAction. Voice match enabled: %b. incomplete enrollment state: %b, screen on: %b, screen locked: %b dsp available: %b
09-10 11:35:18.005  3981  4642 I ffaq    : (REDACTED) HDM. Enrollment incomplete getNext action for hotword detection, screenOn: %b, locked:%b
09-10 11:35:18.005  3981  4642 I ffba    : (REDACTED) HDM. SharedDecisionMaker#getNextAction for requester %s, mode %s 
09-10 11:35:18.005  3981  4642 I ffba    : HDM. #SharedDecisionMaker. NextAction.START
09-10 11:35:18.008  3981  4642 I feyl    : HDM. Speaker-id model never provided.
09-10 11:35:18.008  3981  4642 I feyl    : HDM. Reconfig not needed.
09-10 11:35:18.008  3981  4642 I fezt    : (REDACTED) HDM. currentReconfigCheckerResult %s
09-10 11:35:18.009  3981  4642 I ffhc    : (REDACTED) #setSpeakerIdRequired: %s
09-10 11:35:18.009  3981  4642 I fezt    : (REDACTED) HDM. Get the next action %s for requester %s.
09-10 11:35:18.010  3981  4520 I ffij    : (REDACTED) HDM. #setSpeakerIdRequired inside sequencer %b
09-10 11:35:18.010  3981  4520 I ffij    : HDM. No change in speaker-id requirement, so no need to update.
09-10 11:35:18.011  3981  4642 I ffiz    : HDM. Trusted hotword enabled for flag
09-10 11:35:18.011  3981  4642 I fezt    : HDM. getDspTriggerNotificationRequirement
09-10 11:35:18.011  3981  4642 I fezt    : (REDACTED) HDM. dspTriggerNotificationRequirement: %s
09-10 11:35:18.011  3981  4642 I ffiz    : HDM. Trusted hotword enabled for flag
09-10 11:35:18.012  3981  4642 I feyi    : Starting trusted DSP hotword detection
09-10 11:35:18.012  3981  4642 I ffij    : HDM. #setDspHotwordModel
09-10 11:35:18.012  3981  4812 I ffij    : HDM. #setDspHotwordModel inside sequencer.
09-10 11:35:18.012  3981  4642 I ffij    : HDM. #startDspHotwordRecognition
09-10 11:35:18.012  3981  4642 I fezt    : HDM. #handleStartHotwordDetectionResult
09-10 11:35:18.013  3981  4520 I ffij    : HDM. onHotwordDetectionServiceInitialized() already Called!
09-10 11:35:18.013  3981  4520 I ffij    : HDM. #createAlwaysOnHotwordDetectorIfNecessary
09-10 11:35:18.013  3981  4812 I fezt    : HDM. #handleStartHotwordDetectionResult: calling addDspHotwordPropertiesToRequestHandlingMetadata
09-10 11:35:18.013  3981  4520 I ffij    : alwaysOnHotwordDetector already created and first onAvailabilityChanged called.
09-10 11:35:18.013  3981  4812 I ffcx    : #addDspHotwordPropertiesToRequestHandlingMetadata
09-10 11:35:18.013  3981  4642 I ffcp    : HDM. #prepareDspModel
09-10 11:35:18.014  3981  4637 I ffcx    : (REDACTED) #addDspHotwordPropertiesToRequestHandlingMetadata: properties=%s
09-10 11:35:18.014  3981  4642 I ffcp    : HDM. #prepareDspModel inside ExecutionSequencer
09-10 11:35:18.014  3981  4642 I ffcp    : HDM. #prepareDspModel, already enrolled
09-10 11:35:18.014  3981  4520 I ffij    : (REDACTED) dspModelEnrollmentResult: %s, currentDownloadedDspHotwordModel.isPresent(): %b, directDspModeOrRetryInProgress: %b
09-10 11:35:18.019  1821  2897 V SoundTriggerHelper: startRecognition
09-10 11:35:18.019  1821  2897 V SoundTriggerHelper: isRecognitionAllowed
09-10 11:35:18.019  1821  2897 V SoundTriggerHelper: deviceState: ENABLE
09-10 11:35:18.019  1821  2897 V SoundTriggerHelper: updateRecognitionLocked
09-10 11:35:18.019  1821  2897 V SoundTriggerHelper: isRecognitionAllowed
09-10 11:35:18.019  1821  2897 V SoundTriggerHelper: deviceState: ENABLE
09-10 11:35:18.019  1821  2897 V SoundTriggerHelper: prepareForRecognition
09-10 11:35:18.019  1821  2897 V SoundTriggerHelper: startRecognitionLocked
09-10 11:35:18.019  1821  2897 V SoundTriggerHelper: isRecognitionAllowed
09-10 11:35:18.019  1821  2897 V SoundTriggerHelper: deviceState: ENABLE
09-10 11:35:18.020  1311  1337 D sound_trigger_hw: stdev_start_recognition_extended: HIDL 2.3
09-10 11:35:18.020  1311  1337 D sound_trigger_hw: stdev_start_recognition_internal: entry handle 0
09-10 11:35:18.020  1311  1337 D sound_trigger_hw: [0] start sound model
09-10 11:35:18.020  1311  1337 D sound_trigger_platform: enable_hotword_neural_aec: enable 0
09-10 11:35:18.020  1311  1337 E sound_trigger_platform: issue_cmd: opcode 351 failure from AoC -1
09-10 11:35:18.020  1311  1337 D sound_trigger_platform: enable_hotword: enable 1
09-10 11:35:18.020  1596  1596 D AOC     : F1:MSG: controller.cc, 273: AudioInCtrl: cmd ID: 0x015f, tag: 0xaa [cntr = 225]
09-10 11:35:18.021  1596  1596 E AOC     : F1:ERR: controller.cc, 808: AudioInCtrl: ipc: sound_trigger, cmd ID: 0x015f, tag: 0xaa, rc: -1
09-10 11:35:18.021  1596  1596 D AOC     : F1:MSG: controller.cc, 273: AudioInCtrl: cmd ID: 0x00e3, tag: 0xab [cntr = 226]
09-10 11:35:18.021  1596  1596 D AOC     : F1:MSG: controller.cc, 811: AudioInCtrl: ipc: sound_trigger, cmd ID: 0x00e3, tag: 0xab, rc: 0
09-10 11:35:18.021  1311  1337 D sound_trigger_hw: send_control_cmd:cmd 1
09-10 11:35:18.021  1311  1790 D sound_trigger_hw: handle_control_cmd:get cmd 1
09-10 11:35:18.021  1821  2897 I SoundTriggerMiddlewareLogging: START_RECOGNITION (1, RecognitionConfig{captureRequested: true, phraseRecognitionExtras: [PhraseRecognitionExtra{id: 101, recognitionModes: 1, confidenceLevel: 0, levels: []}], audioCapabilities: 0, data: []}) -> android.os.Binder@ff7b2f7
09-10 11:35:18.021  1821  2897 I SoundTriggerHelper: startRecognition successful.
09-10 11:35:18.022  3981  4520 I ffij    : HDM. Start DSP hotword detection successfully.
09-10 11:35:18.022  3981  4642 I fezt    : HDM. Hotword started successfully.
09-10 11:35:18.023  3981  4642 I eojg    : (REDACTED) HDM event received: %s
09-10 11:35:18.024  3981  4642 I fezt    : HDM. after notify apa
09-10 11:35:18.024  3981  4642 I fezt    : HDM. #logRequestHandlingNonErrorEndEvent. Reset requestIdOfFirstError, firstStartErrorCausesRetry and numOfRetriesDoneForHotwordDetectorStartErrors!
09-10 11:35:18.030  3981  4812 I eofj    : (REDACTED) Platform configuration for connection(%s) has changed(@%s):%s
09-10 11:35:18.030  3981  4812 I eodg    : (REDACTED) On platform configuration update(@%s) in connection(%s).
09-10 11:35:18.031  3981  4804 I anzt    : (REDACTED) On platform configuration update(%s).
09-10 11:35:18.031  3981  4804 I anzb    : Received ConfigurationUpdate from Triggering API
09-10 11:35:19.736  1348  1348 E android.hardware.power.stats-service.pixel: Failed to read uid_time_in_state for attribution, return default EnergyConsumer
09-10 11:35:19.785  1821  1836 I system_server: Background young concurrent mark compact GC freed 9507KB AllocSpace bytes, 13(720KB) LOS objects, 86% free, 67MB/512MB, paused 1.982ms,4.123ms total 120.621ms
09-10 11:35:19.788  2165  2185 I pixel-thermal: VIRTUAL-USB-UI:0 raw data: USB2-MINUS-CHG:-5512 VIRTUAL-USB-UI:0 charger_skin_therm:44296 usb_pwr_therm2:38784 
09-10 11:35:19.788  2165  2185 I pixel-thermal: VIRTUAL-USB-THROTTLING:0 raw data: USB2-MINUS-CHG:-5512 VIRTUAL-USB-THROTTLING:0 usb_pwr_therm2:38784 
09-10 11:35:19.832  2165  2185 I pixel-thermal: usb_pwr_therm2:38.784 raw data: usb_pwr_therm2:38784 
09-10 11:35:21.073  2905 29494 I NearbyMediums: No BLE Fast/GATT advertisements found in the latest cycle.
09-10 11:35:21.074  2905 29494 I NearbyMediums: Current Tracked Scanning Clients are : {NearbyConnections.EnvironmentMonitor, NearbySharing, NearbyConnections.TxAdvertisement}
09-10 11:35:21.189  1821  2297 D ActivityManager: freezing 9686 com.ingka.ikea.app
09-10 11:35:21.202  1821  2400 D InetDiagMessage: Destroyed 0 sockets, proto=IPPROTO_TCP, family=AF_INET, states=14
09-10 11:35:21.207  1821  2400 D InetDiagMessage: Destroyed 0 sockets, proto=IPPROTO_TCP, family=AF_INET6, states=14
09-10 11:35:21.208  1821  2400 D InetDiagMessage: Destroyed live tcp sockets for uids={10344} in 11ms
09-10 11:35:21.407  1821  1939 W ProcessStats: Tracking association SourceState{58c726d com.google.android.googlequicksearchbox:interactor/10164 BFgs #51798} whose proc state 4 is better than process ProcessState{2eb4d94 com.google.android.googlequicksearchbox:search/10164 pkg=com.google.android.googlequicksearchbox} proc state 14 (8 skipped)
09-10 11:35:21.841  2165  2185 I pixel-thermal: usb_pwr_therm2:38.828 raw data: usb_pwr_therm2:38828 
09-10 11:35:22.149  1615  1615 I adbd    : adbd service requested 'shell,v2,TERM=xterm-ghostty:export ANDROID_LOG_TAGS=''; exec logcat '-d' '-v' 'threadtime' '-t' '2500''
