--------- beginning of main
09-10 12:09:28.533  2836  2836 D RecentTasksList: invalidateLoadedTasks - previous requestLoadId: -1
09-10 12:09:28.533  2836  2836 D RecentTasksList: invalidateLoadedTasks - previous requestLoadId: -1
--------- beginning of system
09-10 12:09:28.537  1821  1842 I AppsFilter: interaction: PackageSetting{8ce009f com.google.android.microdroid.empty_payload/10283} -> PackageSetting{f1fb03e org.randomcoder.udroid.dev/10337} BLOCKED
09-10 12:09:28.537  1821  1842 I AppsFilter: interaction: PackageSetting{f57fdb5 com.termux.x11/10336} -> PackageSetting{f1fb03e org.randomcoder.udroid.dev/10337} BLOCKED
09-10 12:09:28.538  7768  8213 D WM-GreedyScheduler: Cancelling work ID 18a1f982-7c2d-434f-8a7b-15d1a575b355
09-10 12:09:28.540  1821  5943 W InputChannel-JNI: Channel already disposed.
09-10 12:09:28.545  1821  5943 D WindowManager: setClientSurface Surface(name=VRI-Splash Screen org.randomcoder.udroid.dev#4666)/@0x23f8916 for 562924a Splash Screen org.randomcoder.udroid.dev
09-10 12:09:28.546  2542  2577 I Surface : Creating surface for consumer unnamed-2542-294 with slotExpansion=1 for 64 slots
09-10 12:09:28.546  2542  2577 I Surface : Creating surface for consumer VRI[dev]#235(BLAST Consumer)235 with slotExpansion=1 for 64 slots
09-10 12:09:28.553  2542  2676 V WindowManagerShell: onTransitionReady(transaction=7821135479867)
09-10 12:09:28.553  2542  2565 V WindowManagerShell: onTransitionReady (#281) android.os.BinderProxy@a578b79: {id=281 t=OPEN f=0x0 trk=0 r=[0@Point(0, 0)] c=[
09-10 12:09:28.553  2542  2565 V WindowManagerShell:         {m=OPEN f=MOVE_TO_TOP|FLAG_CHANGED_INTERACTIVE leash=Surface(name=Task=432#4663)/@0x3ec3a59 sb=Rect(0, 0 - 1080, 2400) eb=Rect(0, 0 - 1080, 2400) epz=Point(1080, 2400) d=0 taskParent=-1 winMode=1 userId=0},
09-10 12:09:28.553  2542  2565 V WindowManagerShell:         {m=TO_BACK f=FLAG_CHANGED_INTERACTIVE leash=Surface(name=Task=411#3300)/@0xf32261e sb=Rect(0, 0 - 1080, 2400) eb=Rect(0, 0 - 1080, 2400) epz=Point(1080, 2400) d=0 taskParent=-1 winMode=1 userId=0}
09-10 12:09:28.553  2542  2565 V WindowManagerShell:     ]}
09-10 12:09:28.554  2542  2565 V WindowManagerShell: Playing animation for (#281) android.os.BinderProxy@a578b79@0
09-10 12:09:28.554  2542  2565 D ShellSplitScreen: startAnimation: transition=281 isSplitActive=false
09-10 12:09:28.554  2542  2565 V ShellRecents: RecentsTransitionHandler.startAnimation: no controller found
09-10 12:09:28.554  2542  2565 V WindowManagerShell: Transition doesn't have explicit remote, search filters for match for {id=281 t=OPEN f=0x0 trk=0 r=[0@Point(0, 0)] c=[{m=OPEN f=MOVE_TO_TOP|FLAG_CHANGED_INTERACTIVE leash=Surface(name=Task=432#4663)/@0x3ec3a59 sb=Rect(0, 0 - 1080, 2400) eb=Rect(0, 0 - 1080, 2400) epz=Point(1080, 2400) d=0 taskParent=-1 winMode=1 userId=0},{m=TO_BACK f=FLAG_CHANGED_INTERACTIVE leash=Surface(name=Task=411#3300)/@0xf32261e sb=Rect(0, 0 - 1080, 2400) eb=Rect(0, 0 - 1080, 2400) epz=Point(1080, 2400) d=0 taskParent=-1 winMode=1 userId=0}]}
09-10 12:09:28.554  2542  2565 V WindowManagerShell:  Checking filter Pair{{types=[] flags=0x0 notFlags=0x0 checks=[{atype=dream independent=true modes=[OPEN,TO_FRONT] flags=NONE mustBeTask=false order=ANY topActivity=null launchCookie=null windowingMode=undefined isCrossDisplayMove=false},{atype=home independent=true modes=[CLOSE,TO_BACK] flags=NONE mustBeTask=false order=ANY topActivity=null launchCookie=null windowingMode=undefined isCrossDisplayMove=false}]} RemoteTransition { remoteTransition = android.window.IRemoteTransition$Stub$Proxy@29910e5, appThread = android.app.IApplicationThread$Stub$Proxy@47027ba, debugName = LauncherToDream, filter = {types=[] flags=0x0 notFlags=0x0 checks=[{atype=dream independent=true modes=[OPEN,TO_FRONT] flags=NONE mustBeTask=false order=ANY topActivity=null launchCookie=null windowingMode=undefined isCrossDisplayMove=false},{atype=home independent=true modes=[CLOSE,TO_BACK] flags=NONE mustBeTask=false order=ANY topActivity=null launchCookie=null windowingMode=undefined isCrossDisplayMove=false}]} }}
09-10 12:09:28.554  2542  2565 V WindowManagerShell:  Checking filter Pair{{types=[] flags=0x0 notFlags=0x0 checks=[{atype=standard independent=false modes=[CHANGE] flags=NONE mustBeTask=true order=ANY topActivity=null launchCookie=null windowingMode=undefined isCrossDisplayMove=true}]} RemoteTransition { remoteTransition = android.window.IRemoteTransition$Stub$Proxy@3b7c66b, appThread = android.app.IApplicationThread$Stub$Proxy@57645c8, debugName = QuickstepDisplayMove, filter = {types=[] flags=0x0 notFlags=0x0 checks=[{atype=standard independent=false modes=[CHANGE] flags=NONE mustBeTask=true order=ANY topActivity=null launchCookie=null windowingMode=undefined isCrossDisplayMove=true}]} }}
09-10 12:09:28.554  2542  2565 V WindowManagerShell:  Checking filter Pair{{types=[] flags=0x0 notFlags=0x100 checks=[{atype=home independent=true modes=[OPEN,TO_FRONT] flags=NONE mustBeTask=false order=ANY topActivity=ComponentInfo{com.google.android.apps.nexuslauncher/com.google.android.apps.nexuslauncher.NexusLauncherActivity} launchCookie=null windowingMode=undefined isCrossDisplayMove=false},{atype=standard independent=true modes=[CLOSE,TO_BACK] flags=NONE mustBeTask=false order=ANY topActivity=null launchCookie=null windowingMode=undefined isCrossDisplayMove=false},{NOT atype=undefined independent=true modes=[] flags=NONE mustBeTask=true order=ANY topActivity=null launchCookie=null customAnim=true windowingMode=undefined isCrossDisplayMove=false}]} RemoteTransition { remoteTransition = android.window.IRemoteTransition$Stub$Proxy@d4ed661, appThread = android.app.IApplicationThread$Stub$Proxy@fe90586, debugName = QuickstepLaunchHome, filter = {types=[] flags=0x0 notFlags=0x100 checks=[{atype=home independent=true modes=[OPEN,TO_FRONT] flags=NONE mustBeTask=false order=ANY topActivity=ComponentInfo{com.google.android.apps.nexuslauncher/com.google.android.apps.nexuslauncher.NexusLauncherActivity} launchCookie=null windowingMode=undefined isCrossDisplayMove=false},{atype=standard independent=true modes=[CLOSE,TO_BACK] flags=NONE mustBeTask=false order=ANY topActivity=null launchCookie=null windowingMode=undefined isCrossDisplayMove=false},{NOT atype=undefined independent=true modes=[] flags=NONE mustBeTask=true order=ANY topActivity=null launchCookie=null customAnim=true windowingMode=undefined isCrossDisplayMove=false}]} }}
09-10 12:09:28.554  2542  2565 V WindowManagerShell:  Delegate animation for (#281) to null
09-10 12:09:28.554  2542  2565 V WindowManagerShell: start default transition animation, info = {id=281 t=OPEN f=0x0 trk=0 r=[0@Point(0, 0)] c=[{m=OPEN f=MOVE_TO_TOP|FLAG_CHANGED_INTERACTIVE leash=Surface(name=Task=432#4663)/@0x3ec3a59 sb=Rect(0, 0 - 1080, 2400) eb=Rect(0, 0 - 1080, 2400) epz=Point(1080, 2400) d=0 taskParent=-1 winMode=1 userId=0},{m=TO_BACK f=FLAG_CHANGED_INTERACTIVE leash=Surface(name=Task=411#3300)/@0xf32261e sb=Rect(0, 0 - 1080, 2400) eb=Rect(0, 0 - 1080, 2400) epz=Point(1080, 2400) d=0 taskParent=-1 winMode=1 userId=0}]}
09-10 12:09:28.555  2542  2565 V WindowManagerShell: loadAnimation: anim=android.view.animation.AnimationSet@61d2315 animAttr=0x9 type=OPEN isEntrance=false
09-10 12:09:28.559  1821  1862 V WindowManager: Sent Transition (#281) createdAt=09-10 12:09:28.524 via request=TransitionRequestInfo { type = OPEN, triggerTask = TaskInfo{userId=0 taskId=432 effectiveUid=10337 displayId=0 isRunning=true baseIntent=Intent { flg=0x10000000 cmp=org.randomcoder.udroid.dev/org.randomcoder.udroid.gfxstream.GfxstreamPresenterProbeActivity } baseActivity=ComponentInfo{org.randomcoder.udroid.dev/org.randomcoder.udroid.gfxstream.GfxstreamPresenterProbeActivity} topActivity=ComponentInfo{org.randomcoder.udroid.dev/org.randomcoder.udroid.gfxstream.GfxstreamPresenterProbeActivity} origActivity=null realActivity=ComponentInfo{org.randomcoder.udroid.dev/org.randomcoder.udroid.gfxstream.GfxstreamPresenterProbeActivity} realActivityIsAppLockEnabled=false numActivities=1 lastActiveTime=64785402 supportsMultiWindow=true supportsMultiWindowWithoutConstraints=true resizeMode=1 isResizeable=true minWidth=-1 minHeight=-1 defaultMinSize=220 token=WCT{RemoteToken{e327133 Task{879d9fd #432 type=standard A=10337:org.randomcoder.udroid.dev}}} topActivityType=1 pictureInPictureParams=null shouldDockBigOverlays=false launchIntoPipHostTaskId=-1 lastParentTaskIdBeforePip=-1 displayCutoutSafeInsets=Rect(0, 132 - 0, 0) topActivityInfo=ActivityInfo{a69ecf0 org.randomcoder.udroid.gfxstream.GfxstreamPresenterProbeActivity} launchCookies=[] positionInParent=Point(0, 0) parentTaskId=-1 isFocused=false isInteractive=false isVisible=false isVisibleRequested=false isTopActivityNoDisplay=false isSleeping=false locusId=null displayAreaFeatureId=1 isTopActivityTransparent=false isActivityStackTransparent=false lastNonFullscreenBounds=Rect(276, 694 - 804, 1774) leafTaskBoundsFromOptions= false capturedLink=null capturedLinkTimestamp=0 requestedVisibleTypes=503 topActivityRequestOpenInBrowserEducationTimestamp=0 appCompatTaskInfo=AppCompatTaskInfo { topActivityInSizeCompat=false isLeafTask= true eligibleForLetterboxEducation= false isLetterboxEducationEnabled= false isLetterboxDoubleTapEnabled= false eligibleForUserAspectRatioButton= false topActivityBoundsLetterboxed= false isFromLetterboxDoubleTap= false topActivityLetterboxVerticalPosition= -1 topActivityLetterboxHorizontalPosition= -1 topActivityLetterboxWidth=-1 topActivityLetterboxHeight=-1 topActivityAppBounds=Rect(0, 0 - 1080, 2400) isUserFullscreenOverrideEnabled=false isSystemFullscreenOverrideEnabled=false hasMinAspectRatioOverride=false topActivityLetterboxBounds=null topNonResizableActivityAspectRatio=-1.0} topActivityMainWindowFrame=null isAppBubble=false}, pipChange = null, remoteTransitionInfo = null, displayChanges = null, requestedLocation = null, userChange = null, windowingLayerChange = null, fullscreenRequestChange = null, flags = 0, debugId = 281 }
09-10 12:09:28.559  1821  1862 V WindowManager:     startWCT=WindowContainerTransaction { changes= {} hops= [] flags= 0 errorCallbackToken=null taskFragmentOrganizer=null }
09-10 12:09:28.559  1821  1862 V WindowManager:     info={id=281 t=OPEN f=0x0 trk=0 r=[0@Point(0, 0)] c=[
09-10 12:09:28.559  1821  1862 V WindowManager:         {WCT{RemoteToken{e327133 Task{879d9fd #432 type=standard A=10337:org.randomcoder.udroid.dev}}} m=OPEN f=MOVE_TO_TOP|FLAG_CHANGED_INTERACTIVE leash=Surface(name=Task=432#4663)/@0x44e8c84 sb=Rect(0, 0 - 1080, 2400) eb=Rect(0, 0 - 1080, 2400) epz=Point(1080, 2400) d=0 taskParent=-1 winMode=1 userId=0},
09-10 12:09:28.559  1821  1862 V WindowManager:         {WCT{RemoteToken{2fcd7b Task{f6bc526 #411 type=standard A=1000:com.android.settings}}} m=TO_BACK f=FLAG_CHANGED_INTERACTIVE leash=Surface(name=Task=411#3300)/@0xb335d75 sb=Rect(0, 0 - 1080, 2400) eb=Rect(0, 0 - 1080, 2400) epz=Point(1080, 2400) d=0 taskParent=-1 winMode=1 userId=0}
09-10 12:09:28.559  1821  1862 V WindowManager:     ]}
09-10 12:09:28.566  1821  1865 W ActivityManager: setHasOverlayUi called on unknown pid: 30380
09-10 12:09:28.566  3871  3871 W InputChannel-JNI: Channel already disposed.
09-10 12:09:28.566  1615  1615 I adbd    : Remote process closed the socket (on MSG_PEEK)
09-10 12:09:28.567  1821  5937 V ActivityManager: Got obituary of 30380:org.randomcoder.udroid.dev
09-10 12:09:28.569  2542  2565 V WindowManagerShell: loadAnimation: anim=android.view.animation.AnimationSet@a9ff393 animAttr=0x8 type=OPEN isEntrance=true
09-10 12:09:28.570  2542  2565 V WindowManagerShell:  animated by com.android.wm.shell.transition.DefaultTransitionHandler@4945206
09-10 12:09:28.570  2542  2565 V ShellTaskOrganizer: Task appeared taskId=432 listener=FullscreenTaskListener
09-10 12:09:28.570  2542  2565 V ShellTaskOrganizer: Fullscreen Task Appeared: #432
09-10 12:09:28.570  2542  2565 D ShellPackageUpdate: PackageUpdateController: Setting handlePackageUpdate for task: 432
09-10 12:09:28.570  1821  2964 E TransitionChain: Can't collect into a chain with no transition
09-10 12:09:28.570  2542  2565 V RecentTasksController: Notify recent tasks changed
09-10 12:09:28.570  2836  2836 D RecentTasksList: invalidateLoadedTasks - previous requestLoadId: -1
09-10 12:09:28.571  7768  8119 E msys    : E[N mns]_LogError(356)=>Failed to resolve using secondary DNS resolver, ares error: Could not contact DNS servers, timeouts: 0
09-10 12:09:28.576  1294  1294 D Zygote  : Forked child process 9310
09-10 12:09:28.576  1294  1294 I Zygote  : Process 30380 exited due to signal 9 (Killed)
09-10 12:09:28.577  1821  1924 I ActivityManager: Start proc 9310:org.randomcoder.udroid.dev/u0a337 for next-top-activity {org.randomcoder.udroid.dev/org.randomcoder.udroid.gfxstream.GfxstreamPresenterProbeActivity}
09-10 12:09:28.579  3235  9307 I EuiccGoogle: [166] EuiccServiceImpl.onGetEuiccProfileInfoList: onGetEuiccProfileInfoList: Profile nickname = Jio.
09-10 12:09:28.579  3235  9307 I EuiccGoogle: [166] EuiccServiceImpl.onGetEuiccProfileInfoList: onGetEuiccProfileInfoList: Profile info = EuiccProfileInfo (nickname=Jio, serviceProviderName=Jio, profileName=89918540400680990641, profileClass=2, state=1, CarrierIdentifier=CarrierIdentifier{mcc=405,mnc=854,spn=null,imsi=null,gid1=FFFFFFFFFFFFFFFFFFFF,gid2=FFFFFFFFFFFFFFFFFFFF,carrierid=-1,specificCarrierId=-1}, policyRules=0, accessRules=null, iccid=899185404[****]).
09-10 12:09:28.580  9310  9310 I libprocessgroup: Created cgroup /sys/fs/cgroup/apps/uid_10337/pid_9310
09-10 12:09:28.583  2828  3106 D EuiccConnector: handleMessage: E msg.what=6
09-10 12:09:28.583  2828  3106 D EuiccConnector: processMsg: ConnectedState
09-10 12:09:28.583  2828  3106 D EuiccConnector: handleMessage: X
09-10 12:09:28.585  9310  9310 I Zygote  : Process 9310 created for org.randomcoder.udroid.dev
09-10 12:09:28.585  9310  9310 I oder.udroid.dev: Late-enabling -Xcheck:jni
09-10 12:09:28.597   542   600 E hwc-display: [PrimaryDisplay] resetColorMappingInfoForClientComp:: resetColorMappingInfo() idx=1 error(-22)
09-10 12:09:28.597   542   600 E hwc-display: Fail to open file /data/vendor/log/hwc/PrimaryDisplay_hwc_error_log0.txt, error: Permission denied
09-10 12:09:28.597   542   600 E hwc-display: Fail to open file /data/log/PrimaryDisplay_hwc_error_log0.txt, error: No such file or directory
09-10 12:09:28.597   542   600 E hwc-display: Unable to open log file for PrimaryDisplay_hwc_error_log0.txt
09-10 12:09:28.594   542   542 W HwBinder:542_2: type=1400 audit(0.0:9888): avc:  denied  { search } for  name="log" dev="dm-57" ino=709 scontext=u:r:hal_graphics_composer_default:s0 tcontext=u:object_r:vendor_log_file:s0 tclass=dir permissive=0
09-10 12:09:28.594   542   542 W HwBinder:542_2: type=1400 audit(0.0:9889): avc:  denied  { search } for  name="log" dev="dm-57" ino=709 scontext=u:r:hal_graphics_composer_default:s0 tcontext=u:object_r:vendor_log_file:s0 tclass=dir permissive=0
09-10 12:09:28.605  7768  8213 D WM-SystemJobScheduler: Scheduling work ID 18a1f982-7c2d-434f-8a7b-15d1a575b355Job ID 4437
09-10 12:09:28.606  9310  9310 I oder.udroid.dev: Using generational CollectorTypeCMC GC.
09-10 12:09:28.609  1615  1685 I adbd    : jdwp connection from 9310
09-10 12:09:28.609  1821  1927 I libprocessgroup: Removed cgroup /sys/fs/cgroup/apps/uid_10337/pid_30380
09-10 12:09:28.609  1821  1927 I ActivityManager: Process PhantomProcessRecord {59e1b97 30426:30380:linker64/u0a337} died
09-10 12:09:28.615  9310  9310 D nativeloader: Load libframework-connectivity-tiramisu-jni.so using APEX ns com_android_tethering for caller /apex/com.android.tethering/javalib/framework-connectivity-t.jar: ok
09-10 12:09:28.615  7768  8213 D WM-GreedyScheduler: Starting tracking for e5a6e14c-982a-4f66-920f-a45470cb3107,d26b6c5c-06ba-41e3-9c88-ab27d3fc1b8a
09-10 12:09:28.635  2165  2165 I pixel-thermal: VIRTUAL-SKIN:39.6797 raw data: VIRTUAL-NEUTRAL:39401.1 VIRTUAL-NEUTRAL-SKIN2:39679.7 VIRTUAL-QUIET-NEUTRAL:39286.7 VIRTUAL-SKIN:39679.7 disp_therm:38784 gnss_tcxo_therm:39029 neutral_therm:37760 quiet_therm:39941 skin_therm1:39385 skin_therm2:44159 
09-10 12:09:28.642   542   542 W HwBinder:542_2: type=1400 audit(0.0:9890): avc:  denied  { search } for  name="log" dev="dm-57" ino=709 scontext=u:r:hal_graphics_composer_default:s0 tcontext=u:object_r:vendor_log_file:s0 tclass=dir permissive=0
09-10 12:09:28.642   542   542 W HwBinder:542_2: type=1400 audit(0.0:9891): avc:  denied  { search } for  name="log" dev="dm-57" ino=709 scontext=u:r:hal_graphics_composer_default:s0 tcontext=u:object_r:vendor_log_file:s0 tclass=dir permissive=0
09-10 12:09:28.638  1821  2287 D ActivityManager: sync unfroze 1006 ch.protonvpn.android for 6
09-10 12:09:28.638  2542  2565 V RecentTasksController: Notify recent tasks changed
09-10 12:09:28.639  9310  9310 D ApplicationLoaders: Returning zygote-cached class loader: /system_ext/framework/androidx.window.extensions.jar
09-10 12:09:28.639  9310  9310 D ApplicationLoaders: Returning zygote-cached class loader: /system_ext/framework/androidx.window.sidecar.jar
09-10 12:09:28.639  2836  2836 D RecentTasksList: invalidateLoadedTasks - previous requestLoadId: -1
09-10 12:09:28.641  2542  2565 V RecentTasksController: generateList(getRecentTasks)
09-10 12:09:28.641  2542  2565 V RecentTasksController: initializeDesksMap - desktop windowing not available
09-10 12:09:28.641  2542  2565 V RecentTasksController: Added fullscreen task: 432
09-10 12:09:28.641  2542  2565 V RecentTasksController: Added fullscreen task: 411
09-10 12:09:28.641  2542  2565 V RecentTasksController: Added fullscreen task: 431
09-10 12:09:28.641  2542  2565 V RecentTasksController: generateList - complete
09-10 12:09:28.642  2836  2947 D PreloadThumbnailUseCase: Preloading thumbnails for task ids: [[id=431 windowingMode=1 user=0 lastActiveTime=64050390] null, [id=411 windowingMode=1 user=0 lastActiveTime=64785401] null, [id=432 windowingMode=1 user=0 lastActiveTime=64785402] null]
09-10 12:09:28.647   542   600 E hwc-display: [PrimaryDisplay] resetColorMappingInfoForClientComp:: resetColorMappingInfo() idx=2 error(-22)
09-10 12:09:28.647   542   600 E hwc-display: Fail to open file /data/vendor/log/hwc/PrimaryDisplay_hwc_error_log0.txt, error: Permission denied
09-10 12:09:28.647   542   600 E hwc-display: Fail to open file /data/log/PrimaryDisplay_hwc_error_log0.txt, error: No such file or directory
09-10 12:09:28.647   542   600 E hwc-display: Unable to open log file for PrimaryDisplay_hwc_error_log0.txt
09-10 12:09:28.648  1821  2287 D ActivityManager: sync unfroze 13178 com.android.vending for 6
09-10 12:09:28.652  1821  2287 W JobServiceContext: Sending onNetworkChanged for a job that isn't started. JobStatus{97f6065 #u0a317/498 ch.protonvpn.android/androidx.work.impl.background.systemjob.SystemJobService u=0 s=10317 TIME=-2m39s43ms:none NET READY}
09-10 12:09:28.653 13178 13178 I Finsky  : [2] onSubscriptionsChanged
09-10 12:09:28.654 13178 13235 I Finsky  : [71] Stats for Executor: LightweightExecutor xuh@4b541af[Running, pool size = 4, active threads = 0, queued tasks = 0, completed tasks = 440]
09-10 12:09:28.654 13178 13235 I Finsky  : [71] Stats for Executor: BlockingExecutor xuh@1c5b7a7[Running, pool size = 0, active threads = 0, queued tasks = 0, completed tasks = 69]
09-10 12:09:28.654 13178 13235 I Finsky  : [71] Stats for Executor: bgExecutor xuh@cb6d225[Running, pool size = 4, active threads = 0, queued tasks = 0, completed tasks = 423]
09-10 12:09:28.654 13178 13235 I Finsky  : [71] Stats for Executor: GrpcBackgroundExecutor xuh@fe7d828[Running, pool size = 4, active threads = 0, queued tasks = 0, completed tasks = 6]
09-10 12:09:28.658  9310  9310 D nativeloader: Configuring clns-9 for other apk /data/app/~~-WiDYLAVNvo9mV0mLdSteg==/org.randomcoder.udroid.dev-KoGPAqqE-FGUDSYwbISW5Q==/base.apk. target_sdk_version=36, uses_libraries=, library_path=/data/app/~~-WiDYLAVNvo9mV0mLdSteg==/org.randomcoder.udroid.dev-KoGPAqqE-FGUDSYwbISW5Q==/lib/arm64:/data/app/~~-WiDYLAVNvo9mV0mLdSteg==/org.randomcoder.udroid.dev-KoGPAqqE-FGUDSYwbISW5Q==/base.apk!/lib/arm64-v8a, permitted_path=/data:/mnt/expand:/data/user/0/org.randomcoder.udroid.dev
09-10 12:09:28.663 13178 13533 I PlayCommon: [96] Preparing logs for uploading
09-10 12:09:28.667  9310  9310 V GraphicsEnvironment: Currently set values for:
09-10 12:09:28.667  9310  9310 V GraphicsEnvironment:   angle_gl_driver_selection_pkgs=[com.android.angle]
09-10 12:09:28.667  9310  9310 V GraphicsEnvironment:   angle_gl_driver_selection_values=[angle]
09-10 12:09:28.667  9310  9310 V GraphicsEnvironment: org.randomcoder.udroid.dev is not listed in per-application setting
09-10 12:09:28.667  9310  9310 V GraphicsEnvironment: No special selections for ANGLE, returning default driver choice
09-10 12:09:28.668  9310  9310 V GraphicsEnvironment: Neither updatable production driver nor prerelease driver is supported.
09-10 12:09:28.687 13178 13533 I PlayCommon: [96] Connecting to server: https://play.googleapis.com/play/log?format=raw&proto_v2=true
09-10 12:09:28.710  1821  2964 D CorePackageUpdate: Couldn't find a persistent state for task= 432
09-10 12:09:28.714  1615  1615 I adbd    : adbd service requested 'shell,v2,TERM=xterm-ghostty,raw:dumpsys SurfaceFlinger --timestats -clear -enable'
09-10 12:09:28.716  9310  9361 I DisplayManager: Choreographer implicitly registered for the refresh rate.
09-10 12:09:28.717  9310  9361 D vulkan  : searching for layers in '/data/app/~~-WiDYLAVNvo9mV0mLdSteg==/org.randomcoder.udroid.dev-KoGPAqqE-FGUDSYwbISW5Q==/lib/arm64'
09-10 12:09:28.720  9310  9361 D vulkan  : searching for layers in '/data/app/~~-WiDYLAVNvo9mV0mLdSteg==/org.randomcoder.udroid.dev-KoGPAqqE-FGUDSYwbISW5Q==/base.apk!/lib/arm64-v8a'
09-10 12:09:28.727  9310  9310 D DesktopExperienceFlags: Toggle override initialized to: false
09-10 12:09:28.739  9310  9310 D nativeloader: Load /data/app/~~-WiDYLAVNvo9mV0mLdSteg==/org.randomcoder.udroid.dev-KoGPAqqE-FGUDSYwbISW5Q==/lib/arm64/libudroid_ahb_presenter.so using class loader ns clns-9 (caller=/data/app/~~-WiDYLAVNvo9mV0mLdSteg==/org.randomcoder.udroid.dev-KoGPAqqE-FGUDSYwbISW5Q==/base.apk): ok
09-10 12:09:28.750  1821  2964 D ConnectivityService: requestNetwork for uid/pid:10317/1006 activeRequest: null callbackRequest: 1580 [NetworkRequest [ REQUEST id=1581, [ Capabilities: INTERNET&NOT_RESTRICTED&TRUSTED&NOT_VCN_MANAGED&NOT_BANDWIDTH_CONSTRAINED Uid: 10317 RequestorUid: 10317 RequestorPkg: ch.protonvpn.android UnderlyingNetworks: Null] ]] callback flags: 0 order: 2147483647 isUidTracked: false declaredMethods: AVAIL|LOST|NC
09-10 12:09:28.750  9310  9310 D CompatChangeReporter: Compat change id reported: 377864165; UID 10337; state: ENABLED
09-10 12:09:28.754  9310  9310 I ContentCaptureHelper: Setting logging level to OFF
09-10 12:09:28.759  1821  2393 D WifiNetworkFactory: got request NetworkRequest [ REQUEST id=1581, [ Capabilities: INTERNET&NOT_RESTRICTED&TRUSTED&NOT_VCN_MANAGED&NOT_BANDWIDTH_CONSTRAINED Uid: 10317 RequestorUid: 10317 RequestorPkg: ch.protonvpn.android UnderlyingNetworks: Null] ]
09-10 12:09:28.760  1821  2393 D UntrustedWifiNetworkFactory: got request NetworkRequest [ REQUEST id=1581, [ Capabilities: INTERNET&NOT_RESTRICTED&TRUSTED&NOT_VCN_MANAGED&NOT_BANDWIDTH_CONSTRAINED Uid: 10317 RequestorUid: 10317 RequestorPkg: ch.protonvpn.android UnderlyingNetworks: Null] ]
09-10 12:09:28.760   540  3062 D surfaceflinger: Cleared global stats
09-10 12:09:28.760   540  3062 D surfaceflinger: Cleared layer stats
09-10 12:09:28.760   540  3062 D surfaceflinger: Enabled
09-10 12:09:28.762  1821  2393 D OemPaidWifiNetworkFactory: got request NetworkRequest [ REQUEST id=1581, [ Capabilities: INTERNET&NOT_RESTRICTED&TRUSTED&NOT_VCN_MANAGED&NOT_BANDWIDTH_CONSTRAINED Uid: 10317 RequestorUid: 10317 RequestorPkg: ch.protonvpn.android UnderlyingNetworks: Null] ]
09-10 12:09:28.762  1821  2400 D ConnectivityService: NetReassign [1581 : null → 117] [c 0] [a 2] [i 11]
09-10 12:09:28.762  1821  2393 D MultiInternetWifiNetworkFactory: got request NetworkRequest [ REQUEST id=1581, [ Capabilities: INTERNET&NOT_RESTRICTED&TRUSTED&NOT_VCN_MANAGED&NOT_BANDWIDTH_CONSTRAINED Uid: 10317 RequestorUid: 10317 RequestorPkg: ch.protonvpn.android UnderlyingNetworks: Null] ]
09-10 12:09:28.754  9310  9310 W pool-4-thread-1: type=1400 audit(0.0:9892): avc:  granted  { execute } for  name="udroid-gfxstream-run" dev="dm-57" ino=264651 scontext=u:r:untrusted_app_34:s0:c81,c257,c512,c768 tcontext=u:object_r:app_data_file:s0:c81,c257,c512,c768 tclass=file app=org.randomcoder.udroid.dev
09-10 12:09:28.758  9310  9310 W pool-4-thread-1: type=1400 audit(0.0:9893): avc:  granted  { execute } for  name="kumquat" dev="dm-57" ino=95056 scontext=u:r:untrusted_app_34:s0:c81,c257,c512,c768 tcontext=u:object_r:app_data_file:s0:c81,c257,c512,c768 tclass=file app=org.randomcoder.udroid.dev
09-10 12:09:28.766  9414  9414 W linker64: type=1400 audit(0.0:9894): avc:  granted  { execute } for  path="/data/data/org.randomcoder.udroid.dev/files/runtime/gfxstream-host-15-async-present-85eb290-1f2939dc-dirty-arm64-v8a/bin/kumquat" dev="dm-57" ino=95056 scontext=u:r:untrusted_app_34:s0:c81,c257,c512,c768 tcontext=u:object_r:app_data_file:s0:c81,c257,c512,c768 tclass=file app=org.randomcoder.udroid.dev
09-10 12:09:28.773  1821  2965 W InputChannel-JNI: Channel already disposed.
09-10 12:09:28.778  9310  9310 D WindowOnBackDispatcher: setTopOnBackInvokedCallback (unwrapped): android.app.Activity$$ExternalSyntheticLambda0@c5b6e77
09-10 12:09:28.778  1821  2965 D CoreBackPreview: Window{3427b61 u0 org.randomcoder.udroid.dev/org.randomcoder.udroid.gfxstream.GfxstreamPresenterProbeActivity}: Setting back callback OnBackInvokedCallbackInfo{mCallback=android.window.IOnBackInvokedCallback$Stub$Proxy@5fd9f74, mPriority=-1, mIsAnimationCallback=false, mOverrideBehavior=0}
09-10 12:09:28.779  9310  9310 D VRI[GfxstreamPresenterProbeActivity]: WindowInsets changed: 1080x2400 statusBars:[0,132,0,0] navigationBars:[0,0,0,63] mandatorySystemGestures:[0,164,0,84] 
09-10 12:09:28.780  9310  9310 I HWUI    : Using FreeType backend (prop=Auto)
09-10 12:09:28.782  1821  5941 D WindowManager: setClientSurface Surface(name=VRI-org.randomcoder.udroid.dev/org.randomcoder.udroid.gfxstream.GfxstreamPresenterProbeActivity#4673)/@0x1314e3 for 3427b61 org.randomcoder.udroid.dev/org.randomcoder.udroid.gfxstream.GfxstreamPresenterProbeActivity
09-10 12:09:28.785  9310  9310 I Surface : Creating surface for consumer unnamed-9310-0 with slotExpansion=1 for 64 slots
09-10 12:09:28.785  9310  9310 I Surface : Creating surface for consumer VRI[GfxstreamPresenterProbeActivity]#0(BLAST Consumer)0 with slotExpansion=1 for 64 slots
09-10 12:09:28.789  9310  9310 I Surface : Creating surface for consumer unnamed-9310-1 with slotExpansion=1 for 64 slots
09-10 12:09:28.789  9310  9310 I Surface : Creating surface for consumer b1dfb4d SurfaceView[org.randomcoder.udroid.dev/org.randomcoder.udroid.gfxstream.GfxstreamPresenterProbeActivity]#1(BLAST Consumer)1 with slotExpansion=1 for 64 slots
09-10 12:09:28.800  1821  1862 I ActivityTaskManager: Displayed org.randomcoder.udroid.dev/org.randomcoder.udroid.gfxstream.GfxstreamPresenterProbeActivity for user 0: +277ms
09-10 12:09:28.801  1821  2069 V DisplayPowerController[0]: Brightness [0.2361712] reason changing to: 'automatic [ throttled ]', previous reason: 'automatic [ dim throttled ]'.
09-10 12:09:28.801  1821  2069 I DisplayPowerController[0]: BrightnessEvent: brt=0.2361712(83.0%), nits=192.08176, lux=146.69754, reason=automatic [ throttled ], strat=AutomaticBrightnessStrategy, state=ON, stateReason=DEFAULT_POLICY, policy=BRIGHT, flags=, initBrt=0.05, rcmdBrt=0.2361712, preBrt=0.20810553, preLux=266.1156, lastReadLux=169.64935, wasShortTermModelActive=false, autoBrightness=true (default), unclampedBrt=0.2361712, brtRange=[0.0, 0.57642573], hbmMax=0.62, hbmMode=off, thrmMax=1.0, rbcStrength=83, powerFactor=1.0, physDisp=Built-in Screen(local:4619827677550801152), logicalId=0, slowChange=false, rampSpeed=0.7047244, colorTemp=NaN, thermalStatus=light
09-10 12:09:28.820   542   600 I hwc-display: path=sysfs, id=0, level=175, nits=191.698792, brightness=0.051873, DimmingOn=1, Hbm=0, LhbmOn=0, OpRate=0
09-10 12:09:28.831   542   600 E hwc-display: [PrimaryDisplay] resetColorMappingInfoForClientComp:: resetColorMappingInfo() idx=2 error(-22)
09-10 12:09:28.831   542   600 E hwc-display: Fail to open file /data/vendor/log/hwc/PrimaryDisplay_hwc_error_log0.txt, error: Permission denied
09-10 12:09:28.831   542   600 E hwc-display: Fail to open file /data/log/PrimaryDisplay_hwc_error_log0.txt, error: No such file or directory
09-10 12:09:28.831   542   600 E hwc-display: Unable to open log file for PrimaryDisplay_hwc_error_log0.txt
09-10 12:09:28.831   542   600 E hwc-display: [PrimaryDisplay] resetColorMappingInfoForClientComp:: resetColorMappingInfo() idx=3 error(-22)
09-10 12:09:28.831   542   600 E hwc-display: Fail to open file /data/vendor/log/hwc/PrimaryDisplay_hwc_error_log0.txt, error: Permission denied
09-10 12:09:28.832   542   600 E hwc-display: Fail to open file /data/log/PrimaryDisplay_hwc_error_log0.txt, error: No such file or directory
09-10 12:09:28.832   542   600 E hwc-display: Unable to open log file for PrimaryDisplay_hwc_error_log0.txt
09-10 12:09:28.838   542   600 I hwc-display: path=sysfs, id=0, level=185, nits=191.698792, brightness=0.055010, DimmingOn=1, Hbm=0, LhbmOn=0, OpRate=0
09-10 12:09:28.840  1821  2319 I ImeTracker: org.randomcoder.udroid.dev:42bc020c: onRequestHide at ORIGIN_SERVER reason HIDE_UNSPECIFIED_WINDOW fromUser false userId 0 displayId 0
09-10 12:09:28.841  9310  9310 D InsetsController: hide(ime())
09-10 12:09:28.841  9310  9310 I ImeTracker: org.randomcoder.udroid.dev:42bc020c: onCancelled at PHASE_CLIENT_ALREADY_HIDDEN
09-10 12:09:28.844  3871  3871 I SubtypeOperator: SubtypeOperator$1.onUnbindInput():43 
09-10 12:09:28.845  3871  3871 I SubtypeOperator: SubtypeOperator$1.onBindInput():33 
09-10 12:09:28.846  1821  5941 W InputChannel-JNI: Channel already disposed.
09-10 12:09:28.846  3871  3871 I GoogleInputMethodService: GoogleInputMethodService.onFinishInput():2361 
09-10 12:09:28.847  1821  2964 I ImeTracker: system_server:394a6a71: onRequestHide at ORIGIN_SERVER reason IME_REQUESTED_CHANGED_LISTENER fromUser false displayId 0
09-10 12:09:28.847  3871  9422 I Module  : DeviceLockedStatusModuleProvider$Module.updateDeviceLockedStatusInternal():119 repeatCheckTimes = 0, locked = false
09-10 12:09:28.848  1821  1865 I ImeTracker: system_server:394a6a71: onCancelled at PHASE_SERVER_SHOULD_HIDE
09-10 12:09:28.848  3871  3871 I GoogleInputMethodService: GoogleInputMethodService.onStartInput():1532 onStartInput(EditorInfo{EditorInfo{packageName=org.randomcoder.udroid.dev, inputType=0, inputTypeString=NULL, enableLearning=false, autoCorrection=false, autoComplete=false, imeOptions=0, privateImeOptions=null, actionName=UNSPECIFIED, actionLabel=null, initialSelStart=-1, initialSelEnd=-1, initialCapsMode=0, label=null, fieldId=0, fieldName=null, extras=null, hintText=null, hintLocales=[]}}, false)
09-10 12:09:28.848  3871  9423 I SystemSettingsModule: SystemSettingsModule$inputSessionListener$<anonymous>.onFinishInput():34 Settings app closed, reloading all system settings
09-10 12:09:28.848  3871  9423 I SystemSettings: SystemSettings.reloadAllSettings():322 Reload all system settings
09-10 12:09:28.848  3871  9423 I SystemSettings: SystemSettings.updateFlagValue():372 Update flag: system_setting_secure_high_text_contrast_enabled = false
09-10 12:09:28.848  3871  3871 I LatinIMEBase: LatinIMEBase.updateInputViewCoverNavigation():317 Update input view padding, isNavbarOverInputWindow=true, bottom inset=126
09-10 12:09:28.848  3871  9423 I SystemSettings: SystemSettings.updateFlagValue():372 Update flag: system_setting_secure_accessibility_display_magnification_enabled = false
09-10 12:09:28.848  3871  9423 I SystemSettings: SystemSettings.updateFlagValue():372 Update flag: system_setting_secure_user_setup_complete = true
09-10 12:09:28.848  3871  9423 I SystemSettings: SystemSettings.updateFlagValue():372 Update flag: system_setting_secure_navigation_mode = 2
09-10 12:09:28.849  3871  9423 I SystemSettings: SystemSettings.updateFlagValue():372 Update flag: system_setting_global_device_provisioned = true
09-10 12:09:28.849  3871  9423 I SystemSettings: SystemSettings.updateFlagValue():372 Update flag: system_setting_secure_stylus_handwriting_enabled = true
09-10 12:09:28.849  3871  9423 I SystemSettings: SystemSettings.updateFlagValue():372 Update flag: system_setting_system_device_font_scale = 1.0
09-10 12:09:28.849  3871  9423 I SystemSettings: SystemSettings.updateFlagValue():372 Update flag: system_setting_system_haptic_feedback_enabled = true
09-10 12:09:28.849  3871  9423 I SystemSettings: SystemSettings.updateFlagValue():372 Update flag: system_setting_system_font_scale = 1.0
09-10 12:09:28.849  3871  9423 I SystemSettings: SystemSettings.updateFlagValue():372 Update flag: system_setting_secure_accessibility_shortcut_target_service = 
09-10 12:09:28.849  3871  9423 I SystemSettings: SystemSettings.updateFlagValue():372 Update flag: system_setting_secure_ime_switcher_in_navbar_enabled = true
09-10 12:09:28.849  3871  9423 I SystemSettings: SystemSettings.updateFlagValue():372 Update flag: system_setting_system_keyboard_vibration_intensity = 2
09-10 12:09:28.849  3871  9423 I SystemSettings: SystemSettings.updateFlagValue():372 Update flag: system_setting_system_keyboard_vibration_enabled = true
09-10 12:09:28.849  3871  9423 I SystemSettings: SystemSettings.updateFlagValue():372 Update flag: system_setting_secure_accessibility_button_targets = 
09-10 12:09:28.849  3871  9423 I SystemSettings: SystemSettings.updateFlagValue():372 Update flag: system_setting_system_vibrate_on = true
09-10 12:09:28.849  1821  2964 W PackageConfigPersister: App-specific configuration not found for packageName: org.randomcoder.udroid.dev and userId: 0
09-10 12:09:28.849  3871  9425 I Module  : DeviceLockedStatusModuleProvider$Module.updateDeviceLockedStatusInternal():119 repeatCheckTimes = 1, locked = false
09-10 12:09:28.854   542   600 I hwc-display: path=sysfs, id=0, level=196, nits=191.698792, brightness=0.058238, DimmingOn=1, Hbm=0, LhbmOn=0, OpRate=0
09-10 12:09:28.870   542   600 I hwc-display: path=sysfs, id=0, level=207, nits=191.698792, brightness=0.061560, DimmingOn=1, Hbm=0, LhbmOn=0, OpRate=0
09-10 12:09:28.871  1596  1596 D AOC     : A3:MSG: tmd3719_device.cc, 4525: USF: TMD3719: dbv:207 leakage:0.000000 refresh_rate:60 status:1 op_hz:120 [1]
09-10 12:09:28.871  2165  2185 I pixel-thermal: usb_pwr_therm2:38.895 raw data: usb_pwr_therm2:38895 
09-10 12:09:28.887   542   600 I hwc-display: path=sysfs, id=0, level=218, nits=191.698792, brightness=0.064973, DimmingOn=1, Hbm=0, LhbmOn=0, OpRate=0
09-10 12:09:28.904   542   600 I hwc-display: path=sysfs, id=0, level=230, nits=191.698792, brightness=0.068479, DimmingOn=1, Hbm=0, LhbmOn=0, OpRate=0
09-10 12:09:28.920   542   600 I hwc-display: path=sysfs, id=0, level=242, nits=191.698792, brightness=0.072077, DimmingOn=1, Hbm=0, LhbmOn=0, OpRate=0
09-10 12:09:28.921  1006  1011 W otonvpn.android: Suspending all threads took: 62.385ms
09-10 12:09:28.924  1615  1615 I adbd    : adbd service requested 'shell,v2,TERM=xterm-ghostty,raw:'run-as' 'org.randomcoder.udroid.dev' 'env' 'ANDROID_DATA=/data' 'ANDROID_ROOT=/system' 'ANDROID_RUNTIME_ROOT=/apex/com.android.runtime' 'ANDROID_TZDATA_ROOT=/apex/com.android.tzdata' 'HOME=/data/data/org.randomcoder.udroid.dev/files' 'PATH=/system/bin' 'PROOT_LOADER=/data/app/~~-WiDYLAVNvo9mV0mLdSteg==/org.randomcoder.udroid.dev-KoGPAqqE-FGUDSYwbISW5Q==/lib/arm64/libproot-loader.so' 'PROOT_TMP_DIR=/data/data/org.randomcoder.udroid.dev/cache/proot' 'TMPDIR=/data/data/org.randomcoder.udroid.dev/cache/proot' '/system/bin/linker64' '/data/data/org.randomcoder.udroid.dev/files/runtime/proot-5.1.107.86-1-arm64-v8a/proot' '--link2symlink' '--kill-on-exit' '--root-id' '--rootfs=/data/data/org.randomcoder.udroid.dev/files/rootfs/proot-debian-trixie' '-b' '/system' '-b' '/apex' '-b' '/dev' '-b' '/proc' '-b' '/sys' '-b' '/linkerconfig/ld.config.txt' '-b' '/data/data/org.randomcoder.udroid.dev/files/runtime/gfxstream-guest-15-sync-fd-lifecycle-fb349a2d3b-dirty-arm64-v8a:/opt/udroid/gfxstream' '-b' '/data/data/org.randomcoder.udroid.dev/no_backup/graphics/kumquat-gpu.sock:/tmp/kumquat-gpu-0' '-b' '/data/data/org.randomcoder.udroid.dev/cache/weston-runtime:/run/weston' '--cwd=/root' '/usr/bin/env' '-i' 'HOME=/root' 'USER=root' 'LOGNAME=root' 'SHELL=/bin/sh' 'TERM=xterm-256color' 'LANG=C.UTF-8' 'PATH=/usr/local/sbin:/usr/local/bin:/usr/sbin:/usr/bin:/sbin:/bin' '/opt/udroid/gfxstream/bin/udroid-gfxstream-run' '/usr/bin/env' 'GBM_BACKEND=gfxstream' 'GBM_BACKENDS_PATH=/root/gbm-transport-diag' 'GFXSTREAM_GBM_DEBUG=1' 'VIRTGPU_KUMQUAT=1' 'VK_DRIVER_FILES=/opt/udroid-diag/sync-export-20260906/gfxstream/share/vulkan/icd.d/gfxstream-diag_icd.aarch64.json' 'VK_ICD_FILENAMES=/opt/udroid-diag/sync-export-20260906/gfxstream/share/vulkan/icd.d/gfxstream-diag_icd.aarch64.json' 'MESA_LOADER_DRIVER_OVERRIDE=zink' 'GALLIUM_DRIVER=zink' 'LIBGL_DRIVERS_PATH=/opt/udroid-diag/ownership-20260906/dri' 'LIBGL_KOPPER_DRI2=true' 'UDROID_WINSYS_OWNERSHIP_TRACE=1' 'LD_LIBRARY_PATH=/root/udroid-gbm-contract/lib:/opt/udroid-diag/sync-export-20260906/zink/lib/aarch64-linux-gnu:/opt/udroid-diag/ownership-20260906/dri:/opt/udroid-diag/sync-export-20260906/gfxstream/lib:/root/udroid-gfxstream-output-20260901-rfence-v2:/usr/lib/aarch64-linux-gnu' 'XDG_RUNTIME_DIR=/run/weston' 'UDROID_GBM_PROBE_DRAW=1' 'UDROID_GBM_PROBE_FRAMES=120' '/usr/bin/timeout' '-k' '3' '90' '/root/gfxstream_gbm_present_probe-reuse-20260910' '/tmp/kumquat-gpu-0' '/opt/udroid-diag/sync-export-20260906/gfxstream/lib/libvulkan_gfxstream.so''
09-10 12:09:28.937   542   600 I hwc-display: path=sysfs, id=0, level=254, nits=191.698792, brightness=0.075768, DimmingOn=1, Hbm=0, LhbmOn=0, OpRate=0
09-10 12:09:28.954   542   600 I hwc-display: path=sysfs, id=0, level=266, nits=191.698792, brightness=0.079551, DimmingOn=1, Hbm=0, LhbmOn=0, OpRate=0
09-10 12:09:28.970   542   600 I hwc-display: path=sysfs, id=0, level=279, nits=191.698792, brightness=0.083426, DimmingOn=1, Hbm=0, LhbmOn=0, OpRate=0
09-10 12:09:28.987   542   600 I hwc-display: path=sysfs, id=0, level=292, nits=191.698792, brightness=0.087483, DimmingOn=1, Hbm=0, LhbmOn=0, OpRate=0
09-10 12:09:29.004   542   600 I hwc-display: path=sysfs, id=0, level=307, nits=191.698792, brightness=0.091818, DimmingOn=1, Hbm=0, LhbmOn=0, OpRate=0
09-10 12:09:29.020   542   600 I hwc-display: path=sysfs, id=0, level=322, nits=191.698792, brightness=0.096445, DimmingOn=1, Hbm=0, LhbmOn=0, OpRate=0
09-10 12:09:29.022  1596  1596 D AOC     : A3:MSG: tmd3719_device.cc, 4525: USF: TMD3719: dbv:322 leakage:0.000000 refresh_rate:60 status:1 op_hz:120 [1]
09-10 12:09:29.037   542   600 I hwc-display: path=sysfs, id=0, level=338, nits=191.698792, brightness=0.101386, DimmingOn=1, Hbm=0, LhbmOn=0, OpRate=0
09-10 12:09:29.054   542   600 I hwc-display: path=sysfs, id=0, level=355, nits=191.698792, brightness=0.106662, DimmingOn=1, Hbm=0, LhbmOn=0, OpRate=0
09-10 12:09:29.060  9414  9414 W libc    : Access denied finding property "ro.debuggable"
09-10 12:09:29.060  9414  9414 W libc    : Access denied finding property "ro.debuggable"
09-10 12:09:29.060  9414  9414 W libc    : Access denied finding property "ro.debuggable"
09-10 12:09:29.070   542   600 I hwc-display: path=sysfs, id=0, level=374, nits=191.698792, brightness=0.112298, DimmingOn=1, Hbm=0, LhbmOn=0, OpRate=0
09-10 12:09:29.087   542   600 I hwc-display: path=sysfs, id=0, level=394, nits=191.698792, brightness=0.118316, DimmingOn=1, Hbm=0, LhbmOn=0, OpRate=0
09-10 12:09:29.094  2542  2565 V WindowManagerShell: Transition animation finished (aborted=false), notifying core (#281) android.os.BinderProxy@a578b79@0
09-10 12:09:29.098  1821  1862 V WindowManager: Finish Transition (#281): created at 09-10 12:09:28.524 collect-started=0.069ms request-sent=5.742ms started=6.74ms ready=25.613ms sent=26.791ms commit=27.954ms finished=573.371ms
09-10 12:09:29.099  3155  3155 D VRI[SubSettings]: visibilityChanged oldVisibility=true newVisibility=false
09-10 12:09:29.099  2542  2565 V WindowManagerShell: Track 0 became idle
09-10 12:09:29.099  2542  2565 V WindowManagerShell: All active transition animations finished
09-10 12:09:29.102  1821  2467 I Surface : Creating surface for consumer unnamed-1821-111 with slotExpansion=1 for 64 slots
09-10 12:09:29.102  1821  2467 I Surface : Creating surface for consumer ImageReader-864x1920f1m1-1821-57 with slotExpansion=1 for 64 slots
09-10 12:09:29.102  1821  2467 W ImageReader_JNI: Unable to acquire a buffer item, very likely client tried to acquire more than maxImages buffers
09-10 12:09:29.103  9414  9414 I GFXSTREAM: [virtio_gpu_gfxstream_renderer.cpp(854)] Gfxstream features:
09-10 12:09:29.103  9414  9414 I GFXSTREAM: [virtio_gpu_gfxstream_renderer.cpp(859)]     AsyncComposeSupport: disabled (Default reason)
09-10 12:09:29.103  9414  9414 I GFXSTREAM: [virtio_gpu_gfxstream_renderer.cpp(859)]     BypassVulkanDeviceFeatureOverrides: disabled (Default reason)
09-10 12:09:29.103  9414  9414 I GFXSTREAM: [virtio_gpu_gfxstream_renderer.cpp(859)]     EglOnEgl: enabled (rendererFlags & STREAM_RENDERER_FLAGS_USE_EGL_BIT || gfxstream::base::getEnvironmentVariable("ANDROID_EGL_ON_EGL") == "1")
09-10 12:09:29.103  9414  9414 I GFXSTREAM: [virtio_gpu_gfxstream_renderer.cpp(859)]     ExternalBlob: enabled (rendererFlags & STREAM_RENDERER_FLAGS_USE_EXTERNAL_BLOB || features.VulkanAllocateHostVisibleAsUdmabuf.enabled())
09-10 12:09:29.103  9414  9414 I GFXSTREAM: [virtio_gpu_gfxstream_renderer.cpp(859)]     GlAsyncSwap: disabled (false)
09-10 12:09:29.103  9414  9414 I GFXSTREAM: [virtio_gpu_gfxstream_renderer.cpp(859)]     GlDirectMem: disabled (false)
09-10 12:09:29.103  9414  9414 I GFXSTREAM: [virtio_gpu_gfxstream_renderer.cpp(859)]     GlDma: disabled (false)
09-10 12:09:29.103  9414  9414 I GFXSTREAM: [virtio_gpu_gfxstream_renderer.cpp(859)]     GlDma2: disabled (Default reason)
09-10 12:09:29.103  9414  9414 I GFXSTREAM: [virtio_gpu_gfxstream_renderer.cpp(859)]     GlPipeChecksum: disabled (false)
09-10 12:09:29.103  9414  9414 I GFXSTREAM: [virtio_gpu_gfxstream_renderer.cpp(859)]     GlProgramBinaryLinkStatus: disabled (Default reason)
09-10 12:09:29.103  9414  9414 I GFXSTREAM: [virtio_gpu_gfxstream_renderer.cpp(859)]     GlesDynamicVersion: enabled (true)
09-10 12:09:29.103  9414  9414 I GFXSTREAM: [virtio_gpu_gfxstream_renderer.cpp(859)]     GrallocSync: disabled (Default reason)
09-10 12:09:29.103  9414  9414 I GFXSTREAM: [virtio_gpu_gfxstream_renderer.cpp(859)]     GuestVulkanMaxApiVersion: (Unset) (Default reason)
09-10 12:09:29.103  9414  9414 I GFXSTREAM: [virtio_gpu_gfxstream_renderer.cpp(859)]     GuestVulkanOnly: enabled ((rendererFlags & STREAM_RENDERER_FLAGS_USE_VK_BIT) && !(rendererFlags & STREAM_RENDERER_FLAGS_USE_GLES_BIT))
09-10 12:09:29.103  9414  9414 I GFXSTREAM: [virtio_gpu_gfxstream_renderer.cpp(859)]     HasSharedSlotsHostMemoryAllocator: disabled (Default reason)
09-10 12:09:29.103  9414  9414 I GFXSTREAM: [virtio_gpu_gfxstream_renderer.cpp(859)]     HostComposition: enabled (true)
09-10 12:09:29.103  9414  9414 I GFXSTREAM: [virtio_gpu_gfxstream_renderer.cpp(859)]     HwcMultiConfigs: disabled (Default reason)
09-10 12:09:29.103  9414  9414 I GFXSTREAM: [virtio_gpu_gfxstream_renderer.cpp(859)]     Minigbm: disabled (Default reason)
09-10 12:09:29.103  9414  9414 I GFXSTREAM: [virtio_gpu_gfxstream_renderer.cpp(859)]     MinimalLogging: disabled (Default reason)
09-10 12:09:29.103  9414  9414 I GFXSTREAM: [virtio_gpu_gfxstream_renderer.cpp(859)]     NativeTextureDecompression: disabled (false)
09-10 12:09:29.103  9414  9414 I GFXSTREAM: [virtio_gpu_gfxstream_renderer.cpp(859)]     NoDelayCloseColorBuffer: enabled (true)
09-10 12:09:29.103  9414  9414 I GFXSTREAM: [virtio_gpu_gfxstream_renderer.cpp(859)]     RefCountPipe: disabled (false)
09-10 12:09:29.103  9414  9414 I GFXSTREAM: [virtio_gpu_gfxstream_renderer.cpp(859)]     Surfaceless: disabled (rendererFlags & STREAM_RENDERER_FLAGS_USE_SURFACELESS_BIT)
09-10 12:09:29.103  9414  9414 I GFXSTREAM: [virtio_gpu_gfxstream_renderer.cpp(859)]     SystemBlob: disabled (rendererFlags & STREAM_RENDERER_FLAGS_USE_SYSTEM_BLOB)
09-10 12:09:29.103  9414  9414 I GFXSTREAM: [virtio_gpu_gfxstream_renderer.cpp(859)]     VirtioGpuFenceContexts: enabled (true)
09-10 12:09:29.103  9414  9414 I GFXSTREAM: [virtio_gpu_gfxstream_renderer.cpp(859)]     VirtioGpuNativeSync: enabled (true)
09-10 12:09:29.103  9414  9414 I GFXSTREAM: [virtio_gpu_gfxstream_renderer.cpp(859)]     VirtioGpuNext: enabled (true)
09-10 12:09:29.103  9414  9414 I GFXSTREAM: [virtio_gpu_gfxstream_renderer.cpp(859)]     Vulkan: enabled (rendererFlags & STREAM_RENDERER_FLAGS_USE_VK_BIT)
09-10 12:09:29.103  9414  9414 I GFXSTREAM: [virtio_gpu_gfxstream_renderer.cpp(859)]     VulkanAllocateDeviceMemoryOnly: disabled (Default reason)
09-10 12:09:29.103  9414  9414 I GFXSTREAM: [virtio_gpu_gfxstream_renderer.cpp(859)]     VulkanAllocateHostMemory: disabled (Default reason)
09-10 12:09:29.103  9414  9414 I GFXSTREAM: [virtio_gpu_gfxstream_renderer.cpp(859)]     VulkanAllocateHostVisibleAsUdmabuf: disabled (gfxstream::base::IsAndroidKernel6_6() && gfxstream::base::HasUdmabufDevice())
09-10 12:09:29.103  9414  9414 I GFXSTREAM: [virtio_gpu_gfxstream_renderer.cpp(859)]     VulkanBatchedDescriptorSetUpdate: enabled (true)
09-10 12:09:29.103  9414  9414 I GFXSTREAM: [virtio_gpu_gfxstream_renderer.cpp(859)]     VulkanCommandBufferCheckpoints: disabled (Default reason)
09-10 12:09:29.103  9414  9414 I GFXSTREAM: [virtio_gpu_gfxstream_renderer.cpp(859)]     VulkanDebugUtils: disabled (Default reason)
09-10 12:09:29.103  9414  9414 I GFXSTREAM: [virtio_gpu_gfxstream_renderer.cpp(859)]     VulkanDisableCoherentMemoryAndEmulate: disabled (Default reason)
09-10 12:09:29.103  9414  9414 I GFXSTREAM: [virtio_gpu_gfxstream_renderer.cpp(859)]     VulkanEnsureCachedCoherentMemoryAvailable: enabled (true)
09-10 12:09:29.103  9414  9414 I GFXSTREAM: [virtio_gpu_gfxstream_renderer.cpp(859)]     VulkanExternalMemoryMode: (Unset) (Default reason)
09-10 12:09:29.103  9414  9414 I GFXSTREAM: [virtio_gpu_gfxstream_renderer.cpp(859)]     VulkanExternalSync: enabled (rendererFlags & STREAM_RENDERER_FLAGS_VULKAN_EXTERNAL_SYNC)
09-10 12:09:29.103  9414  9414 I GFXSTREAM: [virtio_gpu_gfxstream_renderer.cpp(859)]     VulkanIgnoredHandles: enabled (true)
09-10 12:09:29.103  9414  9414 I GFXSTREAM: [virtio_gpu_gfxstream_renderer.cpp(859)]     VulkanMaxSafeHeapSize: (Unset) (Default reason)
09-10 12:09:29.103  9414  9414 I GFXSTREAM: [virtio_gpu_gfxstream_renderer.cpp(859)]     VulkanNativeSwapchain: disabled (rendererFlags & STREAM_RENDERER_FLAGS_VULKAN_NATIVE_SWAPCHAIN_BIT)
09-10 12:09:29.103  9414  9414 I GFXSTREAM: [virtio_gpu_gfxstream_renderer.cpp(859)]     VulkanNullOptionalStrings: enabled (true)
09-10 12:09:29.103  9414  9414 I GFXSTREAM: [virtio_gpu_gfxstream_renderer.cpp(859)]     VulkanProtectedMemoryEmulation: disabled (Default reason)
09-10 12:09:29.103  9414  9414 I GFXSTREAM: [virtio_gpu_gfxstream_renderer.cpp(859)]     VulkanQueueSubmitWithCommands: enabled (true)
09-10 12:09:29.103  9414  9414 I GFXSTREAM: [virtio_gpu_gfxstream_renderer.cpp(859)]     VulkanRobustness: disabled (Default reason)
09-10 12:09:29.103  9414  9414 I GFXSTREAM: [virtio_gpu_gfxstream_renderer.cpp(859)]     VulkanShaderFloat16Int8: enabled (true)
09-10 12:09:29.103  9414  9414 I GFXSTREAM: [virtio_gpu_gfxstream_renderer.cpp(859)]     VulkanSnapshots: disabled (gfxstream::base::getEnvironmentVariable("ANDROID_GFXSTREAM_CAPTURE_VK_SNAPSHOT") == "1")
09-10 12:09:29.103  9414  9414 I GFXSTREAM: [virtio_gpu_gfxstream_renderer.cpp(859)]     VulkanUseDedicatedAhbMemoryType: disabled (Default reason)
09-10 12:09:29.103  9414  9414 I GFXSTREAM: [virtio_gpu_gfxstream_renderer.cpp(859)]     VulkanVirtualQueue: disabled (Default reason)
09-10 12:09:29.103  9414  9414 I GFXSTREAM: [virtio_gpu_gfxstream_renderer.cpp(859)]     Yuv420888ToNv21: disabled (Default reason)
09-10 12:09:29.103  9414  9414 I GFXSTREAM: [virtio_gpu_gfxstream_renderer.cpp(859)]     YuvCache: disabled (Default reason)
09-10 12:09:29.104  9414  9414 I GFXSTREAM: [vulkan_dispatch.cpp(224)] Added library: /system/lib64/libvulkan.so
09-10 12:09:29.104  9414  9414 E vulkan  : invalid vkGetInstanceProcAddr(VK_NULL_HANDLE, "vkCreateDebugReportCallbackEXT") call
09-10 12:09:29.104  9414  9414 E vulkan  : invalid vkGetInstanceProcAddr(VK_NULL_HANDLE, "vkDestroyDebugReportCallbackEXT") call
09-10 12:09:29.104  9414  9414 E vulkan  : invalid vkGetInstanceProcAddr(VK_NULL_HANDLE, "vkDebugReportMessageEXT") call
09-10 12:09:29.104  9414  9414 E vulkan  : invalid vkGetInstanceProcAddr(VK_NULL_HANDLE, "vkCreateDebugUtilsMessengerEXT") call
09-10 12:09:29.104  9414  9414 E vulkan  : invalid vkGetInstanceProcAddr(VK_NULL_HANDLE, "vkDestroyDebugUtilsMessengerEXT") call
09-10 12:09:29.104  9414  9414 E vulkan  : invalid vkGetInstanceProcAddr(VK_NULL_HANDLE, "vkSubmitDebugUtilsMessageEXT") call
09-10 12:09:29.104   542   600 I hwc-display: path=sysfs, id=0, level=415, nits=191.698792, brightness=0.124741, DimmingOn=1, Hbm=0, LhbmOn=0, OpRate=0
09-10 12:09:29.104  9414  9414 E vulkan  : invalid vkGetInstanceProcAddr(VK_NULL_HANDLE, "vkCmdBeginRenderingKHR") call
09-10 12:09:29.104  9414  9414 E vulkan  : invalid vkGetInstanceProcAddr(VK_NULL_HANDLE, "vkCmdEndRenderingKHR") call
09-10 12:09:29.104  9414  9414 E vulkan  : invalid vkGetInstanceProcAddr(VK_NULL_HANDLE, "vkGetPhysicalDeviceFeatures2KHR") call
09-10 12:09:29.104  9414  9414 E vulkan  : invalid vkGetInstanceProcAddr(VK_NULL_HANDLE, "vkGetPhysicalDeviceProperties2KHR") call
09-10 12:09:29.104  9414  9414 E vulkan  : invalid vkGetInstanceProcAddr(VK_NULL_HANDLE, "vkGetPhysicalDeviceFormatProperties2KHR") call
09-10 12:09:29.104  9414  9414 E vulkan  : invalid vkGetInstanceProcAddr(VK_NULL_HANDLE, "vkGetPhysicalDeviceImageFormatProperties2KHR") call
09-10 12:09:29.104  9414  9414 E vulkan  : invalid vkGetInstanceProcAddr(VK_NULL_HANDLE, "vkGetPhysicalDeviceQueueFamilyProperties2KHR") call
09-10 12:09:29.104  9414  9414 E vulkan  : invalid vkGetInstanceProcAddr(VK_NULL_HANDLE, "vkGetPhysicalDeviceMemoryProperties2KHR") call
09-10 12:09:29.104  9414  9414 E vulkan  : invalid vkGetInstanceProcAddr(VK_NULL_HANDLE, "vkGetPhysicalDeviceSparseImageFormatProperties2KHR") call
09-10 12:09:29.104  9414  9414 E vulkan  : invalid vkGetInstanceProcAddr(VK_NULL_HANDLE, "vkTrimCommandPoolKHR") call
09-10 12:09:29.104  9414  9414 E vulkan  : invalid vkGetInstanceProcAddr(VK_NULL_HANDLE, "vkGetPhysicalDeviceExternalBufferPropertiesKHR") call
09-10 12:09:29.104  9414  9414 E vulkan  : invalid vkGetInstanceProcAddr(VK_NULL_HANDLE, "vkGetMemoryFdKHR") call
09-10 12:09:29.104  9414  9414 E vulkan  : invalid vkGetInstanceProcAddr(VK_NULL_HANDLE, "vkGetMemoryFdPropertiesKHR") call
09-10 12:09:29.104  9414  9414 E vulkan  : invalid vkGetInstanceProcAddr(VK_NULL_HANDLE, "vkGetPhysicalDeviceExternalSemaphorePropertiesKHR") call
09-10 12:09:29.104  9414  9414 E vulkan  : invalid vkGetInstanceProcAddr(VK_NULL_HANDLE, "vkImportSemaphoreFdKHR") call
09-10 12:09:29.104  9414  9414 E vulkan  : invalid vkGetInstanceProcAddr(VK_NULL_HANDLE, "vkGetSemaphoreFdKHR") call
09-10 12:09:29.104  9414  9414 E vulkan  : invalid vkGetInstanceProcAddr(VK_NULL_HANDLE, "vkCreateDescriptorUpdateTemplateKHR") call
09-10 12:09:29.104  9414  9414 E vulkan  : invalid vkGetInstanceProcAddr(VK_NULL_HANDLE, "vkDestroyDescriptorUpdateTemplateKHR") call
09-10 12:09:29.104  9414  9414 E vulkan  : invalid vkGetInstanceProcAddr(VK_NULL_HANDLE, "vkUpdateDescriptorSetWithTemplateKHR") call
09-10 12:09:29.104  9414  9414 E vulkan  : invalid vkGetInstanceProcAddr(VK_NULL_HANDLE, "vkCmdPushDescriptorSetWithTemplateKHR") call
09-10 12:09:29.104  9414  9414 E vulkan  : invalid vkGetInstanceProcAddr(VK_NULL_HANDLE, "vkCreateRenderPass2KHR") call
09-10 12:09:29.104  9414  9414 E vulkan  : invalid vkGetInstanceProcAddr(VK_NULL_HANDLE, "vkCmdBeginRenderPass2KHR") call
09-10 12:09:29.104  9414  9414 E vulkan  : invalid vkGetInstanceProcAddr(VK_NULL_HANDLE, "vkCmdNextSubpass2KHR") call
09-10 12:09:29.104  9414  9414 E vulkan  : invalid vkGetInstanceProcAddr(VK_NULL_HANDLE, "vkCmdEndRenderPass2KHR") call
09-10 12:09:29.104  9414  9414 E vulkan  : invalid vkGetInstanceProcAddr(VK_NULL_HANDLE, "vkGetPhysicalDeviceExternalFencePropertiesKHR") call
09-10 12:09:29.104  9414  9414 E vulkan  : invalid vkGetInstanceProcAddr(VK_NULL_HANDLE, "vkImportFenceFdKHR") call
09-10 12:09:29.104  9414  9414 E vulkan  : invalid vkGetInstanceProcAddr(VK_NULL_HANDLE, "vkGetFenceFdKHR") call
09-10 12:09:29.104  9414  9414 E vulkan  : invalid vkGetInstanceProcAddr(VK_NULL_HANDLE, "vkGetImageMemoryRequirements2KHR") call
09-10 12:09:29.104  9414  9414 E vulkan  : invalid vkGetInstanceProcAddr(VK_NULL_HANDLE, "vkGetBufferMemoryRequirements2KHR") call
09-10 12:09:29.104  9414  9414 E vulkan  : invalid vkGetInstanceProcAddr(VK_NULL_HANDLE, "vkGetImageSparseMemoryRequirements2KHR") call
09-10 12:09:29.104  9414  9414 E vulkan  : invalid vkGetInstanceProcAddr(VK_NULL_HANDLE, "vkCreateSamplerYcbcrConversionKHR") call
09-10 12:09:29.104  9414  9414 E vulkan  : invalid vkGetInstanceProcAddr(VK_NULL_HANDLE, "vkDestroySamplerYcbcrConversionKHR") call
09-10 12:09:29.104  9414  9414 E vulkan  : invalid vkGetInstanceProcAddr(VK_NULL_HANDLE, "vkBindBufferMemory2KHR") call
09-10 12:09:29.104  9414  9414 E vulkan  : invalid vkGetInstanceProcAddr(VK_NULL_HANDLE, "vkBindImageMemory2KHR") call
09-10 12:09:29.104  9414  9414 E vulkan  : invalid vkGetInstanceProcAddr(VK_NULL_HANDLE, "vkGetDescriptorSetLayoutSupportKHR") call
09-10 12:09:29.104  9414  9414 E vulkan  : invalid vkGetInstanceProcAddr(VK_NULL_HANDLE, "vkGetBufferDeviceAddressKHR") call
09-10 12:09:29.104  9414  9414 E vulkan  : invalid vkGetInstanceProcAddr(VK_NULL_HANDLE, "vkGetBufferOpaqueCaptureAddressKHR") call
09-10 12:09:29.104  9414  9414 E vulkan  : invalid vkGetInstanceProcAddr(VK_NULL_HANDLE, "vkGetDeviceMemoryOpaqueCaptureAddressKHR") call
09-10 12:09:29.104  9414  9414 E vulkan  : invalid vkGetInstanceProcAddr(VK_NULL_HANDLE, "vkGetPipelineExecutablePropertiesKHR") call
09-10 12:09:29.104  9414  9414 E vulkan  : invalid vkGetInstanceProcAddr(VK_NULL_HANDLE, "vkGetPipelineExecutableStatisticsKHR") call
09-10 12:09:29.104  9414  9414 E vulkan  : invalid vkGetInstanceProcAddr(VK_NULL_HANDLE, "vkGetPipelineExecutableInternalRepresentationsKHR") call
09-10 12:09:29.104  9414  9414 E vulkan  : invalid vkGetInstanceProcAddr(VK_NULL_HANDLE, "vkCmdSetEvent2KHR") call
09-10 12:09:29.104  9414  9414 E vulkan  : invalid vkGetInstanceProcAddr(VK_NULL_HANDLE, "vkCmdResetEvent2KHR") call
09-10 12:09:29.104  9414  9414 E vulkan  : invalid vkGetInstanceProcAddr(VK_NULL_HANDLE, "vkCmdWaitEvents2KHR") call
09-10 12:09:29.104  9414  9414 E vulkan  : invalid vkGetInstanceProcAddr(VK_NULL_HANDLE, "vkCmdPipelineBarrier2KHR") call
09-10 12:09:29.104  9414  9414 E vulkan  : invalid vkGetInstanceProcAddr(VK_NULL_HANDLE, "vkCmdWriteTimestamp2KHR") call
09-10 12:09:29.104  9414  9414 E vulkan  : invalid vkGetInstanceProcAddr(VK_NULL_HANDLE, "vkQueueSubmit2KHR") call
09-10 12:09:29.104  9414  9414 E vulkan  : invalid vkGetInstanceProcAddr(VK_NULL_HANDLE, "vkCmdCopyBuffer2KHR") call
09-10 12:09:29.104  9414  9414 E vulkan  : invalid vkGetInstanceProcAddr(VK_NULL_HANDLE, "vkCmdCopyImage2KHR") call
09-10 12:09:29.104  9414  9414 E vulkan  : invalid vkGetInstanceProcAddr(VK_NULL_HANDLE, "vkCmdCopyBufferToImage2KHR") call
09-10 12:09:29.104  9414  9414 E vulkan  : invalid vkGetInstanceProcAddr(VK_NULL_HANDLE, "vkCmdCopyImageToBuffer2KHR") call
09-10 12:09:29.104  9414  9414 E vulkan  : invalid vkGetInstanceProcAddr(VK_NULL_HANDLE, "vkCmdBlitImage2KHR") call
09-10 12:09:29.104  9414  9414 E vulkan  : invalid vkGetInstanceProcAddr(VK_NULL_HANDLE, "vkCmdResolveImage2KHR") call
09-10 12:09:29.104  9414  9414 E vulkan  : invalid vkGetInstanceProcAddr(VK_NULL_HANDLE, "vkGetDeviceBufferMemoryRequirementsKHR") call
09-10 12:09:29.104  9414  9414 E vulkan  : invalid vkGetInstanceProcAddr(VK_NULL_HANDLE, "vkGetDeviceImageMemoryRequirementsKHR") call
09-10 12:09:29.104  9414  9414 E vulkan  : invalid vkGetInstanceProcAddr(VK_NULL_HANDLE, "vkGetDeviceImageSparseMemoryRequirementsKHR") call
09-10 12:09:29.104  9414  9414 E vulkan  : invalid vkGetInstanceProcAddr(VK_NULL_HANDLE, "vkCmdBindIndexBuffer2KHR") call
09-10 12:09:29.105  9414  9414 E vulkan  : invalid vkGetInstanceProcAddr(VK_NULL_HANDLE, "vkGetRenderingAreaGranularityKHR") call
09-10 12:09:29.105  9414  9414 E vulkan  : invalid vkGetInstanceProcAddr(VK_NULL_HANDLE, "vkGetDeviceImageSubresourceLayoutKHR") call
09-10 12:09:29.105  9414  9414 E vulkan  : invalid vkGetInstanceProcAddr(VK_NULL_HANDLE, "vkGetImageSubresourceLayout2KHR") call
09-10 12:09:29.105  9414  9414 E vulkan  : invalid vkGetInstanceProcAddr(VK_NULL_HANDLE, "vkReleaseSwapchainImagesKHR") call
09-10 12:09:29.105  9414  9414 E vulkan  : invalid vkGetInstanceProcAddr(VK_NULL_HANDLE, "vkCmdSetLineStippleKHR") call
09-10 12:09:29.105  9414  9414 E vulkan  : invalid vkGetInstanceProcAddr(VK_NULL_HANDLE, "vkCmdBindDescriptorSets2KHR") call
09-10 12:09:29.105  9414  9414 E vulkan  : invalid vkGetInstanceProcAddr(VK_NULL_HANDLE, "vkCmdPushConstants2KHR") call
09-10 12:09:29.105  9414  9414 E vulkan  : invalid vkGetInstanceProcAddr(VK_NULL_HANDLE, "vkCmdPushDescriptorSet2KHR") call
09-10 12:09:29.105  9414  9414 E vulkan  : invalid vkGetInstanceProcAddr(VK_NULL_HANDLE, "vkCmdPushDescriptorSetWithTemplate2KHR") call
09-10 12:09:29.105  9414  9414 E vulkan  : invalid vkGetInstanceProcAddr(VK_NULL_HANDLE, "vkCmdSetDescriptorBufferOffsets2EXT") call
09-10 12:09:29.105  9414  9414 E vulkan  : invalid vkGetInstanceProcAddr(VK_NULL_HANDLE, "vkCmdBindDescriptorBufferEmbeddedSamplers2EXT") call
09-10 12:09:29.105  9414  9414 E vulkan  : invalid vkGetInstanceProcAddr(VK_NULL_HANDLE, "vkGetSwapchainGrallocUsageANDROID") call
09-10 12:09:29.105  9414  9414 E vulkan  : invalid vkGetInstanceProcAddr(VK_NULL_HANDLE, "vkAcquireImageANDROID") call
09-10 12:09:29.105  9414  9414 E vulkan  : invalid vkGetInstanceProcAddr(VK_NULL_HANDLE, "vkQueueSignalReleaseImageANDROID") call
09-10 12:09:29.105  9414  9414 E vulkan  : invalid vkGetInstanceProcAddr(VK_NULL_HANDLE, "vkGetSwapchainGrallocUsage2ANDROID") call
09-10 12:09:29.105  9414  9414 E vulkan  : invalid vkGetInstanceProcAddr(VK_NULL_HANDLE, "vkCmdBindTransformFeedbackBuffersEXT") call
09-10 12:09:29.105  9414  9414 E vulkan  : invalid vkGetInstanceProcAddr(VK_NULL_HANDLE, "vkCmdBeginTransformFeedbackEXT") call
09-10 12:09:29.105  9414  9414 E vulkan  : invalid vkGetInstanceProcAddr(VK_NULL_HANDLE, "vkCmdEndTransformFeedbackEXT") call
09-10 12:09:29.105  9414  9414 E vulkan  : invalid vkGetInstanceProcAddr(VK_NULL_HANDLE, "vkCmdBeginQueryIndexedEXT") call
09-10 12:09:29.105  9414  9414 E vulkan  : invalid vkGetInstanceProcAddr(VK_NULL_HANDLE, "vkCmdEndQueryIndexedEXT") call
09-10 12:09:29.105  9414  9414 E vulkan  : invalid vkGetInstanceProcAddr(VK_NULL_HANDLE, "vkCmdDrawIndirectByteCountEXT") call
09-10 12:09:29.105  9414  9414 E vulkan  : invalid vkGetInstanceProcAddr(VK_NULL_HANDLE, "vkSetDebugUtilsObjectNameEXT") call
09-10 12:09:29.105  9414  9414 E vulkan  : invalid vkGetInstanceProcAddr(VK_NULL_HANDLE, "vkSetDebugUtilsObjectTagEXT") call
09-10 12:09:29.105  9414  9414 E vulkan  : invalid vkGetInstanceProcAddr(VK_NULL_HANDLE, "vkQueueBeginDebugUtilsLabelEXT") call
09-10 12:09:29.105  9414  9414 E vulkan  : invalid vkGetInstanceProcAddr(VK_NULL_HANDLE, "vkQueueEndDebugUtilsLabelEXT") call
09-10 12:09:29.105  9414  9414 E vulkan  : invalid vkGetInstanceProcAddr(VK_NULL_HANDLE, "vkQueueInsertDebugUtilsLabelEXT") call
09-10 12:09:29.105  9414  9414 E vulkan  : invalid vkGetInstanceProcAddr(VK_NULL_HANDLE, "vkCmdBeginDebugUtilsLabelEXT") call
09-10 12:09:29.105  9414  9414 E vulkan  : invalid vkGetInstanceProcAddr(VK_NULL_HANDLE, "vkCmdEndDebugUtilsLabelEXT") call
09-10 12:09:29.105  9414  9414 E vulkan  : invalid vkGetInstanceProcAddr(VK_NULL_HANDLE, "vkCmdInsertDebugUtilsLabelEXT") call
09-10 12:09:29.105  9414  9414 E vulkan  : invalid vkGetInstanceProcAddr(VK_NULL_HANDLE, "vkGetImageDrmFormatModifierPropertiesEXT") call
09-10 12:09:29.105  9414  9414 E vulkan  : invalid vkGetInstanceProcAddr(VK_NULL_HANDLE, "vkGetMemoryHostPointerPropertiesEXT") call
09-10 12:09:29.105  9414  9414 E vulkan  : invalid vkGetInstanceProcAddr(VK_NULL_HANDLE, "vkCmdSetCheckpointNV") call
09-10 12:09:29.105  9414  9414 E vulkan  : invalid vkGetInstanceProcAddr(VK_NULL_HANDLE, "vkGetQueueCheckpointDataNV") call
09-10 12:09:29.105  9414  9414 E vulkan  : invalid vkGetInstanceProcAddr(VK_NULL_HANDLE, "vkGetQueueCheckpointData2NV") call
09-10 12:09:29.105  9414  9414 E vulkan  : invalid vkGetInstanceProcAddr(VK_NULL_HANDLE, "vkGetPhysicalDeviceToolPropertiesEXT") call
09-10 12:09:29.105  9414  9414 E vulkan  : invalid vkGetInstanceProcAddr(VK_NULL_HANDLE, "vkCmdSetLineStippleEXT") call
09-10 12:09:29.105  9414  9414 E vulkan  : invalid vkGetInstanceProcAddr(VK_NULL_HANDLE, "vkCmdSetCullModeEXT") call
09-10 12:09:29.105  9414  9414 E vulkan  : invalid vkGetInstanceProcAddr(VK_NULL_HANDLE, "vkCmdSetFrontFaceEXT") call
09-10 12:09:29.105  9414  9414 E vulkan  : invalid vkGetInstanceProcAddr(VK_NULL_HANDLE, "vkCmdSetPrimitiveTopologyEXT") call
09-10 12:09:29.105  9414  9414 E vulkan  : invalid vkGetInstanceProcAddr(VK_NULL_HANDLE, "vkCmdSetViewportWithCountEXT") call
09-10 12:09:29.105  9414  9414 E vulkan  : invalid vkGetInstanceProcAddr(VK_NULL_HANDLE, "vkCmdSetScissorWithCountEXT") call
09-10 12:09:29.105  9414  9414 E vulkan  : invalid vkGetInstanceProcAddr(VK_NULL_HANDLE, "vkCmdBindVertexBuffers2EXT") call
09-10 12:09:29.105  9414  9414 E vulkan  : invalid vkGetInstanceProcAddr(VK_NULL_HANDLE, "vkCmdSetDepthTestEnableEXT") call
09-10 12:09:29.105  9414  9414 E vulkan  : invalid vkGetInstanceProcAddr(VK_NULL_HANDLE, "vkCmdSetDepthWriteEnableEXT") call
09-10 12:09:29.105  9414  9414 E vulkan  : invalid vkGetInstanceProcAddr(VK_NULL_HANDLE, "vkCmdSetDepthCompareOpEXT") call
09-10 12:09:29.105  9414  9414 E vulkan  : invalid vkGetInstanceProcAddr(VK_NULL_HANDLE, "vkCmdSetDepthBoundsTestEnableEXT") call
09-10 12:09:29.105  9414  9414 E vulkan  : invalid vkGetInstanceProcAddr(VK_NULL_HANDLE, "vkCmdSetStencilTestEnableEXT") call
09-10 12:09:29.105  9414  9414 E vulkan  : invalid vkGetInstanceProcAddr(VK_NULL_HANDLE, "vkCmdSetStencilOpEXT") call
09-10 12:09:29.105  9414  9414 E vulkan  : invalid vkGetInstanceProcAddr(VK_NULL_HANDLE, "vkCopyMemoryToImageEXT") call
09-10 12:09:29.105  9414  9414 E vulkan  : invalid vkGetInstanceProcAddr(VK_NULL_HANDLE, "vkCopyImageToMemoryEXT") call
09-10 12:09:29.105  9414  9414 E vulkan  : invalid vkGetInstanceProcAddr(VK_NULL_HANDLE, "vkCopyImageToImageEXT") call
09-10 12:09:29.105  9414  9414 E vulkan  : invalid vkGetInstanceProcAddr(VK_NULL_HANDLE, "vkTransitionImageLayoutEXT") call
09-10 12:09:29.105  9414  9414 E vulkan  : invalid vkGetInstanceProcAddr(VK_NULL_HANDLE, "vkGetImageSubresourceLayout2EXT") call
09-10 12:09:29.105  9414  9414 E vulkan  : invalid vkGetInstanceProcAddr(VK_NULL_HANDLE, "vkReleaseSwapchainImagesEXT") call
09-10 12:09:29.105  9414  9414 E vulkan  : invalid vkGetInstanceProcAddr(VK_NULL_HANDLE, "vkCreatePrivateDataSlotEXT") call
09-10 12:09:29.105  9414  9414 E vulkan  : invalid vkGetInstanceProcAddr(VK_NULL_HANDLE, "vkDestroyPrivateDataSlotEXT") call
09-10 12:09:29.105  9414  9414 E vulkan  : invalid vkGetInstanceProcAddr(VK_NULL_HANDLE, "vkSetPrivateDataEXT") call
09-10 12:09:29.105  9414  9414 E vulkan  : invalid vkGetInstanceProcAddr(VK_NULL_HANDLE, "vkGetPrivateDataEXT") call
09-10 12:09:29.105  9414  9414 E vulkan  : invalid vkGetInstanceProcAddr(VK_NULL_HANDLE, "vkCmdSetPatchControlPointsEXT") call
09-10 12:09:29.105  9414  9414 E vulkan  : invalid vkGetInstanceProcAddr(VK_NULL_HANDLE, "vkCmdSetRasterizerDiscardEnableEXT") call
09-10 12:09:29.105  9414  9414 E vulkan  : invalid vkGetInstanceProcAddr(VK_NULL_HANDLE, "vkCmdSetDepthBiasEnableEXT") call
09-10 12:09:29.105  9414  9414 E vulkan  : invalid vkGetInstanceProcAddr(VK_NULL_HANDLE, "vkCmdSetLogicOpEXT") call
09-10 12:09:29.105  9414  9414 E vulkan  : invalid vkGetInstanceProcAddr(VK_NULL_HANDLE, "vkCmdSetPrimitiveRestartEnableEXT") call
09-10 12:09:29.105  9414  9414 E vulkan  : invalid vkGetInstanceProcAddr(VK_NULL_HANDLE, "vkCmdSetColorWriteEnableEXT") call
09-10 12:09:29.105  9414  9414 E vulkan  : invalid vkGetInstanceProcAddr(VK_NULL_HANDLE, "vkMapMemoryIntoAddressSpaceGOOGLE") call
09-10 12:09:29.105  9414  9414 E vulkan  : invalid vkGetInstanceProcAddr(VK_NULL_HANDLE, "vkUpdateDescriptorSetWithTemplateSizedGOOGLE") call
09-10 12:09:29.105  9414  9414 E vulkan  : invalid vkGetInstanceProcAddr(VK_NULL_HANDLE, "vkBeginCommandBufferAsyncGOOGLE") call
09-10 12:09:29.105  9414  9414 E vulkan  : invalid vkGetInstanceProcAddr(VK_NULL_HANDLE, "vkEndCommandBufferAsyncGOOGLE") call
09-10 12:09:29.105  9414  9414 E vulkan  : invalid vkGetInstanceProcAddr(VK_NULL_HANDLE, "vkResetCommandBufferAsyncGOOGLE") call
09-10 12:09:29.105  9414  9414 E vulkan  : invalid vkGetInstanceProcAddr(VK_NULL_HANDLE, "vkCommandBufferHostSyncGOOGLE") call
09-10 12:09:29.105  9414  9414 E vulkan  : invalid vkGetInstanceProcAddr(VK_NULL_HANDLE, "vkCreateImageWithRequirementsGOOGLE") call
09-10 12:09:29.105  9414  9414 E vulkan  : invalid vkGetInstanceProcAddr(VK_NULL_HANDLE, "vkCreateBufferWithRequirementsGOOGLE") call
09-10 12:09:29.105  9414  9414 E vulkan  : invalid vkGetInstanceProcAddr(VK_NULL_HANDLE, "vkGetMemoryHostAddressInfoGOOGLE") call
09-10 12:09:29.105  9414  9414 E vulkan  : invalid vkGetInstanceProcAddr(VK_NULL_HANDLE, "vkFreeMemorySyncGOOGLE") call
09-10 12:09:29.105  9414  9414 E vulkan  : invalid vkGetInstanceProcAddr(VK_NULL_HANDLE, "vkQueueHostSyncGOOGLE") call
09-10 12:09:29.105  9414  9414 E vulkan  : invalid vkGetInstanceProcAddr(VK_NULL_HANDLE, "vkQueueSubmitAsyncGOOGLE") call
09-10 12:09:29.105  9414  9414 E vulkan  : invalid vkGetInstanceProcAddr(VK_NULL_HANDLE, "vkQueueWaitIdleAsyncGOOGLE") call
09-10 12:09:29.105  1596  1596 D AOC     : A3:MSG: tmd3719_device.cc, 4525: USF: TMD3719: dbv:415 leakage:0.000000 refresh_rate:60 status:1 op_hz:120 [1]
09-10 12:09:29.105  9414  9414 E vulkan  : invalid vkGetInstanceProcAddr(VK_NULL_HANDLE, "vkQueueBindSparseAsyncGOOGLE") call
09-10 12:09:29.105  9414  9414 E vulkan  : invalid vkGetInstanceProcAddr(VK_NULL_HANDLE, "vkGetLinearImageLayoutGOOGLE") call
09-10 12:09:29.105  9414  9414 E vulkan  : invalid vkGetInstanceProcAddr(VK_NULL_HANDLE, "vkGetLinearImageLayout2GOOGLE") call
09-10 12:09:29.105  9414  9414 E vulkan  : invalid vkGetInstanceProcAddr(VK_NULL_HANDLE, "vkQueueFlushCommandsGOOGLE") call
09-10 12:09:29.105  9414  9414 E vulkan  : invalid vkGetInstanceProcAddr(VK_NULL_HANDLE, "vkQueueCommitDescriptorSetUpdatesGOOGLE") call
09-10 12:09:29.105  9414  9414 E vulkan  : invalid vkGetInstanceProcAddr(VK_NULL_HANDLE, "vkCollectDescriptorPoolIdsGOOGLE") call
09-10 12:09:29.105  9414  9414 E vulkan  : invalid vkGetInstanceProcAddr(VK_NULL_HANDLE, "vkQueueSignalReleaseImageANDROIDAsyncGOOGLE") call
09-10 12:09:29.105  9414  9414 E vulkan  : invalid vkGetInstanceProcAddr(VK_NULL_HANDLE, "vkQueueFlushCommandsFromAuxMemoryGOOGLE") call
09-10 12:09:29.105  9414  9414 E vulkan  : invalid vkGetInstanceProcAddr(VK_NULL_HANDLE, "vkGetBlobGOOGLE") call
09-10 12:09:29.105  9414  9414 E vulkan  : invalid vkGetInstanceProcAddr(VK_NULL_HANDLE, "vkUpdateDescriptorSetWithTemplateSized2GOOGLE") call
09-10 12:09:29.105  9414  9414 E vulkan  : invalid vkGetInstanceProcAddr(VK_NULL_HANDLE, "vkQueueSubmitAsync2GOOGLE") call
09-10 12:09:29.105  9414  9414 E vulkan  : invalid vkGetInstanceProcAddr(VK_NULL_HANDLE, "vkGetSemaphoreGOOGLE") call
09-10 12:09:29.105  9414  9414 E vulkan  : invalid vkGetInstanceProcAddr(VK_NULL_HANDLE, "vkTraceAsyncGOOGLE") call
09-10 12:09:29.105  9414  9414 E vulkan  : invalid vkGetInstanceProcAddr(VK_NULL_HANDLE, "vkSetDebugMetadataAsyncGOOGLE") call
09-10 12:09:29.105  9414  9414 E vulkan  : invalid vkGetInstanceProcAddr(VK_NULL_HANDLE, "vkCmdTraceRaysKHR") call
09-10 12:09:29.105  9414  9414 E vulkan  : invalid vkGetInstanceProcAddr(VK_NULL_HANDLE, "vkCreateRayTracingPipelinesKHR") call
09-10 12:09:29.105  9414  9414 E vulkan  : invalid vkGetInstanceProcAddr(VK_NULL_HANDLE, "vkGetRayTracingShaderGroupHandlesKHR") call
09-10 12:09:29.106  9414  9414 E vulkan  : invalid vkGetInstanceProcAddr(VK_NULL_HANDLE, "vkGetRayTracingCaptureReplayShaderGroupHandlesKHR") call
09-10 12:09:29.106  9414  9414 E vulkan  : invalid vkGetInstanceProcAddr(VK_NULL_HANDLE, "vkCmdTraceRaysIndirectKHR") call
09-10 12:09:29.106  9414  9414 E vulkan  : invalid vkGetInstanceProcAddr(VK_NULL_HANDLE, "vkGetRayTracingShaderGroupStackSizeKHR") call
09-10 12:09:29.106  9414  9414 E vulkan  : invalid vkGetInstanceProcAddr(VK_NULL_HANDLE, "vkCmdSetRayTracingPipelineStackSizeKHR") call
09-10 12:09:29.108  9953  9953 I HidDeviceService: unregisterAppUid(): uid=10130
09-10 12:09:29.108  9953  9953 W HidDeviceService: unregisterAppUid(): caller UID doesn't match user UID
09-10 12:09:29.110  1821  2467 E ConsumerBase: [ImageReader-864x1920f1m1-1821-57] abandonLocked: ConsumerBase is abandoned!
09-10 12:09:29.121   542   600 I hwc-display: path=sysfs, id=0, level=438, nits=191.698792, brightness=0.131604, DimmingOn=1, Hbm=0, LhbmOn=0, OpRate=0
09-10 12:09:29.135 13178 13533 I PlayCommon: [96] Successfully uploaded logs.
09-10 12:09:29.137   542   600 I hwc-display: path=sysfs, id=0, level=462, nits=191.698792, brightness=0.138931, DimmingOn=1, Hbm=0, LhbmOn=0, OpRate=0
09-10 12:09:29.142  3155  8250 I WifiPickerTracker: Scanning stopped
09-10 12:09:29.142  3155  3155 V WifiManager: removeWifiVerboseLoggingStatusChangedListener: listener=com.android.wifitrackerlib.BaseWifiTracker$$ExternalSyntheticLambda0@d2bc736
09-10 12:09:29.146  3155  3155 I SharedConnectivityManager: unregisterCallback: callback=com.android.wifitrackerlib.BaseWifiTracker$5@2a1a90d, service=android.net.wifi.sharedconnectivity.service.ISharedConnectivityService$Stub$Proxy@4943bea
09-10 12:09:29.151  3155  3155 V WifiManager: removeWifiVerboseLoggingStatusChangedListener: listener=com.android.wifitrackerlib.BaseWifiTracker$$ExternalSyntheticLambda0@791d6e3
09-10 12:09:29.152  3155  8249 I WifiPickerTracker: Scanning stopped
09-10 12:09:29.153  3155  3155 I SharedConnectivityManager: unregisterCallback: callback=com.android.wifitrackerlib.BaseWifiTracker$5@7c6ca5e, service=android.net.wifi.sharedconnectivity.service.ISharedConnectivityService$Stub$Proxy@4943bea
09-10 12:09:29.154   542   600 I hwc-display: path=sysfs, id=0, level=488, nits=191.698792, brightness=0.146758, DimmingOn=1, Hbm=0, LhbmOn=0, OpRate=0
09-10 12:09:29.154  3155  3155 I SharedConnectivityManager: unbind
09-10 12:09:29.157  2828  3199 E SatelliteController: unregisterForModemStateChanged: mSatelliteSessionController is not initialized yet
09-10 12:09:29.157  2828  3199 D SatelliteController: unregisterForModemStateChanged: remove Listeners for ModemState
09-10 12:09:29.157  2828  3199 D SatelliteController: evaluateOemSatelliteRequestAllowed: satellite service is not supported
09-10 12:09:29.158  2828  3199 E SatelliteController: unregisterForModemStateChanged: mSatelliteSessionController is not initialized yet
09-10 12:09:29.158  2828  3199 D SatelliteController: unregisterForModemStateChanged: remove Listeners for ModemState
09-10 12:09:29.158  2828  3199 D SatelliteController: evaluateOemSatelliteRequestAllowed: satellite service is not supported
09-10 12:09:29.159  3155  3155 D MobileNetworkRepository: removeRegister done
09-10 12:09:29.171   542   600 I hwc-display: path=sysfs, id=0, level=515, nits=191.698792, brightness=0.155115, DimmingOn=1, Hbm=0, LhbmOn=0, OpRate=0
09-10 12:09:29.187   542   600 I hwc-display: path=sysfs, id=0, level=545, nits=191.698792, brightness=0.164042, DimmingOn=1, Hbm=0, LhbmOn=0, OpRate=0
09-10 12:09:29.201  9414  9414 E GFXSTREAM: [vk_common_operations.cpp(1006)] Warning: Vulkan 1.0 APIs missing from instance
09-10 12:09:29.201  9414  9414 I GFXSTREAM: [vk_common_operations.cpp(1378)] Selecting Vulkan device: Mali-G78, Version: 1.4.305
09-10 12:09:29.201  9414  9414 I GFXSTREAM: [vk_common_operations.cpp(1382)] Using Vulkan externalMemoryMode: AndroidAHB for VkEmulation
09-10 12:09:29.204   542   600 I hwc-display: path=sysfs, id=0, level=576, nits=191.698792, brightness=0.173573, DimmingOn=1, Hbm=0, LhbmOn=0, OpRate=0
09-10 12:09:29.215  9310  9314 I oder.udroid.dev: Compiler allocated 5305KB to compile void android.view.ViewRootImpl.performTraversals(long)
09-10 12:09:29.220  9414  9414 I GFXSTREAM: [vk_common_operations.cpp(1724)] Initializing VkEmulation features:
09-10 12:09:29.220  9414  9414 I GFXSTREAM: [vk_common_operations.cpp(1726)]     glInteropSupported: false
09-10 12:09:29.220  9414  9414 I GFXSTREAM: [vk_common_operations.cpp(1727)]     useDeferredCommands: true
09-10 12:09:29.220  9414  9414 I GFXSTREAM: [vk_common_operations.cpp(1729)]     createResourceWithRequirements: true
09-10 12:09:29.220  9414  9414 I GFXSTREAM: [vk_common_operations.cpp(1731)]     useVulkanComposition: true
09-10 12:09:29.220  9414  9414 I GFXSTREAM: [vk_common_operations.cpp(1733)]     useVulkanNativeSwapchain: false
09-10 12:09:29.220  9414  9414 I GFXSTREAM: [vk_common_operations.cpp(1734)]     enable guestRenderDoc: false
09-10 12:09:29.220  9414  9414 I GFXSTREAM: [vk_common_operations.cpp(1736)]     ASTC LDR emulation mode: Gpu
09-10 12:09:29.220  9414  9414 I GFXSTREAM: [vk_common_operations.cpp(1738)]     enable ETC2 emulation: true
09-10 12:09:29.220  9414  9414 I GFXSTREAM: [vk_common_operations.cpp(1740)]     enable Ycbcr emulation: false
09-10 12:09:29.220  9414  9414 I GFXSTREAM: [vk_common_operations.cpp(1741)]     guestVulkanOnly: true
09-10 12:09:29.220  9414  9414 I GFXSTREAM: [vk_common_operations.cpp(1743)]     useDedicatedAllocations: false
09-10 12:09:29.220  9414  9414 I GFXSTREAM: [vk_common_operations.cpp(1747)]     guestVulkanMaxApiVersion: 1.4.0
09-10 12:09:29.220  9414  9414 I GFXSTREAM: [vk_common_operations.cpp(1749)]     enableProtectedMemoryEmulation: false
09-10 12:09:29.221   542   600 I hwc-display: path=sysfs, id=0, level=609, nits=191.698792, brightness=0.183752, DimmingOn=1, Hbm=0, LhbmOn=0, OpRate=0
09-10 12:09:29.237   542   600 I hwc-display: path=sysfs, id=0, level=645, nits=191.698792, brightness=0.194626, DimmingOn=1, Hbm=0, LhbmOn=0, OpRate=0
09-10 12:09:29.254   542   600 I hwc-display: path=sysfs, id=0, level=684, nits=191.698792, brightness=0.206235, DimmingOn=1, Hbm=0, LhbmOn=0, OpRate=0
09-10 12:09:29.271   542   600 I hwc-display: path=sysfs, id=0, level=724, nits=191.698792, brightness=0.218635, DimmingOn=1, Hbm=0, LhbmOn=0, OpRate=0
09-10 12:09:29.286  2905  2922 I FontLog : (REDACTED) Received query %s, URI %s
09-10 12:09:29.287   542   600 I hwc-display: path=sysfs, id=0, level=768, nits=191.698792, brightness=0.231879, DimmingOn=1, Hbm=0, LhbmOn=0, OpRate=0
09-10 12:09:29.288  2905  2922 I FontLog : (REDACTED) Query [%s] resolved to %s
09-10 12:09:29.294  2905  2922 I FontLog : (REDACTED) Fetch %s end status %s
09-10 12:09:29.297  2905  2922 I FontLog : (REDACTED) Pulling font file for id = %d, cache size = %d
09-10 12:09:29.304   542   600 I hwc-display: path=sysfs, id=0, level=782, nits=191.698792, brightness=0.236171, DimmingOn=1, Hbm=0, LhbmOn=0, OpRate=0
09-10 12:09:29.309  2905  2922 I FontLog : (REDACTED) Pulling font file for id = %d, cache size = %d
09-10 12:09:29.454  9414  9414 E GFXSTREAM: [compositor_vk.cpp(1093)] Failed to find memory type for creating buffer.
09-10 12:09:29.457  9414  9414 I GFXSTREAM: [compositor_vk.cpp(172)] Created CompositorVk
09-10 12:09:29.459  9414  9414 W libbinder.BackendUnifiedServiceManager: Thread Pool max thread count is 0. Cannot cache binder as linkToDeath cannot be implemented. serviceName: android.hardware.graphics.allocator.IAllocator/default
09-10 12:09:29.460  9414  9414 W libbinder.BackendUnifiedServiceManager: Thread Pool max thread count is 0. Cannot cache binder as linkToDeath cannot be implemented. serviceName: android.hardware.graphics.allocator.IAllocator/default
09-10 12:09:29.463  9414  9414 I GFXSTREAM: [frame_buffer.cpp(1433)] Graphics Adapter Vendor N/A
09-10 12:09:29.463  9414  9414 I GFXSTREAM: [frame_buffer.cpp(1434)] Graphics Adapter N/A
09-10 12:09:29.463  9414  9414 I GFXSTREAM: [frame_buffer.cpp(1435)] Graphics API Version N/A
09-10 12:09:29.463  9414  9414 I GFXSTREAM: [frame_buffer.cpp(1436)] Graphics API Extensions N/A
09-10 12:09:29.463  9414  9414 I GFXSTREAM: [frame_buffer.cpp(1437)] Graphics Device Extensions N/A
09-10 12:09:29.466  9414  9414 I GFXSTREAM: [virtio_gpu_gfxstream_renderer.cpp(892)] Gfxstream initialized successfully!
09-10 12:09:29.493  3981  3993 I ffad    : (REDACTED) HDM. appOpsListener %s %s
09-10 12:09:29.493  3981  3993 I ffad    : (REDACTED) HDM. Ignoring irrelevant audio permission changes for package %s
09-10 12:09:29.511  7768  8119 E msys    : E[N WA]_WAJMNSStreamImplOnMNSFailure(298)=>[LogLevel:I] WAJMNSStream/impl/callback/onMNSFailure/p=0xb40000792808f4d0 (error=SO_ERROR: Connection refused)
09-10 12:09:29.511  7768  8119 E msys    : E[N WA]_WAJMNSStreamImplCreateConnectionReport(202)=>[LogLevel:I] WAJMNSStream/impl/report port=443, connectedIPVersion=0, resolvedIPAddressCount=2, dnsResolutionStartTimeMS=38107171, dnsResolutionEndTimeMS=38107171, dnsCacheHit=Yes, connectStartTimeMS=38107171, connectEndTimeMS=38108190, proxyConnectStartTimeMS=0, proxyConnectEndTimeMS=0
09-10 12:09:29.511  7768  8119 E msys    : E[N WA]_WAJMNSStreamImplUpdateStreamState(238)=>[LogLevel:I] WAJMNSStream/impl/state-changed/p=0xb40000792808f4d0 (connecting=>disconnected)
09-10 12:09:29.513  7768  8083 E msys    : E[N WA]WAJMNSStreamImplForceDisconnectSync(586)=>[LogLevel:W] WAJMNSStream/impl/disconnect/force/p=0xb40000792808f4d0 (bytesSent=0)(bytesRecv=0)
09-10 12:09:29.515  7768  8083 E msys    : E[N WA]_WAJMNSStreamImplMNSTCPStreamCreate(410)=>[LogLevel:I] WAJMNSStream/impl/tcpStreamCreate/MNSStreamRaw/p=0xb4000079280e0cb0
09-10 12:09:29.515  7768  8083 E msys    : E[N WA]WAJMNSStreamImplCreate(485)=>[LogLevel:I] WAJMNSStream/impl/create/p=0xb4000079280e0cb0 (mnsConn=0xb400007987f87a90)
09-10 12:09:29.515  7768  8083 E msys    : E[N WA]_WAJMNSStreamCreateMnsIpsFromIpAddressStrings(98)=>[LogLevel:I] no ip addresses provided, using DNS resolution
09-10 12:09:29.515  7768  8083 E msys    : E[N WA]WAJMNSStreamImplConnect(513)=>[LogLevel:I] WAJMNSStream/impl/connect/p=0xb4000079280e0cb0 (endpoint=g-fallback.whatsapp.net:80)(ipAddressCount=0)
09-10 12:09:29.515  7768  8083 E msys    : E[N WA]_WAJMNSStreamImplUpdateStreamState(238)=>[LogLevel:I] WAJMNSStream/impl/state-changed/p=0xb4000079280e0cb0 (initial=>connecting)
09-10 12:09:29.519  7768  8119 E msys    : E[N mns]_LogError(356)=>Failed to resolve using system DNS resolver, getaddrinfo(): No address associated with hostname
09-10 12:09:29.519  7768  8119 E msys    : E[N mns]_TryFallbackToSecondary(847)=>Falling back to secondary DNS resolver
09-10 12:09:29.544  7768  8119 E msys    : E[N mns]_LogError(356)=>Failed to resolve using secondary DNS resolver, ares error: Could not contact DNS servers, timeouts: 0
09-10 12:09:29.953  2165  2185 I pixel-thermal: VIRTUAL-USB-UI:0 raw data: USB2-MINUS-CHG:-4531 VIRTUAL-USB-UI:0 charger_skin_therm:43426 usb_pwr_therm2:38895 
09-10 12:09:29.954  2165  2185 I pixel-thermal: cellular-emergency:39.6797 raw data: VIRTUAL-SKIN:39679.7 cellular-emergency:39679.7 
09-10 12:09:29.954  2165  2185 I pixel-thermal: VIRTUAL-USB-THROTTLING:0 raw data: USB2-MINUS-CHG:-4531 VIRTUAL-USB-THROTTLING:0 usb_pwr_therm2:38895 
09-10 12:09:29.954  2165  2185 I pixel-thermal: VIRTUAL-SKIN-CPU:39.6797 raw data: VIRTUAL-SKIN:39679.7 VIRTUAL-SKIN-CPU:39679.7 
09-10 12:09:29.954  2165  2185 I pixel-thermal: VIRTUAL-SKIN-CPU power_budget=1321.94 err=1.3203 s_power=800 time_elapsed_ms=7004 p=528.119 i=-6.17836 d=0 dt_per_min=nan compensation=0 budget transient=0 control target=3 excluded power budget=0
09-10 12:09:29.954  2165  2185 I pixel-thermal: VIRTUAL-SKIN-CPU binded power rails: (S4M_VDD_CPUCL0: 149.01 mW)(S2M_VDD_CPUCL2: 378.16 mW)(S3M_VDD_CPUCL1: 111.99 mW)
09-10 12:09:29.954  2165  2185 I pixel-thermal: neutral_therm:37.76 raw data: neutral_therm:37760 
09-10 12:09:29.954  2165  2185 I pixel-thermal: VIRTUAL-SKIN:39.6797 raw data: VIRTUAL-SKIN:39679.7 
09-10 12:09:29.954  2165  2185 I pixel-thermal: VIRTUAL-SKIN-CPU-GPU:39.6797 raw data: VIRTUAL-SKIN:39679.7 VIRTUAL-SKIN-CPU-GPU:39679.7 
09-10 12:09:29.954  2165  2185 I pixel-thermal: VIRTUAL-SKIN-CPU-GPU power_budget=2527.66 err=5.3203 s_power=800 time_elapsed_ms=7004 p=1596.09 i=131.571 d=0 dt_per_min=nan compensation=0 budget transient=0 control target=3 excluded power budget=0
09-10 12:09:29.954  2165  2185 I pixel-thermal: VIRTUAL-SKIN-CPU-GPU binded power rails: (S4M_VDD_CPUCL0: 149.01 mW)(S2M_VDD_CPUCL2: 378.16 mW)(S3M_VDD_CPUCL1: 111.99 mW)(S2S_VDD_G3D: 11.06 mW)
09-10 12:09:29.955  2165  2185 I pixel-thermal: VIRTUAL-SKIN-HINT:39.6797 raw data: VIRTUAL-SKIN:39679.7 VIRTUAL-SKIN-HINT:39679.7 
09-10 12:09:29.955  2165  2185 I pixel-thermal: VIRTUAL-SKIN-CHARGE:39.6797 raw data: VIRTUAL-SKIN:39679.7 VIRTUAL-SKIN-CHARGE:39679.7 
09-10 12:09:29.955  2165  2185 I pixel-thermal: VIRTUAL-SKIN-CHARGE's fcc binded power rail POWER_FOR_CHARGING_THROTTLING: power threshold = 500, avg power = 933.751
09-10 12:09:29.955  2165  2185 I pixel-thermal: Successfully update cdev fcc sysfs to 6
09-10 12:09:30.171  2678  2916 D TemperatureStateSource: sequence=3678 actualDelay=10001
09-10 12:09:30.173  2678  2916 D TemperatureStateSource: Reading temperature: sequence=3679
09-10 12:09:30.176  2165  2165 I pixel-thermal: VIRTUAL-SKIN:39.6797 raw data: VIRTUAL-SKIN:39679.7 
09-10 12:09:30.177  2678  2916 D TemperatureStateSource: getDeviceTemperatures: sequence=3679 deviceTemperatureType=3 temperatureSource=0 temperatures=[39.679703]
09-10 12:09:30.178  2678  2916 D TemperatureStateSource: sequence=3679 waitTime=10000
09-10 12:09:30.178  2678  2778 D ImpulseStateSource: Notify clients: 3698
09-10 12:09:30.202  1821  2297 D ActivityManager: freezing 27193 com.google.android.apps.turbo
09-10 12:09:30.215  1821  2400 D InetDiagMessage: Destroyed 0 sockets, proto=IPPROTO_TCP, family=AF_INET, states=14
09-10 12:09:30.219  1821  2400 D InetDiagMessage: Destroyed 0 sockets, proto=IPPROTO_TCP, family=AF_INET6, states=14
09-10 12:09:30.219  1821  2400 D InetDiagMessage: Destroyed live tcp sockets for uids={10180} in 7ms
09-10 12:09:30.536  7768  8119 E msys    : E[N WA]_WAJMNSStreamImplOnMNSFailure(298)=>[LogLevel:I] WAJMNSStream/impl/callback/onMNSFailure/p=0xb4000079280e0cb0 (error=SO_ERROR: Connection refused)
09-10 12:09:30.536  7768  8119 E msys    : E[N WA]_WAJMNSStreamImplCreateConnectionReport(202)=>[LogLevel:I] WAJMNSStream/impl/report port=80, connectedIPVersion=0, resolvedIPAddressCount=2, dnsResolutionStartTimeMS=38108194, dnsResolutionEndTimeMS=38108194, dnsCacheHit=Yes, connectStartTimeMS=38108194, connectEndTimeMS=38109214, proxyConnectStartTimeMS=0, proxyConnectEndTimeMS=0
09-10 12:09:30.536  7768  8119 E msys    : E[N WA]_WAJMNSStreamImplUpdateStreamState(238)=>[LogLevel:I] WAJMNSStream/impl/state-changed/p=0xb4000079280e0cb0 (connecting=>disconnected)
09-10 12:09:30.539  7768  8083 E msys    : E[N WA]WAJMNSStreamImplForceDisconnectSync(586)=>[LogLevel:W] WAJMNSStream/impl/disconnect/force/p=0xb4000079280e0cb0 (bytesSent=0)(bytesRecv=0)
09-10 12:09:30.548  7768  8083 E msys    : E[N WA]_WAJMNSStreamImplMNSTCPStreamCreate(410)=>[LogLevel:I] WAJMNSStream/impl/tcpStreamCreate/MNSStreamRaw/p=0xb400007927fdbb90
09-10 12:09:30.548  7768  8083 E msys    : E[N WA]WAJMNSStreamImplCreate(485)=>[LogLevel:I] WAJMNSStream/impl/create/p=0xb400007927fdbb90 (mnsConn=0xb400007988004ef0)
09-10 12:09:30.550  7768  8083 E msys    : E[N WA]WAJMNSStreamImplConnect(513)=>[LogLevel:I] WAJMNSStream/impl/connect/p=0xb400007927fdbb90 (endpoint=g.whatsapp.net:5222)(ipAddressCount=54)
09-10 12:09:30.550  7768  8083 E msys    : E[N WA]_WAJMNSStreamImplUpdateStreamState(238)=>[LogLevel:I] WAJMNSStream/impl/state-changed/p=0xb400007927fdbb90 (initial=>connecting)
09-10 12:09:30.704 13178 13178 I Finsky  : [2] Memory trim requested to level 40
09-10 12:09:30.706 13178 13178 I Finsky  : [2] Flushing in-memory image cache
09-10 12:09:30.882  2165  2185 I pixel-thermal: usb_pwr_therm2:39.007 raw data: usb_pwr_therm2:39007 
09-10 12:09:31.559  7768  8119 E msys    : E[N WA]_WAJMNSStreamImplOnMNSFailure(298)=>[LogLevel:I] WAJMNSStream/impl/callback/onMNSFailure/p=0xb400007927fdbb90 (error=SO_ERROR: Connection refused)
09-10 12:09:31.560  7768  8119 E msys    : E[N WA]_WAJMNSStreamImplCreateConnectionReport(202)=>[LogLevel:I] WAJMNSStream/impl/report port=5222, connectedIPVersion=0, resolvedIPAddressCount=0, dnsResolutionStartTimeMS=0, dnsResolutionEndTimeMS=0, dnsCacheHit=N/A, connectStartTimeMS=38109230, connectEndTimeMS=38110238, proxyConnectStartTimeMS=0, proxyConnectEndTimeMS=0
09-10 12:09:31.560  7768  8119 E msys    : E[N WA]_WAJMNSStreamImplUpdateStreamState(238)=>[LogLevel:I] WAJMNSStream/impl/state-changed/p=0xb400007927fdbb90 (connecting=>disconnected)
09-10 12:09:31.565  7768  8083 E msys    : E[N WA]WAJMNSStreamImplForceDisconnectSync(586)=>[LogLevel:W] WAJMNSStream/impl/disconnect/force/p=0xb400007927fdbb90 (bytesSent=0)(bytesRecv=0)
09-10 12:09:31.571  7768  8083 E msys    : E[N WA]_WAJMNSStreamImplMNSTCPStreamCreate(410)=>[LogLevel:I] WAJMNSStream/impl/tcpStreamCreate/MNSStreamRaw/p=0xb400007928028ff0
09-10 12:09:31.571  7768  8083 E msys    : E[N WA]WAJMNSStreamImplCreate(485)=>[LogLevel:I] WAJMNSStream/impl/create/p=0xb400007928028ff0 (mnsConn=0xb400007987ffc070)
09-10 12:09:31.572  7768  8083 E msys    : E[N WA]WAJMNSStreamImplConnect(513)=>[LogLevel:I] WAJMNSStream/impl/connect/p=0xb400007928028ff0 (endpoint=g.whatsapp.net:80)(ipAddressCount=54)
09-10 12:09:31.573  7768  8083 E msys    : E[N WA]_WAJMNSStreamImplUpdateStreamState(238)=>[LogLevel:I] WAJMNSStream/impl/state-changed/p=0xb400007928028ff0 (initial=>connecting)
09-10 12:09:32.584  7768  8119 E msys    : E[N WA]_WAJMNSStreamImplOnMNSFailure(298)=>[LogLevel:I] WAJMNSStream/impl/callback/onMNSFailure/p=0xb400007928028ff0 (error=SO_ERROR: Connection refused)
09-10 12:09:32.584  7768  8119 E msys    : E[N WA]_WAJMNSStreamImplCreateConnectionReport(202)=>[LogLevel:I] WAJMNSStream/impl/report port=80, connectedIPVersion=0, resolvedIPAddressCount=0, dnsResolutionStartTimeMS=0, dnsResolutionEndTimeMS=0, dnsCacheHit=N/A, connectStartTimeMS=38110252, connectEndTimeMS=38111262, proxyConnectStartTimeMS=0, proxyConnectEndTimeMS=0
09-10 12:09:32.585  7768  8119 E msys    : E[N WA]_WAJMNSStreamImplUpdateStreamState(238)=>[LogLevel:I] WAJMNSStream/impl/state-changed/p=0xb400007928028ff0 (connecting=>disconnected)
09-10 12:09:32.590  7768  8083 E msys    : E[N WA]WAJMNSStreamImplForceDisconnectSync(586)=>[LogLevel:W] WAJMNSStream/impl/disconnect/force/p=0xb400007928028ff0 (bytesSent=0)(bytesRecv=0)
09-10 12:09:32.596  7768  8083 E msys    : E[N WA]_WAJMNSStreamImplMNSTCPStreamCreate(410)=>[LogLevel:I] WAJMNSStream/impl/tcpStreamCreate/MNSStreamRaw/p=0xb400007927fd7a50
09-10 12:09:32.597  7768  8083 E msys    : E[N WA]WAJMNSStreamImplCreate(485)=>[LogLevel:I] WAJMNSStream/impl/create/p=0xb400007927fd7a50 (mnsConn=0xb4000079880562a0)
09-10 12:09:32.599  7768  8083 E msys    : E[N WA]_WAJMNSStreamCreateMnsIpsFromIpAddressStrings(98)=>[LogLevel:I] no ip addresses provided, using DNS resolution
09-10 12:09:32.599  7768  8083 E msys    : E[N WA]WAJMNSStreamImplConnect(513)=>[LogLevel:I] WAJMNSStream/impl/connect/p=0xb400007927fd7a50 (endpoint=e12.whatsapp.net.:5222)(ipAddressCount=0)
09-10 12:09:32.599  7768  8083 E msys    : E[N WA]_WAJMNSStreamImplUpdateStreamState(238)=>[LogLevel:I] WAJMNSStream/impl/state-changed/p=0xb400007927fd7a50 (initial=>connecting)
09-10 12:09:32.603  7768  8119 E msys    : E[N mns]_LogError(356)=>Failed to resolve using system DNS resolver, getaddrinfo(): No address associated with hostname
09-10 12:09:32.603  7768  8119 E msys    : E[N mns]_TryFallbackToSecondary(847)=>Falling back to secondary DNS resolver
09-10 12:09:32.648  7768  8119 E msys    : E[N mns]_LogError(356)=>Failed to resolve using secondary DNS resolver, ares error: Could not contact DNS servers, timeouts: 0
09-10 12:09:32.648  7768  8119 E msys    : E[N WA]_WAJMNSStreamImplOnMNSFailure(298)=>[LogLevel:I] WAJMNSStream/impl/callback/onMNSFailure/p=0xb400007927fd7a50 (error=ares error: Could not contact DNS servers, timeouts: 0)
09-10 12:09:32.649  7768  8119 E msys    : E[N WA]_WAJMNSStreamImplCreateConnectionReport(202)=>[LogLevel:I] WAJMNSStream/impl/report port=5222, connectedIPVersion=0, resolvedIPAddressCount=0, dnsResolutionStartTimeMS=38111278, dnsResolutionEndTimeMS=38111327, dnsCacheHit=N/A, connectStartTimeMS=0, connectEndTimeMS=0, proxyConnectStartTimeMS=0, proxyConnectEndTimeMS=0
09-10 12:09:32.649  7768  8119 E msys    : E[N WA]_WAJMNSStreamImplUpdateStreamState(238)=>[LogLevel:I] WAJMNSStream/impl/state-changed/p=0xb400007927fd7a50 (connecting=>disconnected)
09-10 12:09:32.651  7768  8083 E msys    : E[N WA]WAJMNSStreamImplForceDisconnectSync(586)=>[LogLevel:W] WAJMNSStream/impl/disconnect/force/p=0xb400007927fd7a50 (bytesSent=0)(bytesRecv=0)
09-10 12:09:32.655  7768  8083 E msys    : E[N WA]_WAJMNSStreamImplMNSTCPStreamCreate(410)=>[LogLevel:I] WAJMNSStream/impl/tcpStreamCreate/MNSStreamRaw/p=0xb400007928101e00
09-10 12:09:32.655  7768  8083 E msys    : E[N WA]WAJMNSStreamImplCreate(485)=>[LogLevel:I] WAJMNSStream/impl/create/p=0xb400007928101e00 (mnsConn=0xb40000798805a8f0)
09-10 12:09:32.655  7768  8083 E msys    : E[N WA]_WAJMNSStreamCreateMnsIpsFromIpAddressStrings(98)=>[LogLevel:I] no ip addresses provided, using DNS resolution
09-10 12:09:32.655  7768  8083 E msys    : E[N WA]WAJMNSStreamImplConnect(513)=>[LogLevel:I] WAJMNSStream/impl/connect/p=0xb400007928101e00 (endpoint=e8.whatsapp.net.:80)(ipAddressCount=0)
09-10 12:09:32.656  7768  8083 E msys    : E[N WA]_WAJMNSStreamImplUpdateStreamState(238)=>[LogLevel:I] WAJMNSStream/impl/state-changed/p=0xb400007928101e00 (initial=>connecting)
09-10 12:09:32.658  7768  8119 E msys    : E[N mns]_LogError(356)=>Failed to resolve using system DNS resolver, getaddrinfo(): No address associated with hostname
09-10 12:09:32.658  7768  8119 E msys    : E[N mns]_TryFallbackToSecondary(847)=>Falling back to secondary DNS resolver
09-10 12:09:32.689  7768  8119 E msys    : E[N mns]_LogError(356)=>Failed to resolve using secondary DNS resolver, ares error: Could not contact DNS servers, timeouts: 0
09-10 12:09:32.689  7768  8119 E msys    : E[N WA]_WAJMNSStreamImplOnMNSFailure(298)=>[LogLevel:I] WAJMNSStream/impl/callback/onMNSFailure/p=0xb400007928101e00 (error=ares error: Could not contact DNS servers, timeouts: 0)
09-10 12:09:32.689  7768  8119 E msys    : E[N WA]_WAJMNSStreamImplCreateConnectionReport(202)=>[LogLevel:I] WAJMNSStream/impl/report port=80, connectedIPVersion=0, resolvedIPAddressCount=0, dnsResolutionStartTimeMS=38111334, dnsResolutionEndTimeMS=38111368, dnsCacheHit=N/A, connectStartTimeMS=0, connectEndTimeMS=0, proxyConnectStartTimeMS=0, proxyConnectEndTimeMS=0
09-10 12:09:32.689  7768  8119 E msys    : E[N WA]_WAJMNSStreamImplUpdateStreamState(238)=>[LogLevel:I] WAJMNSStream/impl/state-changed/p=0xb400007928101e00 (connecting=>disconnected)
09-10 12:09:32.692  7768  8083 E msys    : E[N WA]WAJMNSStreamImplForceDisconnectSync(586)=>[LogLevel:W] WAJMNSStream/impl/disconnect/force/p=0xb400007928101e00 (bytesSent=0)(bytesRecv=0)
09-10 12:09:32.890  2165  2185 I pixel-thermal: usb_pwr_therm2:39.007 raw data: usb_pwr_therm2:39007 
09-10 12:09:33.505  1821  2400 D InetDiagMessage: Destroyed 0 sockets, proto=IPPROTO_TCP, family=AF_INET, states=14
09-10 12:09:33.508  1821  2400 D InetDiagMessage: Destroyed 0 sockets, proto=IPPROTO_TCP, family=AF_INET6, states=14
09-10 12:09:33.508  1821  2400 D InetDiagMessage: Destroyed live tcp sockets for uids={10299} in 6ms
09-10 12:09:33.511  1821  2400 D InetDiagMessage: Destroyed 0 sockets, proto=IPPROTO_TCP, family=AF_INET, states=14
09-10 12:09:33.514  1821  2400 D InetDiagMessage: Destroyed 0 sockets, proto=IPPROTO_TCP, family=AF_INET6, states=14
09-10 12:09:33.514  1821  2400 D InetDiagMessage: Destroyed live tcp sockets for uids={20299} in 5ms
09-10 12:09:34.095  9310  9473 D ProfileInstaller: Installing profile for org.randomcoder.udroid.dev
09-10 12:09:34.464  2905  8937 I NearbyMediums: No BLE Fast/GATT advertisements found in the latest cycle.
09-10 12:09:34.464  2905  8937 I NearbyMediums: Current Tracked Scanning Clients are : {NearbyConnections.EnvironmentMonitor, NearbySharing, NearbyConnections.TxAdvertisement}
09-10 12:09:34.897  2165  2185 I pixel-thermal: usb_pwr_therm2:39.007 raw data: usb_pwr_therm2:39007 
09-10 12:09:35.715  1821  2400 D InetDiagMessage: Destroyed 0 sockets, proto=IPPROTO_TCP, family=AF_INET, states=14
09-10 12:09:35.719  1821  2400 D InetDiagMessage: Destroyed 1 sockets, proto=IPPROTO_TCP, family=AF_INET6, states=14
09-10 12:09:35.720  1821  2400 D InetDiagMessage: Destroyed live tcp sockets for uids={10317} in 9ms
09-10 12:09:35.727  1821  2400 D InetDiagMessage: Destroyed 0 sockets, proto=IPPROTO_TCP, family=AF_INET, states=14
09-10 12:09:35.729  1821  2400 D InetDiagMessage: Destroyed 0 sockets, proto=IPPROTO_TCP, family=AF_INET6, states=14
09-10 12:09:35.729  1821  2400 D InetDiagMessage: Destroyed live tcp sockets for uids={20317} in 10ms
09-10 12:09:36.906  2165  2185 I pixel-thermal: usb_pwr_therm2:39.007 raw data: usb_pwr_therm2:39007 
09-10 12:09:36.957  2165  2185 I pixel-thermal: VIRTUAL-USB-UI:1 raw data: USB2-MINUS-CHG:-6001 VIRTUAL-USB-UI:1 charger_skin_therm:45008 usb_pwr_therm2:39007 
09-10 12:09:36.959  2165  2185 I pixel-thermal: cellular-emergency:39.7757 raw data: VIRTUAL-NEUTRAL:39497.9 VIRTUAL-NEUTRAL-SKIN2:39775.7 VIRTUAL-QUIET-NEUTRAL:39255.9 VIRTUAL-SKIN:39775.7 cellular-emergency:39775.7 disp_therm:38739 gnss_tcxo_therm:39073 neutral_therm:37760 quiet_therm:39897 skin_therm1:39608 skin_therm2:44479 
09-10 12:09:36.959  2165  2185 I pixel-thermal: VIRTUAL-USB-THROTTLING:1 raw data: USB2-MINUS-CHG:-6001 VIRTUAL-USB-THROTTLING:1 usb_pwr_therm2:39007 
09-10 12:09:36.959  2165  2185 I pixel-thermal: VIRTUAL-SKIN-CPU:39.7757 raw data: VIRTUAL-SKIN:39775.7 VIRTUAL-SKIN-CPU:39775.7 
09-10 12:09:36.959  2165  2185 I pixel-thermal: VIRTUAL-SKIN-CPU power_budget=1283.54 err=1.2243 s_power=800 time_elapsed_ms=7007 p=489.72 i=-6.17836 d=-0 dt_per_min=nan compensation=0 budget transient=0 control target=3 excluded power budget=0
09-10 12:09:36.959  2165  2185 I pixel-thermal: VIRTUAL-SKIN-CPU binded power rails: (S4M_VDD_CPUCL0: 42.32 mW)(S2M_VDD_CPUCL2: 20.55 mW)(S3M_VDD_CPUCL1: 13.37 mW)
09-10 12:09:36.959  2165  2185 I pixel-thermal: neutral_therm:37.76 raw data: neutral_therm:37760 
09-10 12:09:36.959  2165  2185 I pixel-thermal: VIRTUAL-SKIN:39.7757 raw data: VIRTUAL-SKIN:39775.7 
09-10 12:09:36.960  2165  2185 I pixel-thermal: VIRTUAL-SKIN-CPU-GPU:39.7757 raw data: VIRTUAL-SKIN:39775.7 VIRTUAL-SKIN-CPU-GPU:39775.7 
09-10 12:09:36.960  2165  2185 I pixel-thermal: VIRTUAL-SKIN-CPU-GPU power_budget=2498.86 err=5.2243 s_power=800 time_elapsed_ms=7007 p=1567.29 i=131.571 d=-0 dt_per_min=nan compensation=0 budget transient=0 control target=3 excluded power budget=0
09-10 12:09:36.960  2165  2185 I pixel-thermal: VIRTUAL-SKIN-CPU-GPU binded power rails: (S4M_VDD_CPUCL0: 42.32 mW)(S2M_VDD_CPUCL2: 20.55 mW)(S3M_VDD_CPUCL1: 13.37 mW)(S2S_VDD_G3D: 2.84 mW)
09-10 12:09:36.960  2165  2185 I pixel-thermal: VIRTUAL-SKIN-HINT:39.7757 raw data: VIRTUAL-SKIN:39775.7 VIRTUAL-SKIN-HINT:39775.7 
09-10 12:09:36.960  2165  2185 I pixel-thermal: VIRTUAL-SKIN-CHARGE:39.7757 raw data: VIRTUAL-SKIN:39775.7 VIRTUAL-SKIN-CHARGE:39775.7 
09-10 12:09:36.960  2165  2185 I pixel-thermal: VIRTUAL-SKIN-CHARGE's fcc binded power rail POWER_FOR_CHARGING_THROTTLING: power threshold = 500, avg power = 296.459
09-10 12:09:36.961  2165  2185 I pixel-thermal: Successfully update cdev fcc sysfs to 3
09-10 12:09:37.482  1615  1615 I adbd    : adbd service requested 'shell,v2,TERM=xterm-ghostty,raw:ps -A -o PID,NAME,ARGS | grep kumquat; run-as org.randomcoder.udroid.dev ls -l no_backup/graphics/kumquat-gpu.sock'
09-10 12:09:38.010  1348  1348 E android.hardware.power.stats-service.pixel: Failed to read uid_time_in_state for attribution, return default EnergyConsumer
09-10 12:09:38.527  1821  2297 D ActivityManager: freezing 7768 com.whatsapp
09-10 12:09:38.528  1381  2903 D AudioFlinger: onStateChanged: pid:7768  uid:10299  state:frozen - no freeze activity
09-10 12:09:38.536  1821  2400 D InetDiagMessage: Destroyed 0 sockets, proto=IPPROTO_TCP, family=AF_INET, states=14
09-10 12:09:38.538  1821  2400 D InetDiagMessage: Destroyed 0 sockets, proto=IPPROTO_TCP, family=AF_INET6, states=14
09-10 12:09:38.538  1821  2400 D InetDiagMessage: Destroyed live tcp sockets for uids={10299} in 4ms
09-10 12:09:38.915  2165  2185 I pixel-thermal: usb_pwr_therm2:38.918 raw data: usb_pwr_therm2:38918 
09-10 12:09:38.917  2165  2185 I pixel-thermal: Power rails total power: 506.71 mW for 60284 ms
09-10 12:09:38.917  2165  2185 I pixel-thermal: Power rails [L8S_UFS_VCCQ: 36.32 mW] [S2S_VDD_G3D: 3.07 mW] [S10S_VDD2L: 16.10 mW] [S5S_VDDQ_MEM: 6.02 mW] [S4S_VDD2H_MEM: 30.66 mW] [S9S_VDD_AOC: 22.08 mW] 
09-10 12:09:38.917  2165  2185 I pixel-thermal: Power rails [S10M_VDD_TPU: 10.55 mW] [L2S_VDD_AOC_RET: 11.57 mW] [L9S_GNSS_CORE: 0.71 mW] [S1M_VDD_MIF: 39.65 mW] [S5M_VDD_INT: 29.87 mW] [S4M_VDD_CPUCL0: 54.46 mW] 
09-10 12:09:38.917  2165  2185 I pixel-thermal: Power rails [S2M_VDD_CPUCL2: 57.45 mW] [S3M_VDD_CPUCL1: 25.82 mW] [L15M_VDD_SLC_M: 19.63 mW] [VSYS_PWR_DISPLAY: 142.74 mW] 
09-10 12:09:38.917  2165  2185 I pixel-thermal: CDEV log usbc-port state:0 fcc state:3 thermal-cpufreq-1 state:0 tpu_cooling state:2 thermal-gpufreq-0 state:0 thermal-cpufreq-2 state:0 thermal-cpufreq-0 state:0 
09-10 12:09:39.306   531  9453 I keystore2: system/security/keystore2/watchdog/src/lib.rs:371 - Watchdog thread idle -> terminating. Have a great day.
09-10 12:09:40.179  2678  2778 D TemperatureStateSource: sequence=3679 actualDelay=10001
09-10 12:09:40.180  2678  2778 D TemperatureStateSource: Reading temperature: sequence=3680
09-10 12:09:40.184  2165  2165 I pixel-thermal: VIRTUAL-SKIN:39.8874 raw data: VIRTUAL-NEUTRAL:39538.2 VIRTUAL-NEUTRAL-SKIN2:39887.4 VIRTUAL-QUIET-NEUTRAL:39277.9 VIRTUAL-SKIN:39887.4 disp_therm:38717 gnss_tcxo_therm:39051 neutral_therm:37782 quiet_therm:39919 skin_therm1:39563 skin_therm2:44800 
09-10 12:09:40.185  2678  2778 D TemperatureStateSource: getDeviceTemperatures: sequence=3680 deviceTemperatureType=3 temperatureSource=0 temperatures=[39.887405]
09-10 12:09:40.185  2678  2778 D TemperatureStateSource: sequence=3680 waitTime=10000
09-10 12:09:40.188  2165  2165 I pixel-thermal: VIRTUAL-SKIN:39.8874 raw data: VIRTUAL-SKIN:39887.4 
09-10 12:09:40.190  2678  2778 I TemperatureStateSource: temperature was set
09-10 12:09:40.190  2678  2778 D ImpulseStateSource: Notify clients: 3699
09-10 12:09:40.191  2678  2778 D ImpulseConnection: bindService: com.google.android.apps.turbo
09-10 12:09:40.197  1821  2965 D ActivityManager: sync unfroze 27193 com.google.android.apps.turbo for 6
09-10 12:09:40.206  2678  2678 D ImpulseConnection: onServiceConnected: ComponentInfo{com.google.android.apps.turbo/com.google.android.apps.turbo.adaptiveplatform.impulse.ImpulseClientService} service is null false
09-10 12:09:40.210  1821  5941 W ProcessStats: Tracking association SourceState{d3a0c78 com.google.android.pixelsystemservice/10261 ImpFg #55969} whose proc state 5 is better than process ProcessState{65ddb54 com.google.android.apps.turbo/10180 pkg=com.google.android.apps.turbo} proc state 14 (16 skipped)
09-10 12:09:40.704  1821  2297 D ActivityManager: freezing 1006 ch.protonvpn.android
09-10 12:09:40.710  1821  2297 D ActivityManager: freezing 13178 com.android.vending
09-10 12:09:40.721  1821  2400 D InetDiagMessage: Destroyed 0 sockets, proto=IPPROTO_TCP, family=AF_INET, states=14
09-10 12:09:40.726  1821  2400 D InetDiagMessage: Destroyed 0 sockets, proto=IPPROTO_TCP, family=AF_INET6, states=14
09-10 12:09:40.727  1821  2400 D InetDiagMessage: Destroyed live tcp sockets for uids={10317} in 12ms
09-10 12:09:40.734  1821  2400 D InetDiagMessage: Destroyed 0 sockets, proto=IPPROTO_TCP, family=AF_INET, states=14
09-10 12:09:40.739  1821  2400 D InetDiagMessage: Destroyed 0 sockets, proto=IPPROTO_TCP, family=AF_INET6, states=14
09-10 12:09:40.739  1821  2400 D InetDiagMessage: Destroyed live tcp sockets for uids={10149} in 12ms
09-10 12:09:40.926  2165  2185 I pixel-thermal: usb_pwr_therm2:38.918 raw data: usb_pwr_therm2:38918 
09-10 12:09:42.934  2165  2185 I pixel-thermal: usb_pwr_therm2:38.918 raw data: usb_pwr_therm2:38918 
09-10 12:09:43.968  2165  2185 I pixel-thermal: VIRTUAL-USB-UI:0 raw data: USB2-MINUS-CHG:-6066 VIRTUAL-USB-UI:0 charger_skin_therm:44984 usb_pwr_therm2:38918 
09-10 12:09:43.972  2165  2185 I pixel-thermal: cellular-emergency:39.9012 raw data: VIRTUAL-NEUTRAL:39533.9 VIRTUAL-NEUTRAL-SKIN2:39901.2 VIRTUAL-QUIET-NEUTRAL:39324.8 VIRTUAL-SKIN:39901.2 cellular-emergency:39901.2 disp_therm:38695 gnss_tcxo_therm:39073 neutral_therm:37782 quiet_therm:39986 skin_therm1:39496 skin_therm2:44846 
09-10 12:09:43.973  2165  2185 I pixel-thermal: VIRTUAL-USB-THROTTLING:0 raw data: USB2-MINUS-CHG:-6066 VIRTUAL-USB-THROTTLING:0 usb_pwr_therm2:38918 
09-10 12:09:43.973  2165  2185 I pixel-thermal: VIRTUAL-SKIN-CPU:39.9012 raw data: VIRTUAL-SKIN:39901.2 VIRTUAL-SKIN-CPU:39901.2 
09-10 12:09:43.973  2165  2185 I pixel-thermal: VIRTUAL-SKIN-CPU power_budget=1233.34 err=1.0988 s_power=800 time_elapsed_ms=7007 p=439.519 i=-6.17836 d=-0 dt_per_min=nan compensation=0 budget transient=0 control target=3 excluded power budget=0
09-10 12:09:43.974  2165  2185 I pixel-thermal: VIRTUAL-SKIN-CPU binded power rails: (S4M_VDD_CPUCL0: 35.88 mW)(S2M_VDD_CPUCL2: 26.25 mW)(S3M_VDD_CPUCL1: 13.51 mW)
09-10 12:09:43.974  2165  2185 I pixel-thermal: neutral_therm:37.782 raw data: neutral_therm:37782 
09-10 12:09:43.974  2165  2185 I pixel-thermal: VIRTUAL-SKIN:39.9012 raw data: VIRTUAL-SKIN:39901.2 
09-10 12:09:43.974  2165  2185 I pixel-thermal: VIRTUAL-SKIN-CPU-GPU:39.9012 raw data: VIRTUAL-SKIN:39901.2 VIRTUAL-SKIN-CPU-GPU:39901.2 
09-10 12:09:43.975  2165  2185 I pixel-thermal: VIRTUAL-SKIN-CPU-GPU power_budget=2461.21 err=5.0988 s_power=800 time_elapsed_ms=7007 p=1529.64 i=131.571 d=-0 dt_per_min=nan compensation=0 budget transient=0 control target=3 excluded power budget=0
09-10 12:09:43.975  2165  2185 I pixel-thermal: VIRTUAL-SKIN-CPU-GPU binded power rails: (S4M_VDD_CPUCL0: 35.88 mW)(S2M_VDD_CPUCL2: 26.25 mW)(S3M_VDD_CPUCL1: 13.51 mW)(S2S_VDD_G3D: 3.01 mW)
09-10 12:09:43.975  2165  2185 I pixel-thermal: VIRTUAL-SKIN-HINT:39.9012 raw data: VIRTUAL-SKIN:39901.2 VIRTUAL-SKIN-HINT:39901.2 
09-10 12:09:43.975  2165  2185 I pixel-thermal: VIRTUAL-SKIN-CHARGE:39.9012 raw data: VIRTUAL-SKIN:39901.2 VIRTUAL-SKIN-CHARGE:39901.2 
09-10 12:09:43.975  2165  2185 I pixel-thermal: VIRTUAL-SKIN-CHARGE's fcc binded power rail POWER_FOR_CHARGING_THROTTLING: power threshold = 500, avg power = 293.517
09-10 12:09:44.469  2905  8937 I NearbyMediums: No BLE Fast/GATT advertisements found in the latest cycle.
09-10 12:09:44.470  2905  8937 I NearbyMediums: Current Tracked Scanning Clients are : {NearbyConnections.EnvironmentMonitor, NearbySharing, NearbyConnections.TxAdvertisement}
09-10 12:09:44.949  2165  2185 I pixel-thermal: usb_pwr_therm2:38.895 raw data: usb_pwr_therm2:38895 
09-10 12:09:46.956  2165  2185 I pixel-thermal: usb_pwr_therm2:38.895 raw data: usb_pwr_therm2:38895 
09-10 12:09:48.963  2165  2185 I pixel-thermal: usb_pwr_therm2:38.895 raw data: usb_pwr_therm2:38895 
09-10 12:09:49.905  2643  2672 I Tethering: [BpfCoordinator] onAlertReached
09-10 12:09:50.188  2678  3566 D TemperatureStateSource: sequence=3680 actualDelay=10002
09-10 12:09:50.188  2678  3566 D TemperatureStateSource: Reading temperature: sequence=3681
09-10 12:09:50.195  2165  2165 I pixel-thermal: VIRTUAL-SKIN:39.8897 raw data: VIRTUAL-NEUTRAL:39479.2 VIRTUAL-NEUTRAL-SKIN2:39889.7 VIRTUAL-QUIET-NEUTRAL:39254 VIRTUAL-SKIN:39889.7 disp_therm:38606 gnss_tcxo_therm:38984 neutral_therm:37805 quiet_therm:39875 skin_therm1:39385 skin_therm2:44754 
09-10 12:09:50.198  2678  3566 D TemperatureStateSource: getDeviceTemperatures: sequence=3681 deviceTemperatureType=3 temperatureSource=0 temperatures=[39.8897]
09-10 12:09:50.199  2678  3566 D TemperatureStateSource: sequence=3681 waitTime=10000
09-10 12:09:50.200  2678  2790 D ImpulseStateSource: Notify clients: 3700
09-10 12:09:50.971  2165  2185 I pixel-thermal: VIRTUAL-USB-UI:0 raw data: USB2-MINUS-CHG:-5858 VIRTUAL-USB-UI:0 charger_skin_therm:44731 usb_pwr_therm2:38873 
09-10 12:09:50.971  2165  2185 I pixel-thermal: usb_pwr_therm2:38.873 raw data: usb_pwr_therm2:38873 
09-10 12:09:50.972  2165  2185 I pixel-thermal: cellular-emergency:39.8897 raw data: VIRTUAL-SKIN:39889.7 cellular-emergency:39889.7 
09-10 12:09:50.972  2165  2185 I pixel-thermal: VIRTUAL-USB-THROTTLING:0 raw data: USB2-MINUS-CHG:-5858 VIRTUAL-USB-THROTTLING:0 usb_pwr_therm2:38873 
09-10 12:09:50.972  2165  2185 I pixel-thermal: VIRTUAL-SKIN-CPU:39.8897 raw data: VIRTUAL-SKIN:39889.7 VIRTUAL-SKIN-CPU:39889.7 
09-10 12:09:50.972  2165  2185 I pixel-thermal: VIRTUAL-SKIN-CPU power_budget=1237.94 err=1.1103 s_power=800 time_elapsed_ms=7002 p=444.119 i=-6.17836 d=0 dt_per_min=nan compensation=0 budget transient=0 control target=3 excluded power budget=0
09-10 12:09:50.973  2165  2185 I pixel-thermal: VIRTUAL-SKIN-CPU binded power rails: (S4M_VDD_CPUCL0: 34.90 mW)(S2M_VDD_CPUCL2: 22.34 mW)(S3M_VDD_CPUCL1: 11.61 mW)
09-10 12:09:50.973  2165  2185 I pixel-thermal: neutral_therm:37.805 raw data: neutral_therm:37805 
09-10 12:09:50.974  2165  2185 I pixel-thermal: VIRTUAL-SKIN:39.8897 raw data: VIRTUAL-SKIN:39889.7 
09-10 12:09:50.974  2165  2185 I pixel-thermal: VIRTUAL-SKIN-CPU-GPU:39.8897 raw data: VIRTUAL-SKIN:39889.7 VIRTUAL-SKIN-CPU-GPU:39889.7 
09-10 12:09:50.974  2165  2185 I pixel-thermal: VIRTUAL-SKIN-CPU-GPU power_budget=2464.66 err=5.1103 s_power=800 time_elapsed_ms=7002 p=1533.09 i=131.571 d=0 dt_per_min=nan compensation=0 budget transient=0 control target=3 excluded power budget=0
09-10 12:09:50.974  2165  2185 I pixel-thermal: VIRTUAL-SKIN-CPU-GPU binded power rails: (S4M_VDD_CPUCL0: 34.90 mW)(S2M_VDD_CPUCL2: 22.34 mW)(S3M_VDD_CPUCL1: 11.61 mW)(S2S_VDD_G3D: 3.16 mW)
09-10 12:09:50.975  2165  2185 I pixel-thermal: VIRTUAL-SKIN-HINT:39.8897 raw data: VIRTUAL-SKIN:39889.7 VIRTUAL-SKIN-HINT:39889.7 
09-10 12:09:50.975  2165  2185 I pixel-thermal: VIRTUAL-SKIN-CHARGE:39.8897 raw data: VIRTUAL-SKIN:39889.7 VIRTUAL-SKIN-CHARGE:39889.7 
09-10 12:09:50.975  2165  2185 I pixel-thermal: VIRTUAL-SKIN-CHARGE's fcc binded power rail POWER_FOR_CHARGING_THROTTLING: power threshold = 500, avg power = 284.706
09-10 12:09:51.519  2828  2828 D TelephonyManager: requestModemActivityInfo: Sending result to app: ModemActivityInfo{ mTimestamp=64808390 mSleepTimeMs=43478241 mIdleTimeMs=2080045 mActivityStatsTechSpecificInfo=[{mRat=UNKNOWN,mFrequencyRange=UNKNOWN,mTxTimeMs[]=[319345, 522254, 857222, 155016, 1451903],mRxTimeMs=18306414}]}
09-10 12:09:52.980  2165  2185 I pixel-thermal: usb_pwr_therm2:38.873 raw data: usb_pwr_therm2:38873 
09-10 12:09:53.604  1615  1615 I adbd    : adbd service requested 'shell,v2,TERM=xterm-ghostty,raw:'run-as' 'org.randomcoder.udroid.dev' 'env' 'ANDROID_DATA=/data' 'ANDROID_ROOT=/system' 'ANDROID_RUNTIME_ROOT=/apex/com.android.runtime' 'ANDROID_TZDATA_ROOT=/apex/com.android.tzdata' 'HOME=/data/data/org.randomcoder.udroid.dev/files' 'PATH=/system/bin' 'PROOT_LOADER=/data/app/~~-WiDYLAVNvo9mV0mLdSteg==/org.randomcoder.udroid.dev-KoGPAqqE-FGUDSYwbISW5Q==/lib/arm64/libproot-loader.so' 'PROOT_TMP_DIR=/data/data/org.randomcoder.udroid.dev/cache/proot' 'TMPDIR=/data/data/org.randomcoder.udroid.dev/cache/proot' '/system/bin/linker64' '/data/data/org.randomcoder.udroid.dev/files/runtime/proot-5.1.107.86-1-arm64-v8a/proot' '--link2symlink' '--kill-on-exit' '--root-id' '--rootfs=/data/data/org.randomcoder.udroid.dev/files/rootfs/proot-debian-trixie' '-b' '/system' '-b' '/apex' '-b' '/dev' '-b' '/proc' '-b' '/sys' '-b' '/linkerconfig/ld.config.txt' '-b' '/data/data/org.randomcoder.udroid.dev/files/runtime/gfxstream-guest-15-sync-fd-lifecycle-fb349a2d3b-dirty-arm64-v8a:/opt/udroid/gfxstream' '-b' '/data/data/org.randomcoder.udroid.dev/no_backup/graphics/kumquat-gpu.sock:/tmp/kumquat-gpu-0' '-b' '/data/data/org.randomcoder.udroid.dev/cache/weston-runtime:/run/weston' '--cwd=/root' '/usr/bin/env' '-i' 'HOME=/root' 'USER=root' 'LOGNAME=root' 'SHELL=/bin/sh' 'TERM=xterm-256color' 'LANG=C.UTF-8' 'PATH=/usr/local/sbin:/usr/local/bin:/usr/sbin:/usr/bin:/sbin:/bin' '/opt/udroid/gfxstream/bin/udroid-gfxstream-run' '/usr/bin/env' 'GBM_BACKEND=gfxstream' 'GBM_BACKENDS_PATH=/root/gbm-transport-diag' 'GFXSTREAM_GBM_DEBUG=1' 'VIRTGPU_KUMQUAT=1' 'VK_DRIVER_FILES=/opt/udroid-diag/sync-export-20260906/gfxstream/share/vulkan/icd.d/gfxstream-diag_icd.aarch64.json' 'VK_ICD_FILENAMES=/opt/udroid-diag/sync-export-20260906/gfxstream/share/vulkan/icd.d/gfxstream-diag_icd.aarch64.json' 'MESA_LOADER_DRIVER_OVERRIDE=zink' 'GALLIUM_DRIVER=zink' 'LIBGL_DRIVERS_PATH=/opt/udroid-diag/ownership-20260906/dri' 'LIBGL_KOPPER_DRI2=true' 'UDROID_WINSYS_OWNERSHIP_TRACE=1' 'LD_LIBRARY_PATH=/root/udroid-gbm-contract/lib:/opt/udroid-diag/sync-export-20260906/zink/lib/aarch64-linux-gnu:/opt/udroid-diag/ownership-20260906/dri:/opt/udroid-diag/sync-export-20260906/gfxstream/lib:/root/udroid-gfxstream-output-20260901-rfence-v2:/usr/lib/aarch64-linux-gnu' 'XDG_RUNTIME_DIR=/run/weston' 'UDROID_GBM_PROBE_DRAW=1' 'UDROID_GBM_PROBE_FRAMES=120' '/usr/bin/timeout' '-k' '3' '90' '/root/gfxstream_gbm_present_probe-reuse-20260910' '/tmp/kumquat-gpu-0' '/opt/udroid-diag/sync-export-20260906/gfxstream/lib/libvulkan_gfxstream.so''
09-10 12:09:53.690  9483  9483 W linker64: type=1400 audit(0.0:9943): avc:  granted  { execute } for  path="/data/data/org.randomcoder.udroid.dev/files/runtime/proot-5.1.107.86-1-arm64-v8a/proot" dev="dm-57" ino=114415 scontext=u:r:runas_app:s0:c81,c257,c512,c768 tcontext=u:object_r:app_data_file:s0:c81,c257,c512,c768 tclass=file app=org.randomcoder.udroid.dev
09-10 12:09:53.702  9483  9483 W linker64: type=1400 audit(0.0:9944): avc:  granted  { execute } for  name="env" dev="dm-57" ino=105776 scontext=u:r:runas_app:s0:c81,c257,c512,c768 tcontext=u:object_r:app_data_file:s0:c81,c257,c512,c768 tclass=file app=org.randomcoder.udroid.dev
09-10 12:09:53.702  9483  9483 W linker64: type=1400 audit(0.0:9945): avc:  granted  { execute } for  name="ld-linux-aarch64.so.1" dev="dm-57" ino=294080 scontext=u:r:runas_app:s0:c81,c257,c512,c768 tcontext=u:object_r:app_data_file:s0:c81,c257,c512,c768 tclass=file app=org.randomcoder.udroid.dev
09-10 12:09:53.706  9485  9485 W libproot-loader: type=1400 audit(0.0:9946): avc:  granted  { execute } for  path="/data/data/org.randomcoder.udroid.dev/files/rootfs/proot-debian-trixie/usr/bin/env" dev="dm-57" ino=105776 scontext=u:r:runas_app:s0:c81,c257,c512,c768 tcontext=u:object_r:app_data_file:s0:c81,c257,c512,c768 tclass=file app=org.randomcoder.udroid.dev
09-10 12:09:53.706  9485  9485 W libproot-loader: type=1400 audit(0.0:9947): avc:  granted  { execute } for  path="/data/data/org.randomcoder.udroid.dev/files/rootfs/proot-debian-trixie/usr/lib/aarch64-linux-gnu/ld-linux-aarch64.so.1" dev="dm-57" ino=294080 scontext=u:r:runas_app:s0:c81,c257,c512,c768 tcontext=u:object_r:app_data_file:s0:c81,c257,c512,c768 tclass=file app=org.randomcoder.udroid.dev
09-10 12:09:53.796  9414  9414 I GFXSTREAM: [virtio_gpu_frontend.cpp(716)] Format support:
09-10 12:09:53.796  9414  9414 I GFXSTREAM: [virtio_gpu_frontend.cpp(733)]  VIRGL_FORMAT_B5G6R5_UNORM: supported
09-10 12:09:53.796  9414  9414 I GFXSTREAM: [virtio_gpu_frontend.cpp(733)]  VIRGL_FORMAT_B8G8R8A8_UNORM: supported
09-10 12:09:53.796  9414  9414 I GFXSTREAM: [virtio_gpu_frontend.cpp(733)]  VIRGL_FORMAT_B8G8R8X8_UNORM: supported
09-10 12:09:53.796  9414  9414 I GFXSTREAM: [virtio_gpu_frontend.cpp(733)]  VIRGL_FORMAT_NV12: supported
09-10 12:09:53.796  9414  9414 I GFXSTREAM: [virtio_gpu_frontend.cpp(733)]  VIRGL_FORMAT_P010: supported
09-10 12:09:53.796  9414  9414 I GFXSTREAM: [virtio_gpu_frontend.cpp(733)]  VIRGL_FORMAT_P210: supported
09-10 12:09:53.796  9414  9414 I GFXSTREAM: [virtio_gpu_frontend.cpp(733)]  VIRGL_FORMAT_R10G10B10A2_UNORM: supported
09-10 12:09:53.796  9414  9414 I GFXSTREAM: [virtio_gpu_frontend.cpp(733)]  VIRGL_FORMAT_R16_UNORM: supported
09-10 12:09:53.796  9414  9414 I GFXSTREAM: [virtio_gpu_frontend.cpp(733)]  VIRGL_FORMAT_R16G16B16A16_FLOAT: supported
09-10 12:09:53.796  9414  9414 I GFXSTREAM: [virtio_gpu_frontend.cpp(733)]  VIRGL_FORMAT_R8_UNORM: supported
09-10 12:09:53.796  9414  9414 I GFXSTREAM: [virtio_gpu_frontend.cpp(733)]  VIRGL_FORMAT_R8G8_UNORM: supported
09-10 12:09:53.796  9414  9414 I GFXSTREAM: [virtio_gpu_frontend.cpp(733)]  VIRGL_FORMAT_R8G8B8_UNORM: supported
09-10 12:09:53.796  9414  9414 I GFXSTREAM: [virtio_gpu_frontend.cpp(733)]  VIRGL_FORMAT_R8G8B8A8_UNORM: supported
09-10 12:09:53.796  9414  9414 I GFXSTREAM: [virtio_gpu_frontend.cpp(733)]  VIRGL_FORMAT_R8G8B8X8_UNORM: supported
09-10 12:09:53.796  9414  9414 I GFXSTREAM: [virtio_gpu_frontend.cpp(733)]  VIRGL_FORMAT_YV12: supported
09-10 12:09:53.796  9414  9414 I GFXSTREAM: [virtio_gpu_frontend.cpp(733)]  VIRGL_FORMAT_Z16_UNORM: supported
09-10 12:09:53.796  9414  9414 I GFXSTREAM: [virtio_gpu_frontend.cpp(733)]  VIRGL_FORMAT_Z24_UNORM_S8_UINT: supported
09-10 12:09:53.796  9414  9414 I GFXSTREAM: [virtio_gpu_frontend.cpp(733)]  VIRGL_FORMAT_Z24X8_UNORM: supported
09-10 12:09:53.796  9414  9414 I GFXSTREAM: [virtio_gpu_frontend.cpp(733)]  VIRGL_FORMAT_Z32_FLOAT_S8X24_UINT: supported
09-10 12:09:53.796  9414  9414 I GFXSTREAM: [virtio_gpu_frontend.cpp(733)]  VIRGL_FORMAT_Z32_FLOAT: supported
09-10 12:09:53.798  9414  9414 E GFXSTREAM: [virtio_gpu_context.cpp(194)] [pending-blob] stage=take-missing context=1 blob=0 pending=0
09-10 12:09:53.814  9414  9487 I GFXSTREAM: [vk_decoder_global_state.cpp(1267)] Created VkInstance:0xb4000077fdc0cbf0 for application:'uDroid gfxstream GBM' engine:'Mesa GBM'.
09-10 12:09:53.822  9414  9487 I vulkan  : CreateInfoWrapper::FilterExtension: already have 'VK_ANDROID_external_memory_android_hardware_buffer'.
09-10 12:09:53.825  9414  9487 I GFXSTREAM: [vk_decoder_global_state.cpp(2482)] Created VkDevice:0xb40000786dc7d080 for application:'uDroid gfxstream GBM' instance:0xb4000077fdc0cbf0. ASTC emulation:off CPU decoding:off. Protected memory:off
09-10 12:09:53.825  9414  9487 I GFXSTREAM: [vk_decoder_global_state.cpp(2494)] External sync device contract: fenceHandles=0x8 semaphoreHandles=0x10 externalSemaphoreFdExtension=yes.
09-10 12:09:53.827  9414  9487 I GFXSTREAM: [vk_decoder_global_state.cpp(3223)] RAW_DMABUF guest-image-create: format=37 extent=720x720 tiling=1 usage=0x97 flags=0x508 handles=0x600 modifier=0xffffffffffffffff planes=0 rowPitch=0 offset=0.
09-10 12:09:53.827  9414  9487 I GFXSTREAM: [vk_decoder_global_state.cpp(3252)] RAW_DMABUF guest-image-create-return: result=VK_SUCCESS image=0xb40000779dc177b0.
09-10 12:09:53.827  9414  9414 I GFXSTREAM: [virtio_gpu_context.cpp(180)] [pending-blob] stage=add context=1 blob=1 pending=1
09-10 12:09:53.827  9414  9414 I GFXSTREAM: [virtio_gpu_context.cpp(204)] [pending-blob] stage=take context=1 blob=1 pending=0
09-10 12:09:53.829  9414  9487 I GFXSTREAM: [vk_decoder_global_state.cpp(6573)] RAW_DMABUF guest-memory-import: colorBuffer=4 requestedSize=2073600 requestedType=1 dedicatedImage=0xb40000779dc177b0 dedicatedBuffer=0x0.
09-10 12:09:53.829  9414  9487 I GFXSTREAM: [vk_decoder_global_state.cpp(7074)] RAW_DMABUF guest-memory-import-return: colorBuffer=4 result=VK_SUCCESS size=2109440 type=1 memory=0xb4000077edc1f800 dedicated=true image=0xb40000779dc177b0.
09-10 12:09:53.829  9414  9487 I GFXSTREAM: [vk_decoder_global_state.cpp(3394)] RAW_DMABUF guest-image-bind: colorBuffer=4 image=0xb40000779dc177b0 memory=0xb4000077edc1f800 offset=0.
09-10 12:09:53.830  9414  9487 I GFXSTREAM: [vk_decoder_global_state.cpp(3399)] RAW_DMABUF guest-image-bind-return: colorBuffer=4 result=VK_SUCCESS.
09-10 12:09:53.833  9414  9487 I GFXSTREAM: [vk_decoder_global_state.cpp(1267)] Created VkInstance:0xb4000077fdc1a630 for application:'uDroid gfxstream output adapter' engine:'uDroid'.
09-10 12:09:53.837  9414  9487 I vulkan  : CreateInfoWrapper::FilterExtension: already have 'VK_ANDROID_external_memory_android_hardware_buffer'.
09-10 12:09:53.840  9414  9487 I GFXSTREAM: [vk_decoder_global_state.cpp(2482)] Created VkDevice:0xb40000786dcbd0c0 for application:'uDroid gfxstream output adapter' instance:0xb4000077fdc1a630. ASTC emulation:off CPU decoding:off. Protected memory:off
09-10 12:09:53.840  9414  9487 I GFXSTREAM: [vk_decoder_global_state.cpp(2494)] External sync device contract: fenceHandles=0x8 semaphoreHandles=0x10 externalSemaphoreFdExtension=yes.
09-10 12:09:53.859  9414  9487 I GFXSTREAM: [vk_decoder_global_state.cpp(1267)] Created VkInstance:0xb4000077fdc1fdf0 for application:'gfxstream_gbm_present_probe-reuse-20260910' engine:'mesa zink'.
09-10 12:09:53.865  9414  9487 I vulkan  : CreateInfoWrapper::FilterExtension: already have 'VK_ANDROID_external_memory_android_hardware_buffer'.
09-10 12:09:53.867  9414  9487 I GFXSTREAM: [vk_decoder_global_state.cpp(2482)] Created VkDevice:0xb40000786dced0f0 for application:'gfxstream_gbm_present_probe-reuse-20260910' instance:0xb4000077fdc1fdf0. ASTC emulation:off CPU decoding:off. Protected memory:off
09-10 12:09:53.867  9414  9487 I GFXSTREAM: [vk_decoder_global_state.cpp(2494)] External sync device contract: fenceHandles=0x8 semaphoreHandles=0x10 externalSemaphoreFdExtension=yes.
09-10 12:09:53.899  9414  9414 E GFXSTREAM: [virtio_gpu_context.cpp(194)] [pending-blob] stage=take-missing context=1 blob=2 pending=0
09-10 12:09:53.910  9414  9487 I GFXSTREAM: [vk_decoder_global_state.cpp(3223)] RAW_DMABUF guest-image-create: format=37 extent=720x720 tiling=1000158000 usage=0x97 flags=0x508 handles=0x600 modifier=0x0 planes=1 rowPitch=2880 offset=0.
09-10 12:09:53.910  9414  9487 I GFXSTREAM: [vk_decoder_global_state.cpp(3252)] RAW_DMABUF guest-image-create-return: result=VK_SUCCESS image=0xb40000779dc15550.
09-10 12:09:53.911  9414  9487 I GFXSTREAM: [vk_decoder_global_state.cpp(6573)] RAW_DMABUF guest-memory-import: colorBuffer=4 requestedSize=0 requestedType=0 dedicatedImage=0xb40000779dc15550 dedicatedBuffer=0x0.
09-10 12:09:53.911  9414  9487 I GFXSTREAM: [vk_decoder_global_state.cpp(7074)] RAW_DMABUF guest-memory-import-return: colorBuffer=4 result=VK_SUCCESS size=2109440 type=1 memory=0xb4000077edc285a0 dedicated=true image=0xb40000779dc15550.
09-10 12:09:53.911  9414  9487 I GFXSTREAM: [vk_decoder_global_state.cpp(3394)] RAW_DMABUF guest-image-bind: colorBuffer=4 image=0xb40000779dc15550 memory=0xb4000077edc285a0 offset=0.
09-10 12:09:53.913  9414  9487 I GFXSTREAM: [vk_decoder_global_state.cpp(3399)] RAW_DMABUF guest-image-bind-return: colorBuffer=4 result=VK_SUCCESS.
09-10 12:09:53.913  9414  9487 I GFXSTREAM: [vk_decoder_global_state.cpp(3223)] RAW_DMABUF guest-image-create: format=37 extent=720x720 tiling=1000158000 usage=0x97 flags=0x508 handles=0x600 modifier=0x0 planes=1 rowPitch=2880 offset=0.
09-10 12:09:53.913  9414  9487 I GFXSTREAM: [vk_decoder_global_state.cpp(3252)] RAW_DMABUF guest-image-create-return: result=VK_SUCCESS image=0xb40000779dc12990.
09-10 12:09:53.914  9414  9487 I GFXSTREAM: [vk_decoder_global_state.cpp(6573)] RAW_DMABUF guest-memory-import: colorBuffer=4 requestedSize=2109440 requestedType=1 dedicatedImage=0x0 dedicatedBuffer=0x0.
09-10 12:09:53.914  9414  9487 I GFXSTREAM: [vk_decoder_global_state.cpp(7074)] RAW_DMABUF guest-memory-import-return: colorBuffer=4 result=VK_SUCCESS size=2109440 type=1 memory=0xb4000077edc25f00 dedicated=false image=0x0.
09-10 12:09:53.915  9414  9487 I GFXSTREAM: [vk_decoder_global_state.cpp(3394)] RAW_DMABUF guest-image-bind: colorBuffer=4 image=0xb40000779dc12990 memory=0xb4000077edc25f00 offset=0.
09-10 12:09:53.915  9414  9487 I GFXSTREAM: [vk_decoder_global_state.cpp(3399)] RAW_DMABUF guest-image-bind-return: colorBuffer=4 result=VK_SUCCESS.
09-10 12:09:54.047  9414  9414 E GFXSTREAM: [virtio_gpu_context.cpp(194)] [pending-blob] stage=take-missing context=1 blob=4 pending=0
09-10 12:09:54.074  9414  9414 E GFXSTREAM: [virtio_gpu_context.cpp(194)] [pending-blob] stage=take-missing context=1 blob=0 pending=0
09-10 12:09:54.099  9414  9414 E GFXSTREAM: [virtio_gpu_context.cpp(194)] [pending-blob] stage=take-missing context=1 blob=0 pending=0
09-10 12:09:54.101  9414  9414 E GFXSTREAM: [virtio_gpu_context.cpp(194)] [pending-blob] stage=take-missing context=1 blob=0 pending=0
09-10 12:09:54.114  9414  9525 I GFXSTREAM: [vk_decoder_global_state.cpp(4200)] External semaphore export request: context=1 syncId=5 supportedHandles=0x10 selectedHandle=0x10 extension=yes.
09-10 12:09:54.114  9414  9525 I GFXSTREAM: [vk_decoder_global_state.cpp(4206)] External semaphore capability probe: context=1 syncId=5 binarySemaphoreHandles=0x10 binaryFenceHandles=0x8.
09-10 12:09:54.120  9414  9487 I GFXSTREAM: [vk_decoder_global_state.cpp(4200)] External semaphore export request: context=1 syncId=6 supportedHandles=0x10 selectedHandle=0x10 extension=yes.
09-10 12:09:54.120  9414  9487 I GFXSTREAM: [vk_decoder_global_state.cpp(4206)] External semaphore capability probe: context=1 syncId=6 binarySemaphoreHandles=0x10 binaryFenceHandles=0x8.
09-10 12:09:54.130  9414  9525 I GFXSTREAM: [vk_decoder_global_state.cpp(4200)] External semaphore export request: context=1 syncId=7 supportedHandles=0x10 selectedHandle=0x10 extension=yes.
09-10 12:09:54.130  9414  9525 I GFXSTREAM: [vk_decoder_global_state.cpp(4206)] External semaphore capability probe: context=1 syncId=7 binarySemaphoreHandles=0x10 binaryFenceHandles=0x8.
09-10 12:09:54.132  9414  9487 I GFXSTREAM: [vk_decoder_global_state.cpp(4200)] External semaphore export request: context=1 syncId=8 supportedHandles=0x10 selectedHandle=0x10 extension=yes.
09-10 12:09:54.132  9414  9487 I GFXSTREAM: [vk_decoder_global_state.cpp(4206)] External semaphore capability probe: context=1 syncId=8 binarySemaphoreHandles=0x10 binaryFenceHandles=0x8.
09-10 12:09:54.139  1821  1865 I DisplayDeviceRepository: Display device changed render timings: "Built-in Screen", renderFrameRate=60.0, presentationDeadlineNanos=11500000, appVsyncOffsetNanos=6233334, frameRateOverrides=[{uid=10337 frameRateHz=60.0}]
09-10 12:09:54.145  9414  9525 I GFXSTREAM: [vk_decoder_global_state.cpp(4200)] External semaphore export request: context=1 syncId=9 supportedHandles=0x10 selectedHandle=0x10 extension=yes.
09-10 12:09:54.145  9414  9525 I GFXSTREAM: [vk_decoder_global_state.cpp(4206)] External semaphore capability probe: context=1 syncId=9 binarySemaphoreHandles=0x10 binaryFenceHandles=0x8.
09-10 12:09:54.147  9414  9487 I GFXSTREAM: [vk_decoder_global_state.cpp(4200)] External semaphore export request: context=1 syncId=10 supportedHandles=0x10 selectedHandle=0x10 extension=yes.
09-10 12:09:54.147  9414  9487 I GFXSTREAM: [vk_decoder_global_state.cpp(4206)] External semaphore capability probe: context=1 syncId=10 binarySemaphoreHandles=0x10 binaryFenceHandles=0x8.
09-10 12:09:54.154  9414  9525 I GFXSTREAM: [vk_decoder_global_state.cpp(4200)] External semaphore export request: context=1 syncId=11 supportedHandles=0x10 selectedHandle=0x10 extension=yes.
09-10 12:09:54.154  9414  9525 I GFXSTREAM: [vk_decoder_global_state.cpp(4206)] External semaphore capability probe: context=1 syncId=11 binarySemaphoreHandles=0x10 binaryFenceHandles=0x8.
09-10 12:09:54.156  9414  9487 I GFXSTREAM: [vk_decoder_global_state.cpp(4200)] External semaphore export request: context=1 syncId=12 supportedHandles=0x10 selectedHandle=0x10 extension=yes.
09-10 12:09:54.156  9414  9487 I GFXSTREAM: [vk_decoder_global_state.cpp(4206)] External semaphore capability probe: context=1 syncId=12 binarySemaphoreHandles=0x10 binaryFenceHandles=0x8.
09-10 12:09:54.169  9414  9525 I GFXSTREAM: [vk_decoder_global_state.cpp(4200)] External semaphore export request: context=1 syncId=13 supportedHandles=0x10 selectedHandle=0x10 extension=yes.
09-10 12:09:54.169  9414  9525 I GFXSTREAM: [vk_decoder_global_state.cpp(4206)] External semaphore capability probe: context=1 syncId=13 binarySemaphoreHandles=0x10 binaryFenceHandles=0x8.
09-10 12:09:54.171  9414  9487 I GFXSTREAM: [vk_decoder_global_state.cpp(4200)] External semaphore export request: context=1 syncId=14 supportedHandles=0x10 selectedHandle=0x10 extension=yes.
09-10 12:09:54.171  9414  9487 I GFXSTREAM: [vk_decoder_global_state.cpp(4206)] External semaphore capability probe: context=1 syncId=14 binarySemaphoreHandles=0x10 binaryFenceHandles=0x8.
09-10 12:09:54.178  9414  9525 I GFXSTREAM: [vk_decoder_global_state.cpp(4200)] External semaphore export request: context=1 syncId=15 supportedHandles=0x10 selectedHandle=0x10 extension=yes.
09-10 12:09:54.178  9414  9525 I GFXSTREAM: [vk_decoder_global_state.cpp(4206)] External semaphore capability probe: context=1 syncId=15 binarySemaphoreHandles=0x10 binaryFenceHandles=0x8.
09-10 12:09:54.180  9414  9487 I GFXSTREAM: [vk_decoder_global_state.cpp(4200)] External semaphore export request: context=1 syncId=16 supportedHandles=0x10 selectedHandle=0x10 extension=yes.
09-10 12:09:54.180  9414  9487 I GFXSTREAM: [vk_decoder_global_state.cpp(4206)] External semaphore capability probe: context=1 syncId=16 binarySemaphoreHandles=0x10 binaryFenceHandles=0x8.
09-10 12:09:54.187  9414  9525 I GFXSTREAM: [vk_decoder_global_state.cpp(4200)] External semaphore export request: context=1 syncId=17 supportedHandles=0x10 selectedHandle=0x10 extension=yes.
09-10 12:09:54.187  9414  9525 I GFXSTREAM: [vk_decoder_global_state.cpp(4206)] External semaphore capability probe: context=1 syncId=17 binarySemaphoreHandles=0x10 binaryFenceHandles=0x8.
09-10 12:09:54.190  9414  9487 I GFXSTREAM: [vk_decoder_global_state.cpp(4200)] External semaphore export request: context=1 syncId=18 supportedHandles=0x10 selectedHandle=0x10 extension=yes.
09-10 12:09:54.190  9414  9487 I GFXSTREAM: [vk_decoder_global_state.cpp(4206)] External semaphore capability probe: context=1 syncId=18 binarySemaphoreHandles=0x10 binaryFenceHandles=0x8.
09-10 12:09:54.196  9414  9525 I GFXSTREAM: [vk_decoder_global_state.cpp(4200)] External semaphore export request: context=1 syncId=19 supportedHandles=0x10 selectedHandle=0x10 extension=yes.
09-10 12:09:54.196  9414  9525 I GFXSTREAM: [vk_decoder_global_state.cpp(4206)] External semaphore capability probe: context=1 syncId=19 binarySemaphoreHandles=0x10 binaryFenceHandles=0x8.
09-10 12:09:54.199  9414  9487 I GFXSTREAM: [vk_decoder_global_state.cpp(4200)] External semaphore export request: context=1 syncId=20 supportedHandles=0x10 selectedHandle=0x10 extension=yes.
09-10 12:09:54.199  9414  9487 I GFXSTREAM: [vk_decoder_global_state.cpp(4206)] External semaphore capability probe: context=1 syncId=20 binarySemaphoreHandles=0x10 binaryFenceHandles=0x8.
09-10 12:09:54.206  9414  9525 I GFXSTREAM: [vk_decoder_global_state.cpp(4200)] External semaphore export request: context=1 syncId=21 supportedHandles=0x10 selectedHandle=0x10 extension=yes.
09-10 12:09:54.206  9414  9525 I GFXSTREAM: [vk_decoder_global_state.cpp(4206)] External semaphore capability probe: context=1 syncId=21 binarySemaphoreHandles=0x10 binaryFenceHandles=0x8.
09-10 12:09:54.209  9414  9487 I GFXSTREAM: [vk_decoder_global_state.cpp(4200)] External semaphore export request: context=1 syncId=22 supportedHandles=0x10 selectedHandle=0x10 extension=yes.
09-10 12:09:54.209  9414  9487 I GFXSTREAM: [vk_decoder_global_state.cpp(4206)] External semaphore capability probe: context=1 syncId=22 binarySemaphoreHandles=0x10 binaryFenceHandles=0x8.
09-10 12:09:54.216  9414  9525 I GFXSTREAM: [vk_decoder_global_state.cpp(4200)] External semaphore export request: context=1 syncId=23 supportedHandles=0x10 selectedHandle=0x10 extension=yes.
09-10 12:09:54.216  9414  9525 I GFXSTREAM: [vk_decoder_global_state.cpp(4206)] External semaphore capability probe: context=1 syncId=23 binarySemaphoreHandles=0x10 binaryFenceHandles=0x8.
09-10 12:09:54.219  9414  9487 I GFXSTREAM: [vk_decoder_global_state.cpp(4200)] External semaphore export request: context=1 syncId=24 supportedHandles=0x10 selectedHandle=0x10 extension=yes.
09-10 12:09:54.219  9414  9487 I GFXSTREAM: [vk_decoder_global_state.cpp(4206)] External semaphore capability probe: context=1 syncId=24 binarySemaphoreHandles=0x10 binaryFenceHandles=0x8.
09-10 12:09:54.227  9414  9525 I GFXSTREAM: [vk_decoder_global_state.cpp(4200)] External semaphore export request: context=1 syncId=25 supportedHandles=0x10 selectedHandle=0x10 extension=yes.
09-10 12:09:54.227  9414  9525 I GFXSTREAM: [vk_decoder_global_state.cpp(4206)] External semaphore capability probe: context=1 syncId=25 binarySemaphoreHandles=0x10 binaryFenceHandles=0x8.
09-10 12:09:54.230  9414  9487 I GFXSTREAM: [vk_decoder_global_state.cpp(4200)] External semaphore export request: context=1 syncId=26 supportedHandles=0x10 selectedHandle=0x10 extension=yes.
09-10 12:09:54.230  9414  9487 I GFXSTREAM: [vk_decoder_global_state.cpp(4206)] External semaphore capability probe: context=1 syncId=26 binarySemaphoreHandles=0x10 binaryFenceHandles=0x8.
09-10 12:09:54.237  9414  9525 I GFXSTREAM: [vk_decoder_global_state.cpp(4200)] External semaphore export request: context=1 syncId=27 supportedHandles=0x10 selectedHandle=0x10 extension=yes.
09-10 12:09:54.237  9414  9525 I GFXSTREAM: [vk_decoder_global_state.cpp(4206)] External semaphore capability probe: context=1 syncId=27 binarySemaphoreHandles=0x10 binaryFenceHandles=0x8.
09-10 12:09:54.240  9414  9487 I GFXSTREAM: [vk_decoder_global_state.cpp(4200)] External semaphore export request: context=1 syncId=28 supportedHandles=0x10 selectedHandle=0x10 extension=yes.
09-10 12:09:54.240  9414  9487 I GFXSTREAM: [vk_decoder_global_state.cpp(4206)] External semaphore capability probe: context=1 syncId=28 binarySemaphoreHandles=0x10 binaryFenceHandles=0x8.
09-10 12:09:54.246  9414  9525 I GFXSTREAM: [vk_decoder_global_state.cpp(4200)] External semaphore export request: context=1 syncId=29 supportedHandles=0x10 selectedHandle=0x10 extension=yes.
09-10 12:09:54.246  9414  9525 I GFXSTREAM: [vk_decoder_global_state.cpp(4206)] External semaphore capability probe: context=1 syncId=29 binarySemaphoreHandles=0x10 binaryFenceHandles=0x8.
09-10 12:09:54.249  9414  9487 I GFXSTREAM: [vk_decoder_global_state.cpp(4200)] External semaphore export request: context=1 syncId=30 supportedHandles=0x10 selectedHandle=0x10 extension=yes.
09-10 12:09:54.249  9414  9487 I GFXSTREAM: [vk_decoder_global_state.cpp(4206)] External semaphore capability probe: context=1 syncId=30 binarySemaphoreHandles=0x10 binaryFenceHandles=0x8.
09-10 12:09:54.255  9414  9525 I GFXSTREAM: [vk_decoder_global_state.cpp(4200)] External semaphore export request: context=1 syncId=31 supportedHandles=0x10 selectedHandle=0x10 extension=yes.
09-10 12:09:54.255  9414  9525 I GFXSTREAM: [vk_decoder_global_state.cpp(4206)] External semaphore capability probe: context=1 syncId=31 binarySemaphoreHandles=0x10 binaryFenceHandles=0x8.
09-10 12:09:54.259  9414  9487 I GFXSTREAM: [vk_decoder_global_state.cpp(4200)] External semaphore export request: context=1 syncId=32 supportedHandles=0x10 selectedHandle=0x10 extension=yes.
09-10 12:09:54.259  9414  9487 I GFXSTREAM: [vk_decoder_global_state.cpp(4206)] External semaphore capability probe: context=1 syncId=32 binarySemaphoreHandles=0x10 binaryFenceHandles=0x8.
09-10 12:09:54.265  9414  9525 I GFXSTREAM: [vk_decoder_global_state.cpp(4200)] External semaphore export request: context=1 syncId=33 supportedHandles=0x10 selectedHandle=0x10 extension=yes.
09-10 12:09:54.265  9414  9525 I GFXSTREAM: [vk_decoder_global_state.cpp(4206)] External semaphore capability probe: context=1 syncId=33 binarySemaphoreHandles=0x10 binaryFenceHandles=0x8.
09-10 12:09:54.267  9414  9487 I GFXSTREAM: [vk_decoder_global_state.cpp(4200)] External semaphore export request: context=1 syncId=34 supportedHandles=0x10 selectedHandle=0x10 extension=yes.
09-10 12:09:54.267  9414  9487 I GFXSTREAM: [vk_decoder_global_state.cpp(4206)] External semaphore capability probe: context=1 syncId=34 binarySemaphoreHandles=0x10 binaryFenceHandles=0x8.
09-10 12:09:54.274  9414  9525 I GFXSTREAM: [vk_decoder_global_state.cpp(4200)] External semaphore export request: context=1 syncId=35 supportedHandles=0x10 selectedHandle=0x10 extension=yes.
09-10 12:09:54.275  9414  9525 I GFXSTREAM: [vk_decoder_global_state.cpp(4206)] External semaphore capability probe: context=1 syncId=35 binarySemaphoreHandles=0x10 binaryFenceHandles=0x8.
09-10 12:09:54.278  9414  9487 I GFXSTREAM: [vk_decoder_global_state.cpp(4200)] External semaphore export request: context=1 syncId=36 supportedHandles=0x10 selectedHandle=0x10 extension=yes.
09-10 12:09:54.278  9414  9487 I GFXSTREAM: [vk_decoder_global_state.cpp(4206)] External semaphore capability probe: context=1 syncId=36 binarySemaphoreHandles=0x10 binaryFenceHandles=0x8.
09-10 12:09:54.284  9414  9525 I GFXSTREAM: [vk_decoder_global_state.cpp(4200)] External semaphore export request: context=1 syncId=37 supportedHandles=0x10 selectedHandle=0x10 extension=yes.
09-10 12:09:54.284  9414  9525 I GFXSTREAM: [vk_decoder_global_state.cpp(4206)] External semaphore capability probe: context=1 syncId=37 binarySemaphoreHandles=0x10 binaryFenceHandles=0x8.
09-10 12:09:54.289  9414  9487 I GFXSTREAM: [vk_decoder_global_state.cpp(4200)] External semaphore export request: context=1 syncId=38 supportedHandles=0x10 selectedHandle=0x10 extension=yes.
09-10 12:09:54.289  9414  9487 I GFXSTREAM: [vk_decoder_global_state.cpp(4206)] External semaphore capability probe: context=1 syncId=38 binarySemaphoreHandles=0x10 binaryFenceHandles=0x8.
09-10 12:09:54.296  9414  9525 I GFXSTREAM: [vk_decoder_global_state.cpp(4200)] External semaphore export request: context=1 syncId=39 supportedHandles=0x10 selectedHandle=0x10 extension=yes.
09-10 12:09:54.296  9414  9525 I GFXSTREAM: [vk_decoder_global_state.cpp(4206)] External semaphore capability probe: context=1 syncId=39 binarySemaphoreHandles=0x10 binaryFenceHandles=0x8.
09-10 12:09:54.300  9414  9487 I GFXSTREAM: [vk_decoder_global_state.cpp(4200)] External semaphore export request: context=1 syncId=40 supportedHandles=0x10 selectedHandle=0x10 extension=yes.
09-10 12:09:54.300  9414  9487 I GFXSTREAM: [vk_decoder_global_state.cpp(4206)] External semaphore capability probe: context=1 syncId=40 binarySemaphoreHandles=0x10 binaryFenceHandles=0x8.
09-10 12:09:54.308  9414  9525 I GFXSTREAM: [vk_decoder_global_state.cpp(4200)] External semaphore export request: context=1 syncId=41 supportedHandles=0x10 selectedHandle=0x10 extension=yes.
09-10 12:09:54.308  9414  9525 I GFXSTREAM: [vk_decoder_global_state.cpp(4206)] External semaphore capability probe: context=1 syncId=41 binarySemaphoreHandles=0x10 binaryFenceHandles=0x8.
09-10 12:09:54.318  9414  9487 I GFXSTREAM: [vk_decoder_global_state.cpp(4200)] External semaphore export request: context=1 syncId=42 supportedHandles=0x10 selectedHandle=0x10 extension=yes.
09-10 12:09:54.318  9414  9487 I GFXSTREAM: [vk_decoder_global_state.cpp(4206)] External semaphore capability probe: context=1 syncId=42 binarySemaphoreHandles=0x10 binaryFenceHandles=0x8.
09-10 12:09:54.326  9414  9525 I GFXSTREAM: [vk_decoder_global_state.cpp(4200)] External semaphore export request: context=1 syncId=43 supportedHandles=0x10 selectedHandle=0x10 extension=yes.
09-10 12:09:54.326  9414  9525 I GFXSTREAM: [vk_decoder_global_state.cpp(4206)] External semaphore capability probe: context=1 syncId=43 binarySemaphoreHandles=0x10 binaryFenceHandles=0x8.
09-10 12:09:54.330  9414  9487 I GFXSTREAM: [vk_decoder_global_state.cpp(4200)] External semaphore export request: context=1 syncId=44 supportedHandles=0x10 selectedHandle=0x10 extension=yes.
09-10 12:09:54.331  9414  9487 I GFXSTREAM: [vk_decoder_global_state.cpp(4206)] External semaphore capability probe: context=1 syncId=44 binarySemaphoreHandles=0x10 binaryFenceHandles=0x8.
09-10 12:09:54.339  9414  9525 I GFXSTREAM: [vk_decoder_global_state.cpp(4200)] External semaphore export request: context=1 syncId=45 supportedHandles=0x10 selectedHandle=0x10 extension=yes.
09-10 12:09:54.339  9414  9525 I GFXSTREAM: [vk_decoder_global_state.cpp(4206)] External semaphore capability probe: context=1 syncId=45 binarySemaphoreHandles=0x10 binaryFenceHandles=0x8.
09-10 12:09:54.345  9414  9487 I GFXSTREAM: [vk_decoder_global_state.cpp(4200)] External semaphore export request: context=1 syncId=46 supportedHandles=0x10 selectedHandle=0x10 extension=yes.
09-10 12:09:54.345  9414  9487 I GFXSTREAM: [vk_decoder_global_state.cpp(4206)] External semaphore capability probe: context=1 syncId=46 binarySemaphoreHandles=0x10 binaryFenceHandles=0x8.
09-10 12:09:54.352  9414  9525 I GFXSTREAM: [vk_decoder_global_state.cpp(4200)] External semaphore export request: context=1 syncId=47 supportedHandles=0x10 selectedHandle=0x10 extension=yes.
09-10 12:09:54.352  9414  9525 I GFXSTREAM: [vk_decoder_global_state.cpp(4206)] External semaphore capability probe: context=1 syncId=47 binarySemaphoreHandles=0x10 binaryFenceHandles=0x8.
09-10 12:09:54.356  9414  9487 I GFXSTREAM: [vk_decoder_global_state.cpp(4200)] External semaphore export request: context=1 syncId=48 supportedHandles=0x10 selectedHandle=0x10 extension=yes.
09-10 12:09:54.356  9414  9487 I GFXSTREAM: [vk_decoder_global_state.cpp(4206)] External semaphore capability probe: context=1 syncId=48 binarySemaphoreHandles=0x10 binaryFenceHandles=0x8.
09-10 12:09:54.362  9414  9525 I GFXSTREAM: [vk_decoder_global_state.cpp(4200)] External semaphore export request: context=1 syncId=49 supportedHandles=0x10 selectedHandle=0x10 extension=yes.
09-10 12:09:54.362  9414  9525 I GFXSTREAM: [vk_decoder_global_state.cpp(4206)] External semaphore capability probe: context=1 syncId=49 binarySemaphoreHandles=0x10 binaryFenceHandles=0x8.
09-10 12:09:54.365  9414  9487 I GFXSTREAM: [vk_decoder_global_state.cpp(4200)] External semaphore export request: context=1 syncId=50 supportedHandles=0x10 selectedHandle=0x10 extension=yes.
09-10 12:09:54.365  9414  9487 I GFXSTREAM: [vk_decoder_global_state.cpp(4206)] External semaphore capability probe: context=1 syncId=50 binarySemaphoreHandles=0x10 binaryFenceHandles=0x8.
09-10 12:09:54.371  9414  9525 I GFXSTREAM: [vk_decoder_global_state.cpp(4200)] External semaphore export request: context=1 syncId=51 supportedHandles=0x10 selectedHandle=0x10 extension=yes.
09-10 12:09:54.371  9414  9525 I GFXSTREAM: [vk_decoder_global_state.cpp(4206)] External semaphore capability probe: context=1 syncId=51 binarySemaphoreHandles=0x10 binaryFenceHandles=0x8.
09-10 12:09:54.374  9414  9487 I GFXSTREAM: [vk_decoder_global_state.cpp(4200)] External semaphore export request: context=1 syncId=52 supportedHandles=0x10 selectedHandle=0x10 extension=yes.
09-10 12:09:54.374  9414  9487 I GFXSTREAM: [vk_decoder_global_state.cpp(4206)] External semaphore capability probe: context=1 syncId=52 binarySemaphoreHandles=0x10 binaryFenceHandles=0x8.
09-10 12:09:54.381  9414  9525 I GFXSTREAM: [vk_decoder_global_state.cpp(4200)] External semaphore export request: context=1 syncId=53 supportedHandles=0x10 selectedHandle=0x10 extension=yes.
09-10 12:09:54.381  9414  9525 I GFXSTREAM: [vk_decoder_global_state.cpp(4206)] External semaphore capability probe: context=1 syncId=53 binarySemaphoreHandles=0x10 binaryFenceHandles=0x8.
09-10 12:09:54.384  9414  9487 I GFXSTREAM: [vk_decoder_global_state.cpp(4200)] External semaphore export request: context=1 syncId=54 supportedHandles=0x10 selectedHandle=0x10 extension=yes.
09-10 12:09:54.384  9414  9487 I GFXSTREAM: [vk_decoder_global_state.cpp(4206)] External semaphore capability probe: context=1 syncId=54 binarySemaphoreHandles=0x10 binaryFenceHandles=0x8.
09-10 12:09:54.401  9414  9525 I GFXSTREAM: [vk_decoder_global_state.cpp(4200)] External semaphore export request: context=1 syncId=55 supportedHandles=0x10 selectedHandle=0x10 extension=yes.
09-10 12:09:54.401  9414  9525 I GFXSTREAM: [vk_decoder_global_state.cpp(4206)] External semaphore capability probe: context=1 syncId=55 binarySemaphoreHandles=0x10 binaryFenceHandles=0x8.
09-10 12:09:54.402  9414  9487 I GFXSTREAM: [vk_decoder_global_state.cpp(4200)] External semaphore export request: context=1 syncId=56 supportedHandles=0x10 selectedHandle=0x10 extension=yes.
09-10 12:09:54.402  9414  9487 I GFXSTREAM: [vk_decoder_global_state.cpp(4206)] External semaphore capability probe: context=1 syncId=56 binarySemaphoreHandles=0x10 binaryFenceHandles=0x8.
09-10 12:09:54.407  9414  9525 I GFXSTREAM: [vk_decoder_global_state.cpp(4200)] External semaphore export request: context=1 syncId=57 supportedHandles=0x10 selectedHandle=0x10 extension=yes.
09-10 12:09:54.407  9414  9525 I GFXSTREAM: [vk_decoder_global_state.cpp(4206)] External semaphore capability probe: context=1 syncId=57 binarySemaphoreHandles=0x10 binaryFenceHandles=0x8.
09-10 12:09:54.408  9414  9487 I GFXSTREAM: [vk_decoder_global_state.cpp(4200)] External semaphore export request: context=1 syncId=58 supportedHandles=0x10 selectedHandle=0x10 extension=yes.
09-10 12:09:54.408  9414  9487 I GFXSTREAM: [vk_decoder_global_state.cpp(4206)] External semaphore capability probe: context=1 syncId=58 binarySemaphoreHandles=0x10 binaryFenceHandles=0x8.
09-10 12:09:54.414  9414  9525 I GFXSTREAM: [vk_decoder_global_state.cpp(4200)] External semaphore export request: context=1 syncId=59 supportedHandles=0x10 selectedHandle=0x10 extension=yes.
09-10 12:09:54.414  9414  9525 I GFXSTREAM: [vk_decoder_global_state.cpp(4206)] External semaphore capability probe: context=1 syncId=59 binarySemaphoreHandles=0x10 binaryFenceHandles=0x8.
09-10 12:09:54.415  9414  9487 I GFXSTREAM: [vk_decoder_global_state.cpp(4200)] External semaphore export request: context=1 syncId=60 supportedHandles=0x10 selectedHandle=0x10 extension=yes.
09-10 12:09:54.415  9414  9487 I GFXSTREAM: [vk_decoder_global_state.cpp(4206)] External semaphore capability probe: context=1 syncId=60 binarySemaphoreHandles=0x10 binaryFenceHandles=0x8.
09-10 12:09:54.420  9414  9525 I GFXSTREAM: [vk_decoder_global_state.cpp(4200)] External semaphore export request: context=1 syncId=61 supportedHandles=0x10 selectedHandle=0x10 extension=yes.
09-10 12:09:54.420  9414  9525 I GFXSTREAM: [vk_decoder_global_state.cpp(4206)] External semaphore capability probe: context=1 syncId=61 binarySemaphoreHandles=0x10 binaryFenceHandles=0x8.
09-10 12:09:54.422  9414  9487 I GFXSTREAM: [vk_decoder_global_state.cpp(4200)] External semaphore export request: context=1 syncId=62 supportedHandles=0x10 selectedHandle=0x10 extension=yes.
09-10 12:09:54.422  9414  9487 I GFXSTREAM: [vk_decoder_global_state.cpp(4206)] External semaphore capability probe: context=1 syncId=62 binarySemaphoreHandles=0x10 binaryFenceHandles=0x8.
09-10 12:09:54.427  9414  9525 I GFXSTREAM: [vk_decoder_global_state.cpp(4200)] External semaphore export request: context=1 syncId=63 supportedHandles=0x10 selectedHandle=0x10 extension=yes.
09-10 12:09:54.427  9414  9525 I GFXSTREAM: [vk_decoder_global_state.cpp(4206)] External semaphore capability probe: context=1 syncId=63 binarySemaphoreHandles=0x10 binaryFenceHandles=0x8.
09-10 12:09:54.428  9414  9487 I GFXSTREAM: [vk_decoder_global_state.cpp(4200)] External semaphore export request: context=1 syncId=64 supportedHandles=0x10 selectedHandle=0x10 extension=yes.
09-10 12:09:54.428  9414  9487 I GFXSTREAM: [vk_decoder_global_state.cpp(4206)] External semaphore capability probe: context=1 syncId=64 binarySemaphoreHandles=0x10 binaryFenceHandles=0x8.
09-10 12:09:54.435  9414  9525 I GFXSTREAM: [vk_decoder_global_state.cpp(4200)] External semaphore export request: context=1 syncId=65 supportedHandles=0x10 selectedHandle=0x10 extension=yes.
09-10 12:09:54.435  9414  9525 I GFXSTREAM: [vk_decoder_global_state.cpp(4206)] External semaphore capability probe: context=1 syncId=65 binarySemaphoreHandles=0x10 binaryFenceHandles=0x8.
09-10 12:09:54.436  9414  9487 I GFXSTREAM: [vk_decoder_global_state.cpp(4200)] External semaphore export request: context=1 syncId=66 supportedHandles=0x10 selectedHandle=0x10 extension=yes.
09-10 12:09:54.436  9414  9487 I GFXSTREAM: [vk_decoder_global_state.cpp(4206)] External semaphore capability probe: context=1 syncId=66 binarySemaphoreHandles=0x10 binaryFenceHandles=0x8.
09-10 12:09:54.443  9414  9525 I GFXSTREAM: [vk_decoder_global_state.cpp(4200)] External semaphore export request: context=1 syncId=67 supportedHandles=0x10 selectedHandle=0x10 extension=yes.
09-10 12:09:54.443  9414  9525 I GFXSTREAM: [vk_decoder_global_state.cpp(4206)] External semaphore capability probe: context=1 syncId=67 binarySemaphoreHandles=0x10 binaryFenceHandles=0x8.
09-10 12:09:54.444  9414  9487 I GFXSTREAM: [vk_decoder_global_state.cpp(4200)] External semaphore export request: context=1 syncId=68 supportedHandles=0x10 selectedHandle=0x10 extension=yes.
09-10 12:09:54.444  9414  9487 I GFXSTREAM: [vk_decoder_global_state.cpp(4206)] External semaphore capability probe: context=1 syncId=68 binarySemaphoreHandles=0x10 binaryFenceHandles=0x8.
09-10 12:09:54.450  9414  9525 I GFXSTREAM: [vk_decoder_global_state.cpp(4200)] External semaphore export request: context=1 syncId=69 supportedHandles=0x10 selectedHandle=0x10 extension=yes.
09-10 12:09:54.451  9414  9525 I GFXSTREAM: [vk_decoder_global_state.cpp(4206)] External semaphore capability probe: context=1 syncId=69 binarySemaphoreHandles=0x10 binaryFenceHandles=0x8.
09-10 12:09:54.452  9414  9487 I GFXSTREAM: [vk_decoder_global_state.cpp(4200)] External semaphore export request: context=1 syncId=70 supportedHandles=0x10 selectedHandle=0x10 extension=yes.
09-10 12:09:54.452  9414  9487 I GFXSTREAM: [vk_decoder_global_state.cpp(4206)] External semaphore capability probe: context=1 syncId=70 binarySemaphoreHandles=0x10 binaryFenceHandles=0x8.
09-10 12:09:54.457  9414  9525 I GFXSTREAM: [vk_decoder_global_state.cpp(4200)] External semaphore export request: context=1 syncId=71 supportedHandles=0x10 selectedHandle=0x10 extension=yes.
09-10 12:09:54.458  9414  9525 I GFXSTREAM: [vk_decoder_global_state.cpp(4206)] External semaphore capability probe: context=1 syncId=71 binarySemaphoreHandles=0x10 binaryFenceHandles=0x8.
09-10 12:09:54.462  9414  9487 I GFXSTREAM: [vk_decoder_global_state.cpp(4200)] External semaphore export request: context=1 syncId=72 supportedHandles=0x10 selectedHandle=0x10 extension=yes.
09-10 12:09:54.462  9414  9487 I GFXSTREAM: [vk_decoder_global_state.cpp(4206)] External semaphore capability probe: context=1 syncId=72 binarySemaphoreHandles=0x10 binaryFenceHandles=0x8.
09-10 12:09:54.470  9414  9525 I GFXSTREAM: [vk_decoder_global_state.cpp(4200)] External semaphore export request: context=1 syncId=73 supportedHandles=0x10 selectedHandle=0x10 extension=yes.
09-10 12:09:54.470  9414  9525 I GFXSTREAM: [vk_decoder_global_state.cpp(4206)] External semaphore capability probe: context=1 syncId=73 binarySemaphoreHandles=0x10 binaryFenceHandles=0x8.
09-10 12:09:54.470  9414  9487 I GFXSTREAM: [vk_decoder_global_state.cpp(4200)] External semaphore export request: context=1 syncId=74 supportedHandles=0x10 selectedHandle=0x10 extension=yes.
09-10 12:09:54.470  9414  9487 I GFXSTREAM: [vk_decoder_global_state.cpp(4206)] External semaphore capability probe: context=1 syncId=74 binarySemaphoreHandles=0x10 binaryFenceHandles=0x8.
09-10 12:09:54.472  2905  8937 I NearbyMediums: No BLE Fast/GATT advertisements found in the latest cycle.
09-10 12:09:54.472  2905  8937 I NearbyMediums: Current Tracked Scanning Clients are : {NearbyConnections.EnvironmentMonitor, NearbySharing, NearbyConnections.TxAdvertisement}
09-10 12:09:54.476  9414  9525 I GFXSTREAM: [vk_decoder_global_state.cpp(4200)] External semaphore export request: context=1 syncId=75 supportedHandles=0x10 selectedHandle=0x10 extension=yes.
09-10 12:09:54.477  9414  9525 I GFXSTREAM: [vk_decoder_global_state.cpp(4206)] External semaphore capability probe: context=1 syncId=75 binarySemaphoreHandles=0x10 binaryFenceHandles=0x8.
09-10 12:09:54.478  9414  9487 I GFXSTREAM: [vk_decoder_global_state.cpp(4200)] External semaphore export request: context=1 syncId=76 supportedHandles=0x10 selectedHandle=0x10 extension=yes.
09-10 12:09:54.478  9414  9487 I GFXSTREAM: [vk_decoder_global_state.cpp(4206)] External semaphore capability probe: context=1 syncId=76 binarySemaphoreHandles=0x10 binaryFenceHandles=0x8.
09-10 12:09:54.485  9414  9525 I GFXSTREAM: [vk_decoder_global_state.cpp(4200)] External semaphore export request: context=1 syncId=77 supportedHandles=0x10 selectedHandle=0x10 extension=yes.
09-10 12:09:54.485  9414  9525 I GFXSTREAM: [vk_decoder_global_state.cpp(4206)] External semaphore capability probe: context=1 syncId=77 binarySemaphoreHandles=0x10 binaryFenceHandles=0x8.
09-10 12:09:54.487  9414  9487 I GFXSTREAM: [vk_decoder_global_state.cpp(4200)] External semaphore export request: context=1 syncId=78 supportedHandles=0x10 selectedHandle=0x10 extension=yes.
09-10 12:09:54.487  9414  9487 I GFXSTREAM: [vk_decoder_global_state.cpp(4206)] External semaphore capability probe: context=1 syncId=78 binarySemaphoreHandles=0x10 binaryFenceHandles=0x8.
09-10 12:09:54.494  9414  9525 I GFXSTREAM: [vk_decoder_global_state.cpp(4200)] External semaphore export request: context=1 syncId=79 supportedHandles=0x10 selectedHandle=0x10 extension=yes.
09-10 12:09:54.495  9414  9525 I GFXSTREAM: [vk_decoder_global_state.cpp(4206)] External semaphore capability probe: context=1 syncId=79 binarySemaphoreHandles=0x10 binaryFenceHandles=0x8.
09-10 12:09:54.496  9414  9487 I GFXSTREAM: [vk_decoder_global_state.cpp(4200)] External semaphore export request: context=1 syncId=80 supportedHandles=0x10 selectedHandle=0x10 extension=yes.
09-10 12:09:54.496  9414  9487 I GFXSTREAM: [vk_decoder_global_state.cpp(4206)] External semaphore capability probe: context=1 syncId=80 binarySemaphoreHandles=0x10 binaryFenceHandles=0x8.
09-10 12:09:54.503  9414  9525 I GFXSTREAM: [vk_decoder_global_state.cpp(4200)] External semaphore export request: context=1 syncId=81 supportedHandles=0x10 selectedHandle=0x10 extension=yes.
09-10 12:09:54.503  9414  9525 I GFXSTREAM: [vk_decoder_global_state.cpp(4206)] External semaphore capability probe: context=1 syncId=81 binarySemaphoreHandles=0x10 binaryFenceHandles=0x8.
09-10 12:09:54.507  9414  9487 I GFXSTREAM: [vk_decoder_global_state.cpp(4200)] External semaphore export request: context=1 syncId=82 supportedHandles=0x10 selectedHandle=0x10 extension=yes.
09-10 12:09:54.507  9414  9487 I GFXSTREAM: [vk_decoder_global_state.cpp(4206)] External semaphore capability probe: context=1 syncId=82 binarySemaphoreHandles=0x10 binaryFenceHandles=0x8.
09-10 12:09:54.517  9414  9525 I GFXSTREAM: [vk_decoder_global_state.cpp(4200)] External semaphore export request: context=1 syncId=83 supportedHandles=0x10 selectedHandle=0x10 extension=yes.
09-10 12:09:54.517  9414  9525 I GFXSTREAM: [vk_decoder_global_state.cpp(4206)] External semaphore capability probe: context=1 syncId=83 binarySemaphoreHandles=0x10 binaryFenceHandles=0x8.
09-10 12:09:54.518  9414  9487 I GFXSTREAM: [vk_decoder_global_state.cpp(4200)] External semaphore export request: context=1 syncId=84 supportedHandles=0x10 selectedHandle=0x10 extension=yes.
09-10 12:09:54.518  9414  9487 I GFXSTREAM: [vk_decoder_global_state.cpp(4206)] External semaphore capability probe: context=1 syncId=84 binarySemaphoreHandles=0x10 binaryFenceHandles=0x8.
09-10 12:09:54.525  9414  9525 I GFXSTREAM: [vk_decoder_global_state.cpp(4200)] External semaphore export request: context=1 syncId=85 supportedHandles=0x10 selectedHandle=0x10 extension=yes.
09-10 12:09:54.525  9414  9525 I GFXSTREAM: [vk_decoder_global_state.cpp(4206)] External semaphore capability probe: context=1 syncId=85 binarySemaphoreHandles=0x10 binaryFenceHandles=0x8.
09-10 12:09:54.527  9414  9487 I GFXSTREAM: [vk_decoder_global_state.cpp(4200)] External semaphore export request: context=1 syncId=86 supportedHandles=0x10 selectedHandle=0x10 extension=yes.
09-10 12:09:54.527  9414  9487 I GFXSTREAM: [vk_decoder_global_state.cpp(4206)] External semaphore capability probe: context=1 syncId=86 binarySemaphoreHandles=0x10 binaryFenceHandles=0x8.
09-10 12:09:54.533  9414  9525 I GFXSTREAM: [vk_decoder_global_state.cpp(4200)] External semaphore export request: context=1 syncId=87 supportedHandles=0x10 selectedHandle=0x10 extension=yes.
09-10 12:09:54.533  9414  9525 I GFXSTREAM: [vk_decoder_global_state.cpp(4206)] External semaphore capability probe: context=1 syncId=87 binarySemaphoreHandles=0x10 binaryFenceHandles=0x8.
09-10 12:09:54.534  9414  9487 I GFXSTREAM: [vk_decoder_global_state.cpp(4200)] External semaphore export request: context=1 syncId=88 supportedHandles=0x10 selectedHandle=0x10 extension=yes.
09-10 12:09:54.534  9414  9487 I GFXSTREAM: [vk_decoder_global_state.cpp(4206)] External semaphore capability probe: context=1 syncId=88 binarySemaphoreHandles=0x10 binaryFenceHandles=0x8.
09-10 12:09:54.542  9414  9525 I GFXSTREAM: [vk_decoder_global_state.cpp(4200)] External semaphore export request: context=1 syncId=89 supportedHandles=0x10 selectedHandle=0x10 extension=yes.
09-10 12:09:54.542  9414  9525 I GFXSTREAM: [vk_decoder_global_state.cpp(4206)] External semaphore capability probe: context=1 syncId=89 binarySemaphoreHandles=0x10 binaryFenceHandles=0x8.
09-10 12:09:54.544  9414  9487 I GFXSTREAM: [vk_decoder_global_state.cpp(4200)] External semaphore export request: context=1 syncId=90 supportedHandles=0x10 selectedHandle=0x10 extension=yes.
09-10 12:09:54.544  9414  9487 I GFXSTREAM: [vk_decoder_global_state.cpp(4206)] External semaphore capability probe: context=1 syncId=90 binarySemaphoreHandles=0x10 binaryFenceHandles=0x8.
09-10 12:09:54.550  9414  9525 I GFXSTREAM: [vk_decoder_global_state.cpp(4200)] External semaphore export request: context=1 syncId=91 supportedHandles=0x10 selectedHandle=0x10 extension=yes.
09-10 12:09:54.550  9414  9525 I GFXSTREAM: [vk_decoder_global_state.cpp(4206)] External semaphore capability probe: context=1 syncId=91 binarySemaphoreHandles=0x10 binaryFenceHandles=0x8.
09-10 12:09:54.552  9414  9487 I GFXSTREAM: [vk_decoder_global_state.cpp(4200)] External semaphore export request: context=1 syncId=92 supportedHandles=0x10 selectedHandle=0x10 extension=yes.
09-10 12:09:54.552  9414  9487 I GFXSTREAM: [vk_decoder_global_state.cpp(4206)] External semaphore capability probe: context=1 syncId=92 binarySemaphoreHandles=0x10 binaryFenceHandles=0x8.
09-10 12:09:54.559  9414  9525 I GFXSTREAM: [vk_decoder_global_state.cpp(4200)] External semaphore export request: context=1 syncId=93 supportedHandles=0x10 selectedHandle=0x10 extension=yes.
09-10 12:09:54.559  9414  9525 I GFXSTREAM: [vk_decoder_global_state.cpp(4206)] External semaphore capability probe: context=1 syncId=93 binarySemaphoreHandles=0x10 binaryFenceHandles=0x8.
09-10 12:09:54.561  9414  9487 I GFXSTREAM: [vk_decoder_global_state.cpp(4200)] External semaphore export request: context=1 syncId=94 supportedHandles=0x10 selectedHandle=0x10 extension=yes.
09-10 12:09:54.561  9414  9487 I GFXSTREAM: [vk_decoder_global_state.cpp(4206)] External semaphore capability probe: context=1 syncId=94 binarySemaphoreHandles=0x10 binaryFenceHandles=0x8.
09-10 12:09:54.567  9414  9525 I GFXSTREAM: [vk_decoder_global_state.cpp(4200)] External semaphore export request: context=1 syncId=95 supportedHandles=0x10 selectedHandle=0x10 extension=yes.
09-10 12:09:54.567  9414  9525 I GFXSTREAM: [vk_decoder_global_state.cpp(4206)] External semaphore capability probe: context=1 syncId=95 binarySemaphoreHandles=0x10 binaryFenceHandles=0x8.
09-10 12:09:54.568  9414  9487 I GFXSTREAM: [vk_decoder_global_state.cpp(4200)] External semaphore export request: context=1 syncId=96 supportedHandles=0x10 selectedHandle=0x10 extension=yes.
09-10 12:09:54.568  9414  9487 I GFXSTREAM: [vk_decoder_global_state.cpp(4206)] External semaphore capability probe: context=1 syncId=96 binarySemaphoreHandles=0x10 binaryFenceHandles=0x8.
09-10 12:09:54.574  9414  9525 I GFXSTREAM: [vk_decoder_global_state.cpp(4200)] External semaphore export request: context=1 syncId=97 supportedHandles=0x10 selectedHandle=0x10 extension=yes.
09-10 12:09:54.574  9414  9525 I GFXSTREAM: [vk_decoder_global_state.cpp(4206)] External semaphore capability probe: context=1 syncId=97 binarySemaphoreHandles=0x10 binaryFenceHandles=0x8.
09-10 12:09:54.577  9414  9487 I GFXSTREAM: [vk_decoder_global_state.cpp(4200)] External semaphore export request: context=1 syncId=98 supportedHandles=0x10 selectedHandle=0x10 extension=yes.
09-10 12:09:54.577  9414  9487 I GFXSTREAM: [vk_decoder_global_state.cpp(4206)] External semaphore capability probe: context=1 syncId=98 binarySemaphoreHandles=0x10 binaryFenceHandles=0x8.
09-10 12:09:54.583  9414  9525 I GFXSTREAM: [vk_decoder_global_state.cpp(4200)] External semaphore export request: context=1 syncId=99 supportedHandles=0x10 selectedHandle=0x10 extension=yes.
09-10 12:09:54.583  9414  9525 I GFXSTREAM: [vk_decoder_global_state.cpp(4206)] External semaphore capability probe: context=1 syncId=99 binarySemaphoreHandles=0x10 binaryFenceHandles=0x8.
09-10 12:09:54.585  9414  9487 I GFXSTREAM: [vk_decoder_global_state.cpp(4200)] External semaphore export request: context=1 syncId=100 supportedHandles=0x10 selectedHandle=0x10 extension=yes.
09-10 12:09:54.585  9414  9487 I GFXSTREAM: [vk_decoder_global_state.cpp(4206)] External semaphore capability probe: context=1 syncId=100 binarySemaphoreHandles=0x10 binaryFenceHandles=0x8.
09-10 12:09:54.595  9414  9525 I GFXSTREAM: [vk_decoder_global_state.cpp(4200)] External semaphore export request: context=1 syncId=101 supportedHandles=0x10 selectedHandle=0x10 extension=yes.
09-10 12:09:54.595  9414  9525 I GFXSTREAM: [vk_decoder_global_state.cpp(4206)] External semaphore capability probe: context=1 syncId=101 binarySemaphoreHandles=0x10 binaryFenceHandles=0x8.
09-10 12:09:54.597  9414  9487 I GFXSTREAM: [vk_decoder_global_state.cpp(4200)] External semaphore export request: context=1 syncId=102 supportedHandles=0x10 selectedHandle=0x10 extension=yes.
09-10 12:09:54.597  9414  9487 I GFXSTREAM: [vk_decoder_global_state.cpp(4206)] External semaphore capability probe: context=1 syncId=102 binarySemaphoreHandles=0x10 binaryFenceHandles=0x8.
09-10 12:09:54.608  9414  9525 I GFXSTREAM: [vk_decoder_global_state.cpp(4200)] External semaphore export request: context=1 syncId=103 supportedHandles=0x10 selectedHandle=0x10 extension=yes.
09-10 12:09:54.608  9414  9525 I GFXSTREAM: [vk_decoder_global_state.cpp(4206)] External semaphore capability probe: context=1 syncId=103 binarySemaphoreHandles=0x10 binaryFenceHandles=0x8.
09-10 12:09:54.610  9414  9487 I GFXSTREAM: [vk_decoder_global_state.cpp(4200)] External semaphore export request: context=1 syncId=104 supportedHandles=0x10 selectedHandle=0x10 extension=yes.
09-10 12:09:54.610  9414  9487 I GFXSTREAM: [vk_decoder_global_state.cpp(4206)] External semaphore capability probe: context=1 syncId=104 binarySemaphoreHandles=0x10 binaryFenceHandles=0x8.
09-10 12:09:54.654  9414  9525 I GFXSTREAM: [vk_decoder_global_state.cpp(4200)] External semaphore export request: context=1 syncId=105 supportedHandles=0x10 selectedHandle=0x10 extension=yes.
09-10 12:09:54.654  9414  9525 I GFXSTREAM: [vk_decoder_global_state.cpp(4206)] External semaphore capability probe: context=1 syncId=105 binarySemaphoreHandles=0x10 binaryFenceHandles=0x8.
09-10 12:09:54.656  9414  9487 I GFXSTREAM: [vk_decoder_global_state.cpp(4200)] External semaphore export request: context=1 syncId=106 supportedHandles=0x10 selectedHandle=0x10 extension=yes.
09-10 12:09:54.656  9414  9487 I GFXSTREAM: [vk_decoder_global_state.cpp(4206)] External semaphore capability probe: context=1 syncId=106 binarySemaphoreHandles=0x10 binaryFenceHandles=0x8.
09-10 12:09:54.667  9414  9525 I GFXSTREAM: [vk_decoder_global_state.cpp(4200)] External semaphore export request: context=1 syncId=107 supportedHandles=0x10 selectedHandle=0x10 extension=yes.
09-10 12:09:54.667  9414  9525 I GFXSTREAM: [vk_decoder_global_state.cpp(4206)] External semaphore capability probe: context=1 syncId=107 binarySemaphoreHandles=0x10 binaryFenceHandles=0x8.
09-10 12:09:54.669  9414  9487 I GFXSTREAM: [vk_decoder_global_state.cpp(4200)] External semaphore export request: context=1 syncId=108 supportedHandles=0x10 selectedHandle=0x10 extension=yes.
09-10 12:09:54.669  9414  9487 I GFXSTREAM: [vk_decoder_global_state.cpp(4206)] External semaphore capability probe: context=1 syncId=108 binarySemaphoreHandles=0x10 binaryFenceHandles=0x8.
09-10 12:09:54.681  9414  9525 I GFXSTREAM: [vk_decoder_global_state.cpp(4200)] External semaphore export request: context=1 syncId=109 supportedHandles=0x10 selectedHandle=0x10 extension=yes.
09-10 12:09:54.681  9414  9525 I GFXSTREAM: [vk_decoder_global_state.cpp(4206)] External semaphore capability probe: context=1 syncId=109 binarySemaphoreHandles=0x10 binaryFenceHandles=0x8.
09-10 12:09:54.683  9414  9487 I GFXSTREAM: [vk_decoder_global_state.cpp(4200)] External semaphore export request: context=1 syncId=110 supportedHandles=0x10 selectedHandle=0x10 extension=yes.
09-10 12:09:54.683  9414  9487 I GFXSTREAM: [vk_decoder_global_state.cpp(4206)] External semaphore capability probe: context=1 syncId=110 binarySemaphoreHandles=0x10 binaryFenceHandles=0x8.
09-10 12:09:54.702  9414  9525 I GFXSTREAM: [vk_decoder_global_state.cpp(4200)] External semaphore export request: context=1 syncId=111 supportedHandles=0x10 selectedHandle=0x10 extension=yes.
09-10 12:09:54.702  9414  9525 I GFXSTREAM: [vk_decoder_global_state.cpp(4206)] External semaphore capability probe: context=1 syncId=111 binarySemaphoreHandles=0x10 binaryFenceHandles=0x8.
09-10 12:09:54.710  9414  9487 I GFXSTREAM: [vk_decoder_global_state.cpp(4200)] External semaphore export request: context=1 syncId=112 supportedHandles=0x10 selectedHandle=0x10 extension=yes.
09-10 12:09:54.711  9414  9487 I GFXSTREAM: [vk_decoder_global_state.cpp(4206)] External semaphore capability probe: context=1 syncId=112 binarySemaphoreHandles=0x10 binaryFenceHandles=0x8.
09-10 12:09:54.724  9414  9525 I GFXSTREAM: [vk_decoder_global_state.cpp(4200)] External semaphore export request: context=1 syncId=113 supportedHandles=0x10 selectedHandle=0x10 extension=yes.
09-10 12:09:54.724  9414  9525 I GFXSTREAM: [vk_decoder_global_state.cpp(4206)] External semaphore capability probe: context=1 syncId=113 binarySemaphoreHandles=0x10 binaryFenceHandles=0x8.
09-10 12:09:54.727  9414  9487 I GFXSTREAM: [vk_decoder_global_state.cpp(4200)] External semaphore export request: context=1 syncId=114 supportedHandles=0x10 selectedHandle=0x10 extension=yes.
09-10 12:09:54.727  9414  9487 I GFXSTREAM: [vk_decoder_global_state.cpp(4206)] External semaphore capability probe: context=1 syncId=114 binarySemaphoreHandles=0x10 binaryFenceHandles=0x8.
09-10 12:09:54.740  9414  9525 I GFXSTREAM: [vk_decoder_global_state.cpp(4200)] External semaphore export request: context=1 syncId=115 supportedHandles=0x10 selectedHandle=0x10 extension=yes.
09-10 12:09:54.741  9414  9525 I GFXSTREAM: [vk_decoder_global_state.cpp(4206)] External semaphore capability probe: context=1 syncId=115 binarySemaphoreHandles=0x10 binaryFenceHandles=0x8.
09-10 12:09:54.743  9414  9487 I GFXSTREAM: [vk_decoder_global_state.cpp(4200)] External semaphore export request: context=1 syncId=116 supportedHandles=0x10 selectedHandle=0x10 extension=yes.
09-10 12:09:54.743  9414  9487 I GFXSTREAM: [vk_decoder_global_state.cpp(4206)] External semaphore capability probe: context=1 syncId=116 binarySemaphoreHandles=0x10 binaryFenceHandles=0x8.
09-10 12:09:54.758  9414  9525 I GFXSTREAM: [vk_decoder_global_state.cpp(4200)] External semaphore export request: context=1 syncId=117 supportedHandles=0x10 selectedHandle=0x10 extension=yes.
09-10 12:09:54.758  9414  9525 I GFXSTREAM: [vk_decoder_global_state.cpp(4206)] External semaphore capability probe: context=1 syncId=117 binarySemaphoreHandles=0x10 binaryFenceHandles=0x8.
09-10 12:09:54.762  9414  9487 I GFXSTREAM: [vk_decoder_global_state.cpp(4200)] External semaphore export request: context=1 syncId=118 supportedHandles=0x10 selectedHandle=0x10 extension=yes.
09-10 12:09:54.762  9414  9487 I GFXSTREAM: [vk_decoder_global_state.cpp(4206)] External semaphore capability probe: context=1 syncId=118 binarySemaphoreHandles=0x10 binaryFenceHandles=0x8.
09-10 12:09:54.777  9414  9525 I GFXSTREAM: [vk_decoder_global_state.cpp(4200)] External semaphore export request: context=1 syncId=119 supportedHandles=0x10 selectedHandle=0x10 extension=yes.
09-10 12:09:54.777  9414  9525 I GFXSTREAM: [vk_decoder_global_state.cpp(4206)] External semaphore capability probe: context=1 syncId=119 binarySemaphoreHandles=0x10 binaryFenceHandles=0x8.
09-10 12:09:54.780  9414  9487 I GFXSTREAM: [vk_decoder_global_state.cpp(4200)] External semaphore export request: context=1 syncId=120 supportedHandles=0x10 selectedHandle=0x10 extension=yes.
09-10 12:09:54.780  9414  9487 I GFXSTREAM: [vk_decoder_global_state.cpp(4206)] External semaphore capability probe: context=1 syncId=120 binarySemaphoreHandles=0x10 binaryFenceHandles=0x8.
09-10 12:09:54.792  9414  9525 I GFXSTREAM: [vk_decoder_global_state.cpp(4200)] External semaphore export request: context=1 syncId=121 supportedHandles=0x10 selectedHandle=0x10 extension=yes.
09-10 12:09:54.792  9414  9525 I GFXSTREAM: [vk_decoder_global_state.cpp(4206)] External semaphore capability probe: context=1 syncId=121 binarySemaphoreHandles=0x10 binaryFenceHandles=0x8.
09-10 12:09:54.798  9414  9487 I GFXSTREAM: [vk_decoder_global_state.cpp(4200)] External semaphore export request: context=1 syncId=122 supportedHandles=0x10 selectedHandle=0x10 extension=yes.
09-10 12:09:54.798  9414  9487 I GFXSTREAM: [vk_decoder_global_state.cpp(4206)] External semaphore capability probe: context=1 syncId=122 binarySemaphoreHandles=0x10 binaryFenceHandles=0x8.
09-10 12:09:54.811  9414  9525 I GFXSTREAM: [vk_decoder_global_state.cpp(4200)] External semaphore export request: context=1 syncId=123 supportedHandles=0x10 selectedHandle=0x10 extension=yes.
09-10 12:09:54.811  9414  9525 I GFXSTREAM: [vk_decoder_global_state.cpp(4206)] External semaphore capability probe: context=1 syncId=123 binarySemaphoreHandles=0x10 binaryFenceHandles=0x8.
09-10 12:09:54.814  9414  9487 I GFXSTREAM: [vk_decoder_global_state.cpp(4200)] External semaphore export request: context=1 syncId=124 supportedHandles=0x10 selectedHandle=0x10 extension=yes.
09-10 12:09:54.814  9414  9487 I GFXSTREAM: [vk_decoder_global_state.cpp(4206)] External semaphore capability probe: context=1 syncId=124 binarySemaphoreHandles=0x10 binaryFenceHandles=0x8.
09-10 12:09:54.828  9414  9525 I GFXSTREAM: [vk_decoder_global_state.cpp(4200)] External semaphore export request: context=1 syncId=125 supportedHandles=0x10 selectedHandle=0x10 extension=yes.
09-10 12:09:54.828  9414  9525 I GFXSTREAM: [vk_decoder_global_state.cpp(4206)] External semaphore capability probe: context=1 syncId=125 binarySemaphoreHandles=0x10 binaryFenceHandles=0x8.
09-10 12:09:54.831  9414  9487 I GFXSTREAM: [vk_decoder_global_state.cpp(4200)] External semaphore export request: context=1 syncId=126 supportedHandles=0x10 selectedHandle=0x10 extension=yes.
09-10 12:09:54.831  9414  9487 I GFXSTREAM: [vk_decoder_global_state.cpp(4206)] External semaphore capability probe: context=1 syncId=126 binarySemaphoreHandles=0x10 binaryFenceHandles=0x8.
09-10 12:09:54.843  9414  9525 I GFXSTREAM: [vk_decoder_global_state.cpp(4200)] External semaphore export request: context=1 syncId=127 supportedHandles=0x10 selectedHandle=0x10 extension=yes.
09-10 12:09:54.843  9414  9525 I GFXSTREAM: [vk_decoder_global_state.cpp(4206)] External semaphore capability probe: context=1 syncId=127 binarySemaphoreHandles=0x10 binaryFenceHandles=0x8.
09-10 12:09:54.846  9414  9487 I GFXSTREAM: [vk_decoder_global_state.cpp(4200)] External semaphore export request: context=1 syncId=128 supportedHandles=0x10 selectedHandle=0x10 extension=yes.
09-10 12:09:54.846  9414  9487 I GFXSTREAM: [vk_decoder_global_state.cpp(4206)] External semaphore capability probe: context=1 syncId=128 binarySemaphoreHandles=0x10 binaryFenceHandles=0x8.
09-10 12:09:54.851  1615  1615 I adbd    : adbd service requested 'exec:screencap '-p''
09-10 12:09:54.859  9414  9525 I GFXSTREAM: [vk_decoder_global_state.cpp(4200)] External semaphore export request: context=1 syncId=129 supportedHandles=0x10 selectedHandle=0x10 extension=yes.
09-10 12:09:54.859  9414  9525 I GFXSTREAM: [vk_decoder_global_state.cpp(4206)] External semaphore capability probe: context=1 syncId=129 binarySemaphoreHandles=0x10 binaryFenceHandles=0x8.
09-10 12:09:54.866  9414  9487 I GFXSTREAM: [vk_decoder_global_state.cpp(4200)] External semaphore export request: context=1 syncId=130 supportedHandles=0x10 selectedHandle=0x10 extension=yes.
09-10 12:09:54.866  9414  9487 I GFXSTREAM: [vk_decoder_global_state.cpp(4206)] External semaphore capability probe: context=1 syncId=130 binarySemaphoreHandles=0x10 binaryFenceHandles=0x8.
09-10 12:09:54.876  9414  9525 I GFXSTREAM: [vk_decoder_global_state.cpp(4200)] External semaphore export request: context=1 syncId=131 supportedHandles=0x10 selectedHandle=0x10 extension=yes.
09-10 12:09:54.876  9414  9525 I GFXSTREAM: [vk_decoder_global_state.cpp(4206)] External semaphore capability probe: context=1 syncId=131 binarySemaphoreHandles=0x10 binaryFenceHandles=0x8.
09-10 12:09:54.878  9414  9487 I GFXSTREAM: [vk_decoder_global_state.cpp(4200)] External semaphore export request: context=1 syncId=132 supportedHandles=0x10 selectedHandle=0x10 extension=yes.
09-10 12:09:54.879  9414  9487 I GFXSTREAM: [vk_decoder_global_state.cpp(4206)] External semaphore capability probe: context=1 syncId=132 binarySemaphoreHandles=0x10 binaryFenceHandles=0x8.
09-10 12:09:54.897  9414  9525 I GFXSTREAM: [vk_decoder_global_state.cpp(4200)] External semaphore export request: context=1 syncId=133 supportedHandles=0x10 selectedHandle=0x10 extension=yes.
09-10 12:09:54.897  9414  9525 I GFXSTREAM: [vk_decoder_global_state.cpp(4206)] External semaphore capability probe: context=1 syncId=133 binarySemaphoreHandles=0x10 binaryFenceHandles=0x8.
09-10 12:09:54.900  9414  9487 I GFXSTREAM: [vk_decoder_global_state.cpp(4200)] External semaphore export request: context=1 syncId=134 supportedHandles=0x10 selectedHandle=0x10 extension=yes.
09-10 12:09:54.900  9414  9487 I GFXSTREAM: [vk_decoder_global_state.cpp(4206)] External semaphore capability probe: context=1 syncId=134 binarySemaphoreHandles=0x10 binaryFenceHandles=0x8.
09-10 12:09:54.911  9414  9525 I GFXSTREAM: [vk_decoder_global_state.cpp(4200)] External semaphore export request: context=1 syncId=135 supportedHandles=0x10 selectedHandle=0x10 extension=yes.
09-10 12:09:54.911  9414  9525 I GFXSTREAM: [vk_decoder_global_state.cpp(4206)] External semaphore capability probe: context=1 syncId=135 binarySemaphoreHandles=0x10 binaryFenceHandles=0x8.
09-10 12:09:54.912  9414  9487 I GFXSTREAM: [vk_decoder_global_state.cpp(4200)] External semaphore export request: context=1 syncId=136 supportedHandles=0x10 selectedHandle=0x10 extension=yes.
09-10 12:09:54.912  9414  9487 I GFXSTREAM: [vk_decoder_global_state.cpp(4206)] External semaphore capability probe: context=1 syncId=136 binarySemaphoreHandles=0x10 binaryFenceHandles=0x8.
09-10 12:09:54.927  9414  9525 I GFXSTREAM: [vk_decoder_global_state.cpp(4200)] External semaphore export request: context=1 syncId=137 supportedHandles=0x10 selectedHandle=0x10 extension=yes.
09-10 12:09:54.927  9414  9525 I GFXSTREAM: [vk_decoder_global_state.cpp(4206)] External semaphore capability probe: context=1 syncId=137 binarySemaphoreHandles=0x10 binaryFenceHandles=0x8.
09-10 12:09:54.930  9414  9487 I GFXSTREAM: [vk_decoder_global_state.cpp(4200)] External semaphore export request: context=1 syncId=138 supportedHandles=0x10 selectedHandle=0x10 extension=yes.
09-10 12:09:54.930  9414  9487 I GFXSTREAM: [vk_decoder_global_state.cpp(4206)] External semaphore capability probe: context=1 syncId=138 binarySemaphoreHandles=0x10 binaryFenceHandles=0x8.
09-10 12:09:54.940  9414  9525 I GFXSTREAM: [vk_decoder_global_state.cpp(4200)] External semaphore export request: context=1 syncId=139 supportedHandles=0x10 selectedHandle=0x10 extension=yes.
09-10 12:09:54.941  9414  9525 I GFXSTREAM: [vk_decoder_global_state.cpp(4206)] External semaphore capability probe: context=1 syncId=139 binarySemaphoreHandles=0x10 binaryFenceHandles=0x8.
09-10 12:09:54.944  9414  9487 I GFXSTREAM: [vk_decoder_global_state.cpp(4200)] External semaphore export request: context=1 syncId=140 supportedHandles=0x10 selectedHandle=0x10 extension=yes.
09-10 12:09:54.944  9414  9487 I GFXSTREAM: [vk_decoder_global_state.cpp(4206)] External semaphore capability probe: context=1 syncId=140 binarySemaphoreHandles=0x10 binaryFenceHandles=0x8.
09-10 12:09:54.961  9414  9525 I GFXSTREAM: [vk_decoder_global_state.cpp(4200)] External semaphore export request: context=1 syncId=141 supportedHandles=0x10 selectedHandle=0x10 extension=yes.
09-10 12:09:54.961  9414  9525 I GFXSTREAM: [vk_decoder_global_state.cpp(4206)] External semaphore capability probe: context=1 syncId=141 binarySemaphoreHandles=0x10 binaryFenceHandles=0x8.
09-10 12:09:54.964  9414  9487 I GFXSTREAM: [vk_decoder_global_state.cpp(4200)] External semaphore export request: context=1 syncId=142 supportedHandles=0x10 selectedHandle=0x10 extension=yes.
09-10 12:09:54.964  9414  9487 I GFXSTREAM: [vk_decoder_global_state.cpp(4206)] External semaphore capability probe: context=1 syncId=142 binarySemaphoreHandles=0x10 binaryFenceHandles=0x8.
09-10 12:09:54.973  9414  9525 I GFXSTREAM: [vk_decoder_global_state.cpp(4200)] External semaphore export request: context=1 syncId=143 supportedHandles=0x10 selectedHandle=0x10 extension=yes.
09-10 12:09:54.973  9414  9525 I GFXSTREAM: [vk_decoder_global_state.cpp(4206)] External semaphore capability probe: context=1 syncId=143 binarySemaphoreHandles=0x10 binaryFenceHandles=0x8.
09-10 12:09:54.974  9414  9487 I GFXSTREAM: [vk_decoder_global_state.cpp(4200)] External semaphore export request: context=1 syncId=144 supportedHandles=0x10 selectedHandle=0x10 extension=yes.
09-10 12:09:54.974  9414  9487 I GFXSTREAM: [vk_decoder_global_state.cpp(4206)] External semaphore capability probe: context=1 syncId=144 binarySemaphoreHandles=0x10 binaryFenceHandles=0x8.
09-10 12:09:54.984  2165  2185 I pixel-thermal: usb_pwr_therm2:38.873 raw data: usb_pwr_therm2:38873 
09-10 12:09:54.989  9414  9525 I GFXSTREAM: [vk_decoder_global_state.cpp(4200)] External semaphore export request: context=1 syncId=145 supportedHandles=0x10 selectedHandle=0x10 extension=yes.
09-10 12:09:54.989  9414  9525 I GFXSTREAM: [vk_decoder_global_state.cpp(4206)] External semaphore capability probe: context=1 syncId=145 binarySemaphoreHandles=0x10 binaryFenceHandles=0x8.
09-10 12:09:54.991  9414  9487 I GFXSTREAM: [vk_decoder_global_state.cpp(4200)] External semaphore export request: context=1 syncId=146 supportedHandles=0x10 selectedHandle=0x10 extension=yes.
09-10 12:09:54.991  9414  9487 I GFXSTREAM: [vk_decoder_global_state.cpp(4206)] External semaphore capability probe: context=1 syncId=146 binarySemaphoreHandles=0x10 binaryFenceHandles=0x8.
09-10 12:09:55.002  9414  9525 I GFXSTREAM: [vk_decoder_global_state.cpp(4200)] External semaphore export request: context=1 syncId=147 supportedHandles=0x10 selectedHandle=0x10 extension=yes.
09-10 12:09:55.003  9414  9525 I GFXSTREAM: [vk_decoder_global_state.cpp(4206)] External semaphore capability probe: context=1 syncId=147 binarySemaphoreHandles=0x10 binaryFenceHandles=0x8.
09-10 12:09:55.007  9414  9487 I GFXSTREAM: [vk_decoder_global_state.cpp(4200)] External semaphore export request: context=1 syncId=148 supportedHandles=0x10 selectedHandle=0x10 extension=yes.
09-10 12:09:55.007  9414  9487 I GFXSTREAM: [vk_decoder_global_state.cpp(4206)] External semaphore capability probe: context=1 syncId=148 binarySemaphoreHandles=0x10 binaryFenceHandles=0x8.
09-10 12:09:55.020  9529  9529 W libbinder.BackendUnifiedServiceManager: Thread Pool max thread count is 0. Cannot cache binder as linkToDeath cannot be implemented. serviceName: SurfaceFlingerAIDL
09-10 12:09:55.020  9529  9529 W libbinder.BpBinder: Linking to death on android.gui.ISurfaceComposer but there are no threads (yet?) listening to incoming transactions. See ProcessState::startThreadPool and ProcessState::setThreadPoolMaxThreadCount. Generally you should setup the binder threadpool before other initialization steps.
09-10 12:09:55.020  9529  9529 W libbinder.ProcessState: Extra binder thread started, but 0 threads requested. Do not use *startThreadPool when zero threads are requested.
09-10 12:09:55.021  9414  9525 I GFXSTREAM: [vk_decoder_global_state.cpp(4200)] External semaphore export request: context=1 syncId=149 supportedHandles=0x10 selectedHandle=0x10 extension=yes.
09-10 12:09:55.021  9414  9525 I GFXSTREAM: [vk_decoder_global_state.cpp(4206)] External semaphore capability probe: context=1 syncId=149 binarySemaphoreHandles=0x10 binaryFenceHandles=0x8.
09-10 12:09:55.022  9414  9487 I GFXSTREAM: [vk_decoder_global_state.cpp(4200)] External semaphore export request: context=1 syncId=150 supportedHandles=0x10 selectedHandle=0x10 extension=yes.
09-10 12:09:55.022  9414  9487 I GFXSTREAM: [vk_decoder_global_state.cpp(4206)] External semaphore capability probe: context=1 syncId=150 binarySemaphoreHandles=0x10 binaryFenceHandles=0x8.
09-10 12:09:55.028  9414  9525 I GFXSTREAM: [vk_decoder_global_state.cpp(4200)] External semaphore export request: context=1 syncId=151 supportedHandles=0x10 selectedHandle=0x10 extension=yes.
09-10 12:09:55.028  9414  9525 I GFXSTREAM: [vk_decoder_global_state.cpp(4206)] External semaphore capability probe: context=1 syncId=151 binarySemaphoreHandles=0x10 binaryFenceHandles=0x8.
09-10 12:09:55.031  9414  9487 I GFXSTREAM: [vk_decoder_global_state.cpp(4200)] External semaphore export request: context=1 syncId=152 supportedHandles=0x10 selectedHandle=0x10 extension=yes.
09-10 12:09:55.031  9414  9487 I GFXSTREAM: [vk_decoder_global_state.cpp(4206)] External semaphore capability probe: context=1 syncId=152 binarySemaphoreHandles=0x10 binaryFenceHandles=0x8.
09-10 12:09:55.038  9414  9525 I GFXSTREAM: [vk_decoder_global_state.cpp(4200)] External semaphore export request: context=1 syncId=153 supportedHandles=0x10 selectedHandle=0x10 extension=yes.
09-10 12:09:55.038  9414  9525 I GFXSTREAM: [vk_decoder_global_state.cpp(4206)] External semaphore capability probe: context=1 syncId=153 binarySemaphoreHandles=0x10 binaryFenceHandles=0x8.
09-10 12:09:55.040  9414  9487 I GFXSTREAM: [vk_decoder_global_state.cpp(4200)] External semaphore export request: context=1 syncId=154 supportedHandles=0x10 selectedHandle=0x10 extension=yes.
09-10 12:09:55.040  9414  9487 I GFXSTREAM: [vk_decoder_global_state.cpp(4206)] External semaphore capability probe: context=1 syncId=154 binarySemaphoreHandles=0x10 binaryFenceHandles=0x8.
09-10 12:09:55.068  9414  9525 I GFXSTREAM: [vk_decoder_global_state.cpp(4200)] External semaphore export request: context=1 syncId=155 supportedHandles=0x10 selectedHandle=0x10 extension=yes.
09-10 12:09:55.068  9414  9525 I GFXSTREAM: [vk_decoder_global_state.cpp(4206)] External semaphore capability probe: context=1 syncId=155 binarySemaphoreHandles=0x10 binaryFenceHandles=0x8.
09-10 12:09:55.069  9414  9487 I GFXSTREAM: [vk_decoder_global_state.cpp(4200)] External semaphore export request: context=1 syncId=156 supportedHandles=0x10 selectedHandle=0x10 extension=yes.
09-10 12:09:55.069  9414  9487 I GFXSTREAM: [vk_decoder_global_state.cpp(4206)] External semaphore capability probe: context=1 syncId=156 binarySemaphoreHandles=0x10 binaryFenceHandles=0x8.
09-10 12:09:55.077  9414  9525 I GFXSTREAM: [vk_decoder_global_state.cpp(4200)] External semaphore export request: context=1 syncId=157 supportedHandles=0x10 selectedHandle=0x10 extension=yes.
09-10 12:09:55.077  9414  9525 I GFXSTREAM: [vk_decoder_global_state.cpp(4206)] External semaphore capability probe: context=1 syncId=157 binarySemaphoreHandles=0x10 binaryFenceHandles=0x8.
09-10 12:09:55.078  9414  9487 I GFXSTREAM: [vk_decoder_global_state.cpp(4200)] External semaphore export request: context=1 syncId=158 supportedHandles=0x10 selectedHandle=0x10 extension=yes.
09-10 12:09:55.078  9414  9487 I GFXSTREAM: [vk_decoder_global_state.cpp(4206)] External semaphore capability probe: context=1 syncId=158 binarySemaphoreHandles=0x10 binaryFenceHandles=0x8.
09-10 12:09:55.085  9414  9525 I GFXSTREAM: [vk_decoder_global_state.cpp(4200)] External semaphore export request: context=1 syncId=159 supportedHandles=0x10 selectedHandle=0x10 extension=yes.
09-10 12:09:55.085  9414  9525 I GFXSTREAM: [vk_decoder_global_state.cpp(4206)] External semaphore capability probe: context=1 syncId=159 binarySemaphoreHandles=0x10 binaryFenceHandles=0x8.
09-10 12:09:55.087  9414  9487 I GFXSTREAM: [vk_decoder_global_state.cpp(4200)] External semaphore export request: context=1 syncId=160 supportedHandles=0x10 selectedHandle=0x10 extension=yes.
09-10 12:09:55.087  9414  9487 I GFXSTREAM: [vk_decoder_global_state.cpp(4206)] External semaphore capability probe: context=1 syncId=160 binarySemaphoreHandles=0x10 binaryFenceHandles=0x8.
09-10 12:09:55.093  9414  9525 I GFXSTREAM: [vk_decoder_global_state.cpp(4200)] External semaphore export request: context=1 syncId=161 supportedHandles=0x10 selectedHandle=0x10 extension=yes.
09-10 12:09:55.093  9414  9525 I GFXSTREAM: [vk_decoder_global_state.cpp(4206)] External semaphore capability probe: context=1 syncId=161 binarySemaphoreHandles=0x10 binaryFenceHandles=0x8.
09-10 12:09:55.096  9414  9487 I GFXSTREAM: [vk_decoder_global_state.cpp(4200)] External semaphore export request: context=1 syncId=162 supportedHandles=0x10 selectedHandle=0x10 extension=yes.
09-10 12:09:55.096  9414  9487 I GFXSTREAM: [vk_decoder_global_state.cpp(4206)] External semaphore capability probe: context=1 syncId=162 binarySemaphoreHandles=0x10 binaryFenceHandles=0x8.
09-10 12:09:55.103  9414  9525 I GFXSTREAM: [vk_decoder_global_state.cpp(4200)] External semaphore export request: context=1 syncId=163 supportedHandles=0x10 selectedHandle=0x10 extension=yes.
09-10 12:09:55.103  9414  9525 I GFXSTREAM: [vk_decoder_global_state.cpp(4206)] External semaphore capability probe: context=1 syncId=163 binarySemaphoreHandles=0x10 binaryFenceHandles=0x8.
09-10 12:09:55.106  9414  9487 I GFXSTREAM: [vk_decoder_global_state.cpp(4200)] External semaphore export request: context=1 syncId=164 supportedHandles=0x10 selectedHandle=0x10 extension=yes.
09-10 12:09:55.106  9414  9487 I GFXSTREAM: [vk_decoder_global_state.cpp(4206)] External semaphore capability probe: context=1 syncId=164 binarySemaphoreHandles=0x10 binaryFenceHandles=0x8.
09-10 12:09:55.122  9414  9525 I GFXSTREAM: [vk_decoder_global_state.cpp(4200)] External semaphore export request: context=1 syncId=165 supportedHandles=0x10 selectedHandle=0x10 extension=yes.
09-10 12:09:55.122  9414  9525 I GFXSTREAM: [vk_decoder_global_state.cpp(4206)] External semaphore capability probe: context=1 syncId=165 binarySemaphoreHandles=0x10 binaryFenceHandles=0x8.
09-10 12:09:55.126  9414  9487 I GFXSTREAM: [vk_decoder_global_state.cpp(4200)] External semaphore export request: context=1 syncId=166 supportedHandles=0x10 selectedHandle=0x10 extension=yes.
09-10 12:09:55.126  9414  9487 I GFXSTREAM: [vk_decoder_global_state.cpp(4206)] External semaphore capability probe: context=1 syncId=166 binarySemaphoreHandles=0x10 binaryFenceHandles=0x8.
09-10 12:09:55.134  9414  9525 I GFXSTREAM: [vk_decoder_global_state.cpp(4200)] External semaphore export request: context=1 syncId=167 supportedHandles=0x10 selectedHandle=0x10 extension=yes.
09-10 12:09:55.134  9414  9525 I GFXSTREAM: [vk_decoder_global_state.cpp(4206)] External semaphore capability probe: context=1 syncId=167 binarySemaphoreHandles=0x10 binaryFenceHandles=0x8.
09-10 12:09:55.138  9414  9487 I GFXSTREAM: [vk_decoder_global_state.cpp(4200)] External semaphore export request: context=1 syncId=168 supportedHandles=0x10 selectedHandle=0x10 extension=yes.
09-10 12:09:55.138  9414  9487 I GFXSTREAM: [vk_decoder_global_state.cpp(4206)] External semaphore capability probe: context=1 syncId=168 binarySemaphoreHandles=0x10 binaryFenceHandles=0x8.
09-10 12:09:55.147  9414  9525 I GFXSTREAM: [vk_decoder_global_state.cpp(4200)] External semaphore export request: context=1 syncId=169 supportedHandles=0x10 selectedHandle=0x10 extension=yes.
09-10 12:09:55.147  9414  9525 I GFXSTREAM: [vk_decoder_global_state.cpp(4206)] External semaphore capability probe: context=1 syncId=169 binarySemaphoreHandles=0x10 binaryFenceHandles=0x8.
09-10 12:09:55.151  9414  9487 I GFXSTREAM: [vk_decoder_global_state.cpp(4200)] External semaphore export request: context=1 syncId=170 supportedHandles=0x10 selectedHandle=0x10 extension=yes.
09-10 12:09:55.151  9414  9487 I GFXSTREAM: [vk_decoder_global_state.cpp(4206)] External semaphore capability probe: context=1 syncId=170 binarySemaphoreHandles=0x10 binaryFenceHandles=0x8.
09-10 12:09:55.158  9414  9525 I GFXSTREAM: [vk_decoder_global_state.cpp(4200)] External semaphore export request: context=1 syncId=171 supportedHandles=0x10 selectedHandle=0x10 extension=yes.
09-10 12:09:55.158  9414  9525 I GFXSTREAM: [vk_decoder_global_state.cpp(4206)] External semaphore capability probe: context=1 syncId=171 binarySemaphoreHandles=0x10 binaryFenceHandles=0x8.
09-10 12:09:55.160  9414  9487 I GFXSTREAM: [vk_decoder_global_state.cpp(4200)] External semaphore export request: context=1 syncId=172 supportedHandles=0x10 selectedHandle=0x10 extension=yes.
09-10 12:09:55.160  9414  9487 I GFXSTREAM: [vk_decoder_global_state.cpp(4206)] External semaphore capability probe: context=1 syncId=172 binarySemaphoreHandles=0x10 binaryFenceHandles=0x8.
09-10 12:09:55.169  9414  9525 I GFXSTREAM: [vk_decoder_global_state.cpp(4200)] External semaphore export request: context=1 syncId=173 supportedHandles=0x10 selectedHandle=0x10 extension=yes.
09-10 12:09:55.169  9414  9525 I GFXSTREAM: [vk_decoder_global_state.cpp(4206)] External semaphore capability probe: context=1 syncId=173 binarySemaphoreHandles=0x10 binaryFenceHandles=0x8.
09-10 12:09:55.170  9414  9487 I GFXSTREAM: [vk_decoder_global_state.cpp(4200)] External semaphore export request: context=1 syncId=174 supportedHandles=0x10 selectedHandle=0x10 extension=yes.
09-10 12:09:55.170  9414  9487 I GFXSTREAM: [vk_decoder_global_state.cpp(4206)] External semaphore capability probe: context=1 syncId=174 binarySemaphoreHandles=0x10 binaryFenceHandles=0x8.
09-10 12:09:55.175  9414  9525 I GFXSTREAM: [vk_decoder_global_state.cpp(4200)] External semaphore export request: context=1 syncId=175 supportedHandles=0x10 selectedHandle=0x10 extension=yes.
09-10 12:09:55.175  9414  9525 I GFXSTREAM: [vk_decoder_global_state.cpp(4206)] External semaphore capability probe: context=1 syncId=175 binarySemaphoreHandles=0x10 binaryFenceHandles=0x8.
09-10 12:09:55.177  9414  9487 I GFXSTREAM: [vk_decoder_global_state.cpp(4200)] External semaphore export request: context=1 syncId=176 supportedHandles=0x10 selectedHandle=0x10 extension=yes.
09-10 12:09:55.177  9414  9487 I GFXSTREAM: [vk_decoder_global_state.cpp(4206)] External semaphore capability probe: context=1 syncId=176 binarySemaphoreHandles=0x10 binaryFenceHandles=0x8.
09-10 12:09:55.182  9414  9525 I GFXSTREAM: [vk_decoder_global_state.cpp(4200)] External semaphore export request: context=1 syncId=177 supportedHandles=0x10 selectedHandle=0x10 extension=yes.
09-10 12:09:55.183  9414  9525 I GFXSTREAM: [vk_decoder_global_state.cpp(4206)] External semaphore capability probe: context=1 syncId=177 binarySemaphoreHandles=0x10 binaryFenceHandles=0x8.
09-10 12:09:55.184  9414  9487 I GFXSTREAM: [vk_decoder_global_state.cpp(4200)] External semaphore export request: context=1 syncId=178 supportedHandles=0x10 selectedHandle=0x10 extension=yes.
09-10 12:09:55.184  9414  9487 I GFXSTREAM: [vk_decoder_global_state.cpp(4206)] External semaphore capability probe: context=1 syncId=178 binarySemaphoreHandles=0x10 binaryFenceHandles=0x8.
09-10 12:09:55.189  9414  9525 I GFXSTREAM: [vk_decoder_global_state.cpp(4200)] External semaphore export request: context=1 syncId=179 supportedHandles=0x10 selectedHandle=0x10 extension=yes.
09-10 12:09:55.189  9414  9525 I GFXSTREAM: [vk_decoder_global_state.cpp(4206)] External semaphore capability probe: context=1 syncId=179 binarySemaphoreHandles=0x10 binaryFenceHandles=0x8.
09-10 12:09:55.191  9414  9487 I GFXSTREAM: [vk_decoder_global_state.cpp(4200)] External semaphore export request: context=1 syncId=180 supportedHandles=0x10 selectedHandle=0x10 extension=yes.
09-10 12:09:55.191  9414  9487 I GFXSTREAM: [vk_decoder_global_state.cpp(4206)] External semaphore capability probe: context=1 syncId=180 binarySemaphoreHandles=0x10 binaryFenceHandles=0x8.
09-10 12:09:55.198  9414  9525 I GFXSTREAM: [vk_decoder_global_state.cpp(4200)] External semaphore export request: context=1 syncId=181 supportedHandles=0x10 selectedHandle=0x10 extension=yes.
09-10 12:09:55.198  9414  9525 I GFXSTREAM: [vk_decoder_global_state.cpp(4206)] External semaphore capability probe: context=1 syncId=181 binarySemaphoreHandles=0x10 binaryFenceHandles=0x8.
09-10 12:09:55.199  9414  9487 I GFXSTREAM: [vk_decoder_global_state.cpp(4200)] External semaphore export request: context=1 syncId=182 supportedHandles=0x10 selectedHandle=0x10 extension=yes.
09-10 12:09:55.199  9414  9487 I GFXSTREAM: [vk_decoder_global_state.cpp(4206)] External semaphore capability probe: context=1 syncId=182 binarySemaphoreHandles=0x10 binaryFenceHandles=0x8.
09-10 12:09:55.205  9414  9525 I GFXSTREAM: [vk_decoder_global_state.cpp(4200)] External semaphore export request: context=1 syncId=183 supportedHandles=0x10 selectedHandle=0x10 extension=yes.
09-10 12:09:55.205  9414  9525 I GFXSTREAM: [vk_decoder_global_state.cpp(4206)] External semaphore capability probe: context=1 syncId=183 binarySemaphoreHandles=0x10 binaryFenceHandles=0x8.
09-10 12:09:55.209  9414  9487 I GFXSTREAM: [vk_decoder_global_state.cpp(4200)] External semaphore export request: context=1 syncId=184 supportedHandles=0x10 selectedHandle=0x10 extension=yes.
09-10 12:09:55.209  9414  9487 I GFXSTREAM: [vk_decoder_global_state.cpp(4206)] External semaphore capability probe: context=1 syncId=184 binarySemaphoreHandles=0x10 binaryFenceHandles=0x8.
09-10 12:09:55.215  9414  9525 I GFXSTREAM: [vk_decoder_global_state.cpp(4200)] External semaphore export request: context=1 syncId=185 supportedHandles=0x10 selectedHandle=0x10 extension=yes.
09-10 12:09:55.216  9414  9525 I GFXSTREAM: [vk_decoder_global_state.cpp(4206)] External semaphore capability probe: context=1 syncId=185 binarySemaphoreHandles=0x10 binaryFenceHandles=0x8.
09-10 12:09:55.216  9414  9487 I GFXSTREAM: [vk_decoder_global_state.cpp(4200)] External semaphore export request: context=1 syncId=186 supportedHandles=0x10 selectedHandle=0x10 extension=yes.
09-10 12:09:55.216  9414  9487 I GFXSTREAM: [vk_decoder_global_state.cpp(4206)] External semaphore capability probe: context=1 syncId=186 binarySemaphoreHandles=0x10 binaryFenceHandles=0x8.
09-10 12:09:55.225  9414  9525 I GFXSTREAM: [vk_decoder_global_state.cpp(4200)] External semaphore export request: context=1 syncId=187 supportedHandles=0x10 selectedHandle=0x10 extension=yes.
09-10 12:09:55.225  9414  9525 I GFXSTREAM: [vk_decoder_global_state.cpp(4206)] External semaphore capability probe: context=1 syncId=187 binarySemaphoreHandles=0x10 binaryFenceHandles=0x8.
09-10 12:09:55.226  9414  9487 I GFXSTREAM: [vk_decoder_global_state.cpp(4200)] External semaphore export request: context=1 syncId=188 supportedHandles=0x10 selectedHandle=0x10 extension=yes.
09-10 12:09:55.226  9414  9487 I GFXSTREAM: [vk_decoder_global_state.cpp(4206)] External semaphore capability probe: context=1 syncId=188 binarySemaphoreHandles=0x10 binaryFenceHandles=0x8.
09-10 12:09:55.232  9414  9525 I GFXSTREAM: [vk_decoder_global_state.cpp(4200)] External semaphore export request: context=1 syncId=189 supportedHandles=0x10 selectedHandle=0x10 extension=yes.
09-10 12:09:55.232  9414  9525 I GFXSTREAM: [vk_decoder_global_state.cpp(4206)] External semaphore capability probe: context=1 syncId=189 binarySemaphoreHandles=0x10 binaryFenceHandles=0x8.
09-10 12:09:55.233  9414  9487 I GFXSTREAM: [vk_decoder_global_state.cpp(4200)] External semaphore export request: context=1 syncId=190 supportedHandles=0x10 selectedHandle=0x10 extension=yes.
09-10 12:09:55.233  9414  9487 I GFXSTREAM: [vk_decoder_global_state.cpp(4206)] External semaphore capability probe: context=1 syncId=190 binarySemaphoreHandles=0x10 binaryFenceHandles=0x8.
09-10 12:09:55.239  9414  9525 I GFXSTREAM: [vk_decoder_global_state.cpp(4200)] External semaphore export request: context=1 syncId=191 supportedHandles=0x10 selectedHandle=0x10 extension=yes.
09-10 12:09:55.239  9414  9525 I GFXSTREAM: [vk_decoder_global_state.cpp(4206)] External semaphore capability probe: context=1 syncId=191 binarySemaphoreHandles=0x10 binaryFenceHandles=0x8.
09-10 12:09:55.240  9414  9487 I GFXSTREAM: [vk_decoder_global_state.cpp(4200)] External semaphore export request: context=1 syncId=192 supportedHandles=0x10 selectedHandle=0x10 extension=yes.
09-10 12:09:55.240  9414  9487 I GFXSTREAM: [vk_decoder_global_state.cpp(4206)] External semaphore capability probe: context=1 syncId=192 binarySemaphoreHandles=0x10 binaryFenceHandles=0x8.
09-10 12:09:55.247  9414  9525 I GFXSTREAM: [vk_decoder_global_state.cpp(4200)] External semaphore export request: context=1 syncId=193 supportedHandles=0x10 selectedHandle=0x10 extension=yes.
09-10 12:09:55.247  9414  9525 I GFXSTREAM: [vk_decoder_global_state.cpp(4206)] External semaphore capability probe: context=1 syncId=193 binarySemaphoreHandles=0x10 binaryFenceHandles=0x8.
09-10 12:09:55.248  9414  9487 I GFXSTREAM: [vk_decoder_global_state.cpp(4200)] External semaphore export request: context=1 syncId=194 supportedHandles=0x10 selectedHandle=0x10 extension=yes.
09-10 12:09:55.249  9414  9487 I GFXSTREAM: [vk_decoder_global_state.cpp(4206)] External semaphore capability probe: context=1 syncId=194 binarySemaphoreHandles=0x10 binaryFenceHandles=0x8.
09-10 12:09:55.255  9414  9525 I GFXSTREAM: [vk_decoder_global_state.cpp(4200)] External semaphore export request: context=1 syncId=195 supportedHandles=0x10 selectedHandle=0x10 extension=yes.
09-10 12:09:55.255  9414  9525 I GFXSTREAM: [vk_decoder_global_state.cpp(4206)] External semaphore capability probe: context=1 syncId=195 binarySemaphoreHandles=0x10 binaryFenceHandles=0x8.
09-10 12:09:55.256  9414  9487 I GFXSTREAM: [vk_decoder_global_state.cpp(4200)] External semaphore export request: context=1 syncId=196 supportedHandles=0x10 selectedHandle=0x10 extension=yes.
09-10 12:09:55.256  9414  9487 I GFXSTREAM: [vk_decoder_global_state.cpp(4206)] External semaphore capability probe: context=1 syncId=196 binarySemaphoreHandles=0x10 binaryFenceHandles=0x8.
09-10 12:09:55.262  9414  9525 I GFXSTREAM: [vk_decoder_global_state.cpp(4200)] External semaphore export request: context=1 syncId=197 supportedHandles=0x10 selectedHandle=0x10 extension=yes.
09-10 12:09:55.262  9414  9525 I GFXSTREAM: [vk_decoder_global_state.cpp(4206)] External semaphore capability probe: context=1 syncId=197 binarySemaphoreHandles=0x10 binaryFenceHandles=0x8.
09-10 12:09:55.264  9414  9487 I GFXSTREAM: [vk_decoder_global_state.cpp(4200)] External semaphore export request: context=1 syncId=198 supportedHandles=0x10 selectedHandle=0x10 extension=yes.
09-10 12:09:55.264  9414  9487 I GFXSTREAM: [vk_decoder_global_state.cpp(4206)] External semaphore capability probe: context=1 syncId=198 binarySemaphoreHandles=0x10 binaryFenceHandles=0x8.
09-10 12:09:55.271  9414  9525 I GFXSTREAM: [vk_decoder_global_state.cpp(4200)] External semaphore export request: context=1 syncId=199 supportedHandles=0x10 selectedHandle=0x10 extension=yes.
09-10 12:09:55.272  9414  9525 I GFXSTREAM: [vk_decoder_global_state.cpp(4206)] External semaphore capability probe: context=1 syncId=199 binarySemaphoreHandles=0x10 binaryFenceHandles=0x8.
09-10 12:09:55.274  9414  9487 I GFXSTREAM: [vk_decoder_global_state.cpp(4200)] External semaphore export request: context=1 syncId=200 supportedHandles=0x10 selectedHandle=0x10 extension=yes.
09-10 12:09:55.274  9414  9487 I GFXSTREAM: [vk_decoder_global_state.cpp(4206)] External semaphore capability probe: context=1 syncId=200 binarySemaphoreHandles=0x10 binaryFenceHandles=0x8.
09-10 12:09:55.282  9414  9525 I GFXSTREAM: [vk_decoder_global_state.cpp(4200)] External semaphore export request: context=1 syncId=201 supportedHandles=0x10 selectedHandle=0x10 extension=yes.
09-10 12:09:55.282  9414  9525 I GFXSTREAM: [vk_decoder_global_state.cpp(4206)] External semaphore capability probe: context=1 syncId=201 binarySemaphoreHandles=0x10 binaryFenceHandles=0x8.
09-10 12:09:55.286  9414  9487 I GFXSTREAM: [vk_decoder_global_state.cpp(4200)] External semaphore export request: context=1 syncId=202 supportedHandles=0x10 selectedHandle=0x10 extension=yes.
09-10 12:09:55.286  9414  9487 I GFXSTREAM: [vk_decoder_global_state.cpp(4206)] External semaphore capability probe: context=1 syncId=202 binarySemaphoreHandles=0x10 binaryFenceHandles=0x8.
09-10 12:09:55.336  9414  9525 I GFXSTREAM: [vk_decoder_global_state.cpp(4200)] External semaphore export request: context=1 syncId=203 supportedHandles=0x10 selectedHandle=0x10 extension=yes.
09-10 12:09:55.337  9414  9525 I GFXSTREAM: [vk_decoder_global_state.cpp(4206)] External semaphore capability probe: context=1 syncId=203 binarySemaphoreHandles=0x10 binaryFenceHandles=0x8.
09-10 12:09:55.341  9414  9487 I GFXSTREAM: [vk_decoder_global_state.cpp(4200)] External semaphore export request: context=1 syncId=204 supportedHandles=0x10 selectedHandle=0x10 extension=yes.
09-10 12:09:55.341  9414  9487 I GFXSTREAM: [vk_decoder_global_state.cpp(4206)] External semaphore capability probe: context=1 syncId=204 binarySemaphoreHandles=0x10 binaryFenceHandles=0x8.
09-10 12:09:55.360  9414  9525 I GFXSTREAM: [vk_decoder_global_state.cpp(4200)] External semaphore export request: context=1 syncId=205 supportedHandles=0x10 selectedHandle=0x10 extension=yes.
09-10 12:09:55.360  9414  9525 I GFXSTREAM: [vk_decoder_global_state.cpp(4206)] External semaphore capability probe: context=1 syncId=205 binarySemaphoreHandles=0x10 binaryFenceHandles=0x8.
09-10 12:09:55.363  9414  9487 I GFXSTREAM: [vk_decoder_global_state.cpp(4200)] External semaphore export request: context=1 syncId=206 supportedHandles=0x10 selectedHandle=0x10 extension=yes.
09-10 12:09:55.364  9414  9487 I GFXSTREAM: [vk_decoder_global_state.cpp(4206)] External semaphore capability probe: context=1 syncId=206 binarySemaphoreHandles=0x10 binaryFenceHandles=0x8.
09-10 12:09:55.375  9414  9525 I GFXSTREAM: [vk_decoder_global_state.cpp(4200)] External semaphore export request: context=1 syncId=207 supportedHandles=0x10 selectedHandle=0x10 extension=yes.
09-10 12:09:55.375  9414  9525 I GFXSTREAM: [vk_decoder_global_state.cpp(4206)] External semaphore capability probe: context=1 syncId=207 binarySemaphoreHandles=0x10 binaryFenceHandles=0x8.
09-10 12:09:55.378  9414  9487 I GFXSTREAM: [vk_decoder_global_state.cpp(4200)] External semaphore export request: context=1 syncId=208 supportedHandles=0x10 selectedHandle=0x10 extension=yes.
09-10 12:09:55.378  9414  9487 I GFXSTREAM: [vk_decoder_global_state.cpp(4206)] External semaphore capability probe: context=1 syncId=208 binarySemaphoreHandles=0x10 binaryFenceHandles=0x8.
09-10 12:09:55.394  9414  9525 I GFXSTREAM: [vk_decoder_global_state.cpp(4200)] External semaphore export request: context=1 syncId=209 supportedHandles=0x10 selectedHandle=0x10 extension=yes.
09-10 12:09:55.394  9414  9525 I GFXSTREAM: [vk_decoder_global_state.cpp(4206)] External semaphore capability probe: context=1 syncId=209 binarySemaphoreHandles=0x10 binaryFenceHandles=0x8.
09-10 12:09:55.397  9414  9487 I GFXSTREAM: [vk_decoder_global_state.cpp(4200)] External semaphore export request: context=1 syncId=210 supportedHandles=0x10 selectedHandle=0x10 extension=yes.
09-10 12:09:55.397  9414  9487 I GFXSTREAM: [vk_decoder_global_state.cpp(4206)] External semaphore capability probe: context=1 syncId=210 binarySemaphoreHandles=0x10 binaryFenceHandles=0x8.
09-10 12:09:55.410  9414  9525 I GFXSTREAM: [vk_decoder_global_state.cpp(4200)] External semaphore export request: context=1 syncId=211 supportedHandles=0x10 selectedHandle=0x10 extension=yes.
09-10 12:09:55.410  9414  9525 I GFXSTREAM: [vk_decoder_global_state.cpp(4206)] External semaphore capability probe: context=1 syncId=211 binarySemaphoreHandles=0x10 binaryFenceHandles=0x8.
09-10 12:09:55.412  9414  9487 I GFXSTREAM: [vk_decoder_global_state.cpp(4200)] External semaphore export request: context=1 syncId=212 supportedHandles=0x10 selectedHandle=0x10 extension=yes.
09-10 12:09:55.413  9414  9487 I GFXSTREAM: [vk_decoder_global_state.cpp(4206)] External semaphore capability probe: context=1 syncId=212 binarySemaphoreHandles=0x10 binaryFenceHandles=0x8.
09-10 12:09:55.429  9414  9525 I GFXSTREAM: [vk_decoder_global_state.cpp(4200)] External semaphore export request: context=1 syncId=213 supportedHandles=0x10 selectedHandle=0x10 extension=yes.
09-10 12:09:55.430  9414  9525 I GFXSTREAM: [vk_decoder_global_state.cpp(4206)] External semaphore capability probe: context=1 syncId=213 binarySemaphoreHandles=0x10 binaryFenceHandles=0x8.
09-10 12:09:55.433  9414  9487 I GFXSTREAM: [vk_decoder_global_state.cpp(4200)] External semaphore export request: context=1 syncId=214 supportedHandles=0x10 selectedHandle=0x10 extension=yes.
09-10 12:09:55.433  9414  9487 I GFXSTREAM: [vk_decoder_global_state.cpp(4206)] External semaphore capability probe: context=1 syncId=214 binarySemaphoreHandles=0x10 binaryFenceHandles=0x8.
09-10 12:09:55.452  9414  9525 I GFXSTREAM: [vk_decoder_global_state.cpp(4200)] External semaphore export request: context=1 syncId=215 supportedHandles=0x10 selectedHandle=0x10 extension=yes.
09-10 12:09:55.452  9414  9525 I GFXSTREAM: [vk_decoder_global_state.cpp(4206)] External semaphore capability probe: context=1 syncId=215 binarySemaphoreHandles=0x10 binaryFenceHandles=0x8.
09-10 12:09:55.455  9414  9487 I GFXSTREAM: [vk_decoder_global_state.cpp(4200)] External semaphore export request: context=1 syncId=216 supportedHandles=0x10 selectedHandle=0x10 extension=yes.
09-10 12:09:55.455  9414  9487 I GFXSTREAM: [vk_decoder_global_state.cpp(4206)] External semaphore capability probe: context=1 syncId=216 binarySemaphoreHandles=0x10 binaryFenceHandles=0x8.
09-10 12:09:55.470  9414  9525 I GFXSTREAM: [vk_decoder_global_state.cpp(4200)] External semaphore export request: context=1 syncId=217 supportedHandles=0x10 selectedHandle=0x10 extension=yes.
09-10 12:09:55.470  9414  9525 I GFXSTREAM: [vk_decoder_global_state.cpp(4206)] External semaphore capability probe: context=1 syncId=217 binarySemaphoreHandles=0x10 binaryFenceHandles=0x8.
09-10 12:09:55.472  9414  9487 I GFXSTREAM: [vk_decoder_global_state.cpp(4200)] External semaphore export request: context=1 syncId=218 supportedHandles=0x10 selectedHandle=0x10 extension=yes.
09-10 12:09:55.472  9414  9487 I GFXSTREAM: [vk_decoder_global_state.cpp(4206)] External semaphore capability probe: context=1 syncId=218 binarySemaphoreHandles=0x10 binaryFenceHandles=0x8.
09-10 12:09:55.483  9414  9525 I GFXSTREAM: [vk_decoder_global_state.cpp(4200)] External semaphore export request: context=1 syncId=219 supportedHandles=0x10 selectedHandle=0x10 extension=yes.
09-10 12:09:55.483  9414  9525 I GFXSTREAM: [vk_decoder_global_state.cpp(4206)] External semaphore capability probe: context=1 syncId=219 binarySemaphoreHandles=0x10 binaryFenceHandles=0x8.
09-10 12:09:55.486  9414  9487 I GFXSTREAM: [vk_decoder_global_state.cpp(4200)] External semaphore export request: context=1 syncId=220 supportedHandles=0x10 selectedHandle=0x10 extension=yes.
09-10 12:09:55.486  9414  9487 I GFXSTREAM: [vk_decoder_global_state.cpp(4206)] External semaphore capability probe: context=1 syncId=220 binarySemaphoreHandles=0x10 binaryFenceHandles=0x8.
09-10 12:09:55.499  9414  9525 I GFXSTREAM: [vk_decoder_global_state.cpp(4200)] External semaphore export request: context=1 syncId=221 supportedHandles=0x10 selectedHandle=0x10 extension=yes.
09-10 12:09:55.499  9414  9525 I GFXSTREAM: [vk_decoder_global_state.cpp(4206)] External semaphore capability probe: context=1 syncId=221 binarySemaphoreHandles=0x10 binaryFenceHandles=0x8.
09-10 12:09:55.502  9414  9487 I GFXSTREAM: [vk_decoder_global_state.cpp(4200)] External semaphore export request: context=1 syncId=222 supportedHandles=0x10 selectedHandle=0x10 extension=yes.
09-10 12:09:55.502  9414  9487 I GFXSTREAM: [vk_decoder_global_state.cpp(4206)] External semaphore capability probe: context=1 syncId=222 binarySemaphoreHandles=0x10 binaryFenceHandles=0x8.
09-10 12:09:55.518  9414  9525 I GFXSTREAM: [vk_decoder_global_state.cpp(4200)] External semaphore export request: context=1 syncId=223 supportedHandles=0x10 selectedHandle=0x10 extension=yes.
09-10 12:09:55.519  9414  9525 I GFXSTREAM: [vk_decoder_global_state.cpp(4206)] External semaphore capability probe: context=1 syncId=223 binarySemaphoreHandles=0x10 binaryFenceHandles=0x8.
09-10 12:09:55.522  9414  9487 I GFXSTREAM: [vk_decoder_global_state.cpp(4200)] External semaphore export request: context=1 syncId=224 supportedHandles=0x10 selectedHandle=0x10 extension=yes.
09-10 12:09:55.522  9414  9487 I GFXSTREAM: [vk_decoder_global_state.cpp(4206)] External semaphore capability probe: context=1 syncId=224 binarySemaphoreHandles=0x10 binaryFenceHandles=0x8.
09-10 12:09:55.536  9414  9525 I GFXSTREAM: [vk_decoder_global_state.cpp(4200)] External semaphore export request: context=1 syncId=225 supportedHandles=0x10 selectedHandle=0x10 extension=yes.
09-10 12:09:55.536  9414  9525 I GFXSTREAM: [vk_decoder_global_state.cpp(4206)] External semaphore capability probe: context=1 syncId=225 binarySemaphoreHandles=0x10 binaryFenceHandles=0x8.
09-10 12:09:55.545  9414  9487 I GFXSTREAM: [vk_decoder_global_state.cpp(4200)] External semaphore export request: context=1 syncId=226 supportedHandles=0x10 selectedHandle=0x10 extension=yes.
09-10 12:09:55.545  9414  9487 I GFXSTREAM: [vk_decoder_global_state.cpp(4206)] External semaphore capability probe: context=1 syncId=226 binarySemaphoreHandles=0x10 binaryFenceHandles=0x8.
09-10 12:09:55.563  9414  9525 I GFXSTREAM: [vk_decoder_global_state.cpp(4200)] External semaphore export request: context=1 syncId=227 supportedHandles=0x10 selectedHandle=0x10 extension=yes.
09-10 12:09:55.563  9414  9525 I GFXSTREAM: [vk_decoder_global_state.cpp(4206)] External semaphore capability probe: context=1 syncId=227 binarySemaphoreHandles=0x10 binaryFenceHandles=0x8.
09-10 12:09:55.567  9414  9487 I GFXSTREAM: [vk_decoder_global_state.cpp(4200)] External semaphore export request: context=1 syncId=228 supportedHandles=0x10 selectedHandle=0x10 extension=yes.
09-10 12:09:55.567  9414  9487 I GFXSTREAM: [vk_decoder_global_state.cpp(4206)] External semaphore capability probe: context=1 syncId=228 binarySemaphoreHandles=0x10 binaryFenceHandles=0x8.
09-10 12:09:55.582  9414  9525 I GFXSTREAM: [vk_decoder_global_state.cpp(4200)] External semaphore export request: context=1 syncId=229 supportedHandles=0x10 selectedHandle=0x10 extension=yes.
09-10 12:09:55.582  9414  9525 I GFXSTREAM: [vk_decoder_global_state.cpp(4206)] External semaphore capability probe: context=1 syncId=229 binarySemaphoreHandles=0x10 binaryFenceHandles=0x8.
09-10 12:09:55.585  9414  9487 I GFXSTREAM: [vk_decoder_global_state.cpp(4200)] External semaphore export request: context=1 syncId=230 supportedHandles=0x10 selectedHandle=0x10 extension=yes.
09-10 12:09:55.585  9414  9487 I GFXSTREAM: [vk_decoder_global_state.cpp(4206)] External semaphore capability probe: context=1 syncId=230 binarySemaphoreHandles=0x10 binaryFenceHandles=0x8.
09-10 12:09:55.599  9414  9525 I GFXSTREAM: [vk_decoder_global_state.cpp(4200)] External semaphore export request: context=1 syncId=231 supportedHandles=0x10 selectedHandle=0x10 extension=yes.
09-10 12:09:55.599  9414  9525 I GFXSTREAM: [vk_decoder_global_state.cpp(4206)] External semaphore capability probe: context=1 syncId=231 binarySemaphoreHandles=0x10 binaryFenceHandles=0x8.
09-10 12:09:55.603  9414  9487 I GFXSTREAM: [vk_decoder_global_state.cpp(4200)] External semaphore export request: context=1 syncId=232 supportedHandles=0x10 selectedHandle=0x10 extension=yes.
09-10 12:09:55.603  9414  9487 I GFXSTREAM: [vk_decoder_global_state.cpp(4206)] External semaphore capability probe: context=1 syncId=232 binarySemaphoreHandles=0x10 binaryFenceHandles=0x8.
09-10 12:09:55.619  9414  9525 I GFXSTREAM: [vk_decoder_global_state.cpp(4200)] External semaphore export request: context=1 syncId=233 supportedHandles=0x10 selectedHandle=0x10 extension=yes.
09-10 12:09:55.619  9414  9525 I GFXSTREAM: [vk_decoder_global_state.cpp(4206)] External semaphore capability probe: context=1 syncId=233 binarySemaphoreHandles=0x10 binaryFenceHandles=0x8.
09-10 12:09:55.624  9414  9487 I GFXSTREAM: [vk_decoder_global_state.cpp(4200)] External semaphore export request: context=1 syncId=234 supportedHandles=0x10 selectedHandle=0x10 extension=yes.
09-10 12:09:55.624  9414  9487 I GFXSTREAM: [vk_decoder_global_state.cpp(4206)] External semaphore capability probe: context=1 syncId=234 binarySemaphoreHandles=0x10 binaryFenceHandles=0x8.
09-10 12:09:55.638  9414  9525 I GFXSTREAM: [vk_decoder_global_state.cpp(4200)] External semaphore export request: context=1 syncId=235 supportedHandles=0x10 selectedHandle=0x10 extension=yes.
09-10 12:09:55.638  9414  9525 I GFXSTREAM: [vk_decoder_global_state.cpp(4206)] External semaphore capability probe: context=1 syncId=235 binarySemaphoreHandles=0x10 binaryFenceHandles=0x8.
09-10 12:09:55.643  9414  9487 I GFXSTREAM: [vk_decoder_global_state.cpp(4200)] External semaphore export request: context=1 syncId=236 supportedHandles=0x10 selectedHandle=0x10 extension=yes.
09-10 12:09:55.643  9414  9487 I GFXSTREAM: [vk_decoder_global_state.cpp(4206)] External semaphore capability probe: context=1 syncId=236 binarySemaphoreHandles=0x10 binaryFenceHandles=0x8.
09-10 12:09:55.664  9414  9525 I GFXSTREAM: [vk_decoder_global_state.cpp(4200)] External semaphore export request: context=1 syncId=237 supportedHandles=0x10 selectedHandle=0x10 extension=yes.
09-10 12:09:55.664  9414  9525 I GFXSTREAM: [vk_decoder_global_state.cpp(4206)] External semaphore capability probe: context=1 syncId=237 binarySemaphoreHandles=0x10 binaryFenceHandles=0x8.
09-10 12:09:55.667  9414  9487 I GFXSTREAM: [vk_decoder_global_state.cpp(4200)] External semaphore export request: context=1 syncId=238 supportedHandles=0x10 selectedHandle=0x10 extension=yes.
09-10 12:09:55.667  9414  9487 I GFXSTREAM: [vk_decoder_global_state.cpp(4206)] External semaphore capability probe: context=1 syncId=238 binarySemaphoreHandles=0x10 binaryFenceHandles=0x8.
09-10 12:09:55.682  9414  9525 I GFXSTREAM: [vk_decoder_global_state.cpp(4200)] External semaphore export request: context=1 syncId=239 supportedHandles=0x10 selectedHandle=0x10 extension=yes.
09-10 12:09:55.682  9414  9525 I GFXSTREAM: [vk_decoder_global_state.cpp(4206)] External semaphore capability probe: context=1 syncId=239 binarySemaphoreHandles=0x10 binaryFenceHandles=0x8.
09-10 12:09:55.685  9414  9487 I GFXSTREAM: [vk_decoder_global_state.cpp(4200)] External semaphore export request: context=1 syncId=240 supportedHandles=0x10 selectedHandle=0x10 extension=yes.
09-10 12:09:55.685  9414  9487 I GFXSTREAM: [vk_decoder_global_state.cpp(4206)] External semaphore capability probe: context=1 syncId=240 binarySemaphoreHandles=0x10 binaryFenceHandles=0x8.
09-10 12:09:55.700  9414  9525 I GFXSTREAM: [vk_decoder_global_state.cpp(4200)] External semaphore export request: context=1 syncId=241 supportedHandles=0x10 selectedHandle=0x10 extension=yes.
09-10 12:09:55.700  9414  9525 I GFXSTREAM: [vk_decoder_global_state.cpp(4206)] External semaphore capability probe: context=1 syncId=241 binarySemaphoreHandles=0x10 binaryFenceHandles=0x8.
09-10 12:09:55.706  9414  9487 I GFXSTREAM: [vk_decoder_global_state.cpp(4200)] External semaphore export request: context=1 syncId=242 supportedHandles=0x10 selectedHandle=0x10 extension=yes.
09-10 12:09:55.706  9414  9487 I GFXSTREAM: [vk_decoder_global_state.cpp(4206)] External semaphore capability probe: context=1 syncId=242 binarySemaphoreHandles=0x10 binaryFenceHandles=0x8.
09-10 12:09:55.723  9414  9525 I GFXSTREAM: [vk_decoder_global_state.cpp(4200)] External semaphore export request: context=1 syncId=243 supportedHandles=0x10 selectedHandle=0x10 extension=yes.
09-10 12:09:55.723  9414  9525 I GFXSTREAM: [vk_decoder_global_state.cpp(4206)] External semaphore capability probe: context=1 syncId=243 binarySemaphoreHandles=0x10 binaryFenceHandles=0x8.
09-10 12:09:55.727  9414  9487 I GFXSTREAM: [vk_decoder_global_state.cpp(4200)] External semaphore export request: context=1 syncId=244 supportedHandles=0x10 selectedHandle=0x10 extension=yes.
09-10 12:09:55.727  9414  9487 I GFXSTREAM: [vk_decoder_global_state.cpp(4206)] External semaphore capability probe: context=1 syncId=244 binarySemaphoreHandles=0x10 binaryFenceHandles=0x8.
09-10 12:09:55.798  1615  1615 I adbd    : adbd service requested 'exec:screencap '-p''
09-10 12:09:55.899  9533  9533 W libbinder.BackendUnifiedServiceManager: Thread Pool max thread count is 0. Cannot cache binder as linkToDeath cannot be implemented. serviceName: SurfaceFlingerAIDL
09-10 12:09:55.900  9533  9533 W libbinder.BpBinder: Linking to death on android.gui.ISurfaceComposer but there are no threads (yet?) listening to incoming transactions. See ProcessState::startThreadPool and ProcessState::setThreadPoolMaxThreadCount. Generally you should setup the binder threadpool before other initialization steps.
09-10 12:09:55.900  9533  9533 W libbinder.ProcessState: Extra binder thread started, but 0 threads requested. Do not use *startThreadPool when zero threads are requested.
09-10 12:09:56.991  2165  2185 I pixel-thermal: usb_pwr_therm2:38.851 raw data: usb_pwr_therm2:38851 
09-10 12:09:57.978  2165  2185 I pixel-thermal: VIRTUAL-USB-UI:0 raw data: USB2-MINUS-CHG:-5743 VIRTUAL-USB-UI:0 charger_skin_therm:44594 usb_pwr_therm2:38851 
09-10 12:09:57.980  2165  2185 I pixel-thermal: cellular-emergency:39.9242 raw data: VIRTUAL-NEUTRAL:39487.6 VIRTUAL-NEUTRAL-SKIN2:39924.2 VIRTUAL-QUIET-NEUTRAL:39237.9 VIRTUAL-SKIN:39924.2 cellular-emergency:39924.2 disp_therm:38561 gnss_tcxo_therm:38940 neutral_therm:37805 quiet_therm:39852 skin_therm1:39407 skin_therm2:44869 
09-10 12:09:57.980  2165  2185 I pixel-thermal: VIRTUAL-USB-THROTTLING:0 raw data: USB2-MINUS-CHG:-5743 VIRTUAL-USB-THROTTLING:0 usb_pwr_therm2:38851 
09-10 12:09:57.981  2165  2185 I pixel-thermal: VIRTUAL-SKIN-CPU:39.9242 raw data: VIRTUAL-SKIN:39924.2 VIRTUAL-SKIN-CPU:39924.2 
09-10 12:09:57.981  2165  2185 I pixel-thermal: VIRTUAL-SKIN-CPU power_budget=1224.14 err=1.0758 s_power=800 time_elapsed_ms=7006 p=430.319 i=-6.17836 d=-0 dt_per_min=nan compensation=0 budget transient=0 control target=3 excluded power budget=0
09-10 12:09:57.982  2165  2185 I pixel-thermal: VIRTUAL-SKIN-CPU binded power rails: (S4M_VDD_CPUCL0: 94.09 mW)(S2M_VDD_CPUCL2: 176.84 mW)(S3M_VDD_CPUCL1: 33.22 mW)
09-10 12:09:57.982  2165  2185 I pixel-thermal: neutral_therm:37.805 raw data: neutral_therm:37805 
09-10 12:09:57.982  2165  2185 I pixel-thermal: VIRTUAL-SKIN:39.9242 raw data: VIRTUAL-SKIN:39924.2 
09-10 12:09:57.982  2165  2185 I pixel-thermal: VIRTUAL-SKIN-CPU-GPU:39.9242 raw data: VIRTUAL-SKIN:39924.2 VIRTUAL-SKIN-CPU-GPU:39924.2 
09-10 12:09:57.982  2165  2185 I pixel-thermal: VIRTUAL-SKIN-CPU-GPU power_budget=2454.31 err=5.0758 s_power=800 time_elapsed_ms=7006 p=1522.74 i=131.571 d=-0 dt_per_min=nan compensation=0 budget transient=0 control target=3 excluded power budget=0
09-10 12:09:57.982  2165  2185 I pixel-thermal: VIRTUAL-SKIN-CPU-GPU binded power rails: (S4M_VDD_CPUCL0: 94.09 mW)(S2M_VDD_CPUCL2: 176.84 mW)(S3M_VDD_CPUCL1: 33.22 mW)(S2S_VDD_G3D: 17.49 mW)
09-10 12:09:57.982  2165  2185 I pixel-thermal: VIRTUAL-SKIN-HINT:39.9242 raw data: VIRTUAL-SKIN:39924.2 VIRTUAL-SKIN-HINT:39924.2 
09-10 12:09:57.983  2165  2185 I pixel-thermal: VIRTUAL-SKIN-CHARGE:39.9242 raw data: VIRTUAL-SKIN:39924.2 VIRTUAL-SKIN-CHARGE:39924.2 
09-10 12:09:57.983  2165  2185 I pixel-thermal: VIRTUAL-SKIN-CHARGE's fcc binded power rail POWER_FOR_CHARGING_THROTTLING: power threshold = 500, avg power = 653.747
09-10 12:09:57.983  2165  2185 I pixel-thermal: Successfully update cdev fcc sysfs to 6
09-10 12:09:59.006  2165  2185 I pixel-thermal: usb_pwr_therm2:38.851 raw data: usb_pwr_therm2:38851 
09-10 12:09:59.310  1379  3673 I WifiHAL : Creating message to get link statistics; iface = 47
09-10 12:09:59.433  1379  3673 E libbinder.IPCThreadState: binder thread pool (1 threads) starved for 123 ms
09-10 12:10:00.200  2678  2916 D TemperatureStateSource: sequence=3681 actualDelay=10001
09-10 12:10:00.203  2678  2916 D TemperatureStateSource: Reading temperature: sequence=3682
09-10 12:10:00.207  2165  2165 I pixel-thermal: VIRTUAL-SKIN:39.9242 raw data: VIRTUAL-NEUTRAL:39487.6 VIRTUAL-NEUTRAL-SKIN2:39924.2 VIRTUAL-QUIET-NEUTRAL:39237.9 VIRTUAL-SKIN:39924.2 disp_therm:38561 gnss_tcxo_therm:38940 neutral_therm:37805 quiet_therm:39852 skin_therm1:39407 skin_therm2:44869 
09-10 12:10:00.208  2678  2916 D TemperatureStateSource: getDeviceTemperatures: sequence=3682 deviceTemperatureType=3 temperatureSource=0 temperatures=[39.924202]
09-10 12:10:00.209  2678  2778 D ImpulseStateSource: Notify clients: 3701
09-10 12:10:00.210  2678  2916 D TemperatureStateSource: sequence=3682 waitTime=10000
09-10 12:10:01.003  3992  4372 I AiAiEcho: (REDACTED) Predicting[%d]: %s
09-10 12:10:01.005  3992  4372 I AiAiEcho: (REDACTED) EchoTargets: %s
09-10 12:10:01.005  3992  4372 I AiAiEcho: Filtered by AiAi flag check: %s
09-10 12:10:01.007  3992  4372 I AiAiEcho: (REDACTED) #weatherSubItemsTwiddler: Weather removes SubtitleSupplementalItem in surface: %s
09-10 12:10:01.011  2165  2185 I pixel-thermal: usb_pwr_therm2:38.851 raw data: usb_pwr_therm2:38851 
09-10 12:10:01.008  3992  4372 I AiAiEcho: #remoteViewsTwiddler: feature disabled.
09-10 12:10:01.012  3992  4372 I AiAiEcho: (REDACTED) Predicting[%d]: %s
09-10 12:10:01.014  3992  4372 I AiAiEcho: (REDACTED) EchoTargets: %s
09-10 12:10:01.014  3992  4372 I AiAiEcho: Filtered by AiAi flag check: %s
09-10 12:10:01.015  3992  4372 I AiAiEcho: #remoteViewsTwiddler: feature disabled.
09-10 12:10:01.016  3992  4372 I AiAiEcho: (REDACTED) Predicting[%d]: %s
09-10 12:10:01.017  3992  4372 I AiAiEcho: (REDACTED) EchoTargets: %s
09-10 12:10:01.017  3992  4372 I AiAiEcho: Filtered by AiAi flag check: %s
09-10 12:10:01.018  3992  4372 I AiAiEcho: #remoteViewsTwiddler: feature disabled.
09-10 12:10:01.019  3992  4372 I AiAiEcho: (REDACTED) Predicting[%d]: %s
09-10 12:10:01.020  3992  4372 I AiAiEcho: (REDACTED) EchoTargets: %s
09-10 12:10:01.020  3992  4372 I AiAiEcho: Filtered by AiAi flag check: %s
09-10 12:10:01.021  3992  4372 I AiAiEcho: (REDACTED) #weatherSubItemsTwiddler: Weather removes SubtitleSupplementalItem in surface: %s
09-10 12:10:01.022  3992  4372 I AiAiEcho: #remoteViewsTwiddler: feature disabled.
09-10 12:10:01.028  3992  4372 I AiAiEcho: (REDACTED) #postPredictionTargets: Sending updates to UISurface %s with targets# %s (types=[%s])
09-10 12:10:01.029  3992  4372 I AiAiEcho: (REDACTED) #postPredictionTargets: Sending updates to UISurface %s with targets# %s (types=[%s])
09-10 12:10:01.030  3992  4372 I AiAiEcho: (REDACTED) #postPredictionTargets: Sending updates to UISurface %s with targets# %s (types=[%s])
09-10 12:10:01.031  2542  2579 I AmbientCueRepository: Receiving SmartSpace targets # 0
09-10 12:10:01.032  2542  2542 I WeatherSmartspaceView: setFormattedContentDescription: text=32°C, iconDescription=Cloudy, contentDescription=Cloudy, 32°C
09-10 12:10:01.032  2542  2542 I WeatherSmartspaceView: setFormattedContentDescription: text=32°C, iconDescription=Cloudy, contentDescription=Cloudy, 32°C
09-10 12:10:01.032  2542  2542 I WeatherData: Weather data parsed CLOUDY ("Cloudy") 32°C from Bundle[{description=Cloudy, feedback_intent=null, explanation_intent=Supplier{VAL_PARCELABLE@140+1744}, is_gaia_linked_data=true, use_celsius=true, state=9, temperature=32}]
09-10 12:10:01.034  3992  4372 I AiAiEcho: (REDACTED) #postPredictionTargets: Sending updates to UISurface %s with targets# %s (types=[%s])
09-10 12:10:03.020  2165  2185 I pixel-thermal: usb_pwr_therm2:38.851 raw data: usb_pwr_therm2:38851 
09-10 12:10:04.348  2542  2542 D DLObserver: onReceive(); android.intent.action.BATTERY_CHANGED
09-10 12:10:04.348  2542  2542 D DLObserver: plugged=1
09-10 12:10:04.351  2542  2542 D SystemEventDataSource: onReceive: intentAction
09-10 12:10:04.352  2542  2542 D PowerNotificationWarningsGoogleImpl: onReceive: android.intent.action.BATTERY_CHANGED
09-10 12:10:04.352  2542  2542 D PulsarController: dispatchIntent: android.intent.action.BATTERY_CHANGED
09-10 12:10:04.353  2542  2542 D IncompatibleChargerNotification: dispatchIntent: android.intent.action.BATTERY_CHANGED
09-10 12:10:04.353  2542  2542 D BatteryReplacementNotification: battery health: 2, cycle count: 990
09-10 12:10:04.357  2542  7669 D PowerUI : can't show warning due to - plugged: true status unknown: false
09-10 12:10:04.358  2542  2665 D GoogleBatteryDataSource: fetchDwellDefendStatus: CONNECTED
09-10 12:10:04.359  2542  2665 D GoogleBatteryDataSource: fetchTempDefendStatus: t_sum=301850, time_sum=760 t_avg=397 lst_v=4345078 lst_t=388 lst_u=64821, dt=0, t=0 e=1
09-10 12:10:04.359  2542  2665 D SystemEventDataSource: updatedEventData: SystemEventData(intentAction=android.intent.action.BATTERY_CHANGED, plugged=EventData(value=1), batteryScale=EventData(value=100), batteryLevel=EventData(value=99), chargingStatus=EventData(value=1), maxChargingCurrent=EventData(value=3000000), maxChargingVoltage=EventData(value=5000000), batteryStatus=EventData(value=2), halEventData=HalEventData(dockDefendStatus=EventData(value=-3), tempDefendEventData=EventData(value=false), dwellDefendEventData=EventData(value=false)), settingsEventData=SettingsEventData(dockDefenderBypass=EventData(value=0), chargingLimitSettings=EventData(value=0), dndState=EventData(value=true), airplaneState=EventData(value=false)), frameworkApiEventData=FrameworkApiEventData(batterySaverState=EventData(value=false), extremeBatterySaverState=EventData(value=false)))
09-10 12:10:04.359  2542  2665 D SystemEventDataSource: extra doesn't changed, no need to onEventSourceUpdate
09-10 12:10:04.476  2905  8937 I NearbyMediums: No BLE Fast/GATT advertisements found in the latest cycle.
09-10 12:10:04.477  2905  8937 I NearbyMediums: Current Tracked Scanning Clients are : {NearbyConnections.EnvironmentMonitor, NearbySharing, NearbyConnections.TxAdvertisement}
09-10 12:10:04.989  2165  2185 I pixel-thermal: VIRTUAL-USB-UI:0 raw data: USB2-MINUS-CHG:-5674 VIRTUAL-USB-UI:0 charger_skin_therm:44525 usb_pwr_therm2:38851 
09-10 12:10:04.992  2165  2185 I pixel-thermal: cellular-emergency:39.9219 raw data: VIRTUAL-NEUTRAL:39493.1 VIRTUAL-NEUTRAL-SKIN2:39921.9 VIRTUAL-QUIET-NEUTRAL:39184.8 VIRTUAL-SKIN:39921.9 cellular-emergency:39921.9 disp_therm:38584 gnss_tcxo_therm:38940 neutral_therm:37782 quiet_therm:39786 skin_therm1:39429 skin_therm2:44915 
09-10 12:10:04.992  2165  2185 I pixel-thermal: VIRTUAL-USB-THROTTLING:0 raw data: USB2-MINUS-CHG:-5674 VIRTUAL-USB-THROTTLING:0 usb_pwr_therm2:38851 
09-10 12:10:04.992  2165  2185 I pixel-thermal: VIRTUAL-SKIN-CPU:39.9219 raw data: VIRTUAL-SKIN:39921.9 VIRTUAL-SKIN-CPU:39921.9 
09-10 12:10:04.992  2165  2185 I pixel-thermal: VIRTUAL-SKIN-CPU power_budget=1225.06 err=1.07809 s_power=800 time_elapsed_ms=7010 p=431.238 i=-6.17836 d=0 dt_per_min=nan compensation=0 budget transient=0 control target=3 excluded power budget=0
09-10 12:10:04.992  2165  2185 I pixel-thermal: VIRTUAL-SKIN-CPU binded power rails: (S4M_VDD_CPUCL0: 36.31 mW)(S2M_VDD_CPUCL2: 23.10 mW)(S3M_VDD_CPUCL1: 14.69 mW)
09-10 12:10:04.993  2165  2185 I pixel-thermal: neutral_therm:37.782 raw data: neutral_therm:37782 
09-10 12:10:04.993  2165  2185 I pixel-thermal: VIRTUAL-SKIN:39.9219 raw data: VIRTUAL-SKIN:39921.9 
09-10 12:10:04.993  2165  2185 I pixel-thermal: VIRTUAL-SKIN-CPU-GPU:39.9219 raw data: VIRTUAL-SKIN:39921.9 VIRTUAL-SKIN-CPU-GPU:39921.9 
09-10 12:10:04.993  2165  2185 I pixel-thermal: VIRTUAL-SKIN-CPU-GPU power_budget=2455 err=5.07809 s_power=800 time_elapsed_ms=7010 p=1523.43 i=131.571 d=0 dt_per_min=nan compensation=0 budget transient=0 control target=3 excluded power budget=0
09-10 12:10:04.993  2165  2185 I pixel-thermal: VIRTUAL-SKIN-CPU-GPU binded power rails: (S4M_VDD_CPUCL0: 36.31 mW)(S2M_VDD_CPUCL2: 23.10 mW)(S3M_VDD_CPUCL1: 14.69 mW)(S2S_VDD_G3D: 3.55 mW)
09-10 12:10:04.993  2165  2185 I pixel-thermal: VIRTUAL-SKIN-HINT:39.9219 raw data: VIRTUAL-SKIN:39921.9 VIRTUAL-SKIN-HINT:39921.9 
09-10 12:10:04.993  2165  2185 I pixel-thermal: VIRTUAL-SKIN-CHARGE:39.9219 raw data: VIRTUAL-SKIN:39921.9 VIRTUAL-SKIN-CHARGE:39921.9 
09-10 12:10:04.994  2165  2185 I pixel-thermal: VIRTUAL-SKIN-CHARGE's fcc binded power rail POWER_FOR_CHARGING_THROTTLING: power threshold = 500, avg power = 457.897
09-10 12:10:04.994  2165  2185 I pixel-thermal: Successfully update cdev fcc sysfs to 3
09-10 12:10:05.028  2165  2185 I pixel-thermal: usb_pwr_therm2:38.828 raw data: usb_pwr_therm2:38828 
09-10 12:10:06.327  1314  1314 I bthal.activity: LogActivities: Disable LE Scanning, 0x2042
09-10 12:10:06.342  9953 10002 I bluetooth: system/gd/hci/le_address_manager.cc:566 GetNextPrivateAddressIntervalRange: client=LeAddressManager, nonwake=7m35s, wake=13m53s
09-10 12:10:06.342  1314  1513 I bthal.debug_central: Command Complete Event of LE_SET_EXTENDED_SCAN_ENABLE, opcode:2042
09-10 12:10:06.343  1314  1513 I bthal.flowcontrol: HciEventPreProcess: HCI Event 0xe Opcode 0x2042 Length 6 unhandled by LeSetExtentedScanEnableEvent
09-10 12:10:06.348  9953 10002 I bluetooth: system/gd/hci/le_address_manager.cc:776 OnCommandComplete: Received command complete with op_code LE_SET_RANDOM_ADDRESS(0x2005)
09-10 12:10:06.348  9953 10002 I bluetooth: system/gd/hci/le_address_manager.cc:796 OnCommandComplete: update random address : xx:xx:xx:xx:c4:60
09-10 12:10:06.348  9953 10002 I bluetooth: system/gd/hci/le_address_manager.cc:391 resume_registered_clients: Resuming registered clients
09-10 12:10:06.349  1314  1314 I bthal.activity: LogActivities: LOW_POWER ScanMode
09-10 12:10:06.352  1314  1314 I bthal.activity: LogActivities: Enable LE Scanning, 0x2042
09-10 12:10:06.353  1314  1513 I bthal.debug_central: Command Complete Event of LE_SET_EXTENDED_SCAN_ENABLE, opcode:2042
09-10 12:10:06.354  1314  1513 I bthal.flowcontrol: HciEventPreProcess: HCI Event 0xe Opcode 0x2042 Length 6 unhandled by LeSetExtentedScanEnableEvent
09-10 12:10:06.387  1358  1419 D USF     : AP/AOC clock synced: AOC: 64800693378174 ns (265423640077 tk), AP: 64823259103154 ns, diff = -22565724980 ns
09-10 12:10:07.036  2165  2185 I pixel-thermal: usb_pwr_therm2:38.828 raw data: usb_pwr_therm2:38828 
09-10 12:10:09.043  2165  2185 I pixel-thermal: usb_pwr_therm2:38.828 raw data: usb_pwr_therm2:38828 
09-10 12:10:10.213  2678  2778 D TemperatureStateSource: sequence=3682 actualDelay=10003
09-10 12:10:10.213  2678  3566 D ImpulseConnection: timeout happen: com.google.android.apps.turbo
09-10 12:10:10.214  2678  3566 D ImpulseConnection: unbindService for releasing a CONNECTED connection com.google.android.apps.turbo
09-10 12:10:10.214  2678  2778 D TemperatureStateSource: Reading temperature: sequence=3683
09-10 12:10:10.223  2165  2165 I pixel-thermal: VIRTUAL-SKIN:39.9272 raw data: VIRTUAL-NEUTRAL:39493.6 VIRTUAL-NEUTRAL-SKIN2:39927.2 VIRTUAL-QUIET-NEUTRAL:39209 VIRTUAL-SKIN:39927.2 disp_therm:38650 gnss_tcxo_therm:38940 neutral_therm:37760 quiet_therm:39830 skin_therm1:39385 skin_therm2:44984 
09-10 12:10:10.225  2678  2778 D TemperatureStateSource: getDeviceTemperatures: sequence=3683 deviceTemperatureType=3 temperatureSource=0 temperatures=[39.9272]
09-10 12:10:10.226  2678  2778 D TemperatureStateSource: sequence=3683 waitTime=10000
09-10 12:10:10.227  2678  2916 D ImpulseStateSource: Notify clients: 3702
09-10 12:10:10.229  9953  9953 I HidDeviceService: unregisterAppUid(): uid=10180
09-10 12:10:10.229  9953  9953 W HidDeviceService: unregisterAppUid(): caller UID doesn't match user UID
09-10 12:10:10.323  1615  1615 I adbd    : adbd service requested 'shell,v2,TERM=xterm-ghostty,raw:dumpsys SurfaceFlinger --timestats -dump'
09-10 12:10:10.346   540  2306 D surfaceflinger: Dumping TimeStats as text
09-10 12:10:10.379  1615  1615 I adbd    : adbd service requested 'shell,v2,TERM=xterm-ghostty,raw:dumpsys SurfaceFlinger --timestats -disable'
09-10 12:10:10.419   540  2306 D surfaceflinger: Disabled
09-10 12:10:10.977  9414  9487 I GFXSTREAM: [vk_decoder_global_state.cpp(2881)] Destroyed VkDevice:0xb40000786dced0f0
09-10 12:10:10.977  9414  9487 I GFXSTREAM: [vk_decoder_global_state.cpp(11153)] Destroyed VkInstance:0xb4000077fdc1fdf0 for application:'gfxstream_gbm_present_probe-reuse-20260910' engine:'mesa zink'.
09-10 12:10:10.983  9414  9487 I GFXSTREAM: [vk_decoder_global_state.cpp(2881)] Destroyed VkDevice:0xb40000786dcbd0c0
09-10 12:10:10.984  9414  9487 I GFXSTREAM: [vk_decoder_global_state.cpp(11153)] Destroyed VkInstance:0xb4000077fdc1a630 for application:'uDroid gfxstream output adapter' engine:'uDroid'.
09-10 12:10:10.988  9414  9487 I GFXSTREAM: [vk_decoder_global_state.cpp(2881)] Destroyed VkDevice:0xb40000786dc7d080
09-10 12:10:10.988  9414  9487 I GFXSTREAM: [vk_decoder_global_state.cpp(11153)] Destroyed VkInstance:0xb4000077fdc0cbf0 for application:'uDroid gfxstream GBM' engine:'Mesa GBM'.
09-10 12:10:11.050  2165  2185 I pixel-thermal: usb_pwr_therm2:38.873 raw data: usb_pwr_therm2:38873 
09-10 12:10:11.991  2165  2185 I pixel-thermal: VIRTUAL-USB-UI:0 raw data: USB2-MINUS-CHG:-5836 VIRTUAL-USB-UI:0 charger_skin_therm:44709 usb_pwr_therm2:38873 
09-10 12:10:11.991  2165  2185 I pixel-thermal: cellular-emergency:39.9272 raw data: VIRTUAL-SKIN:39927.2 cellular-emergency:39927.2 
09-10 12:10:11.991  2165  2185 I pixel-thermal: VIRTUAL-USB-THROTTLING:0 raw data: USB2-MINUS-CHG:-5836 VIRTUAL-USB-THROTTLING:0 usb_pwr_therm2:38873 
09-10 12:10:11.991  2165  2185 I pixel-thermal: VIRTUAL-SKIN-CPU:39.9272 raw data: VIRTUAL-SKIN:39927.2 VIRTUAL-SKIN-CPU:39927.2 
09-10 12:10:11.991  2165  2185 I pixel-thermal: VIRTUAL-SKIN-CPU power_budget=1222.94 err=1.0728 s_power=800 time_elapsed_ms=7004 p=429.12 i=-6.17836 d=-0 dt_per_min=nan compensation=0 budget transient=0 control target=3 excluded power budget=0
09-10 12:10:11.991  2165  2185 I pixel-thermal: VIRTUAL-SKIN-CPU binded power rails: (S4M_VDD_CPUCL0: 39.62 mW)(S2M_VDD_CPUCL2: 23.69 mW)(S3M_VDD_CPUCL1: 13.80 mW)
09-10 12:10:11.991  2165  2185 I pixel-thermal: neutral_therm:37.76 raw data: neutral_therm:37760 
09-10 12:10:11.991  2165  2185 I pixel-thermal: VIRTUAL-SKIN:39.9272 raw data: VIRTUAL-SKIN:39927.2 
09-10 12:10:11.991  2165  2185 I pixel-thermal: VIRTUAL-SKIN-CPU-GPU:39.9272 raw data: VIRTUAL-SKIN:39927.2 VIRTUAL-SKIN-CPU-GPU:39927.2 
09-10 12:10:11.991  2165  2185 I pixel-thermal: VIRTUAL-SKIN-CPU-GPU power_budget=2453.41 err=5.0728 s_power=800 time_elapsed_ms=7004 p=1521.84 i=131.571 d=-0 dt_per_min=nan compensation=0 budget transient=0 control target=3 excluded power budget=0
09-10 12:10:11.991  2165  2185 I pixel-thermal: VIRTUAL-SKIN-CPU-GPU binded power rails: (S4M_VDD_CPUCL0: 39.62 mW)(S2M_VDD_CPUCL2: 23.69 mW)(S3M_VDD_CPUCL1: 13.80 mW)(S2S_VDD_G3D: 3.64 mW)
09-10 12:10:11.991  2165  2185 I pixel-thermal: VIRTUAL-SKIN-HINT:39.9272 raw data: VIRTUAL-SKIN:39927.2 VIRTUAL-SKIN-HINT:39927.2 
09-10 12:10:11.991  2165  2185 I pixel-thermal: VIRTUAL-SKIN-CHARGE:39.9272 raw data: VIRTUAL-SKIN:39927.2 VIRTUAL-SKIN-CHARGE:39927.2 
09-10 12:10:11.991  2165  2185 I pixel-thermal: VIRTUAL-SKIN-CHARGE's fcc binded power rail POWER_FOR_CHARGING_THROTTLING: power threshold = 500, avg power = 456.429
09-10 12:10:13.058  2165  2185 I pixel-thermal: usb_pwr_therm2:38.873 raw data: usb_pwr_therm2:38873 
09-10 12:10:14.480  2905  8937 I NearbyMediums: No BLE Fast/GATT advertisements found in the latest cycle.
09-10 12:10:14.481  2905  8937 I NearbyMediums: Current Tracked Scanning Clients are : {NearbyConnections.EnvironmentMonitor, NearbySharing, NearbyConnections.TxAdvertisement}
09-10 12:10:14.915  2643  2672 I Tethering: [BpfCoordinator] onAlertReached
09-10 12:10:15.064  2165  2185 I pixel-thermal: usb_pwr_therm2:38.873 raw data: usb_pwr_therm2:38873 
09-10 12:10:15.974  1821  2391 W NetworkPolicy: shared quota unsupported; generating rule for each iface
09-10 12:10:16.761  2828  2828 D TelephonyManager: requestModemActivityInfo: Sending result to app: ModemActivityInfo{ mTimestamp=64833629 mSleepTimeMs=43478241 mIdleTimeMs=2080045 mActivityStatsTechSpecificInfo=[{mRat=UNKNOWN,mFrequencyRange=UNKNOWN,mTxTimeMs[]=[319479, 523096, 858088, 155923, 1453066],mRxTimeMs=18327742}]}
09-10 12:10:17.069  2165  2185 I pixel-thermal: usb_pwr_therm2:38.918 raw data: usb_pwr_therm2:38918 
09-10 12:10:19.001  2165  2185 I pixel-thermal: VIRTUAL-USB-UI:0 raw data: USB2-MINUS-CHG:-5355 VIRTUAL-USB-UI:0 charger_skin_therm:44273 usb_pwr_therm2:38918 
09-10 12:10:19.005  2165  2185 I pixel-thermal: cellular-emergency:39.9012 raw data: VIRTUAL-NEUTRAL:39465 VIRTUAL-NEUTRAL-SKIN2:39901.2 VIRTUAL-QUIET-NEUTRAL:39449.4 VIRTUAL-SKIN:39901.2 cellular-emergency:39901.2 disp_therm:38628 gnss_tcxo_therm:38940 neutral_therm:37782 quiet_therm:40164 skin_therm1:39318 skin_therm2:44846 
09-10 12:10:19.005  2165  2185 I pixel-thermal: VIRTUAL-USB-THROTTLING:0 raw data: USB2-MINUS-CHG:-5355 VIRTUAL-USB-THROTTLING:0 usb_pwr_therm2:38918 
09-10 12:10:19.006  2165  2185 I pixel-thermal: VIRTUAL-SKIN-CPU:39.9012 raw data: VIRTUAL-SKIN:39901.2 VIRTUAL-SKIN-CPU:39901.2 
09-10 12:10:19.006  2165  2185 I pixel-thermal: VIRTUAL-SKIN-CPU power_budget=1233.34 err=1.0988 s_power=800 time_elapsed_ms=7007 p=439.519 i=-6.17836 d=0 dt_per_min=nan compensation=0 budget transient=0 control target=3 excluded power budget=0
09-10 12:10:19.006  2165  2185 I pixel-thermal: VIRTUAL-SKIN-CPU binded power rails: (S4M_VDD_CPUCL0: 31.69 mW)(S2M_VDD_CPUCL2: 19.11 mW)(S3M_VDD_CPUCL1: 11.78 mW)
09-10 12:10:19.006  2165  2185 I pixel-thermal: neutral_therm:37.782 raw data: neutral_therm:37782 
09-10 12:10:19.007  2165  2185 I pixel-thermal: VIRTUAL-SKIN:39.9012 raw data: VIRTUAL-SKIN:39901.2 
09-10 12:10:19.007  2165  2185 I pixel-thermal: VIRTUAL-SKIN-CPU-GPU:39.9012 raw data: VIRTUAL-SKIN:39901.2 VIRTUAL-SKIN-CPU-GPU:39901.2 
09-10 12:10:19.007  2165  2185 I pixel-thermal: VIRTUAL-SKIN-CPU-GPU power_budget=2461.21 err=5.0988 s_power=800 time_elapsed_ms=7007 p=1529.64 i=131.571 d=0 dt_per_min=nan compensation=0 budget transient=0 control target=3 excluded power budget=0
09-10 12:10:19.007  2165  2185 I pixel-thermal: VIRTUAL-SKIN-CPU-GPU binded power rails: (S4M_VDD_CPUCL0: 31.69 mW)(S2M_VDD_CPUCL2: 19.11 mW)(S3M_VDD_CPUCL1: 11.78 mW)(S2S_VDD_G3D: 3.41 mW)
09-10 12:10:19.008  2165  2185 I pixel-thermal: VIRTUAL-SKIN-HINT:39.9012 raw data: VIRTUAL-SKIN:39901.2 VIRTUAL-SKIN-HINT:39901.2 
09-10 12:10:19.008  2165  2185 I pixel-thermal: VIRTUAL-SKIN-CHARGE:39.9012 raw data: VIRTUAL-SKIN:39901.2 VIRTUAL-SKIN-CHARGE:39901.2 
09-10 12:10:19.008  2165  2185 I pixel-thermal: VIRTUAL-SKIN-CHARGE's fcc binded power rail POWER_FOR_CHARGING_THROTTLING: power threshold = 500, avg power = 439.612
09-10 12:10:19.082  2165  2185 I pixel-thermal: usb_pwr_therm2:38.918 raw data: usb_pwr_therm2:38918 
09-10 12:10:20.230  2678  2778 D TemperatureStateSource: sequence=3683 actualDelay=10004
09-10 12:10:20.231  2678  2778 D TemperatureStateSource: Reading temperature: sequence=3684
09-10 12:10:20.235  2165  2165 I pixel-thermal: VIRTUAL-SKIN:39.9012 raw data: VIRTUAL-SKIN:39901.2 
09-10 12:10:20.237  2678  2778 D TemperatureStateSource: getDeviceTemperatures: sequence=3684 deviceTemperatureType=3 temperatureSource=0 temperatures=[39.901203]
09-10 12:10:20.238  2678  2778 D TemperatureStateSource: sequence=3684 waitTime=10000
09-10 12:10:20.240  2678  2778 D ImpulseStateSource: Notify clients: 3703
09-10 12:10:20.277  1821  2297 D ActivityManager: freezing 27193 com.google.android.apps.turbo
09-10 12:10:20.301  1821  2400 D InetDiagMessage: Destroyed 0 sockets, proto=IPPROTO_TCP, family=AF_INET, states=14
09-10 12:10:20.306  1821  2400 D InetDiagMessage: Destroyed 0 sockets, proto=IPPROTO_TCP, family=AF_INET6, states=14
09-10 12:10:20.306  1821  2400 D InetDiagMessage: Destroyed live tcp sockets for uids={10180} in 12ms
09-10 12:10:21.091  2165  2185 I pixel-thermal: usb_pwr_therm2:38.918 raw data: usb_pwr_therm2:38918 
09-10 12:10:23.101  2165  2185 I pixel-thermal: usb_pwr_therm2:38.873 raw data: usb_pwr_therm2:38873 
09-10 12:10:24.486  2905  8937 I NearbyMediums: No BLE Fast/GATT advertisements found in the latest cycle.
09-10 12:10:24.487  2905  8937 I NearbyMediums: Current Tracked Scanning Clients are : {NearbyConnections.EnvironmentMonitor, NearbySharing, NearbyConnections.TxAdvertisement}
09-10 12:10:25.110  2165  2185 I pixel-thermal: usb_pwr_therm2:38.873 raw data: usb_pwr_therm2:38873 
09-10 12:10:26.007  2165  2185 I pixel-thermal: VIRTUAL-USB-UI:0 raw data: USB2-MINUS-CHG:-5606 VIRTUAL-USB-UI:0 charger_skin_therm:44479 usb_pwr_therm2:38873 
09-10 12:10:26.008  2165  2185 I pixel-thermal: cellular-emergency:39.8378 raw data: VIRTUAL-NEUTRAL:39408.6 VIRTUAL-NEUTRAL-SKIN2:39837.8 VIRTUAL-QUIET-NEUTRAL:39240.5 VIRTUAL-SKIN:39837.8 cellular-emergency:39837.8 disp_therm:38739 gnss_tcxo_therm:38828 neutral_therm:37760 quiet_therm:39875 skin_therm1:39251 skin_therm2:44686 
09-10 12:10:26.008  2165  2185 I pixel-thermal: VIRTUAL-USB-THROTTLING:0 raw data: USB2-MINUS-CHG:-5606 VIRTUAL-USB-THROTTLING:0 usb_pwr_therm2:38873 
09-10 12:10:26.008  2165  2185 I pixel-thermal: VIRTUAL-SKIN-CPU:39.8378 raw data: VIRTUAL-SKIN:39837.8 VIRTUAL-SKIN-CPU:39837.8 
09-10 12:10:26.008  2165  2185 I pixel-thermal: VIRTUAL-SKIN-CPU power_budget=1258.7 err=1.1622 s_power=800 time_elapsed_ms=7007 p=464.879 i=-6.17836 d=0 dt_per_min=nan compensation=0 budget transient=0 control target=3 excluded power budget=0
09-10 12:10:26.008  2165  2185 I pixel-thermal: VIRTUAL-SKIN-CPU binded power rails: (S4M_VDD_CPUCL0: 29.68 mW)(S2M_VDD_CPUCL2: 15.76 mW)(S3M_VDD_CPUCL1: 11.81 mW)
09-10 12:10:26.008  2165  2185 I pixel-thermal: neutral_therm:37.76 raw data: neutral_therm:37760 
09-10 12:10:26.008  2165  2185 I pixel-thermal: VIRTUAL-SKIN:39.8378 raw data: VIRTUAL-SKIN:39837.8 
09-10 12:10:26.008  2165  2185 I pixel-thermal: VIRTUAL-SKIN-CPU-GPU:39.8378 raw data: VIRTUAL-SKIN:39837.8 VIRTUAL-SKIN-CPU-GPU:39837.8 
09-10 12:10:26.008  2165  2185 I pixel-thermal: VIRTUAL-SKIN-CPU-GPU power_budget=2480.23 err=5.1622 s_power=800 time_elapsed_ms=7007 p=1548.66 i=131.571 d=0 dt_per_min=nan compensation=0 budget transient=0 control target=3 excluded power budget=0
09-10 12:10:26.008  2165  2185 I pixel-thermal: VIRTUAL-SKIN-CPU-GPU binded power rails: (S4M_VDD_CPUCL0: 29.68 mW)(S2M_VDD_CPUCL2: 15.76 mW)(S3M_VDD_CPUCL1: 11.81 mW)(S2S_VDD_G3D: 3.67 mW)
09-10 12:10:26.008  2165  2185 I pixel-thermal: VIRTUAL-SKIN-HINT:39.8378 raw data: VIRTUAL-SKIN:39837.8 VIRTUAL-SKIN-HINT:39837.8 
09-10 12:10:26.008  2165  2185 I pixel-thermal: VIRTUAL-SKIN-CHARGE:39.8378 raw data: VIRTUAL-SKIN:39837.8 VIRTUAL-SKIN-CHARGE:39837.8 
09-10 12:10:26.008  2165  2185 I pixel-thermal: VIRTUAL-SKIN-CHARGE's fcc binded power rail POWER_FOR_CHARGING_THROTTLING: power threshold = 500, avg power = 429.865
09-10 12:10:27.120  2165  2185 I pixel-thermal: usb_pwr_therm2:38.873 raw data: usb_pwr_therm2:38873 
09-10 12:10:28.645  2828  3106 D EuiccConnector: handleMessage: E msg.what=3
09-10 12:10:28.646  2828  3106 D EuiccConnector: processMsg: ConnectedState
09-10 12:10:28.654  3235  3235 I EuiccGoogle: [2] EuiccServiceImpl.onDestroy: onDestroy: EuiccService on destroy.
09-10 12:10:28.659  9953  9953 I HidDeviceService: unregisterAppUid(): uid=10179
09-10 12:10:28.660  9953  9953 W HidDeviceService: unregisterAppUid(): caller UID doesn't match user UID
09-10 12:10:28.661  2828  3106 D EuiccConnector: transitionTo: destState=AvailableState
09-10 12:10:28.661  2828  3106 D EuiccConnector: handleMessage: new destination call exit/enter
09-10 12:10:28.661  2828  3106 D EuiccConnector: setupTempStateStackWithStatesToEnter: X mTempStateStackCount=2,curStateInfo: null
09-10 12:10:28.661  2828  3106 D EuiccConnector: invokeExitMethods: ConnectedState
09-10 12:10:28.661  2828  3106 D EuiccConnector: invokeExitMethods: DisconnectedState
09-10 12:10:28.662  2828  3106 D EuiccConnector: moveTempStackToStateStack: i=1,j=0
09-10 12:10:28.662  2828  3106 D EuiccConnector: moveTempStackToStateStack: i=0,j=1
09-10 12:10:28.662  2828  3106 D EuiccConnector: moveTempStackToStateStack: X mStateStackTop=1,startingIndex=0,Top=AvailableState
09-10 12:10:28.662  2828  3106 D EuiccConnector: invokeEnterMethods: UnavailableState
09-10 12:10:28.662  2828  3106 D EuiccConnector: invokeEnterMethods: AvailableState
09-10 12:10:28.662  2828  3106 D EuiccConnector: handleMessage: X
09-10 12:10:29.128  2165  2185 I pixel-thermal: usb_pwr_therm2:38.828 raw data: usb_pwr_therm2:38828 
09-10 12:10:30.240  2678  2916 D TemperatureStateSource: sequence=3684 actualDelay=10002
09-10 12:10:30.241  2678  2916 D TemperatureStateSource: Reading temperature: sequence=3685
09-10 12:10:30.248  2165  2165 I pixel-thermal: VIRTUAL-SKIN:39.7741 raw data: VIRTUAL-NEUTRAL:39350.1 VIRTUAL-NEUTRAL-SKIN2:39774.1 VIRTUAL-QUIET-NEUTRAL:39171.6 VIRTUAL-SKIN:39774.1 disp_therm:38695 gnss_tcxo_therm:38806 neutral_therm:37738 quiet_therm:39786 skin_therm1:39162 skin_therm2:44525 
09-10 12:10:30.250  2678  2916 D TemperatureStateSource: getDeviceTemperatures: sequence=3685 deviceTemperatureType=3 temperatureSource=0 temperatures=[39.774105]
09-10 12:10:30.251  2678  2916 D TemperatureStateSource: sequence=3685 waitTime=10000
09-10 12:10:30.256  2165  2165 I pixel-thermal: VIRTUAL-SKIN:39.7741 raw data: VIRTUAL-SKIN:39774.1 
09-10 12:10:30.258  2678  2790 I TemperatureStateSource: temperature was set
09-10 12:10:30.259  2678  2790 D ImpulseStateSource: Notify clients: 3704
09-10 12:10:30.261  2678  2790 D ImpulseConnection: bindService: com.google.android.apps.turbo
09-10 12:10:30.277  1821  5937 D ActivityManager: sync unfroze 27193 com.google.android.apps.turbo for 6
09-10 12:10:30.290  2678  2678 D ImpulseConnection: onServiceConnected: ComponentInfo{com.google.android.apps.turbo/com.google.android.apps.turbo.adaptiveplatform.impulse.ImpulseClientService} service is null false
09-10 12:10:30.296  1821  2709 W ProcessStats: Tracking association SourceState{d3a0c78 com.google.android.pixelsystemservice/10261 ImpFg #55979} whose proc state 5 is better than process ProcessState{65ddb54 com.google.android.apps.turbo/10180 pkg=com.google.android.apps.turbo} proc state 14 (0 skipped)
09-10 12:10:31.137  2165  2185 I pixel-thermal: usb_pwr_therm2:38.828 raw data: usb_pwr_therm2:38828 
09-10 12:10:33.015  2165  2185 I pixel-thermal: VIRTUAL-USB-UI:0 raw data: USB2-MINUS-CHG:-4964 VIRTUAL-USB-UI:0 charger_skin_therm:43792 usb_pwr_therm2:38828 
09-10 12:10:33.015  2165  2185 I pixel-thermal: cellular-emergency:39.7741 raw data: VIRTUAL-NEUTRAL:39350.1 VIRTUAL-NEUTRAL-SKIN2:39774.1 VIRTUAL-QUIET-NEUTRAL:39171.6 VIRTUAL-SKIN:39774.1 cellular-emergency:39774.1 disp_therm:38695 gnss_tcxo_therm:38806 neutral_therm:37738 quiet_therm:39786 skin_therm1:39162 skin_therm2:44525 
09-10 12:10:33.015  2165  2185 I pixel-thermal: VIRTUAL-USB-THROTTLING:0 raw data: USB2-MINUS-CHG:-4964 VIRTUAL-USB-THROTTLING:0 usb_pwr_therm2:38828 
09-10 12:10:33.015  2165  2185 I pixel-thermal: VIRTUAL-SKIN-CPU:39.7741 raw data: VIRTUAL-SKIN:39774.1 VIRTUAL-SKIN-CPU:39774.1 
09-10 12:10:33.015  2165  2185 I pixel-thermal: VIRTUAL-SKIN-CPU power_budget=1284.18 err=1.22589 s_power=800 time_elapsed_ms=7009 p=490.358 i=-6.17836 d=0 dt_per_min=nan compensation=0 budget transient=0 control target=3 excluded power budget=0
09-10 12:10:33.015  2165  2185 I pixel-thermal: VIRTUAL-SKIN-CPU binded power rails: (S4M_VDD_CPUCL0: 33.79 mW)(S2M_VDD_CPUCL2: 16.79 mW)(S3M_VDD_CPUCL1: 15.42 mW)
09-10 12:10:33.015  2165  2185 I pixel-thermal: neutral_therm:37.738 raw data: neutral_therm:37738 
09-10 12:10:33.015  2165  2185 I pixel-thermal: VIRTUAL-SKIN:39.7741 raw data: VIRTUAL-SKIN:39774.1 
09-10 12:10:33.016  2165  2185 I pixel-thermal: VIRTUAL-SKIN-CPU-GPU:39.7741 raw data: VIRTUAL-SKIN:39774.1 VIRTUAL-SKIN-CPU-GPU:39774.1 
09-10 12:10:33.016  2165  2185 I pixel-thermal: VIRTUAL-SKIN-CPU-GPU power_budget=2499.34 err=5.22589 s_power=800 time_elapsed_ms=7009 p=1567.77 i=131.571 d=0 dt_per_min=nan compensation=0 budget transient=0 control target=3 excluded power budget=0
09-10 12:10:33.016  2165  2185 I pixel-thermal: VIRTUAL-SKIN-CPU-GPU binded power rails: (S4M_VDD_CPUCL0: 33.79 mW)(S2M_VDD_CPUCL2: 16.79 mW)(S3M_VDD_CPUCL1: 15.42 mW)(S2S_VDD_G3D: 2.93 mW)
09-10 12:10:33.016  2165  2185 I pixel-thermal: VIRTUAL-SKIN-HINT:39.7741 raw data: VIRTUAL-SKIN:39774.1 VIRTUAL-SKIN-HINT:39774.1 
09-10 12:10:33.016  2165  2185 I pixel-thermal: VIRTUAL-SKIN-CHARGE:39.7741 raw data: VIRTUAL-SKIN:39774.1 VIRTUAL-SKIN-CHARGE:39774.1 
09-10 12:10:33.016  2165  2185 I pixel-thermal: VIRTUAL-SKIN-CHARGE's fcc binded power rail POWER_FOR_CHARGING_THROTTLING: power threshold = 500, avg power = 444.282
09-10 12:10:33.139  2165  2185 I pixel-thermal: usb_pwr_therm2:38.828 raw data: usb_pwr_therm2:38828 
09-10 12:10:33.684  1821  2400 D InetDiagMessage: Destroyed 0 sockets, proto=IPPROTO_TCP, family=AF_INET, states=14
09-10 12:10:33.690  1821  2400 D InetDiagMessage: Destroyed 0 sockets, proto=IPPROTO_TCP, family=AF_INET6, states=14
09-10 12:10:33.691  1821  2400 D InetDiagMessage: Destroyed live tcp sockets for uids={10179} in 11ms
09-10 12:10:33.696  1821  2400 D InetDiagMessage: Destroyed 0 sockets, proto=IPPROTO_TCP, family=AF_INET, states=14
09-10 12:10:33.702  1821  2400 D InetDiagMessage: Destroyed 0 sockets, proto=IPPROTO_TCP, family=AF_INET6, states=14
09-10 12:10:33.703  1821  2400 D InetDiagMessage: Destroyed live tcp sockets for uids={20179} in 12ms
09-10 12:10:34.490  2905  8937 I NearbyMediums: No BLE Fast/GATT advertisements found in the latest cycle.
09-10 12:10:34.491  2905  8937 I NearbyMediums: Current Tracked Scanning Clients are : {NearbyConnections.EnvironmentMonitor, NearbySharing, NearbyConnections.TxAdvertisement}
09-10 12:10:35.145  2165  2185 I pixel-thermal: usb_pwr_therm2:38.828 raw data: usb_pwr_therm2:38828 
09-10 12:10:35.296  2905 10080 I NearbyDiscovery: FastPair: isDestroyable: Scanner is alive. [CONTEXT service_id=265 ]
09-10 12:10:35.297  2905 10080 I NearbyDiscovery: DiscoveryService: Skip stopSelf(), fast pair controller is not destroyable. [CONTEXT service_id=265 ]
09-10 12:10:37.151  2165  2185 I pixel-thermal: usb_pwr_therm2:38.784 raw data: usb_pwr_therm2:38784 
09-10 12:10:38.678  1821  2297 D ActivityManager: freezing 3235 com.google.android.euicc
09-10 12:10:38.689  1821  2400 D InetDiagMessage: Destroyed 0 sockets, proto=IPPROTO_TCP, family=AF_INET, states=14
09-10 12:10:38.695  1821  2400 D InetDiagMessage: Destroyed 0 sockets, proto=IPPROTO_TCP, family=AF_INET6, states=14
09-10 12:10:38.695  1821  2400 D InetDiagMessage: Destroyed live tcp sockets for uids={10179} in 11ms
09-10 12:10:39.159  2165  2185 I pixel-thermal: usb_pwr_therm2:38.784 raw data: usb_pwr_therm2:38784 
09-10 12:10:39.160  2165  2185 I pixel-thermal: Power rails total power: 561.22 mW for 60246 ms
09-10 12:10:39.160  2165  2185 I pixel-thermal: Power rails [L8S_UFS_VCCQ: 10.64 mW] [S2S_VDD_G3D: 5.05 mW] [S10S_VDD2L: 15.82 mW] [S5S_VDDQ_MEM: 5.65 mW] [S4S_VDD2H_MEM: 28.64 mW] [S9S_VDD_AOC: 22.07 mW] 
09-10 12:10:39.160  2165  2185 I pixel-thermal: Power rails [S10M_VDD_TPU: 10.55 mW] [L2S_VDD_AOC_RET: 11.67 mW] [L9S_GNSS_CORE: 0.71 mW] [S1M_VDD_MIF: 35.06 mW] [S5M_VDD_INT: 29.66 mW] [S4M_VDD_CPUCL0: 40.54 mW] 
09-10 12:10:39.160  2165  2185 I pixel-thermal: Power rails [S2M_VDD_CPUCL2: 37.98 mW] [S3M_VDD_CPUCL1: 15.13 mW] [L15M_VDD_SLC_M: 19.62 mW] [VSYS_PWR_DISPLAY: 272.43 mW] 
09-10 12:10:39.160  2165  2185 I pixel-thermal: CDEV log usbc-port state:0 fcc state:3 thermal-cpufreq-1 state:0 tpu_cooling state:2 thermal-gpufreq-0 state:0 thermal-cpufreq-2 state:0 thermal-cpufreq-0 state:0 
09-10 12:10:40.026  2165  2185 I pixel-thermal: VIRTUAL-USB-UI:0 raw data: USB2-MINUS-CHG:-4825 VIRTUAL-USB-UI:0 charger_skin_therm:43609 usb_pwr_therm2:38784 
09-10 12:10:40.029  2165  2185 I pixel-thermal: cellular-emergency:39.7307 raw data: VIRTUAL-NEUTRAL:39304 VIRTUAL-NEUTRAL-SKIN2:39730.7 VIRTUAL-QUIET-NEUTRAL:39164.7 VIRTUAL-SKIN:39730.7 cellular-emergency:39730.7 disp_therm:38717 gnss_tcxo_therm:38739 neutral_therm:37715 quiet_therm:39786 skin_therm1:39096 skin_therm2:44434 
09-10 12:10:40.029  2165  2185 I pixel-thermal: VIRTUAL-USB-THROTTLING:0 raw data: USB2-MINUS-CHG:-4825 VIRTUAL-USB-THROTTLING:0 usb_pwr_therm2:38784 
09-10 12:10:40.030  2165  2185 I pixel-thermal: VIRTUAL-SKIN-CPU:39.7307 raw data: VIRTUAL-SKIN:39730.7 VIRTUAL-SKIN-CPU:39730.7 
09-10 12:10:40.030  2165  2185 I pixel-thermal: VIRTUAL-SKIN-CPU power_budget=1301.54 err=1.2693 s_power=800 time_elapsed_ms=7009 p=507.719 i=-6.17836 d=0 dt_per_min=nan compensation=0 budget transient=0 control target=3 excluded power budget=0
09-10 12:10:40.030  2165  2185 I pixel-thermal: VIRTUAL-SKIN-CPU binded power rails: (S4M_VDD_CPUCL0: 28.57 mW)(S2M_VDD_CPUCL2: 17.81 mW)(S3M_VDD_CPUCL1: 10.82 mW)
09-10 12:10:40.030  2165  2185 I pixel-thermal: neutral_therm:37.715 raw data: neutral_therm:37715 
09-10 12:10:40.030  2165  2185 I pixel-thermal: VIRTUAL-SKIN:39.7307 raw data: VIRTUAL-SKIN:39730.7 
09-10 12:10:40.030  2165  2185 I pixel-thermal: VIRTUAL-SKIN-CPU-GPU:39.7307 raw data: VIRTUAL-SKIN:39730.7 VIRTUAL-SKIN-CPU-GPU:39730.7 
09-10 12:10:40.030  2165  2185 I pixel-thermal: VIRTUAL-SKIN-CPU-GPU power_budget=2512.36 err=5.2693 s_power=800 time_elapsed_ms=7009 p=1580.79 i=131.571 d=0 dt_per_min=nan compensation=0 budget transient=0 control target=3 excluded power budget=0
09-10 12:10:40.031  2165  2185 I pixel-thermal: VIRTUAL-SKIN-CPU-GPU binded power rails: (S4M_VDD_CPUCL0: 28.57 mW)(S2M_VDD_CPUCL2: 17.81 mW)(S3M_VDD_CPUCL1: 10.82 mW)(S2S_VDD_G3D: 3.66 mW)
09-10 12:10:40.031  2165  2185 I pixel-thermal: VIRTUAL-SKIN-HINT:39.7307 raw data: VIRTUAL-SKIN:39730.7 VIRTUAL-SKIN-HINT:39730.7 
09-10 12:10:40.031  2165  2185 I pixel-thermal: VIRTUAL-SKIN-CHARGE:39.7307 raw data: VIRTUAL-SKIN:39730.7 VIRTUAL-SKIN-CHARGE:39730.7 
09-10 12:10:40.031  2165  2185 I pixel-thermal: VIRTUAL-SKIN-CHARGE's fcc binded power rail POWER_FOR_CHARGING_THROTTLING: power threshold = 500, avg power = 433.158
09-10 12:10:40.252  2678  2778 D TemperatureStateSource: sequence=3685 actualDelay=10001
09-10 12:10:40.253  2678  2778 D TemperatureStateSource: Reading temperature: sequence=3686
09-10 12:10:40.255  2165  2165 I pixel-thermal: VIRTUAL-SKIN:39.7307 raw data: VIRTUAL-SKIN:39730.7 
09-10 12:10:40.256  2678  2778 D TemperatureStateSource: getDeviceTemperatures: sequence=3686 deviceTemperatureType=3 temperatureSource=0 temperatures=[39.7307]
09-10 12:10:40.256  2678  2778 D TemperatureStateSource: sequence=3686 waitTime=10000
09-10 12:10:40.257  2678  3566 D ImpulseStateSource: Notify clients: 3705
09-10 12:10:41.173  2165  2185 I pixel-thermal: usb_pwr_therm2:38.784 raw data: usb_pwr_therm2:38784 
09-10 12:10:43.180  2165  2185 I pixel-thermal: usb_pwr_therm2:38.784 raw data: usb_pwr_therm2:38784 
09-10 12:10:44.305  1332  1386 I CHRE    : @ 64838.604: [ImuCal] [GYRO_RPS] (s0, c0) Offset | Temp [C] | Quality: 0.000552, 0.000349, -.002901 | 35.189592 | 4
09-10 12:10:44.305  1332  1386 I CHRE    : @ 64838.604: [ImuCal] [GYRO_RPS] (s0) Temp Sensitivity: -.000011, 0.000017, -.000134
09-10 12:10:44.306  1332  1386 I CHRE    : @ 64838.604: [ImuCal] [GYRO_RPS] (s0) Temp Intercept: 0.000977, -.000270, 0.001826
09-10 12:10:44.496  2905  8937 I NearbyMediums: No BLE Fast/GATT advertisements found in the latest cycle.
09-10 12:10:44.497  2905  8937 I NearbyMediums: Current Tracked Scanning Clients are : {NearbyConnections.EnvironmentMonitor, NearbySharing, NearbyConnections.TxAdvertisement}
09-10 12:10:44.672  2905  9274 I AlarmManager: setExactAndAllowWhileIdle [name: GCM_HB_ALARM type: 2 triggerAtMillis: 66611544]
09-10 12:10:44.706  2905  9151 I AlarmManager: setExactAndAllowWhileIdle [name: FcmRetry type: 2 triggerAtMillis: 64981576]
09-10 12:10:44.718  1381  2903 D AudioFlinger: onStateChanged: pid:7768  uid:10299  state:unfrozen - no freeze activity
09-10 12:10:44.719  7768  7768 D WM-DelayedWorkTracker: Scheduling work 18a1f982-7c2d-434f-8a7b-15d1a575b355
09-10 12:10:44.719  1821  1923 D ActivityManager: sync unfroze 7768 com.whatsapp for 3
09-10 12:10:44.719  7768  7768 D WM-GreedyScheduler: Starting tracking for 18a1f982-7c2d-434f-8a7b-15d1a575b355
09-10 12:10:44.722  3981  3993 I ffad    : (REDACTED) HDM. appOpsListener %s %s
09-10 12:10:44.725  3981  3993 I ffad    : (REDACTED) HDM. Ignoring irrelevant audio permission changes for package %s
09-10 12:10:44.725  7768  8213 D WM-GreedyScheduler: Constraints met: Scheduling work ID WorkGenerationalId(workSpecId=18a1f982-7c2d-434f-8a7b-15d1a575b355, generation=0)
09-10 12:10:44.727  7768  8213 D WM-Processor: IBd: processing WorkGenerationalId(workSpecId=18a1f982-7c2d-434f-8a7b-15d1a575b355, generation=0)
09-10 12:10:44.730  7768  7768 D WM-WorkerWrapper: Starting work for com.whatsapp.networkavailable.service.RestoreChatConnectionWorker
09-10 12:10:44.742  1821  5941 I ActivityManager: Background started FGS: Allowed [callingPackage: com.whatsapp; callingUid: 10299; uidState: SVC ; uidBFSL: n/a; BFGS denied: false; intent: Intent { xflg=0x4 cmp=com.whatsapp/.messaging.service.GcmFGService }; code:PUSH_MESSAGING; tempAllowListReason:<29e92ab com.google.android.c2dm.intent.RECEIVE/u0/0x2152,reasonCode:PUSH_MESSAGING,duration:20000,callingUid:10285>; allowWiu:-1; targetSdkVersion:36; callerTargetSdkVersion:36; startForegroundCount:0; bindFromPackage:null; isBindService:false]
09-10 12:10:44.743  3981  3993 I ffad    : (REDACTED) HDM. appOpsListener %s %s
09-10 12:10:44.744  3981  3993 I ffad    : (REDACTED) HDM. Ignoring irrelevant audio permission changes for package %s
09-10 12:10:44.744   687   687 W powerhal-libperfmgr: Sess(709), cannot resume, already active
09-10 12:10:44.753  7768  8083 E msys    : E[N WA]_WAJMNSStreamImplMNSTCPStreamCreate(410)=>[LogLevel:I] WAJMNSStream/impl/tcpStreamCreate/MNSStreamRaw/p=0xb40000792810d290
09-10 12:10:44.754  7768  8083 E msys    : E[N WA]WAJMNSStreamImplCreate(485)=>[LogLevel:I] WAJMNSStream/impl/create/p=0xb40000792810d290 (mnsConn=0xb400007988025b00)
09-10 12:10:44.754  7768  8083 E msys    : E[N WA]_WAJMNSStreamCreateMnsIpsFromIpAddressStrings(98)=>[LogLevel:I] no ip addresses provided, using DNS resolution
09-10 12:10:44.754  7768  8083 E msys    : E[N WA]WAJMNSStreamImplConnect(513)=>[LogLevel:I] WAJMNSStream/impl/connect/p=0xb40000792810d290 (endpoint=g.whatsapp.net:5222)(ipAddressCount=0)
09-10 12:10:44.754  7768  8083 E msys    : E[N WA]_WAJMNSStreamImplUpdateStreamState(238)=>[LogLevel:I] WAJMNSStream/impl/state-changed/p=0xb40000792810d290 (initial=>connecting)
09-10 12:10:44.757  1821  2709 W ActivityManager: Foreground service started from background can not have location/camera/microphone access: service com.whatsapp/.messaging.service.GcmFGService
09-10 12:10:44.757  1821  2709 I ActivityManager: Background started FGS: Allowed [callingPackage: com.whatsapp; callingUid: 10299; uidState: FGS ; uidBFSL: [BFSL]; BFGS denied: false; intent: Intent { cmp=com.whatsapp/.messaging.service.GcmFGService }; code:PROC_STATE_FGS; tempAllowListReason:<29e92ab com.google.android.c2dm.intent.RECEIVE/u0/0x2152,reasonCode:PUSH_MESSAGING,duration:20000,callingUid:10285>; allowWiu:-1; targetSdkVersion:36; callerTargetSdkVersion:36; startForegroundCount:0; bindFromPackage:null; isBindService:false]
09-10 12:10:44.758  1821  2709 W ForegroundServiceTypeLoggerModule: Foreground service start for UID: 10299 does not have any types
09-10 12:10:44.764  1821  2964 D ConnectivityService: Returning UNBLOCKED NetworkInfo to uid=10299
09-10 12:10:44.765  1821  3047 W ActivityManager: Foreground service started from background can not have location/camera/microphone access: service com.whatsapp/.messaging.service.GcmFGService
09-10 12:10:44.765  1821  3047 I ActivityManager: Background started FGS: Allowed [callingPackage: com.whatsapp; callingUid: 10299; uidState: FGS ; uidBFSL: [BFSL]; BFGS denied: false; intent: Intent { cmp=com.whatsapp/.messaging.service.GcmFGService }; code:PROC_STATE_FGS; tempAllowListReason:<29e92ab com.google.android.c2dm.intent.RECEIVE/u0/0x2152,reasonCode:PUSH_MESSAGING,duration:20000,callingUid:10285>; allowWiu:-1; targetSdkVersion:36; callerTargetSdkVersion:36; startForegroundCount:1; bindFromPackage:null; isBindService:false]
09-10 12:10:44.772  3981  3993 I ffad    : (REDACTED) HDM. appOpsListener %s %s
09-10 12:10:44.772  3981  3993 I ffad    : (REDACTED) HDM. Ignoring irrelevant audio permission changes for package %s
09-10 12:10:44.774  7768  7768 D WM-SystemJobService: onStartJob for WorkGenerationalId(workSpecId=18a1f982-7c2d-434f-8a7b-15d1a575b355, generation=0)
09-10 12:10:44.775  7768  8211 D WM-Processor: Work WorkGenerationalId(workSpecId=18a1f982-7c2d-434f-8a7b-15d1a575b355, generation=0) is already enqueued for processing
09-10 12:10:44.776  7768  7768 D WM-SystemJobService: onStartJob for WorkGenerationalId(workSpecId=f92801de-f520-4c27-b7ce-ab8b0befe892, generation=0)
09-10 12:10:44.777  7768  8212 D WM-Processor: Work WorkGenerationalId(workSpecId=f92801de-f520-4c27-b7ce-ab8b0befe892, generation=0) is already enqueued for processing
09-10 12:10:44.814  7768  8119 E msys    : E[N mns]_OnResolverSuccess(384)=>Cache refresh succeeded with system DNS resolver. IP count: 2
09-10 12:10:44.827  7768  8119 E msys    : E[N WA]_WAJMNSStreamImplOnMNSReady(269)=>[LogLevel:I] WAJMNSStream/impl/callback/onMNSReady/p=0xb40000792810d290
09-10 12:10:44.828  7768  8119 E msys    : E[N WA]_WAJMNSStreamImplCreateConnectionReport(202)=>[LogLevel:I] WAJMNSStream/impl/report port=5222, connectedIPVersion=6, resolvedIPAddressCount=2, dnsResolutionStartTimeMS=38183433, dnsResolutionEndTimeMS=38183433, dnsCacheHit=Yes, connectStartTimeMS=38183433, connectEndTimeMS=38183506, proxyConnectStartTimeMS=0, proxyConnectEndTimeMS=0
09-10 12:10:44.828  7768  8119 E msys    : E[N WA]_WAJMNSStreamImplUpdateStreamState(238)=>[LogLevel:I] WAJMNSStream/impl/state-changed/p=0xb40000792810d290 (connecting=>connected)
09-10 12:10:44.874  7768  7773 I com.whatsapp: JIT allocated 50KB for compiled code of void X.I2j.A05(java.lang.Integer, java.lang.Integer, java.lang.Long, java.lang.String, java.lang.String, java.lang.String, java.lang.String, java.lang.String, java.lang.String, java.lang.String, java.lang.String, java.lang.String, java.lang.String, java.lang.String, java.lang.String, java.lang.String, java.lang.String, java.lang.String, java.lang.String, java.lang.String, int, int, boolean)
09-10 12:10:44.874  7768  7773 I com.whatsapp: Compiler allocated 18MB to compile void X.I2j.A05(java.lang.Integer, java.lang.Integer, java.lang.Long, java.lang.String, java.lang.String, java.lang.String, java.lang.String, java.lang.String, java.lang.String, java.lang.String, java.lang.String, java.lang.String, java.lang.String, java.lang.String, java.lang.String, java.lang.String, java.lang.String, java.lang.String, java.lang.String, java.lang.String, int, int, boolean)
09-10 12:10:45.190  2165  2185 I pixel-thermal: usb_pwr_therm2:38.784 raw data: usb_pwr_therm2:38784 
09-10 12:10:45.229  7768  8211 I WM-WorkerWrapper: Worker result SUCCESS for Work [ id=18a1f982-7c2d-434f-8a7b-15d1a575b355, tags={ com.whatsapp.networkavailable.service.RestoreChatConnectionWorker } ]
09-10 12:10:45.232  7768  7768 D WM-Processor: IBd 18a1f982-7c2d-434f-8a7b-15d1a575b355 executed; reschedule = false
09-10 12:10:45.232  7768  7768 D WM-GreedyScheduler: Stopping tracking for WorkGenerationalId(workSpecId=18a1f982-7c2d-434f-8a7b-15d1a575b355, generation=0)
09-10 12:10:45.233  7768  7768 D WM-SystemJobService: 18a1f982-7c2d-434f-8a7b-15d1a575b355 executed on JobScheduler
09-10 12:10:45.236  7768  8211 D WM-GreedyScheduler: Cancelling work ID 18a1f982-7c2d-434f-8a7b-15d1a575b355
09-10 12:10:45.239  7768  8211 D WM-GreedyScheduler: Starting tracking for e5a6e14c-982a-4f66-920f-a45470cb3107,d26b6c5c-06ba-41e3-9c88-ab27d3fc1b8a
09-10 12:10:45.539  1821  5937 W JobInfo : Job 'com.whatsapp/.infra.push.RegistrationIntentService#4' has a deadline with no functional constraints. The deadline won't improve job execution latency. Consider removing the deadline.
09-10 12:10:45.722  2905  2905 D BoundBrokerSvc: onRebind: Intent { act=com.google.android.gms.libs.gmscorelogger.service.START dat=chimera-action:/... xflg=0x4 cmp=com.google.android.gms/.chimera.PersistentDirectBootAwareApiService }
09-10 12:10:45.726  7768  8069 E msys    : E[N WCIHTTPImplNetworkSession]WCIHTTPTaskImplCreateRegular(556)=>[I] http/task/regular/create/start
09-10 12:10:45.726  7768  8069 E msys    : E[N WCIHTTPImplNetworkSession]WCIHTTPTaskImplCreateRegular(591)=>[I] http/task/regular/create/execute
09-10 12:10:45.726  7768  8069 E msys    : E[N WCIHTTPImplNetworkSession]WCIHTTPTaskImplCreateRegular(614)=>[I] http/task/regular/create/success
09-10 12:10:46.095  1821  1939 W ProcessStats: Tracking association SourceState{75b5dbc system/1000 BFgs #56006} whose proc state 4 is better than process ProcessState{a5fbf21 com.google.android.tts/10205 pkg=com.google.android.tts} proc state 14 (0 skipped)
09-10 12:10:46.109  3992  5154 I AiAiBesties: Not a messaging style notification.
09-10 12:10:46.119  3992  4960 I AiAiEcho: SmartspaceNotificationPredictor no parser can handle this notification or notification is invalid
09-10 12:10:47.036  2165  2185 I pixel-thermal: VIRTUAL-USB-UI:0 raw data: USB2-MINUS-CHG:-4802 VIRTUAL-USB-UI:0 charger_skin_therm:43586 usb_pwr_therm2:38784 
09-10 12:10:47.039  2165  2185 I pixel-thermal: cellular-emergency:39.6877 raw data: VIRTUAL-NEUTRAL:39275.9 VIRTUAL-NEUTRAL-SKIN2:39687.7 VIRTUAL-QUIET-NEUTRAL:39158.1 VIRTUAL-SKIN:39687.7 cellular-emergency:39687.7 disp_therm:38784 gnss_tcxo_therm:38695 neutral_therm:37693 quiet_therm:39786 skin_therm1:39073 skin_therm2:44342 
09-10 12:10:47.040  2165  2185 I pixel-thermal: VIRTUAL-USB-THROTTLING:0 raw data: USB2-MINUS-CHG:-4802 VIRTUAL-USB-THROTTLING:0 usb_pwr_therm2:38784 
09-10 12:10:47.040  2165  2185 I pixel-thermal: VIRTUAL-SKIN-CPU:39.6877 raw data: VIRTUAL-SKIN:39687.7 VIRTUAL-SKIN-CPU:39687.7 
09-10 12:10:47.040  2165  2185 I pixel-thermal: VIRTUAL-SKIN-CPU power_budget=1318.74 err=1.3123 s_power=800 time_elapsed_ms=7009 p=524.919 i=-6.17836 d=0 dt_per_min=nan compensation=0 budget transient=0 control target=3 excluded power budget=0
09-10 12:10:47.040  2165  2185 I pixel-thermal: VIRTUAL-SKIN-CPU binded power rails: (S4M_VDD_CPUCL0: 57.19 mW)(S2M_VDD_CPUCL2: 18.06 mW)(S3M_VDD_CPUCL1: 30.62 mW)
09-10 12:10:47.041  2165  2185 I pixel-thermal: neutral_therm:37.693 raw data: neutral_therm:37693 
09-10 12:10:47.041  2165  2185 I pixel-thermal: VIRTUAL-SKIN:39.6877 raw data: VIRTUAL-SKIN:39687.7 
09-10 12:10:47.041  2165  2185 I pixel-thermal: VIRTUAL-SKIN-CPU-GPU:39.6877 raw data: VIRTUAL-SKIN:39687.7 VIRTUAL-SKIN-CPU-GPU:39687.7 
09-10 12:10:47.041  2165  2185 I pixel-thermal: VIRTUAL-SKIN-CPU-GPU power_budget=2525.26 err=5.3123 s_power=800 time_elapsed_ms=7009 p=1593.69 i=131.571 d=0 dt_per_min=nan compensation=0 budget transient=0 control target=3 excluded power budget=0
09-10 12:10:47.042  2165  2185 I pixel-thermal: VIRTUAL-SKIN-CPU-GPU binded power rails: (S4M_VDD_CPUCL0: 57.19 mW)(S2M_VDD_CPUCL2: 18.06 mW)(S3M_VDD_CPUCL1: 30.62 mW)(S2S_VDD_G3D: 3.26 mW)
09-10 12:10:47.042  2165  2185 I pixel-thermal: VIRTUAL-SKIN-HINT:39.6877 raw data: VIRTUAL-SKIN:39687.7 VIRTUAL-SKIN-HINT:39687.7 
09-10 12:10:47.042  2165  2185 I pixel-thermal: VIRTUAL-SKIN-CHARGE:39.6877 raw data: VIRTUAL-SKIN:39687.7 VIRTUAL-SKIN-CHARGE:39687.7 
09-10 12:10:47.042  2165  2185 I pixel-thermal: VIRTUAL-SKIN-CHARGE's fcc binded power rail POWER_FOR_CHARGING_THROTTLING: power threshold = 500, avg power = 490.398
09-10 12:10:47.109  2542  2542 D DLObserver: onReceive(); android.intent.action.BATTERY_CHANGED
09-10 12:10:47.109  2542  2542 D DLObserver: plugged=1
09-10 12:10:47.112  2542  2542 D SystemEventDataSource: onReceive: intentAction
09-10 12:10:47.113  2542  2542 D PowerNotificationWarningsGoogleImpl: onReceive: android.intent.action.BATTERY_CHANGED
09-10 12:10:47.113  2542  2542 D PulsarController: dispatchIntent: android.intent.action.BATTERY_CHANGED
09-10 12:10:47.113  2542  2542 D IncompatibleChargerNotification: dispatchIntent: android.intent.action.BATTERY_CHANGED
09-10 12:10:47.113  2542  2542 D BatteryReplacementNotification: battery health: 2, cycle count: 990
09-10 12:10:47.114  2542 11839 D PowerUI : can't show warning due to - plugged: true status unknown: false
09-10 12:10:47.117  2542  2665 D GoogleBatteryDataSource: fetchDwellDefendStatus: CONNECTED
09-10 12:10:47.118  2542  2665 D GoogleBatteryDataSource: fetchTempDefendStatus: t_sum=313490, time_sum=790 t_avg=396 lst_v=4345234 lst_t=388 lst_u=64851, dt=0, t=0 e=1
09-10 12:10:47.118  2542  2665 D SystemEventDataSource: updatedEventData: SystemEventData(intentAction=android.intent.action.BATTERY_CHANGED, plugged=EventData(value=1), batteryScale=EventData(value=100), batteryLevel=EventData(value=99), chargingStatus=EventData(value=1), maxChargingCurrent=EventData(value=3000000), maxChargingVoltage=EventData(value=5000000), batteryStatus=EventData(value=2), halEventData=HalEventData(dockDefendStatus=EventData(value=-3), tempDefendEventData=EventData(value=false), dwellDefendEventData=EventData(value=false)), settingsEventData=SettingsEventData(dockDefenderBypass=EventData(value=0), chargingLimitSettings=EventData(value=0), dndState=EventData(value=true), airplaneState=EventData(value=false)), frameworkApiEventData=FrameworkApiEventData(batterySaverState=EventData(value=false), extremeBatterySaverState=EventData(value=false)))
09-10 12:10:47.118  2542  2665 D SystemEventDataSource: extra doesn't changed, no need to onEventSourceUpdate
09-10 12:10:47.203  2165  2185 I pixel-thermal: usb_pwr_therm2:38.784 raw data: usb_pwr_therm2:38784 
09-10 12:10:47.322  1375  1375 E libbinder.IPCThreadState: binder thread pool (1 threads) starved for 201 ms
09-10 12:10:47.733  1821  3047 D ActivityManager: Stop FGS timeout: ServiceRecord{7f0ac23 u0 com.whatsapp/.messaging.service.GcmFGService c:com.whatsapp}
09-10 12:10:47.735  1821  3047 W ForegroundServiceTypeLoggerModule: FGS stop call for: 10299 has no types!
09-10 12:10:47.745  1821  1862 D HintManagerService: Sent cleanup message for uid 10299
09-10 12:10:47.745  9953  9953 I HidDeviceService: unregisterAppUid(): uid=10299
09-10 12:10:47.746  9953  9953 W HidDeviceService: unregisterAppUid(): caller UID doesn't match user UID
09-10 12:10:47.753  7768  7768 D WM-SystemJobService: onStopJob for WorkGenerationalId(workSpecId=f92801de-f520-4c27-b7ce-ab8b0befe892, generation=0)
09-10 12:10:47.762  7768  8213 D WM-Processor: WorkerWrapper interrupted for f92801de-f520-4c27-b7ce-ab8b0befe892
09-10 12:10:47.762  7768  8213 D WM-StopWorkRunnable: StopWorkRunnable for f92801de-f520-4c27-b7ce-ab8b0befe892; Processor.stopWork = true
09-10 12:10:47.766  7768  8211 I WM-WorkerWrapper: Work [ id=f92801de-f520-4c27-b7ce-ab8b0befe892, tags={ com.whatsapp.infra.networking.xmpp.lifecycle.XmppLifecycleWorker } ] was cancelled
09-10 12:10:47.766  7768  8211 I WM-WorkerWrapper: X.IaU
09-10 12:10:47.766  7768  8211 I WM-WorkerWrapper: 	at X.IBd.A01(:6)
09-10 12:10:47.766  7768  8211 I WM-WorkerWrapper: 	at X.ITr.run(:86)
09-10 12:10:47.766  7768  8211 I WM-WorkerWrapper: 	at X.GZY.run(:2)
09-10 12:10:47.766  7768  8211 I WM-WorkerWrapper: 	at java.util.concurrent.ThreadPoolExecutor.runWorker(ThreadPoolExecutor.java:1100)
09-10 12:10:47.766  7768  8211 I WM-WorkerWrapper: 	at java.util.concurrent.ThreadPoolExecutor$Worker.run(ThreadPoolExecutor.java:624)
09-10 12:10:47.766  7768  8211 I WM-WorkerWrapper: 	at java.lang.Thread.run(Thread.java:1571)
09-10 12:10:47.768  7768  8211 D WM-WorkerWrapper: Status for f92801de-f520-4c27-b7ce-ab8b0befe892 is RUNNING; not doing any work and rescheduling for later execution
09-10 12:10:47.768  1821  3047 D ConnectivityService: Returning BLOCKED NetworkInfo to uid=10299
09-10 12:10:47.769  7768  8083 E msys    : E[N WA]WAJMNSStreamImplForceDisconnectSync(586)=>[LogLevel:W] WAJMNSStream/impl/disconnect/force/p=0xb40000792810d290 (bytesSent=3896)(bytesRecv=4761)
09-10 12:10:47.772  7768  8083 E msys    : E[N WA]_WAJMNSStreamImplUpdateStreamState(238)=>[LogLevel:I] WAJMNSStream/impl/state-changed/p=0xb40000792810d290 (connected=>disconnected)
09-10 12:10:47.775  7768  7768 D WM-Processor: IBd f92801de-f520-4c27-b7ce-ab8b0befe892 executed; reschedule = true
09-10 12:10:47.777  7768  7768 D WM-GreedyScheduler: Stopping tracking for WorkGenerationalId(workSpecId=f92801de-f520-4c27-b7ce-ab8b0befe892, generation=0)
09-10 12:10:47.784  7768  8206 D WM-GreedyScheduler: Cancelling work ID f92801de-f520-4c27-b7ce-ab8b0befe892
09-10 12:10:47.795  7768  8206 D WM-SystemJobScheduler: Scheduling work ID f92801de-f520-4c27-b7ce-ab8b0befe892Job ID 4438
09-10 12:10:47.803  7768  8206 D WM-GreedyScheduler: Starting tracking for e5a6e14c-982a-4f66-920f-a45470cb3107,d26b6c5c-06ba-41e3-9c88-ab27d3fc1b8a,f92801de-f520-4c27-b7ce-ab8b0befe892
09-10 12:10:47.824  7768  8206 D WM-GreedyScheduler: Constraints met: Scheduling work ID WorkGenerationalId(workSpecId=f92801de-f520-4c27-b7ce-ab8b0befe892, generation=0)
09-10 12:10:47.831  7768  8206 D WM-Processor: IBd: processing WorkGenerationalId(workSpecId=f92801de-f520-4c27-b7ce-ab8b0befe892, generation=0)
09-10 12:10:47.842  7768  7768 D WM-WorkerWrapper: Starting work for com.whatsapp.infra.networking.xmpp.lifecycle.XmppLifecycleWorker
09-10 12:10:48.748  1821  2298 D HintManagerService: Starts cleaning for 10299
09-10 12:10:49.212  2165  2185 I pixel-thermal: usb_pwr_therm2:38.784 raw data: usb_pwr_therm2:38784 
09-10 12:10:50.258  2678  2790 D TemperatureStateSource: sequence=3686 actualDelay=10002
09-10 12:10:50.259  2678  2790 D TemperatureStateSource: Reading temperature: sequence=3687
09-10 12:10:50.267  2165  2165 I pixel-thermal: VIRTUAL-SKIN:39.6638 raw data: VIRTUAL-NEUTRAL:39259.5 VIRTUAL-NEUTRAL-SKIN2:39663.8 VIRTUAL-QUIET-NEUTRAL:39128.8 VIRTUAL-SKIN:39663.8 disp_therm:38784 gnss_tcxo_therm:38650 neutral_therm:37649 quiet_therm:39763 skin_therm1:39096 skin_therm2:44365 
09-10 12:10:50.270  2678  2790 D TemperatureStateSource: getDeviceTemperatures: sequence=3687 deviceTemperatureType=3 temperatureSource=0 temperatures=[39.663803]
09-10 12:10:50.271  2678  2790 D TemperatureStateSource: sequence=3687 waitTime=10000
09-10 12:10:50.275  2165  2165 I pixel-thermal: VIRTUAL-SKIN:39.6638 raw data: VIRTUAL-SKIN:39663.8 
09-10 12:10:50.275  2678  2916 I TemperatureStateSource: temperature was set
09-10 12:10:50.276  2678  2916 D ImpulseStateSource: Notify clients: 3706
09-10 12:10:50.523  9310  9315 I oder.udroid.dev: NativeAlloc concurrent mark compact GC freed 1904KB AllocSpace bytes, 0(0B) LOS objects, 98% free, 3360KB/256MB, paused 526us,5.844ms total 46.880ms
09-10 12:10:51.220  2165  2185 I pixel-thermal: usb_pwr_therm2:38.784 raw data: usb_pwr_therm2:38784 
09-10 12:10:52.758  3981  3993 I ffad    : (REDACTED) HDM. appOpsListener %s %s
09-10 12:10:52.759  3981  3993 I ffad    : (REDACTED) HDM. Ignoring irrelevant audio permission changes for package %s
09-10 12:10:52.872  2905  8937 I NearbySharing: ReceiveProvider: Received request to stop advertising.
09-10 12:10:52.874  2905  9274 I AlarmManager: setExactAndAllowWhileIdle [name: GCM_HB_ALARM type: 2 triggerAtMillis: 66619746]
09-10 12:10:52.874  2905  8937 I NearbySharing: Advertising has stopped
09-10 12:10:52.891  2905  9550 I AlarmManager: setExactAndAllowWhileIdle [name: FcmRetry type: 2 triggerAtMillis: 64989762]
09-10 12:10:52.892  2905  8621 I NearbySharing: NearbySharing Internal event ReceiveManagerStopBroadcast
09-10 12:10:52.900  2905  8621 I NearbySharing: NearbySharing Internal event ReceiveManagerEnd
09-10 12:10:52.900  2905  9553 I AlarmManager: setExactAndAllowWhileIdle [name: GCM_HB_ALARM type: 2 triggerAtMillis: 66619772]
09-10 12:10:52.900  2905  8935 I NearbySharing: [ClearcutLog] ADVERTISE_DEVICE_PRESENCE_END sessionId=0 flowId=6632277075328150175 
09-10 12:10:52.901  2905  9590 I NearbySharing: ReceiveProvider: Unregistering gesture exchange responder.
09-10 12:10:52.902  2905  3053 I NearbyConnections: Client 231075936 requested advertising to stop.
09-10 12:10:52.904  3981  3993 I ffad    : (REDACTED) HDM. appOpsListener %s %s
09-10 12:10:52.904  3981  3993 I ffad    : (REDACTED) HDM. Ignoring irrelevant audio permission changes for package %s
09-10 12:10:52.906  2905  3053 I GestureExchange: ClientBridge: received unregisterResponder [CONTEXT service_id=451 ]
09-10 12:10:52.906  2905  3053 I GestureExchange: (REDACTED) NfcModeManager: App handled responder unregistered, serviceId=%s.
09-10 12:10:52.912  2905  3053 I cjxe    : InternalGestureExchangeClient: GMS responder async unregistration successful
09-10 12:10:52.913  9953 10019 I bt_shim_advertiser: system/main/shim/le_advertising_manager.cc:77 Unregister: in shim layer
09-10 12:10:52.913  9953 10018 I bluetooth: bluetooth_private_gatt::gatt::server::isolation_manager: removing server (if any) associated with advertiser AdvertiserId(2)
09-10 12:10:52.914  2905  9591 I NearbyMediums: Device token rotated, old deviceToken : [ 0x63 0xfb ].
09-10 12:10:52.914  9953 10019 I bt_shim_advertiser: system/main/shim/le_advertising_manager.cc:77 Unregister: in shim layer
09-10 12:10:52.914  9953 10018 I bluetooth: bluetooth_private_gatt::gatt::server::isolation_manager: removing server (if any) associated with advertiser AdvertiserId(1)
09-10 12:10:52.915  2905  8935 I NearbySharing: ReceiveProvider: Successfully unregistered gesture exchange responder.
09-10 12:10:52.915  2905  9591 D BluetoothAdapter: isLeEnabled(): ON
09-10 12:10:52.917  1821  3047 I ActivityManager: Background started FGS: Allowed [callingPackage: com.whatsapp; callingUid: 10299; uidState: SVC ; uidBFSL: n/a; BFGS denied: false; intent: Intent { xflg=0x4 cmp=com.whatsapp/.messaging.service.GcmFGService }; code:PUSH_MESSAGING; tempAllowListReason:<faf91c2 com.google.android.c2dm.intent.RECEIVE/u0/0x2152,reasonCode:PUSH_MESSAGING,duration:20000,callingUid:10285>; allowWiu:-1; targetSdkVersion:36; callerTargetSdkVersion:36; startForegroundCount:0; bindFromPackage:null; isBindService:false]
09-10 12:10:52.920  9953 10019 I bt_shim_advertiser: system/main/shim/le_advertising_manager.cc:156 StartAdvertisingSet: in shim layer
09-10 12:10:52.920  9953 10019 I bt_shim_advertiser: system/main/shim/le_advertising_manager.cc:181 StartAdvertisingSet: create advertising set, app_id:255, reg_id:-90
09-10 12:10:52.920  2905  8937 I NearbySharing: Stopping listen-only mode for provider efrl@82db6a0
09-10 12:10:52.920  2905  8937 I NearbySharing: Stopping listen-only mode for provider eaxm@f18ceea
09-10 12:10:52.920   687   687 W powerhal-libperfmgr: Sess(709), cannot resume, already active
09-10 12:10:52.922  3981  3993 I ffad    : (REDACTED) HDM. appOpsListener %s %s
09-10 12:10:52.923  3981  3993 I ffad    : (REDACTED) HDM. Ignoring irrelevant audio permission changes for package %s
09-10 12:10:52.924  1821  2268 W ActivityManager: Foreground service started from background can not have location/camera/microphone access: service com.whatsapp/.messaging.service.GcmFGService
09-10 12:10:52.924  1821  2268 I ActivityManager: Background started FGS: Allowed [callingPackage: com.whatsapp; callingUid: 10299; uidState: FGS ; uidBFSL: [BFSL]; BFGS denied: false; intent: Intent { cmp=com.whatsapp/.messaging.service.GcmFGService }; code:PROC_STATE_FGS; tempAllowListReason:<faf91c2 com.google.android.c2dm.intent.RECEIVE/u0/0x2152,reasonCode:PUSH_MESSAGING,duration:20000,callingUid:10285>; allowWiu:-1; targetSdkVersion:36; callerTargetSdkVersion:36; startForegroundCount:0; bindFromPackage:null; isBindService:false]
09-10 12:10:52.924  1821  2268 W ForegroundServiceTypeLoggerModule: Foreground service start for UID: 10299 does not have any types
09-10 12:10:52.926  9953 10002 I bluetooth: system/gd/hci/le_advertising_manager_impl.cc:413 allocate_advertiser: Removing advertiser id 0 from removed advertisers.
09-10 12:10:52.926  9953 10002 I bluetooth: system/gd/hci/le_advertising_manager_impl.cc:655 create_extended_advertiser_with_id: Scheduling address rotation for advertiser_id=0
09-10 12:10:52.927  9953 10002 I bluetooth: system/gd/hci/le_address_manager.cc:566 GetNextPrivateAddressIntervalRange: client=advertising_set_0, nonwake=7m40s, wake=13m17s
09-10 12:10:52.927  9953 10002 I bluetooth: system/gd/hci/le_address_manager.cc:274 unregister_client: Client unregistered
09-10 12:10:52.927  9953 10002 I bluetooth: system/gd/hci/le_address_manager.cc:259 register_client: Client registered
09-10 12:10:52.929  1821  3047 D ConnectivityService: Returning UNBLOCKED NetworkInfo to uid=10299
09-10 12:10:52.932  7768  8083 E msys    : E[N WA]_WAJMNSStreamImplMNSTCPStreamCreate(410)=>[LogLevel:I] WAJMNSStream/impl/tcpStreamCreate/MNSStreamRaw/p=0xb400007927fda7e0
09-10 12:10:52.932  7768  8083 E msys    : E[N WA]WAJMNSStreamImplCreate(485)=>[LogLevel:I] WAJMNSStream/impl/create/p=0xb400007927fda7e0 (mnsConn=0xb400007988052240)
09-10 12:10:52.932  7768  8083 E msys    : E[N WA]_WAJMNSStreamCreateMnsIpsFromIpAddressStrings(98)=>[LogLevel:I] no ip addresses provided, using DNS resolution
09-10 12:10:52.932  7768  8083 E msys    : E[N WA]WAJMNSStreamImplConnect(513)=>[LogLevel:I] WAJMNSStream/impl/connect/p=0xb400007927fda7e0 (endpoint=g.whatsapp.net:443)(ipAddressCount=0)
09-10 12:10:52.932  7768  8083 E msys    : E[N WA]_WAJMNSStreamImplUpdateStreamState(238)=>[LogLevel:I] WAJMNSStream/impl/state-changed/p=0xb400007927fda7e0 (initial=>connecting)
09-10 12:10:52.935  2905  9590 I NearbySharing: Failed to log ADVERTISE_DEVICE_PRESENCE_END, due to clearcutLogger is null.
09-10 12:10:52.936  9953 10002 I bluetooth: system/gd/hci/le_advertising_manager_impl.cc:1728 on_set_advertising_set_random_address_complete: update random address for advertising set 0 : xx:xx:xx:xx:a7:22
09-10 12:10:52.937  2905  8937 I NearbySharing: Start advertising with mode BACKGROUND certificate visibility ALL_CONTACTS data usage preference ONLINE, bt advertising false, vendorId 0, deviceName included: true
09-10 12:10:52.937  2905  8937 I NearbySharing: Uwb feature is off.
09-10 12:10:52.938  2905  8937 I NearbySharing: Updating advertising options for [efrl@82db6a0, eaxm@f18ceea] providers
09-10 12:10:52.938  2905  8937 I NearbySharing: ReceiveProvider: Received request to start advertising.
09-10 12:10:52.938  2905  2905 I NearbyMediums: [InstantOnLostManager] Start instant onLost extended advertising, hashes = [ 0x36 0xec 0x00 0x33 ].
09-10 12:10:52.938  2905  9591 I NearbyMediums: Successfully stopped BLE advertising for service NearbySharing
09-10 12:10:52.938  2905  9591 I NearbyMediums: Device token rotated, old deviceToken : null.
09-10 12:10:52.938  2905  9591 V BluetoothServerSocket: BluetoothServerSocket:close() called. mChannel=-1
09-10 12:10:52.938  2905  9591 D BluetoothSocket: close() Local Socket channel=24 mSocketIS=android.net.LocalSocketImpl$SocketInputStream@f9e614c mSocketOS=android.net.LocalSocketImpl$SocketOutputStream@f357a2a mSocket=android.net.LocalSocket@b7a001b impl:android.net.LocalSocketImpl@edc75b8 fd:java.io.FileDescriptor@130cd7f mSocketState=LISTENING
09-10 12:10:52.938  2905  9591 D BluetoothSocket: Closing mSocket: android.net.LocalSocket@b7a001b impl:android.net.LocalSocketImpl@edc75b8 fd:java.io.FileDescriptor@130cd7f
09-10 12:10:52.939  2905  9591 I NearbyMediums: Stopped accepting Bluetooth Classic connections for NearbySharing.
09-10 12:10:52.939  2905 30334 V BluetoothServerSocket: BluetoothServerSocket:close() called. mChannel=-1
09-10 12:10:52.939  2905 30334 V BluetoothSocket: close() Local Socket: Already closed and cleaned up
09-10 12:10:52.939  2905  9591 I NearbyMediums: Can't stop accepting Wifi connections because it was never started.
09-10 12:10:52.939  2905  9591 I NearbyMediums: Can't stop accepting WiFi connections because it was never started.
09-10 12:10:52.939  9953 10015 I bt_btif_sock_rfcomm: system/btif/src/btif_sock_rfc.cc:536 cleanup_rfc_slot: disconnected from RFCOMM socket connections for device: 00:00:00:00:00:00, scn: 24, app_uid: 10285, slot_id: 22, socket_id: 0
09-10 12:10:52.939  9953 10015 W BluetoothMetrics: system/metrics/src/android/metrics.cc:105 LogBluetoothEvent: Failed BluetoothEvent Upload - Address is Empty
09-10 12:10:52.939  2905  9591 I NearbyMediums: Can't stop NFC advertising because it was never started.
09-10 12:10:52.939  2905  9591 I NearbyMediums: Skipping stop accepting connections: we are not currently accepting WebRTC connections for NearbySharing.
09-10 12:10:52.939  9953 10015 I bt_bta_dm: system/bta/dm/bta_dm_act.cc:1182 bta_dm_set_eir: Generating extended inquiry response packet EIR
09-10 12:10:52.939  9953  9996 I bt_port_api: system/stack/rfcomm/port_api.cc:319 RFCOMM_RemoveServer: handle=24
09-10 12:10:52.940  2905  9591 I NearbyMediums: [WifiNetworkV2] WifiStatusChangedCallback unregistered for NearbySharing (wifiStatusChangedCallbacks.size:0)
09-10 12:10:52.942  2905  8937 I NearbySharing: Advertising has started with mode BACKGROUND, Bt enabled : false
09-10 12:10:52.943  3981  3993 I ffad    : (REDACTED) HDM. appOpsListener %s %s
09-10 12:10:52.943  3981  3993 I ffad    : (REDACTED) HDM. Ignoring irrelevant audio permission changes for package %s
09-10 12:10:52.944  2905  9591 I Nearby  : (REDACTED) Successfully shutdown executor %s.
09-10 12:10:52.945  2905  9591 I NearbyMediums: Stopped BLE scanning, service-id=NearbyConnections.TxAdvertisement
09-10 12:10:52.945  2905  9591 I NearbyConnections: [InstantConnectionPcpMgr] In invalidateTxAdvertisementScanning(by stopAdvertising) tx advertisement scanning skipped or stopped for endpointId:RM5X serviceId:NearbySharing isScreenUnlocked:true isAdvertising:false powerLevel:BALANCED isTxScanning:true
09-10 12:10:52.946  7768  7768 D WM-SystemJobService: onStartJob for WorkGenerationalId(workSpecId=f92801de-f520-4c27-b7ce-ab8b0befe892, generation=0)
09-10 12:10:52.947  7768  8211 D WM-Processor: Work WorkGenerationalId(workSpecId=f92801de-f520-4c27-b7ce-ab8b0befe892, generation=0) is already enqueued for processing
09-10 12:10:52.970  2905  8935 I NearbySharing: Loading certificates with visibility ALL_CONTACTS
09-10 12:10:52.973  2905  8935 I NearbySharing: Saving the private certificate to file nearby_sharing_private_certificate_file_for_all_contacts.
09-10 12:10:52.977  2905  2905 D BoundBrokerSvc: onRebind: Intent { act=com.google.android.gms.nearby.presence.service.START dat=chimera-action:/... xflg=0x4 cmp=com.google.android.gms/.chimera.PersistentApiServiceNoInstantApps }
09-10 12:10:52.978  7768  8119 E msys    : E[N WA]_WAJMNSStreamImplOnMNSReady(269)=>[LogLevel:I] WAJMNSStream/impl/callback/onMNSReady/p=0xb400007927fda7e0
09-10 12:10:52.978  7768  8119 E msys    : E[N WA]_WAJMNSStreamImplCreateConnectionReport(202)=>[LogLevel:I] WAJMNSStream/impl/report port=443, connectedIPVersion=6, resolvedIPAddressCount=2, dnsResolutionStartTimeMS=38191611, dnsResolutionEndTimeMS=38191611, dnsCacheHit=Yes, connectStartTimeMS=38191611, connectEndTimeMS=38191656, proxyConnectStartTimeMS=0, proxyConnectEndTimeMS=0
09-10 12:10:52.978  7768  8119 E msys    : E[N WA]_WAJMNSStreamImplUpdateStreamState(238)=>[LogLevel:I] WAJMNSStream/impl/state-changed/p=0xb400007927fda7e0 (connecting=>connected)
09-10 12:10:52.988  7768  8119 E msys    : E[N mns]_OnResolverSuccess(384)=>Cache refresh succeeded with system DNS resolver. IP count: 2
09-10 12:10:52.997  2905  8935 I NearbySharing: Network state changed: NetworkState(isRestricted=false, isOnline=true, isCongested=false, isMetered=true, isWifiConnected=false)
09-10 12:10:53.002  2905  8935 I NearbySharing: Network state changed: NetworkState(isRestricted=false, isOnline=true, isCongested=false, isMetered=true, isWifiConnected=false)
09-10 12:10:53.006  2905  3053 I NearbyConnections: ClientProxy(0p:com.google.android.gms.nearby.sharing) allow WebRtc to use mobile data.
09-10 12:10:53.009  2905  3053 I NearbyConnections: Client 231075936 requested advertising to start.
09-10 12:10:53.009  2905  8935 I NearbyConnections: 231075936 0p:com.google.android.gms.nearby.sharing startAdvertising in nc mode.
09-10 12:10:53.013  2905  9591 I Nearby  : (REDACTED) Note nearby client %s for operation %s
09-10 12:10:53.015  2905  9591 I NearbyConnections: Re-using cached endpoint id RM5X
09-10 12:10:53.015  2905  9591 I NearbyConnections: Get local endpoint id from random generation RM5X (last:null) for client 231075936
09-10 12:10:53.017  2905  9591 I NearbyMediums: Started BLE scanning, service-id=NearbyConnections.TxAdvertisement, is-extended-advert=true, power-level=2, scan-mode=3
09-10 12:10:53.017  2905  9591 I NearbyConnections: [InstantConnectionPcpMgr] In invalidateTxAdvertisementScanning(by pre_startAdvertising) tx advertisement scanning successfully started for enpointId:RM5X serviceId:NearbySharing isScreenUnlocked:true powerLevel:BALANCED
09-10 12:10:53.017  2905  9591 I NearbyConnections: [PcpManager] In startAdvertising() advertisingMediums:[WIFI_DIRECT, WIFI_HOTSPOT, WIFI_AWARE, WIFI_LAN, BLE] upgradeMediums:[USB, WIFI_LAN, WIFI_DIRECT, WIFI_AWARE, WIFI_HOTSPOT, WEB_RTC, BLE_L2CAP, BLUETOOTH, BLE, NFC] listener:176951089
09-10 12:10:53.017  2905  9591 I NearbyConnections: Get local endpoint id from the existing localEndpointId:RM5X (last:null) for client 231075936(0p:com.google.android.gms.nearby.sharing)
09-10 12:10:53.017  2905  8621 W NearbyPresence: TidepoolIdentityProvider: Main Tidepool status toggle not enabled! Returned empty shared credentials. [CONTEXT service_id=317 ]
09-10 12:10:53.018  2905  8621 W NearbyPresence: TidepoolIdentityProvider: Main Tidepool status toggle not enabled! Returned empty broadcast credentials. [CONTEXT service_id=317 ]
09-10 12:10:53.018  2905  8621 W NearbyPresence: TidepoolIdentityProvider: Main Tidepool status toggle not enabled! Returned empty shared credentials. [CONTEXT service_id=317 ]
09-10 12:10:53.018  2905  8621 W NearbyPresence: TidepoolIdentityProvider: Main Tidepool status toggle not enabled! Returned empty broadcast credentials. [CONTEXT service_id=317 ]
09-10 12:10:53.019  2905  9591 I NearbyMediums: [DeviceCapabilities] Get wifi usable channels from cache for mode WFD_GC (tryToRefreshCache:false channels:[2412..2472, 5180..5240, 5745..5825])
09-10 12:10:53.020  2905  9591 I NearbyMediums: [DeviceCapabilities] Get wifi usable channels from cache for mode WFD_GO (tryToRefreshCache:false channels:[2412..2472, 5180..5240, 5745..5825])
09-10 12:10:53.020  2905  9591 I NearbyMediums: [DeviceCapabilities] Get wifi usable channels from cache for mode STA (tryToRefreshCache:false channels:[2412..2472, 5180..5320, 5500..5720, 5745..5825])
09-10 12:10:53.020  2905  9591 I NearbyMediums: [DeviceCapabilities] Get wifi usable channels from cache for mode AWARE (tryToRefreshCache:false channels:[2412..2472, 5180..5240, 5745..5825])
09-10 12:10:53.021  2905  9591 I NearbyConnections: In generateRxInstantConnectionAdvBytes() advertisingMediums:[WIFI_DIRECT, WIFI_HOTSPOT, WIFI_AWARE, WIFI_LAN, BLE] capabilitiesSize:5 apFreq:-1 wfdGcUsableOrAvailableChs:[2412..2472, 5180..5240, 5745..5825] wfdGoUsableOrAvailableChs:[2412..2472, 5180..5240, 5745..5825] hsStaUsableOrAvailableChs:[2412..2472, 5180..5320, 5500..5720, 5745..5825] awareUsableOrAvailableChs:[2412..2472, 5180..5240, 5745..5825] rxAdvertisement(size:63):A0:17:58:7D:0B:10:2F:A2:47:D8:19:F9:81:97:61:DE:61:1D:BE:91:45:02:09:AA:59:7F:11:E8:35:B9:3E:09:6E:61:84:15:05:61:00:00:84:15:06:61:00:00:84:15:04:7F:00:00:84:15:07:61:00:00:83:15:01:FF:FF
09-10 12:10:53.021  2905  9591 D BluetoothSocket: bindListen(): mPort=-1, mType=1
09-10 12:10:53.022  9953 26888 I BluetoothSocketManagerBinder: createSocketChannel: type=1, serviceName=NearbySharing, uuid=a82efa21-ae5c-3dde-9bbc-f16da7b16c5a, port=-1, from uid/pid=10285/2905
09-10 12:10:53.022  9953 26888 I bt_btif_sock: system/btif/src/btif_sock.cc:166 btsock_listen: Attempting listen for socket connections for device: 00:00:00:00:00:00, type: 1, channel: -1, app_uid: 10285, data_path: 0, hub_id: 0, endpoint_id: 0, max_rx_packet_size: 0
09-10 12:10:53.022  9953 26888 I bt_btif_sock_rfcomm: system/btif/src/btif_sock_rfc.cc:399 btsock_rfc_listen: Adding listening socket service_name: NearbySharing - channel: -1
09-10 12:10:53.022  9953  9996 I bt_btif_sock_rfcomm: system/btif/src/btif_sock_rfc.cc:1019 jv_dm_cback: handling event:BTA_JV_GET_SCN_EVT, slot_id:23
09-10 12:10:53.022  9953  9996 I bt_btif_sock_rfcomm: system/btif/src/btif_sock_rfc.cc:1019 jv_dm_cback: handling event:BTA_JV_CREATE_RECORD_EVT, slot_id:23
09-10 12:10:53.022  9953  9996 I bt_bta_dm: system/bta/dm/bta_dm_act.cc:1182 bta_dm_set_eir: Generating extended inquiry response packet EIR
09-10 12:10:53.022  2905  9591 D BluetoothSocket: bindListen(), SocketState: INIT, mPfd: {ParcelFileDescriptor: java.io.FileDescriptor@92f52b}
09-10 12:10:53.022  2905  9591 D BluetoothSocket: bindListen(), Create LocalSocket
09-10 12:10:53.022  2905  9591 V BluetoothSocket: bindListen(), readInt mSocketIS: android.net.LocalSocketImpl$SocketInputStream@f87ad88
09-10 12:10:53.022  9953  9996 W rfcomm_port_utils: system/stack/rfcomm/port_utils.cc:290 port_find_mcb: not found, bd_addr:ff:ff:ff:ff:ff:ff
09-10 12:10:53.022  2905  9591 D BluetoothSocket: bindListen(): channel=25, mPort=-1
09-10 12:10:53.022  9953  9996 I bt_port_api: system/stack/rfcomm/port_api.cc:194 RFCOMM_CreateConnectionWithSecurity: bd_addr=ff:ff:ff:ff:ff:ff, scn=25, is_server=true, mtu=1007, uuid=0x0, dlci=50, signal_state=0xb, port_handle=25
09-10 12:10:53.022  9953  9996 I bt_btif_sock_rfcomm: system/btif/src/btif_sock_rfc.cc:971 rfcomm_cback: handling BTA_JV_RFCOMM_START_EVT, slot_id:23
09-10 12:10:53.022  9953  9996 I bt_btif_sock_rfcomm: system/btif/src/btif_sock_rfc.cc:647 on_srv_rfc_listen_started: listening for RFCOMM socket connections for device: 00:00:00:00:00:00, scn: 25, app_uid: 10285, id: 23
09-10 12:10:53.022  2905  9591 I NearbyMediums: Started accepting Bluetooth Classic connections for NearbySharing.
09-10 12:10:53.022  2905 30334 D BluetoothSocket: accept(), timeout (ms):-1
09-10 12:10:53.026  2905  9591 D BluetoothAdapter: isLeEnabled(): ON
09-10 12:10:53.028  9953 10019 I bt_shim_advertiser: system/main/shim/le_advertising_manager.cc:156 StartAdvertisingSet: in shim layer
09-10 12:10:53.028  9953 10019 I bt_shim_advertiser: system/main/shim/le_advertising_manager.cc:181 StartAdvertisingSet: create advertising set, app_id:255, reg_id:-91
09-10 12:10:53.028  9953 10002 I bluetooth: system/gd/hci/le_advertising_manager_impl.cc:413 allocate_advertiser: Removing advertiser id 1 from removed advertisers.
09-10 12:10:53.028  9953 10002 I bluetooth: system/gd/hci/le_advertising_manager_impl.cc:655 create_extended_advertiser_with_id: Scheduling address rotation for advertiser_id=1
09-10 12:10:53.029  9953 10002 I bluetooth: system/gd/hci/le_address_manager.cc:566 GetNextPrivateAddressIntervalRange: client=advertising_set_1, nonwake=7m41s, wake=13m41s
09-10 12:10:53.030  2905  8621 W NearbyPresence: TidepoolIdentityProvider: Main Tidepool status toggle not enabled! Returned empty broadcast credentials. [CONTEXT service_id=317 ]
09-10 12:10:53.030  2905  8621 W NearbyPresence: TidepoolIdentityProvider: Main Tidepool status toggle not enabled! Returned empty shared credentials. [CONTEXT service_id=317 ]
09-10 12:10:53.032  9953 10002 I bluetooth: system/gd/hci/le_advertising_manager_impl.cc:1728 on_set_advertising_set_random_address_complete: update random address for advertising set 1 : xx:xx:xx:xx:e9:1c
09-10 12:10:53.034  2905  9591 I NearbyMediums: Started BLE extended advertising. Regular Advertised : false, Fast Advertised : true, AdvertisingSetting : BleAdvertisingSetting{powerLevel= BALANCED_POWER, isConnectable= false, isPrivateGatt= true}.
09-10 12:10:53.035  2905  9591 D BluetoothAdapter: isLeEnabled(): ON
09-10 12:10:53.037  9953 10019 I bt_shim_advertiser: system/main/shim/le_advertising_manager.cc:156 StartAdvertisingSet: in shim layer
09-10 12:10:53.038  9953 10019 I bt_shim_advertiser: system/main/shim/le_advertising_manager.cc:181 StartAdvertisingSet: create advertising set, app_id:255, reg_id:-92
09-10 12:10:53.038  9953 10002 I bluetooth: system/gd/hci/le_advertising_manager_impl.cc:413 allocate_advertiser: Removing advertiser id 2 from removed advertisers.
09-10 12:10:53.038  9953 10002 I bluetooth: system/gd/hci/le_advertising_manager_impl.cc:655 create_extended_advertiser_with_id: Scheduling address rotation for advertiser_id=2
09-10 12:10:53.038  9953 10002 I bluetooth: system/gd/hci/le_address_manager.cc:566 GetNextPrivateAddressIntervalRange: client=advertising_set_2, nonwake=7m5s, wake=14m31s
09-10 12:10:53.043  9953 10002 I bluetooth: system/gd/hci/le_advertising_manager_impl.cc:1728 on_set_advertising_set_random_address_complete: update random address for advertising set 2 : xx:xx:xx:xx:f8:ba
09-10 12:10:53.045  2905  9591 I NearbyMediums: Started BLE Legacy advertising. Regular Header Advertised : false, Fast Advertised : true, AdvertisingSettings : BleAdvertisingSetting{powerLevel= BALANCED_POWER, isConnectable= false, isPrivateGatt= true}, isAcceptingConnection : false
09-10 12:10:53.045  2905  9591 I NearbyMediums: Successfully started BLE advertising of size 23 for service NearbySharing, deviceToken : [ 0x81 0x2f ].
09-10 12:10:53.048  2905  9591 W NearbyMediums: MEDIUM_ERROR [DEVICE][WIFI_LAN][START_LISTENING_INCOMING_CONNECTION][MEDIUM_NOT_AVAILABLE][WITHOUT_CONNECTED_WIFI_NETWORK], service-id=NearbySharing
09-10 12:10:53.048  2905  9591 W NearbyConnections: In startWifiLanAdvertising([ 0x32 0x15 0x6a 0xc5 0x4b 0xc3 0x4c 0x86 0x4e 0x20 0xca 0xb7 0xa9 0x0f 0x71 0x17 0xe9 ]), client 231075936 failed to start listening for incoming Wifi LAN connections to ServiceId NearbySharing
09-10 12:10:53.053  2905  9591 I NearbyMediums: [WifiNetworkV2] WifiStatusChangedCallback registered for NearbySharing (wifiStatusChangedCallbacks.size:1)
09-10 12:10:53.054  2905  9591 I NearbyConnections: Get local endpoint id from the existing localEndpointId:RM5X (last:null) for client 231075936(0p:com.google.android.gms.nearby.sharing)
09-10 12:10:53.054  2905  9591 I NearbySharing: [broadcast provider] advertising started.
09-10 12:10:53.054  2905  9591 I NearbySharing: [broadcast controller] started.
09-10 12:10:53.054  2905  9591 I NearbySharing: [ReceiveManager] started.
09-10 12:10:53.055  2905  8937 I NearbySharing: ReceiveProvider: Successfully retrieved local endpoint ID: RM5X
09-10 12:10:53.055  2905  8935 I NearbySharing: ReceiveProvider: Registering gesture exchange responder.
09-10 12:10:53.056  2905  8937 I NearbySharing: NearbySharing Internal event ReceiveManagerStart(mode=2, isEveryoneMode=false, dataUsage=2, useQrCode=false, success=true)
09-10 12:10:53.056  2905  9591 I NearbySharing: [ClearcutLog] ADVERTISE_DEVICE_PRESENCE_START sessionId=0 flowId=4979378504913249892 sessionStatus: 1, visibility: 1
09-10 12:10:53.058  2905  3053 I GestureExchange: (REDACTED) ClientBridge: received registerResponder %s
09-10 12:10:53.058  2905  9553 I GestureExchange: (REDACTED) NfcModeManager: App handled responder registered, serviceId=%s.
09-10 12:10:53.058  2905  9553 I cjxe    : InternalGestureExchangeClient: GMS responder async registration successful
09-10 12:10:53.058  2905  8935 I NearbySharing: ReceiveProvider: Successfully registered gesture exchange responder.
09-10 12:10:53.058  2905  8621 I NearbySharing: Failed to log ADVERTISE_DEVICE_PRESENCE_START, due to clearcutLogger is null.
09-10 12:10:53.158  3992  5154 I AiAiBesties: Notification has no shortcutId, cannot prioritize.
09-10 12:10:53.159  3992  4960 I AiAiEcho: SmartspaceNotificationPredictor no parser can handle this notification or notification is invalid
09-10 12:10:53.226  2165  2185 I pixel-thermal: usb_pwr_therm2:38.784 raw data: usb_pwr_therm2:38784 
09-10 12:10:53.348  2542  3034 I Surface : Creating surface for consumer unnamed-2542-295 with slotExpansion=1 for 64 slots
09-10 12:10:53.359  2542  3034 E ConsumerBase: [ImageReader-126x126f1u2816m2-2542-59] abandonLocked: ConsumerBase is abandoned!
09-10 12:10:53.563  1821  2964 W JobInfo : Job 'com.whatsapp/.infra.push.RegistrationIntentService#4' has a deadline with no functional constraints. The deadline won't improve job execution latency. Consider removing the deadline.
09-10 12:10:53.670  7768 16913 W NotificationManager: Shedding cancel (dupe) of NotificationKey[user=UserHandle{0}, pkg=com.whatsapp, tag=4HkZiLcbkLg/936CrYjw3dfY58Gkl6chyaCEE4JE0i4=
09-10 12:10:53.670  7768 16913 W NotificationManager: , id=1], rate limit (5.0) exceeded: input 8.701016, output would be 6.0986714
09-10 12:10:53.935  3992  4960 I AiAiEcho: SmartspaceNotificationPredictor no parser can handle this notification or notification is invalid
09-10 12:10:53.937  3992  5154 I AiAiBesties: Not a messaging style notification.
09-10 12:10:54.039  2165  2185 I pixel-thermal: VIRTUAL-USB-UI:0 raw data: USB2-MINUS-CHG:-4756 VIRTUAL-USB-UI:0 charger_skin_therm:43540 usb_pwr_therm2:38784 
09-10 12:10:54.041  2165  2185 I pixel-thermal: cellular-emergency:39.6638 raw data: VIRTUAL-NEUTRAL:39259.5 VIRTUAL-NEUTRAL-SKIN2:39663.8 VIRTUAL-QUIET-NEUTRAL:39128.8 VIRTUAL-SKIN:39663.8 cellular-emergency:39663.8 disp_therm:38784 gnss_tcxo_therm:38650 neutral_therm:37649 quiet_therm:39763 skin_therm1:39096 skin_therm2:44365 
09-10 12:10:54.041  2165  2185 I pixel-thermal: VIRTUAL-USB-THROTTLING:0 raw data: USB2-MINUS-CHG:-4756 VIRTUAL-USB-THROTTLING:0 usb_pwr_therm2:38784 
09-10 12:10:54.042  2165  2185 I pixel-thermal: VIRTUAL-SKIN-CPU:39.6638 raw data: VIRTUAL-SKIN:39663.8 VIRTUAL-SKIN-CPU:39663.8 
09-10 12:10:54.042  2165  2185 I pixel-thermal: VIRTUAL-SKIN-CPU power_budget=1328.3 err=1.3362 s_power=800 time_elapsed_ms=7005 p=534.479 i=-6.17836 d=0 dt_per_min=nan compensation=0 budget transient=0 control target=3 excluded power budget=0
09-10 12:10:54.042  2165  2185 I pixel-thermal: VIRTUAL-SKIN-CPU binded power rails: (S4M_VDD_CPUCL0: 61.15 mW)(S2M_VDD_CPUCL2: 12.94 mW)(S3M_VDD_CPUCL1: 35.91 mW)
09-10 12:10:54.042  2165  2185 I pixel-thermal: neutral_therm:37.649 raw data: neutral_therm:37649 
09-10 12:10:54.042  2165  2185 I pixel-thermal: VIRTUAL-SKIN:39.6638 raw data: VIRTUAL-SKIN:39663.8 
09-10 12:10:54.042  2165  2185 I pixel-thermal: VIRTUAL-SKIN-CPU-GPU:39.6638 raw data: VIRTUAL-SKIN:39663.8 VIRTUAL-SKIN-CPU-GPU:39663.8 
09-10 12:10:54.042  2165  2185 I pixel-thermal: VIRTUAL-SKIN-CPU-GPU power_budget=2532.43 err=5.3362 s_power=800 time_elapsed_ms=7005 p=1600.86 i=131.571 d=0 dt_per_min=nan compensation=0 budget transient=0 control target=3 excluded power budget=0
09-10 12:10:54.042  2165  2185 I pixel-thermal: VIRTUAL-SKIN-CPU-GPU binded power rails: (S4M_VDD_CPUCL0: 61.15 mW)(S2M_VDD_CPUCL2: 12.94 mW)(S3M_VDD_CPUCL1: 35.91 mW)(S2S_VDD_G3D: 2.95 mW)
09-10 12:10:54.042  2165  2185 I pixel-thermal: VIRTUAL-SKIN-HINT:39.6638 raw data: VIRTUAL-SKIN:39663.8 VIRTUAL-SKIN-HINT:39663.8 
09-10 12:10:54.042  2165  2185 I pixel-thermal: VIRTUAL-SKIN-CHARGE:39.6638 raw data: VIRTUAL-SKIN:39663.8 VIRTUAL-SKIN-CHARGE:39663.8 
09-10 12:10:54.042  2165  2185 I pixel-thermal: VIRTUAL-SKIN-CHARGE's fcc binded power rail POWER_FOR_CHARGING_THROTTLING: power threshold = 500, avg power = 495.066
09-10 12:10:54.501  2905  8621 I NearbyMediums: No BLE Fast/GATT advertisements found in the latest cycle.
09-10 12:10:54.501  2905  8621 I NearbyMediums: Current Tracked Scanning Clients are : {NearbyConnections.EnvironmentMonitor, NearbySharing, NearbyConnections.TxAdvertisement}
09-10 12:10:54.944  9953 10019 I bt_shim_advertiser: system/main/shim/le_advertising_manager.cc:77 Unregister: in shim layer
09-10 12:10:54.945  9953 10018 I bluetooth: bluetooth_private_gatt::gatt::server::isolation_manager: removing server (if any) associated with advertiser AdvertiserId(0)
09-10 12:10:55.237  2165  2185 I pixel-thermal: usb_pwr_therm2:38.739 raw data: usb_pwr_therm2:38739 
09-10 12:10:55.686  1821  2964 D ActivityManager: Stop FGS timeout: ServiceRecord{531971a u0 com.whatsapp/.messaging.service.GcmFGService c:com.whatsapp}
09-10 12:10:55.689  1821  2964 W ForegroundServiceTypeLoggerModule: FGS stop call for: 10299 has no types!
09-10 12:10:55.707  1821  1862 D HintManagerService: Sent cleanup message for uid 10299
09-10 12:10:55.708  9953  9953 I HidDeviceService: unregisterAppUid(): uid=10299
09-10 12:10:55.708  9953  9953 W HidDeviceService: unregisterAppUid(): caller UID doesn't match user UID
09-10 12:10:55.715  7768  7768 D WM-SystemJobService: onStopJob for WorkGenerationalId(workSpecId=f92801de-f520-4c27-b7ce-ab8b0befe892, generation=0)
09-10 12:10:55.723  7768  8083 E msys    : E[N WA]WAJMNSStreamImplForceDisconnectSync(586)=>[LogLevel:W] WAJMNSStream/impl/disconnect/force/p=0xb400007927fda7e0 (bytesSent=2700)(bytesRecv=3233)
09-10 12:10:55.723  1821  2965 D ConnectivityService: Returning BLOCKED NetworkInfo to uid=10299
09-10 12:10:55.724  7768  8213 D WM-Processor: WorkerWrapper interrupted for f92801de-f520-4c27-b7ce-ab8b0befe892
09-10 12:10:55.724  7768  8213 D WM-StopWorkRunnable: StopWorkRunnable for f92801de-f520-4c27-b7ce-ab8b0befe892; Processor.stopWork = true
09-10 12:10:55.725  7768  8212 I WM-WorkerWrapper: Work [ id=f92801de-f520-4c27-b7ce-ab8b0befe892, tags={ com.whatsapp.infra.networking.xmpp.lifecycle.XmppLifecycleWorker } ] was cancelled
09-10 12:10:55.725  7768  8212 I WM-WorkerWrapper: X.IaU
09-10 12:10:55.725  7768  8212 I WM-WorkerWrapper: 	at X.IBd.A01(:6)
09-10 12:10:55.725  7768  8212 I WM-WorkerWrapper: 	at X.ITr.run(:86)
09-10 12:10:55.725  7768  8212 I WM-WorkerWrapper: 	at X.GZY.run(:2)
09-10 12:10:55.725  7768  8212 I WM-WorkerWrapper: 	at java.util.concurrent.ThreadPoolExecutor.runWorker(ThreadPoolExecutor.java:1100)
09-10 12:10:55.725  7768  8212 I WM-WorkerWrapper: 	at java.util.concurrent.ThreadPoolExecutor$Worker.run(ThreadPoolExecutor.java:624)
09-10 12:10:55.725  7768  8212 I WM-WorkerWrapper: 	at java.lang.Thread.run(Thread.java:1571)
09-10 12:10:55.726  7768  8083 E msys    : E[N WA]_WAJMNSStreamImplUpdateStreamState(238)=>[LogLevel:I] WAJMNSStream/impl/state-changed/p=0xb400007927fda7e0 (connected=>disconnected)
09-10 12:10:55.726  7768  8212 D WM-WorkerWrapper: Status for f92801de-f520-4c27-b7ce-ab8b0befe892 is RUNNING; not doing any work and rescheduling for later execution
09-10 12:10:55.734  7768  7768 D WM-Processor: IBd f92801de-f520-4c27-b7ce-ab8b0befe892 executed; reschedule = true
09-10 12:10:55.734  7768  7768 D WM-GreedyScheduler: Stopping tracking for WorkGenerationalId(workSpecId=f92801de-f520-4c27-b7ce-ab8b0befe892, generation=0)
09-10 12:10:55.743  7768  8211 D WM-GreedyScheduler: Cancelling work ID f92801de-f520-4c27-b7ce-ab8b0befe892
09-10 12:10:55.751  7768  8211 D WM-SystemJobScheduler: Scheduling work ID f92801de-f520-4c27-b7ce-ab8b0befe892Job ID 4439
09-10 12:10:55.762  7768  8211 D WM-GreedyScheduler: Starting tracking for e5a6e14c-982a-4f66-920f-a45470cb3107,d26b6c5c-06ba-41e3-9c88-ab27d3fc1b8a,f92801de-f520-4c27-b7ce-ab8b0befe892
09-10 12:10:55.775  7768  8212 D WM-GreedyScheduler: Constraints met: Scheduling work ID WorkGenerationalId(workSpecId=f92801de-f520-4c27-b7ce-ab8b0befe892, generation=0)
09-10 12:10:55.779  7768  8212 D WM-Processor: IBd: processing WorkGenerationalId(workSpecId=f92801de-f520-4c27-b7ce-ab8b0befe892, generation=0)
09-10 12:10:55.785  7768  7768 D WM-WorkerWrapper: Starting work for com.whatsapp.infra.networking.xmpp.lifecycle.XmppLifecycleWorker
09-10 12:10:56.711  1821  2298 D HintManagerService: Starts cleaning for 10299
09-10 12:10:57.113  2828  3090 D SatelliteController: isInCarrierRoamingNbIotNtn: satellite is disabled
09-10 12:10:57.113  2828  3090 D SatelliteController: getCarrierRoamingNtnConnectType: Checking connect type from PLMN config for subId: 1
09-10 12:10:57.114  2828  3090 D TelephonyConfigUpdateInstallReceiver: getConfigParser: domain=satellite
09-10 12:10:57.114  2828  3090 V SatelliteController: satelliteConfigParser is not ready
09-10 12:10:57.114  2828  3090 D SatelliteController: isSatelliteAttachSupportedViaConfigupdater: return null (satelliteConfig is null)
09-10 12:10:57.120  2811  2811 I SHANNON_IMS: 2431 [PROX] Received onSignalStrengthsChanged [CellSignalStrengthLte: rssi=-81 rsrp=-111 rsrq=-8 rssnr=6 cqiTableIndex=1 cqi=9 ta=15 level=2 parametersUseForLevel=0] [SLID:0 APM:false] (ImsConnectivityProxyListener$ImsPhoneStateListener%onSignalStrengthsChanged:413)
09-10 12:10:57.131  2828  3090 D SatelliteController: getSatellitePerPlmnConfiguration: invalid subId or not supported via carrier.
09-10 12:10:57.131  2828  3090 D SatelliteController: getCarrierRoamingNtnConnectType: config: null
09-10 12:10:57.132  2828  3090 D TelephonyConfigUpdateInstallReceiver: getConfigParser: domain=satellite
09-10 12:10:57.132  2828  3090 V SatelliteController: satelliteConfigParser is not ready
09-10 12:10:57.132  2828  3090 D SatelliteController: getCarrierRoamingNtnConnectTypeViaConfigUpdater: return null (satelliteConfig is null)
09-10 12:10:57.134  2828  3090 D SatelliteController: getCarrierRoamingNtnConnectType: Falling back to global carrier config connect type: 0
09-10 12:10:57.134  2828  3090 D TelephonyConfigUpdateInstallReceiver: getConfigParser: domain=satellite
09-10 12:10:57.134  2828  3090 V SatelliteController: satelliteConfigParser is not ready
09-10 12:10:57.134  2828  3090 D SatelliteController: isSatelliteAttachSupportedViaConfigupdater: return null (satelliteConfig is null)
09-10 12:10:57.135  2828  3090 D SatelliteController: getCarrierRoamingNtnConnectType: Checking connect type from PLMN config for subId: 1
09-10 12:10:57.135  2828  3090 D TelephonyConfigUpdateInstallReceiver: getConfigParser: domain=satellite
09-10 12:10:57.135  2828  3090 V SatelliteController: satelliteConfigParser is not ready
09-10 12:10:57.135  2828  3090 D SatelliteController: isSatelliteAttachSupportedViaConfigupdater: return null (satelliteConfig is null)
09-10 12:10:57.136  2828  3090 D SatelliteController: getSatellitePerPlmnConfiguration: invalid subId or not supported via carrier.
09-10 12:10:57.137  2828  3090 D SatelliteController: getCarrierRoamingNtnConnectType: config: null
09-10 12:10:57.137  2828  3090 D TelephonyConfigUpdateInstallReceiver: getConfigParser: domain=satellite
09-10 12:10:57.137  2828  3090 V SatelliteController: satelliteConfigParser is not ready
09-10 12:10:57.137  2828  3090 D SatelliteController: getCarrierRoamingNtnConnectTypeViaConfigUpdater: return null (satelliteConfig is null)
09-10 12:10:57.138  2828  3090 D SatelliteController: getCarrierRoamingNtnConnectType: Falling back to global carrier config connect type: 0
09-10 12:10:57.138  2828  3090 D TelephonyConfigUpdateInstallReceiver: getConfigParser: domain=satellite
09-10 12:10:57.138  2828  3090 V SatelliteController: satelliteConfigParser is not ready
09-10 12:10:57.138  2828  3090 D SatelliteController: isSatelliteAttachSupportedViaConfigupdater: return null (satelliteConfig is null)
09-10 12:10:57.243  2165  2185 I pixel-thermal: usb_pwr_therm2:38.739 raw data: usb_pwr_therm2:38739 
09-10 12:10:59.123  3143  3215 D IwlanNetworkService: onCapabilitiesChanged: 117
09-10 12:10:59.123  3143  3178 D IwlanDataService: onCapabilitiesChanged: 117 [ Transports: CELLULAR Capabilities: SUPL&XCAP&INTERNET&NOT_RESTRICTED&TRUSTED&NOT_VPN&VALIDATED&NOT_ROAMING&FOREGROUND&NOT_CONGESTED&NOT_SUSPENDED&NOT_VCN_MANAGED&NOT_BANDWIDTH_CONSTRAINED LinkUpBandwidth>=8976Kbps LinkDnBandwidth>=8976Kbps Specifier: <TelephonyNetworkSpecifier [mSubId = 1]> SubscriptionIds: {1} UnderlyingNetworks: Null]
09-10 12:10:59.123  3143  3178 D IwlanDataService: Network 117 connected using transport MOBILE
09-10 12:10:59.127  2811  3492 I SHANNON_IMS: 2433 [CONN] network:117 CELLULAR connected, subId:1 [SLID:0] (DefaultNetworkCallback%onCapabilitiesChanged:72)
09-10 12:10:59.127  2768  3406 D SHANNON_RCS: 2795 [0][PROX][TELE] onCapabilitiesChanged, Network: 117, NetworkCapabilities: [ Transports: CELLULAR Capabilities: SUPL&XCAP&INTERNET&NOT_RESTRICTED&TRUSTED&NOT_VPN&VALIDATED&NOT_ROAMING&FOREGROUND&NOT_CONGESTED&NOT_SUSPENDED&NOT_VCN_MANAGED&NOT_BANDWIDTH_CONSTRAINED LinkUpBandwidth>=8976Kbps LinkDnBandwidth>=8976Kbps Specifier: <TelephonyNetworkSpecifier [mSubId = 1]> SubscriptionIds: {1} UnderlyingNetworks: Null] (DefaultNetworkCallback%onCapabilitiesChanged:76)
09-10 12:10:59.139  2844  3588 D WM-WorkConstraintsTrack: NetworkRequestConstraintController onCapabilitiesChanged callback
09-10 12:10:59.140  1332  1386 D CHRE    : @ 64853.443: Parsed nanoapp message from host: app ID 0x476f6f676c00100b endpoint 0x5 msgType 112 payload size 14
09-10 12:10:59.140  1332  1386 I CHRE    : @ 64853.444: [NanoMinion] received MSG Type 0x70, Version 1, 10 bytes
09-10 12:10:59.140  1332  1386 I CHRE    : @ 64853.444: [AR] context-signal: has_bt=0, bt=0, has_wifi=1, wifi=0
09-10 12:10:59.141  3995  4745 I BugleRcsEngine: handleMessage processing message:[NOTIFY_UPTIME_IGNORE_STATE_CHANGED] with [non-null]:RcsEngineImpl reference [CONTEXT log_prefix="RcsEngineImpl[DUAL_REG]:[c091a7ed-8e5f]>Handler" thread_id=63 ]
09-10 12:10:59.142  7768  8202 D WM-NetworkStateTracker: Network capabilities changed: [ Transports: CELLULAR Capabilities: SUPL&XCAP&INTERNET&NOT_RESTRICTED&TRUSTED&NOT_VPN&VALIDATED&NOT_ROAMING&FOREGROUND&NOT_CONGESTED&NOT_SUSPENDED&NOT_VCN_MANAGED&NOT_BANDWIDTH_CONSTRAINED LinkUpBandwidth>=8976Kbps LinkDnBandwidth>=8976Kbps Specifier: <TelephonyNetworkSpecifier [mSubId = 1]> SubscriptionIds: {1} UnderlyingNetworks: Null]
09-10 12:10:59.143  3995  4647 I BugleRcsEngine: Connected state: [1], networkType: [MOBILE] [CONTEXT thread_id=59 ]
09-10 12:10:59.158  1821  5937 D ActivityManager: sync unfroze 4772 com.google.android.apps.messaging for 7
09-10 12:10:59.158  4772  6321 D WM-WorkConstraintsTrack: NetworkRequestConstraintController onCapabilitiesChanged callback
09-10 12:10:59.160  1821  5937 D ActivityManager: sync unfroze 8816 com.google.android.gms.unstable for 7
09-10 12:10:59.162  8816 12014 I id.gms.unstable: Waiting for a blocking GC Explicit
09-10 12:10:59.207  8816 12014 I id.gms.unstable: WaitForGcToComplete blocked Explicit on Background for 44.648ms
09-10 12:10:59.241  8816 12014 I id.gms.unstable: Explicit concurrent mark compact GC freed 44KB AllocSpace bytes, 0(0B) LOS objects, 98% free, 4476KB/256MB, paused 230us,2.826ms total 34.532ms
09-10 12:10:59.248  2165  2185 I pixel-thermal: usb_pwr_therm2:38.739 raw data: usb_pwr_therm2:38739 
09-10 12:10:59.641  2905  8935 I NearbySharing: Network state changed: NetworkState(isRestricted=false, isOnline=true, isCongested=false, isMetered=true, isWifiConnected=false)
09-10 12:10:59.641  2905  8621 I NearbySharing: Network state changed: NetworkState(isRestricted=false, isOnline=true, isCongested=false, isMetered=true, isWifiConnected=false)
09-10 12:10:59.945  2643  2672 I Tethering: [BpfCoordinator] onAlertReached
09-10 12:11:00.273  2678  2790 D TemperatureStateSource: sequence=3687 actualDelay=10002
09-10 12:11:00.274  2678  2790 D TemperatureStateSource: Reading temperature: sequence=3688
09-10 12:11:00.277  2165  2165 I pixel-thermal: VIRTUAL-SKIN:39.6132 raw data: VIRTUAL-NEUTRAL:39245.4 VIRTUAL-NEUTRAL-SKIN2:39613.2 VIRTUAL-QUIET-NEUTRAL:39028.8 VIRTUAL-SKIN:39613.2 disp_therm:38806 gnss_tcxo_therm:38673 neutral_therm:37626 quiet_therm:39630 skin_therm1:39118 skin_therm2:44250 
09-10 12:11:00.278  2678  2790 D TemperatureStateSource: getDeviceTemperatures: sequence=3688 deviceTemperatureType=3 temperatureSource=0 temperatures=[39.6132]
09-10 12:11:00.278  2678  2790 D TemperatureStateSource: sequence=3688 waitTime=10000
09-10 12:11:00.279  2678  3566 D ImpulseStateSource: Notify clients: 3707
09-10 12:11:00.293  2678  2778 D ImpulseConnection: timeout didn't happen: com.google.android.apps.turbo
09-10 12:11:00.715  3981  3993 I ffad    : (REDACTED) HDM. appOpsListener %s %s
09-10 12:11:00.716  3981  3993 I ffad    : (REDACTED) HDM. Ignoring irrelevant audio permission changes for package %s
09-10 12:11:01.004  3992  4372 I AiAiEcho: (REDACTED) Predicting[%d]: %s
09-10 12:11:01.006  3992  4372 I AiAiEcho: (REDACTED) EchoTargets: %s
09-10 12:11:01.006  3992  4372 I AiAiEcho: Filtered by AiAi flag check: %s
09-10 12:11:01.008  3992  4372 I AiAiEcho: (REDACTED) #weatherSubItemsTwiddler: Weather removes SubtitleSupplementalItem in surface: %s
09-10 12:11:01.009  3992  4372 I AiAiEcho: #remoteViewsTwiddler: feature disabled.
09-10 12:11:01.010  3992  4372 I AiAiEcho: (REDACTED) Predicting[%d]: %s
09-10 12:11:01.012  3992  4372 I AiAiEcho: (REDACTED) EchoTargets: %s
09-10 12:11:01.012  3992  4372 I AiAiEcho: Filtered by AiAi flag check: %s
09-10 12:11:01.013  3992  4372 I AiAiEcho: #remoteViewsTwiddler: feature disabled.
09-10 12:11:01.014  3992  4372 I AiAiEcho: (REDACTED) Predicting[%d]: %s
09-10 12:11:01.016  3992  4372 I AiAiEcho: (REDACTED) EchoTargets: %s
09-10 12:11:01.016  3992  4372 I AiAiEcho: Filtered by AiAi flag check: %s
09-10 12:11:01.017  3992  4372 I AiAiEcho: #remoteViewsTwiddler: feature disabled.
09-10 12:11:01.018  3992  4372 I AiAiEcho: (REDACTED) Predicting[%d]: %s
09-10 12:11:01.019  3992  4372 I AiAiEcho: (REDACTED) EchoTargets: %s
09-10 12:11:01.019  3992  4372 I AiAiEcho: Filtered by AiAi flag check: %s
09-10 12:11:01.020  3992  4372 I AiAiEcho: (REDACTED) #weatherSubItemsTwiddler: Weather removes SubtitleSupplementalItem in surface: %s
09-10 12:11:01.021  3992  4372 I AiAiEcho: #remoteViewsTwiddler: feature disabled.
09-10 12:11:01.027  3992  4372 I AiAiEcho: (REDACTED) #postPredictionTargets: Sending updates to UISurface %s with targets# %s (types=[%s])
09-10 12:11:01.031  3992  4372 I AiAiEcho: (REDACTED) #postPredictionTargets: Sending updates to UISurface %s with targets# %s (types=[%s])
09-10 12:11:01.031  3992  4372 I AiAiEcho: (REDACTED) #postPredictionTargets: Sending updates to UISurface %s with targets# %s (types=[%s])
09-10 12:11:01.032  2542  2542 I WeatherSmartspaceView: setFormattedContentDescription: text=32°C, iconDescription=Cloudy, contentDescription=Cloudy, 32°C
09-10 12:11:01.032  2542  2542 I WeatherSmartspaceView: setFormattedContentDescription: text=32°C, iconDescription=Cloudy, contentDescription=Cloudy, 32°C
09-10 12:11:01.032  2542  2579 I AmbientCueRepository: Receiving SmartSpace targets # 0
09-10 12:11:01.032  2542  2542 I WeatherData: Weather data parsed CLOUDY ("Cloudy") 32°C from Bundle[{description=Cloudy, feedback_intent=null, explanation_intent=Supplier{VAL_PARCELABLE@140+1744}, is_gaia_linked_data=true, use_celsius=true, state=9, temperature=32}]
09-10 12:11:01.036  3992  4372 I AiAiEcho: (REDACTED) #postPredictionTargets: Sending updates to UISurface %s with targets# %s (types=[%s])
09-10 12:11:01.046  2165  2185 I pixel-thermal: VIRTUAL-USB-UI:0 raw data: USB2-MINUS-CHG:-4756 VIRTUAL-USB-UI:0 charger_skin_therm:43495 usb_pwr_therm2:38739 
09-10 12:11:01.046  2165  2185 I pixel-thermal: cellular-emergency:39.6132 raw data: VIRTUAL-SKIN:39613.2 cellular-emergency:39613.2 
09-10 12:11:01.046  2165  2185 I pixel-thermal: VIRTUAL-USB-THROTTLING:0 raw data: USB2-MINUS-CHG:-4756 VIRTUAL-USB-THROTTLING:0 usb_pwr_therm2:38739 
09-10 12:11:01.046  2165  2185 I pixel-thermal: VIRTUAL-SKIN-CPU:39.6132 raw data: VIRTUAL-SKIN:39613.2 VIRTUAL-SKIN-CPU:39613.2 
09-10 12:11:01.046  2165  2185 I pixel-thermal: VIRTUAL-SKIN-CPU power_budget=1348.54 err=1.3868 s_power=800 time_elapsed_ms=7006 p=554.72 i=-6.17836 d=0 dt_per_min=nan compensation=0 budget transient=0 control target=3 excluded power budget=0
09-10 12:11:01.046  2165  2185 I pixel-thermal: VIRTUAL-SKIN-CPU binded power rails: (S4M_VDD_CPUCL0: 42.63 mW)(S2M_VDD_CPUCL2: 13.64 mW)(S3M_VDD_CPUCL1: 20.10 mW)
09-10 12:11:01.046  2165  2185 I pixel-thermal: neutral_therm:37.626 raw data: neutral_therm:37626 
09-10 12:11:01.046  2165  2185 I pixel-thermal: VIRTUAL-SKIN:39.6132 raw data: VIRTUAL-SKIN:39613.2 
09-10 12:11:01.046  2165  2185 I pixel-thermal: VIRTUAL-SKIN-CPU-GPU:39.6132 raw data: VIRTUAL-SKIN:39613.2 VIRTUAL-SKIN-CPU-GPU:39613.2 
09-10 12:11:01.046  2165  2185 I pixel-thermal: VIRTUAL-SKIN-CPU-GPU power_budget=2547.61 err=5.3868 s_power=800 time_elapsed_ms=7006 p=1616.04 i=131.571 d=0 dt_per_min=nan compensation=0 budget transient=0 control target=3 excluded power budget=0
09-10 12:11:01.047  2165  2185 I pixel-thermal: VIRTUAL-SKIN-CPU-GPU binded power rails: (S4M_VDD_CPUCL0: 42.63 mW)(S2M_VDD_CPUCL2: 13.64 mW)(S3M_VDD_CPUCL1: 20.10 mW)(S2S_VDD_G3D: 2.80 mW)
09-10 12:11:01.047  2165  2185 I pixel-thermal: VIRTUAL-SKIN-HINT:39.6132 raw data: VIRTUAL-SKIN:39613.2 VIRTUAL-SKIN-HINT:39613.2 
09-10 12:11:01.047  2165  2185 I pixel-thermal: VIRTUAL-SKIN-CHARGE:39.6132 raw data: VIRTUAL-SKIN:39613.2 VIRTUAL-SKIN-CHARGE:39613.2 
09-10 12:11:01.047  2165  2185 I pixel-thermal: VIRTUAL-SKIN-CHARGE's fcc binded power rail POWER_FOR_CHARGING_THROTTLING: power threshold = 500, avg power = 451.361
09-10 12:11:01.106  2828  3090 D SatelliteController: isInCarrierRoamingNbIotNtn: satellite is disabled
09-10 12:11:01.106  2828  3090 D SatelliteController: getCarrierRoamingNtnConnectType: Checking connect type from PLMN config for subId: 1
09-10 12:11:01.106  2828  3090 D TelephonyConfigUpdateInstallReceiver: getConfigParser: domain=satellite
09-10 12:11:01.106  2828  3090 V SatelliteController: satelliteConfigParser is not ready
09-10 12:11:01.106  2828  3090 D SatelliteController: isSatelliteAttachSupportedViaConfigupdater: return null (satelliteConfig is null)
09-10 12:11:01.108  2828  3090 D SatelliteController: getSatellitePerPlmnConfiguration: invalid subId or not supported via carrier.
09-10 12:11:01.108  2828  3090 D SatelliteController: getCarrierRoamingNtnConnectType: config: null
09-10 12:11:01.108  2828  3090 D TelephonyConfigUpdateInstallReceiver: getConfigParser: domain=satellite
09-10 12:11:01.108  2828  3090 V SatelliteController: satelliteConfigParser is not ready
09-10 12:11:01.108  2828  3090 D SatelliteController: getCarrierRoamingNtnConnectTypeViaConfigUpdater: return null (satelliteConfig is null)
09-10 12:11:01.109  2828  3090 D SatelliteController: getCarrierRoamingNtnConnectType: Falling back to global carrier config connect type: 0
09-10 12:11:01.110  2828  3090 D TelephonyConfigUpdateInstallReceiver: getConfigParser: domain=satellite
09-10 12:11:01.110  2828  3090 V SatelliteController: satelliteConfigParser is not ready
09-10 12:11:01.110  2828  3090 D SatelliteController: isSatelliteAttachSupportedViaConfigupdater: return null (satelliteConfig is null)
09-10 12:11:01.122  2828  3090 D SatelliteController: getCarrierRoamingNtnConnectType: Checking connect type from PLMN config for subId: 1
09-10 12:11:01.122  2828  3090 D TelephonyConfigUpdateInstallReceiver: getConfigParser: domain=satellite
09-10 12:11:01.122  2828  3090 V SatelliteController: satelliteConfigParser is not ready
09-10 12:11:01.122  2828  3090 D SatelliteController: isSatelliteAttachSupportedViaConfigupdater: return null (satelliteConfig is null)
09-10 12:11:01.123  2828  3090 D SatelliteController: getSatellitePerPlmnConfiguration: invalid subId or not supported via carrier.
09-10 12:11:01.125  2811  2811 I SHANNON_IMS: 2435 [PROX] Received onSignalStrengthsChanged [CellSignalStrengthLte: rssi=-79 rsrp=-107 rsrq=-8 rssnr=8 cqiTableIndex=1 cqi=11 ta=15 level=3 parametersUseForLevel=0] [SLID:0 APM:false] (ImsConnectivityProxyListener$ImsPhoneStateListener%onSignalStrengthsChanged:413)
09-10 12:11:01.133  2828  3090 D SatelliteController: getCarrierRoamingNtnConnectType: config: null
09-10 12:11:01.133  2828  3090 D TelephonyConfigUpdateInstallReceiver: getConfigParser: domain=satellite
09-10 12:11:01.133  2828  3090 V SatelliteController: satelliteConfigParser is not ready
09-10 12:11:01.133  2828  3090 D SatelliteController: getCarrierRoamingNtnConnectTypeViaConfigUpdater: return null (satelliteConfig is null)
09-10 12:11:01.133  2828  3090 D SatelliteController: getCarrierRoamingNtnConnectType: Falling back to global carrier config connect type: 0
09-10 12:11:01.133  2828  3090 D TelephonyConfigUpdateInstallReceiver: getConfigParser: domain=satellite
09-10 12:11:01.133  2828  3090 V SatelliteController: satelliteConfigParser is not ready
09-10 12:11:01.133  2828  3090 D SatelliteController: isSatelliteAttachSupportedViaConfigupdater: return null (satelliteConfig is null)
09-10 12:11:01.145  2828  2828 D TelephonyManager: requestModemActivityInfo: Sending result to app: ModemActivityInfo{ mTimestamp=64878013 mSleepTimeMs=43478495 mIdleTimeMs=2081931 mActivityStatsTechSpecificInfo=[{mRat=UNKNOWN,mFrequencyRange=UNKNOWN,mTxTimeMs[]=[319561, 524561, 859413, 156930, 1453757],mRxTimeMs=18365415}]}
09-10 12:11:01.148  3143  3178 D IwlanDataService: onCapabilitiesChanged: 117 [ Transports: CELLULAR Capabilities: SUPL&XCAP&INTERNET&NOT_RESTRICTED&TRUSTED&NOT_VPN&VALIDATED&NOT_ROAMING&FOREGROUND&NOT_CONGESTED&NOT_SUSPENDED&NOT_VCN_MANAGED&NOT_BANDWIDTH_CONSTRAINED LinkUpBandwidth>=11290Kbps LinkDnBandwidth>=20574Kbps Specifier: <TelephonyNetworkSpecifier [mSubId = 1]> SubscriptionIds: {1} UnderlyingNetworks: Null]
09-10 12:11:01.148  3143  3178 D IwlanDataService: Network 117 connected using transport MOBILE
09-10 12:11:01.148  3143  3215 D IwlanNetworkService: onCapabilitiesChanged: 117
09-10 12:11:01.149  2768  3406 D SHANNON_RCS: 2796 [0][PROX][TELE] onCapabilitiesChanged, Network: 117, NetworkCapabilities: [ Transports: CELLULAR Capabilities: SUPL&XCAP&INTERNET&NOT_RESTRICTED&TRUSTED&NOT_VPN&VALIDATED&NOT_ROAMING&FOREGROUND&NOT_CONGESTED&NOT_SUSPENDED&NOT_VCN_MANAGED&NOT_BANDWIDTH_CONSTRAINED LinkUpBandwidth>=11290Kbps LinkDnBandwidth>=20574Kbps Specifier: <TelephonyNetworkSpecifier [mSubId = 1]> SubscriptionIds: {1} UnderlyingNetworks: Null] (DefaultNetworkCallback%onCapabilitiesChanged:76)
09-10 12:11:01.149  4772  6321 D WM-WorkConstraintsTrack: NetworkRequestConstraintController onCapabilitiesChanged callback
09-10 12:11:01.150  2811  3492 I SHANNON_IMS: 2437 [CONN] network:117 CELLULAR connected, subId:1 [SLID:0] (DefaultNetworkCallback%onCapabilitiesChanged:72)
09-10 12:11:01.151  2844  3588 D WM-WorkConstraintsTrack: NetworkRequestConstraintController onCapabilitiesChanged callback
09-10 12:11:01.152  7768  8202 D WM-NetworkStateTracker: Network capabilities changed: [ Transports: CELLULAR Capabilities: SUPL&XCAP&INTERNET&NOT_RESTRICTED&TRUSTED&NOT_VPN&VALIDATED&NOT_ROAMING&FOREGROUND&NOT_CONGESTED&NOT_SUSPENDED&NOT_VCN_MANAGED&NOT_BANDWIDTH_CONSTRAINED LinkUpBandwidth>=11290Kbps LinkDnBandwidth>=20574Kbps Specifier: <TelephonyNetworkSpecifier [mSubId = 1]> SubscriptionIds: {1} UnderlyingNetworks: Null]
09-10 12:11:01.152  3995  4647 I BugleRcsEngine: Connected state: [1], networkType: [MOBILE] [CONTEXT thread_id=59 ]
09-10 12:11:01.152  3995  4745 I BugleRcsEngine: handleMessage processing message:[NOTIFY_UPTIME_IGNORE_STATE_CHANGED] with [non-null]:RcsEngineImpl reference [CONTEXT log_prefix="RcsEngineImpl[DUAL_REG]:[c091a7ed-8e5f]>Handler" thread_id=63 ]
09-10 12:11:01.154  1332  1386 D CHRE    : @ 64855.459: Parsed nanoapp message from host: app ID 0x476f6f676c00100b endpoint 0x5 msgType 112 payload size 14
09-10 12:11:01.154  1332  1386 I CHRE    : @ 64855.459: [NanoMinion] received MSG Type 0x70, Version 1, 10 bytes
09-10 12:11:01.154  1332  1386 I CHRE    : @ 64855.460: [AR] context-signal: has_bt=0, bt=0, has_wifi=1, wifi=0
09-10 12:11:01.253  2165  2185 I pixel-thermal: usb_pwr_therm2:38.717 raw data: usb_pwr_therm2:38717 
09-10 12:11:01.656  2905  8621 I NearbySharing: Network state changed: NetworkState(isRestricted=false, isOnline=true, isCongested=false, isMetered=true, isWifiConnected=false)
09-10 12:11:01.656  2905  8935 I NearbySharing: Network state changed: NetworkState(isRestricted=false, isOnline=true, isCongested=false, isMetered=true, isWifiConnected=false)
09-10 12:11:03.262  2165  2185 I pixel-thermal: usb_pwr_therm2:38.717 raw data: usb_pwr_therm2:38717 
09-10 12:11:04.504  2905  9591 I NearbyMediums: No BLE Fast/GATT advertisements found in the latest cycle.
09-10 12:11:04.504  2905  9591 I NearbyMediums: Current Tracked Scanning Clients are : {NearbyConnections.EnvironmentMonitor, NearbySharing, NearbyConnections.TxAdvertisement}
09-10 12:11:05.268  2165  2185 I pixel-thermal: usb_pwr_therm2:38.717 raw data: usb_pwr_therm2:38717 
09-10 12:11:05.726  1821  1939 W ProcessStats: Tracking association SourceState{75b5dbc system/1000 BFgs #56040} whose proc state 4 is better than process ProcessState{a5fbf21 com.google.android.tts/10205 pkg=com.google.android.tts} proc state 14 (2 skipped)
09-10 12:11:07.274  2165  2185 I pixel-thermal: usb_pwr_therm2:38.717 raw data: usb_pwr_therm2:38717 
09-10 12:11:07.989  2905  2905 D BoundBrokerSvc: onUnbind: Intent { act=com.google.android.gms.nearby.presence.service.START dat=chimera-action:/... xflg=0x4 cmp=com.google.android.gms/.chimera.PersistentApiServiceNoInstantApps }
09-10 12:11:08.053  2165  2185 I pixel-thermal: VIRTUAL-USB-UI:0 raw data: USB2-MINUS-CHG:-4663 VIRTUAL-USB-UI:0 charger_skin_therm:43380 usb_pwr_therm2:38717 
09-10 12:11:08.056  2165  2185 I pixel-thermal: cellular-emergency:39.5514 raw data: VIRTUAL-NEUTRAL:39189.9 VIRTUAL-NEUTRAL-SKIN2:39551.4 VIRTUAL-QUIET-NEUTRAL:39308.8 VIRTUAL-SKIN:39551.4 cellular-emergency:39551.4 disp_therm:38784 gnss_tcxo_therm:38628 neutral_therm:37626 quiet_therm:40030 skin_therm1:39051 skin_therm2:44044 
09-10 12:11:08.056  2165  2185 I pixel-thermal: VIRTUAL-USB-THROTTLING:0 raw data: USB2-MINUS-CHG:-4663 VIRTUAL-USB-THROTTLING:0 usb_pwr_therm2:38717 
09-10 12:11:08.056  2165  2185 I pixel-thermal: VIRTUAL-SKIN-CPU:39.5514 raw data: VIRTUAL-SKIN:39551.4 VIRTUAL-SKIN-CPU:39551.4 
09-10 12:11:08.056  2165  2185 I pixel-thermal: VIRTUAL-SKIN-CPU power_budget=1373.26 err=1.4486 s_power=800 time_elapsed_ms=7007 p=579.44 i=-6.17836 d=0 dt_per_min=nan compensation=0 budget transient=0 control target=3 excluded power budget=0
09-10 12:11:08.056  2165  2185 I pixel-thermal: VIRTUAL-SKIN-CPU binded power rails: (S4M_VDD_CPUCL0: 37.68 mW)(S2M_VDD_CPUCL2: 25.85 mW)(S3M_VDD_CPUCL1: 14.27 mW)
09-10 12:11:08.056  2165  2185 I pixel-thermal: neutral_therm:37.626 raw data: neutral_therm:37626 
09-10 12:11:08.056  2165  2185 I pixel-thermal: VIRTUAL-SKIN:39.5514 raw data: VIRTUAL-SKIN:39551.4 
09-10 12:11:08.056  2165  2185 I pixel-thermal: VIRTUAL-SKIN-CPU-GPU:39.5514 raw data: VIRTUAL-SKIN:39551.4 VIRTUAL-SKIN-CPU-GPU:39551.4 
09-10 12:11:08.056  2165  2185 I pixel-thermal: VIRTUAL-SKIN-CPU-GPU power_budget=2566.15 err=5.4486 s_power=800 time_elapsed_ms=7007 p=1634.58 i=131.571 d=0 dt_per_min=nan compensation=0 budget transient=0 control target=3 excluded power budget=0
09-10 12:11:08.056  2165  2185 I pixel-thermal: VIRTUAL-SKIN-CPU-GPU binded power rails: (S4M_VDD_CPUCL0: 37.68 mW)(S2M_VDD_CPUCL2: 25.85 mW)(S3M_VDD_CPUCL1: 14.27 mW)(S2S_VDD_G3D: 4.15 mW)
09-10 12:11:08.056  2165  2185 I pixel-thermal: VIRTUAL-SKIN-HINT:39.5514 raw data: VIRTUAL-SKIN:39551.4 VIRTUAL-SKIN-HINT:39551.4 
09-10 12:11:08.056  2165  2185 I pixel-thermal: VIRTUAL-SKIN-CHARGE:39.5514 raw data: VIRTUAL-SKIN:39551.4 VIRTUAL-SKIN-CHARGE:39551.4 
09-10 12:11:08.056  2165  2185 I pixel-thermal: VIRTUAL-SKIN-CHARGE's fcc binded power rail POWER_FOR_CHARGING_THROTTLING: power threshold = 500, avg power = 462.685
09-10 12:11:09.282  2165  2185 I pixel-thermal: usb_pwr_therm2:38.762 raw data: usb_pwr_therm2:38762 
09-10 12:11:09.741  2905  2905 D BoundBrokerSvc: onUnbind: Intent { act=com.google.android.gms.libs.gmscorelogger.service.START dat=chimera-action:/... xflg=0x4 cmp=com.google.android.gms/.chimera.PersistentDirectBootAwareApiService }
09-10 12:11:09.954  2643  2672 I Tethering: [BpfCoordinator] onAlertReached
09-10 12:11:10.080  1821  2964 D TelephonyManager: requestModemActivityInfo: Sending result to app: ModemActivityInfo{ mTimestamp=64886950 mSleepTimeMs=43478495 mIdleTimeMs=2081931 mActivityStatsTechSpecificInfo=[{mRat=UNKNOWN,mFrequencyRange=UNKNOWN,mTxTimeMs[]=[319562, 524578, 859445, 157078, 1455321],mRxTimeMs=18372591}]}
09-10 12:11:10.235  1379  3673 I WifiHAL : Creating message to get link statistics; iface = 47
09-10 12:11:10.280  2678  3566 D TemperatureStateSource: sequence=3688 actualDelay=10002
09-10 12:11:10.282  2678  3566 D TemperatureStateSource: Reading temperature: sequence=3689
09-10 12:11:10.288  2165  2165 I pixel-thermal: VIRTUAL-SKIN:39.5514 raw data: VIRTUAL-NEUTRAL:39189.9 VIRTUAL-NEUTRAL-SKIN2:39551.4 VIRTUAL-QUIET-NEUTRAL:39308.8 VIRTUAL-SKIN:39551.4 disp_therm:38784 gnss_tcxo_therm:38628 neutral_therm:37626 quiet_therm:40030 skin_therm1:39051 skin_therm2:44044 
09-10 12:11:10.290  2678  3566 D TemperatureStateSource: getDeviceTemperatures: sequence=3689 deviceTemperatureType=3 temperatureSource=0 temperatures=[39.5514]
09-10 12:11:10.290  2678  3566 D TemperatureStateSource: sequence=3689 waitTime=10000
09-10 12:11:10.294  2165  2165 I pixel-thermal: VIRTUAL-SKIN:39.5514 raw data: VIRTUAL-SKIN:39551.4 
09-10 12:11:10.295  2678  2916 I TemperatureStateSource: temperature was set
09-10 12:11:10.296  2678  2916 D ImpulseStateSource: Notify clients: 3708
09-10 12:11:10.360  1379  3673 E libbinder.IPCThreadState: binder thread pool (1 threads) starved for 125 ms
09-10 12:11:10.383  1348  1348 E android.hardware.power.stats-service.pixel: Failed to read uid_time_in_state for attribution, return default EnergyConsumer
09-10 12:11:10.405  1314  1513 I bthal.flowcontrol: HciEventPreProcess: HCI Event 0xe Opcode 0xfd59 Length 22 unhandled by ControllerActivityWatcher
09-10 12:11:10.558  3656  3656 I pixelstats: MmMetrics: kernel: old PSI sysfs node.
09-10 12:11:10.605  3656  3656 E pixelstats-vendor: Firmware Metrics paths not specified in JSON
09-10 12:11:10.994  1821  2391 W NetworkPolicy: shared quota unsupported; generating rule for each iface
09-10 12:11:11.207  2828  2828 D TelephonyManager: requestModemActivityInfo: Sending result to app: ModemActivityInfo{ mTimestamp=64888078 mSleepTimeMs=43478495 mIdleTimeMs=2081931 mActivityStatsTechSpecificInfo=[{mRat=UNKNOWN,mFrequencyRange=UNKNOWN,mTxTimeMs[]=[319562, 524578, 859445, 157080, 1455543],mRxTimeMs=18373492}]}
09-10 12:11:11.290  2165  2185 I pixel-thermal: usb_pwr_therm2:38.762 raw data: usb_pwr_therm2:38762 
09-10 12:11:11.326  2905  2905 D BoundBrokerSvc: onRebind: Intent { act=com.google.android.gms.onboardingconsent.api.ConsentManagerApiService.START dat=chimera-action:/... xflg=0x4 cmp=com.google.android.gms/.chimera.GmsApiService }
09-10 12:11:11.339  2905  8935 I GmsCoreXrpcWrapper: (REDACTED) Creating a custom channel provider with trafficStatsTag=%d trafficStatsUid=%d
09-10 12:11:11.341  2905  3053 I ConsentManagerApiServic: (REDACTED) ConsentManagerApiService onGetService success %s
09-10 12:11:11.360  2905  8935 I LocationReportUplIntOp: Uploading owner sightings. [CONTEXT service_id=284 ratelimit_period="5 MINUTES" ]
09-10 12:11:11.362  2905  8935 I GmsCoreXrpcWrapper: (REDACTED) Returning a channel provider with trafficStatsTag=%d trafficStatsUid=%d
09-10 12:11:11.446  2905  9550 E jvni    : *~*~*~ Previous channel {0} was garbage collected without being shut down! ~*~*~*
09-10 12:11:11.446  2905  9550 E jvni    :     Make sure to call shutdown()/shutdownNow()
09-10 12:11:11.446  2905  9550 E jvni    : java.lang.RuntimeException: ManagedChannel allocation site
09-10 12:11:11.446  2905  9550 E jvni    : 	at jvnh.<init>(:com.google.android.gms@263363035@26.33.63 (260400-975893338):21)
09-10 12:11:11.446  2905  9550 E jvni    : 	at jvni.<init>(:com.google.android.gms@263363035@26.33.63 (260400-975893338):10)
09-10 12:11:11.446  2905  9550 E jvni    : 	at jvng.a(:com.google.android.gms@263363035@26.33.63 (260400-975893338):295)
09-10 12:11:11.446  2905  9550 E jvni    : 	at juux.a(:com.google.android.gms@263363035@26.33.63 (260400-975893338):5)
09-10 12:11:11.446  2905  9550 E jvni    : 	at djid.f(:com.google.android.gms@263363035@26.33.63 (260400-975893338):150)
09-10 12:11:11.446  2905  9550 E jvni    : 	at ibof.a(:com.google.android.gms@263363035@26.33.63 (260400-975893338):177)
09-10 12:11:11.446  2905  9550 E jvni    : 	at hotk.a(:com.google.android.gms@263363035@26.33.63 (260400-975893338):17)
09-10 12:11:11.446  2905  9550 E jvni    : 	at hxsp.a(:com.google.android.gms@263363035@26.33.63 (260400-975893338):3)
09-10 12:11:11.446  2905  9550 E jvni    : 	at hxrq.run(:com.google.android.gms@263363035@26.33.63 (260400-975893338):19)
09-10 12:11:11.446  2905  9550 E jvni    : 	at hxsr.run(:com.google.android.gms@263363035@26.33.63 (260400-975893338):5)
09-10 12:11:11.446  2905  9550 E jvni    : 	at bnuj.d(:com.google.android.gms@263363035@26.33.63 (260400-975893338):50)
09-10 12:11:11.446  2905  9550 E jvni    : 	at bnuj.c(:com.google.android.gms@263363035@26.33.63 (260400-975893338):6)
09-10 12:11:11.446  2905  9550 E jvni    : 	at bnuj.run(:com.google.android.gms@263363035@26.33.63 (260400-975893338):33)
09-10 12:11:11.446  2905  9550 E jvni    : 	at java.util.concurrent.ThreadPoolExecutor.runWorker(ThreadPoolExecutor.java:1100)
09-10 12:11:11.446  2905  9550 E jvni    : 	at java.util.concurrent.ThreadPoolExecutor$Worker.run(ThreadPoolExecutor.java:624)
09-10 12:11:11.446  2905  9550 E jvni    : 	at boaj.run(:com.google.android.gms@263363035@26.33.63 (260400-975893338):8)
09-10 12:11:11.446  2905  9550 E jvni    : 	at java.lang.Thread.run(Thread.java:1571)
09-10 12:11:12.477  2905  2905 D BoundBrokerSvc: onRebind: Intent { act=com.google.android.gms.libs.gmscorelogger.service.START dat=chimera-action:/... xflg=0x4 cmp=com.google.android.gms/.chimera.PersistentDirectBootAwareApiService }
09-10 12:11:13.297  2165  2185 I pixel-thermal: usb_pwr_therm2:38.762 raw data: usb_pwr_therm2:38762 
09-10 12:11:13.922  3981  3993 I ffad    : (REDACTED) HDM. appOpsListener %s %s
09-10 12:11:13.923  3981  3993 I ffad    : (REDACTED) HDM. Ignoring irrelevant audio permission changes for package %s
09-10 12:11:14.508  2905  8621 I NearbyMediums: No BLE Fast/GATT advertisements found in the latest cycle.
09-10 12:11:14.510  2905  8621 I NearbyMediums: Current Tracked Scanning Clients are : {NearbyConnections.EnvironmentMonitor, NearbySharing, NearbyConnections.TxAdvertisement}
09-10 12:11:15.065  2165  2185 I pixel-thermal: VIRTUAL-USB-UI:0 raw data: USB2-MINUS-CHG:-4710 VIRTUAL-USB-UI:0 charger_skin_therm:43472 usb_pwr_therm2:38762 
09-10 12:11:15.069  2165  2185 I pixel-thermal: cellular-emergency:39.5859 raw data: VIRTUAL-NEUTRAL:39211.6 VIRTUAL-NEUTRAL-SKIN2:39585.9 VIRTUAL-QUIET-NEUTRAL:39511.8 VIRTUAL-SKIN:39585.9 cellular-emergency:39585.9 disp_therm:38828 gnss_tcxo_therm:38628 neutral_therm:37626 quiet_therm:40320 skin_therm1:39051 skin_therm2:44159 
09-10 12:11:15.069  2165  2185 I pixel-thermal: VIRTUAL-USB-THROTTLING:0 raw data: USB2-MINUS-CHG:-4710 VIRTUAL-USB-THROTTLING:0 usb_pwr_therm2:38762 
09-10 12:11:15.070  2165  2185 I pixel-thermal: VIRTUAL-SKIN-CPU:39.5859 raw data: VIRTUAL-SKIN:39585.9 VIRTUAL-SKIN-CPU:39585.9 
09-10 12:11:15.070  2165  2185 I pixel-thermal: VIRTUAL-SKIN-CPU power_budget=1359.46 err=1.4141 s_power=800 time_elapsed_ms=7008 p=565.64 i=-6.17836 d=-0 dt_per_min=nan compensation=0 budget transient=0 control target=3 excluded power budget=0
09-10 12:11:15.070  2165  2185 I pixel-thermal: VIRTUAL-SKIN-CPU binded power rails: (S4M_VDD_CPUCL0: 40.06 mW)(S2M_VDD_CPUCL2: 23.79 mW)(S3M_VDD_CPUCL1: 13.55 mW)
09-10 12:11:15.070  2165  2185 I pixel-thermal: neutral_therm:37.626 raw data: neutral_therm:37626 
09-10 12:11:15.071  2165  2185 I pixel-thermal: VIRTUAL-SKIN:39.5859 raw data: VIRTUAL-SKIN:39585.9 
09-10 12:11:15.071  2165  2185 I pixel-thermal: VIRTUAL-SKIN-CPU-GPU:39.5859 raw data: VIRTUAL-SKIN:39585.9 VIRTUAL-SKIN-CPU-GPU:39585.9 
09-10 12:11:15.071  2165  2185 I pixel-thermal: VIRTUAL-SKIN-CPU-GPU power_budget=2555.8 err=5.4141 s_power=800 time_elapsed_ms=7008 p=1624.23 i=131.571 d=-0 dt_per_min=nan compensation=0 budget transient=0 control target=3 excluded power budget=0
09-10 12:11:15.071  2165  2185 I pixel-thermal: VIRTUAL-SKIN-CPU-GPU binded power rails: (S4M_VDD_CPUCL0: 40.06 mW)(S2M_VDD_CPUCL2: 23.79 mW)(S3M_VDD_CPUCL1: 13.55 mW)(S2S_VDD_G3D: 2.66 mW)
09-10 12:11:15.072  2165  2185 I pixel-thermal: VIRTUAL-SKIN-HINT:39.5859 raw data: VIRTUAL-SKIN:39585.9 VIRTUAL-SKIN-HINT:39585.9 
09-10 12:11:15.072  2165  2185 I pixel-thermal: VIRTUAL-SKIN-CHARGE:39.5859 raw data: VIRTUAL-SKIN:39585.9 VIRTUAL-SKIN-CHARGE:39585.9 
09-10 12:11:15.072  2165  2185 I pixel-thermal: VIRTUAL-SKIN-CHARGE's fcc binded power rail POWER_FOR_CHARGING_THROTTLING: power threshold = 500, avg power = 460.464
09-10 12:11:15.314  2165  2185 I pixel-thermal: usb_pwr_therm2:38.895 raw data: usb_pwr_therm2:38895 
09-10 12:11:16.074  2905  5924 I cn_CronetUrlRequestContext: destroyNativeStreamLocked org.chromium.net.impl.CronetBidirectionalStream@f4ede67
09-10 12:11:16.086  2905  9553 W BackendServiceUtil: uploadOwnerScans RPC failed. [CONTEXT service_id=284 ]
09-10 12:11:16.086  2905  9553 W BackendServiceUtil: juzs: UNAVAILABLE
09-10 12:11:16.086  2905  9553 W BackendServiceUtil: 	at jvxo.a(:com.google.android.gms@263363035@26.33.63 (260400-975893338):41)
09-10 12:11:16.086  2905  9553 W BackendServiceUtil: 	at ibpx.f(:com.google.android.gms@263363035@26.33.63 (260400-975893338):93)
09-10 12:11:16.086  2905  9553 W BackendServiceUtil: 	at ibpx.h(:com.google.android.gms@263363035@26.33.63 (260400-975893338):23)
09-10 12:11:16.086  2905  9553 W BackendServiceUtil: 	at ibpx.a(:com.google.android.gms@263363035@26.33.63 (260400-975893338):8)
09-10 12:11:16.086  2905  9553 W BackendServiceUtil: 	at ibqg.run(:com.google.android.gms@263363035@26.33.63 (260400-975893338):9)
09-10 12:11:16.086  2905  9553 W BackendServiceUtil: 	at ibqi.e(:com.google.android.gms@263363035@26.33.63 (260400-975893338):22)
09-10 12:11:16.086  2905  9553 W BackendServiceUtil: 	at ibqi.a(:com.google.android.gms@263363035@26.33.63 (260400-975893338):6)
09-10 12:11:16.086  2905  9553 W BackendServiceUtil: 	at ibpo.run(:com.google.android.gms@263363035@26.33.63 (260400-975893338):14)
09-10 12:11:16.086  2905  9553 W BackendServiceUtil: 	at ibpl.run(:com.google.android.gms@263363035@26.33.63 (260400-975893338):3)
09-10 12:11:16.086  2905  9553 W BackendServiceUtil: 	at hxsg.run(:com.google.android.gms@263363035@26.33.63 (260400-975893338):3)
09-10 12:11:16.086  2905  9553 W BackendServiceUtil: 	at hxsh.run(:com.google.android.gms@263363035@26.33.63 (260400-975893338):64)
09-10 12:11:16.086  2905  9553 W BackendServiceUtil: 	at hxqe.execute(:com.google.android.gms@263363035@26.33.63 (260400-975893338):1)
09-10 12:11:16.086  2905  9553 W BackendServiceUtil: 	at ibpt.execute(:com.google.android.gms@263363035@26.33.63 (260400-975893338):3)
09-10 12:11:16.086  2905  9553 W BackendServiceUtil: 	at hxsi.execute(:com.google.android.gms@263363035@26.33.63 (260400-975893338):34)
09-10 12:11:16.086  2905  9553 W BackendServiceUtil: 	at ibpc.execute(:com.google.android.gms@263363035@26.33.63 (260400-975893338):10)
09-10 12:11:16.086  2905  9553 W BackendServiceUtil: 	at ibpr.a(:com.google.android.gms@263363035@26.33.63 (260400-975893338):10)
09-10 12:11:16.086  2905  9553 W BackendServiceUtil: 	at ibpx.f(:com.google.android.gms@263363035@26.33.63 (260400-975893338):93)
09-10 12:11:16.086  2905  9553 W BackendServiceUtil: 	at ibpx.h(:com.google.android.gms@263363035@26.33.63 (260400-975893338):23)
09-10 12:11:16.086  2905  9553 W BackendServiceUtil: 	at ibpx.a(:com.google.android.gms@263363035@26.33.63 (260400-975893338):8)
09-10 12:11:16.086  2905  9553 W BackendServiceUtil: 	at ibqg.run(:com.google.android.gms@263363035@26.33.63 (260400-975893338):9)
09-10 12:11:16.086  2905  9553 W BackendServiceUtil: 	at ibqi.e(:com.google.android.gms@263363035@26.33.63 (260400-975893338):22)
09-10 12:11:16.086  2905  9553 W BackendServiceUtil: 	at ibqi.a(:com.google.android.gms@263363035@26.33.63 (260400-975893338):6)
09-10 12:11:16.086  2905  9553 W BackendServiceUtil: 	at ibpo.run(:com.google.android.gms@263363035@26.33.63 (260400-975893338):14)
09-10 12:11:16.086  2905  9553 W BackendServiceUtil: 	at ibpl.run(:com.google.android.gms@263363035@26.33.63 (260400-975893338):3)
09-10 12:11:16.086  2905  9553 W BackendServiceUtil: 	at hxsg.run(:com.google.android.gms@263363035@26.33.63 (260400-975893338):3)
09-10 12:11:16.086  2905  9553 W BackendServiceUtil: 	at hxsh.run(:com.google.android.gms@263363035@26.33.63 (260400-975893338):64)
09-10 12:11:16.086  2905  9553 W BackendServiceUtil: 	at hxqe.execute(:com.google.android.gms@263363035@26.33.63 (260400-975893338):1)
09-10 12:11:16.086  2905  9553 W BackendServiceUtil: 	at ibpt.execute(:com.google.android.gms@263363035@26.33.63 (260400-975893338):3)
09-10 12:11:16.086  2905  9553 W BackendServiceUtil: 	at hxsi.execute(:com.google.android.gms@263363035@26.33.63 (260400-975893338):34)
09-10 12:11:16.086  2905  9553 W BackendServiceUtil: 	at ibpc.execute(:com.google.android.gms@263363035@26.33.63 (260400-975893338):10)
09-10 12:11:16.086  2905  9553 W BackendServiceUtil: 	at ibpr.a(:com.google.android.gms@263363035@26.33.63 (260400-975893338):10)
09-10 12:11:16.086  2905  9553 W BackendServiceUtil: 	at ibnr.a(:com.google.android.gms@263363035@26.33.63 (260400-975893338):75)
09-10 12:11:16.086  2905  9553 W BackendServiceUtil: 	at ibpx.f(:com.google.android.gms@263363035@26.33.63 (260400-975893338):93)
09-10 12:11:16.086  2905  9553 W BackendServiceUtil: 	at ibpx.h(:com.google.android.gms@263363035@26.33.63 (260400-975893338):23)
09-10 12:11:16.086  2905  9553 W BackendServiceUtil: 	at ibpx.a(:com.google.android.gms@263363035@26.33.63 (260400-975893338):8)
09-10 12:11:16.086  2905  9553 W BackendServiceUtil: 	at ibqg.run(:com.google.android.gms@263363035@26.33.63 (260400-975893338):9)
09-10 12:11:16.086  2905  9553 W BackendServiceUtil: 	at ibqi.e(:com.google.android.gms@263363035@26.33.63 (260400-975893338):22)
09-10 12:11:16.086  2905  9553 W BackendServiceUtil: 	at ibqi.a(:com.google.android.gms@263363035@26.33.63 (260400-975893338):6)
09-10 12:11:16.086  2905  9553 W BackendServiceUtil: 	at ibpo.run(:com.google.android.gms@263363035@26.33.63 (260400-975893338):14)
09-10 12:11:16.086  2905  9553 W BackendServiceUtil: 	at ibpl.run(:com.google.android.gms@263363035@26.33.63 (260400-975893338):3)
09-10 12:11:16.086  2905  9553 W BackendServiceUtil: 	at hxsg.run(:com.google.android.gms@263363035@26.33.63 (260400-975893338):3)
09-10 12:11:16.086  2905  9553 W BackendServiceUtil: 	at hxsh.run(:com.google.android.gms@263363035@26.33.63 (260400-975893338):64)
09-10 12:11:16.086  2905  9553 W BackendServiceUtil: 	at hxqe.execute(:com.google.android.gms@263363035@26.33.63 (260400-975893338):1)
09-10 12:11:16.086  2905  9553 W BackendServiceUtil: 	at ibpt.execute(:com.google.android.gms@263363035@26.33.63 (260400-975893338):3)
09-10 12:11:16.086  2905  9553 W BackendServiceUtil: 	at hxsi.execute(:com.google.android.gms@263363035@26.33.63 (260400-975893338):34)
09-10 12:11:16.086  2905  9553 W BackendServiceUtil: 	at ibpc.execute(:com.google.android.gms@263363035@26.33.63 (260400-975893338):10)
09-10 12:11:16.086  2905  9553 W BackendServiceUtil: 	at ibpr.a(:com.google.android.gms@263363035@26.33.63 (260400-975893338):10)
09-10 12:11:16.086  2905  9553 W BackendServiceUtil: 	at ibpx.f(:com.google.android.gms@263363035@26.33.63 (260400-975893338):93)
09-10 12:11:16.086  2905  9553 W BackendServiceUtil: 	at ibpx.h(:com.google.android.gms@263363035@26.33.63 (260400-975893338):23)
09-10 12:11:16.086  2905  9553 W BackendServiceUtil: 	at ibpx.a(:com.google.android.gms@263363035@26.33.63 (260400-975893338):8)
09-10 12:11:16.088  2905  9553 W BackendServiceUtil: 	at ibqg.run(:com.google.android.gms@263363035@26.33.63 (260400-975893338):9)
09-10 12:11:16.088  2905  9553 W BackendServiceUtil: 	at ibqi.e(:com.google.android.gms@263363035@26.33.63 (260400-975893338):22)
09-10 12:11:16.088  2905  9553 W BackendServiceUtil: 	at ibqi.a(:com.google.android.gms@263363035@26.33.63 (260400-975893338):6)
09-10 12:11:16.088  2905  9553 W BackendServiceUtil: 	at ibpo.run(:com.google.android.gms@263363035@26.33.63 (260400-975893338):14)
09-10 12:11:16.088  2905  9553 W BackendServiceUtil: 	at ibpl.run(:com.google.android.gms@263363035@26.33.63 (260400-975893338):3)
09-10 12:11:16.088  2905  9553 W BackendServiceUtil: 	at hxsg.run(:com.google.android.gms@263363035@26.33.63 (260400-975893338):3)
09-10 12:11:16.088  2905  9553 W BackendServiceUtil: 	at hxsh.run(:com.google.android.gms@263363035@26.33.63 (260400-975893338):64)
09-10 12:11:16.088  2905  9553 W BackendServiceUtil: 	at hxqe.execute(:com.google.android.gms@263363035@26.33.63 (260400-975893338):1)
09-10 12:11:16.088  2905  9553 W BackendServiceUtil: 	at ibpt.execute(:com.google.android.gms@263363035@26.33.63 (260400-975893338):3)
09-10 12:11:16.088  2905  9553 W BackendServiceUtil: 	at hxsi.execute(:com.google.android.gms@263363035@26.33.63 (260400-975893338):34)
09-10 12:11:16.088  2905  9553 W BackendServiceUtil: 	at ibpc.execute(:com.google.android.gms@263363035@26.33.63 (260400-975893338):10)
09-10 12:11:16.088  2905  9553 W BackendServiceUtil: 	at ibpr.a(:com.google.android.gms@263363035@26.33.63 (260400-975893338):10)
09-10 12:11:16.088  2905  9553 W BackendServiceUtil: 	at ibpx.f(:com.google.android.gms@263363035@26.33.63 (260400-975893338):93)
09-10 12:11:16.088  2905  9553 W BackendServiceUtil: 	at ibpx.h(:com.google.android.gms@263363035@26.33.63 (260400-975893338):23)
09-10 12:11:16.088  2905  9553 W BackendServiceUtil: 	at ibpx.a(:com.google.android.gms@263363035@26.33.63 (260400-975893338):8)
09-10 12:11:16.088  2905  9553 W BackendServiceUtil: 	at ibqg.run(:com.google.android.gms@263363035@26.33.63 (260400-975893338):9)
09-10 12:11:16.088  2905  9553 W BackendServiceUtil: 	at hotj.run(:com.google.android.gms@263363035@26.33.63 (260400-975893338):13)
09-10 12:11:16.088  2905  9553 W BackendServiceUtil: 	at ibqi.e(:com.google.android.gms@263363035@26.33.63 (260400-975893338):18)
09-10 12:11:16.088  2905  9553 W BackendServiceUtil: 	at ibqi.a(:com.google.android.gms@263363035@26.33.63 (260400-975893338):6)
09-10 12:11:16.088  2905  9553 W BackendServiceUtil: 	at ibpo.run(:com.google.android.gms@263363035@26.33.63 (260400-975893338):14)
09-10 12:11:16.088  2905  9553 W BackendServiceUtil: 	at ibpl.run(:com.google.android.gms@263363035@26.33.63 (260400-975893338):3)
09-10 12:11:16.088  2905  9553 W BackendServiceUtil: 	at hxsg.run(:com.google.android.gms@263363035@26.33.63 (260400-975893338):3)
09-10 12:11:16.088  2905  9553 W BackendServiceUtil: 	at hxsh.run(:com.google.android.gms@263363035@26.33.63 (260400-975893338):64)
09-10 12:11:16.088  2905  9553 W BackendServiceUtil: 	at hxqe.execute(:com.google.android.gms@263363035@26.33.63 (260400-975893338):1)
09-10 12:11:16.088  2905  9553 W BackendServiceUtil: 	at ibpt.execute(:com.google.android.gms@263363035@26.33.63 (260400-975893338):3)
09-10 12:11:16.088  2905  9553 W BackendServiceUtil: 	at hxsi.execute(:com.google.android.gms@263363035@26.33.63 (260400-975893338):34)
09-10 12:11:16.088  2905  9553 W BackendServiceUtil: 	at ibpc.execute(:com.google.android.gms@263363035@26.33.63 (260400-975893338):10)
09-10 12:11:16.088  2905  9553 W BackendServiceUtil: 	at ibpr.a(:com.google.android.gms@263363035@26.33.63 (260400-975893338):10)
09-10 12:11:16.088  2905  9553 W BackendServiceUtil: 	at juym.a(:com.google.android.gms@263363035@26.33.63 (260400-975893338):3)
09-10 12:11:16.088  2905  9553 W BackendServiceUtil: 	at djil.a(:com.google.android.gms@263363035@26.33.63 (260400-975893338):17)
09-10 12:11:16.088  2905  9553 W BackendServiceUtil: 	at juym.a(:com.google.android.gms@263363035@26.33.63 (260400-975893338):3)
09-10 12:11:16.088  2905  9553 W BackendServiceUtil: 	at gpxk.a(:com.google.android.gms@263363035@26.33.63 (260400-975893338):64)
09-10 12:11:16.088  2905  9553 W BackendServiceUtil: 	at jvgl.h(:com.google.android.gms@263363035@26.33.63 (260400-975893338):1)
09-10 12:11:16.088  2905  9553 W BackendServiceUtil: 	at jvgi.a(:com.google.android.gms@263363035@26.33.63 (260400-975893338):28)
09-10 12:11:16.088  2905  9553 W BackendServiceUtil: 	at jvhe.run(:com.google.android.gms@263363035@26.33.63 (260400-975893338):7)
09-10 12:11:16.088  2905  9553 W BackendServiceUtil: 	at jvqz.run(:com.google.android.gms@263363035@26.33.63 (260400-975893338):18)
09-10 12:11:16.088  2905  9553 W BackendServiceUtil: 	at bnuj.d(:com.google.android.gms@263363035@26.33.63 (260400-975893338):50)
09-10 12:11:16.088  2905  9553 W BackendServiceUtil: 	at bnuj.c(:com.google.android.gms@263363035@26.33.63 (260400-975893338):6)
09-10 12:11:16.088  2905  9553 W BackendServiceUtil: 	at bnuj.run(:com.google.android.gms@263363035@26.33.63 (260400-975893338):33)
09-10 12:11:16.088  2905  9553 W BackendServiceUtil: 	at java.util.concurrent.ThreadPoolExecutor.runWorker(ThreadPoolExecutor.java:1100)
09-10 12:11:16.088  2905  9553 W BackendServiceUtil: 	at java.util.concurrent.ThreadPoolExecutor$Worker.run(ThreadPoolExecutor.java:624)
09-10 12:11:16.088  2905  9553 W BackendServiceUtil: 	at boaj.run(:com.google.android.gms@263363035@26.33.63 (260400-975893338):8)
09-10 12:11:16.088  2905  9553 W BackendServiceUtil: 	at java.lang.Thread.run(Thread.java:1571)
09-10 12:11:16.088  2905  9553 W BackendServiceUtil: Caused by: m1.kx: Exception in BidirectionalStream: net::ERR_CONNECTION_CLOSED, ErrorCode=5, InternalErrorCode=-100, Retryable=true, QuicDetailedErrorCode=25, Source=2
09-10 12:11:16.088  2905  9553 W BackendServiceUtil: 	at org.chromium.net.impl.CronetBidirectionalStream.onError(:com.google.android.gms.dynamite_cronetdynamite@263363035@26.33.63 (260400-0):48)
09-10 12:11:16.101  2905  9553 E LocationReportUplIntOp: Failed uploading sightings batch [owner: true]. [CONTEXT service_id=284 ]
09-10 12:11:16.101  2905  9553 E LocationReportUplIntOp: cbxd: juzq: UNAVAILABLE
09-10 12:11:16.101  2905  9553 E LocationReportUplIntOp: 	at cbvm.a(:com.google.android.gms@263363035@26.33.63 (260400-975893338):43)
09-10 12:11:16.101  2905  9553 E LocationReportUplIntOp: 	at hotl.a(:com.google.android.gms@263363035@26.33.63 (260400-975893338):17)
09-10 12:11:16.101  2905  9553 E LocationReportUplIntOp: 	at hxnu.d(:com.google.android.gms@263363035@26.33.63 (260400-975893338):3)
09-10 12:11:16.101  2905  9553 E LocationReportUplIntOp: 	at hxnw.run(:com.google.android.gms@263363035@26.33.63 (260400-975893338):139)
09-10 12:11:16.101  2905  9553 E LocationReportUplIntOp: 	at hxqe.execute(:com.google.android.gms@263363035@26.33.63 (260400-975893338):1)
09-10 12:11:16.101  2905  9553 E LocationReportUplIntOp: 	at hxoe.f(:com.google.android.gms@263363035@26.33.63 (260400-975893338):1)
09-10 12:11:16.101  2905  9553 E LocationReportUplIntOp: 	at hxoe.m(:com.google.android.gms@263363035@26.33.63 (260400-975893338):101)
09-10 12:11:16.101  2905  9553 E LocationReportUplIntOp: 	at hxoe.s(:com.google.android.gms@263363035@26.33.63 (260400-975893338):28)
09-10 12:11:16.101  2905  9553 E LocationReportUplIntOp: 	at hxnw.run(:com.google.android.gms@263363035@26.33.63 (260400-975893338):169)
09-10 12:11:16.101  2905  9553 E LocationReportUplIntOp: 	at hxqe.execute(:com.google.android.gms@263363035@26.33.63 (260400-975893338):1)
09-10 12:11:16.101  2905  9553 E LocationReportUplIntOp: 	at hxoe.f(:com.google.android.gms@263363035@26.33.63 (260400-975893338):1)
09-10 12:11:16.101  2905  9553 E LocationReportUplIntOp: 	at hxoe.m(:com.google.android.gms@263363035@26.33.63 (260400-975893338):101)
09-10 12:11:16.101  2905  9553 E LocationReportUplIntOp: 	at hxoe.s(:com.google.android.gms@263363035@26.33.63 (260400-975893338):28)
09-10 12:11:16.101  2905  9553 E LocationReportUplIntOp: 	at hxnw.run(:com.google.android.gms@263363035@26.33.63 (260400-975893338):169)
09-10 12:11:16.101  2905  9553 E LocationReportUplIntOp: 	at hxqe.execute(:com.google.android.gms@263363035@26.33.63 (260400-975893338):1)
09-10 12:11:16.101  2905  9553 E LocationReportUplIntOp: 	at hxoe.f(:com.google.android.gms@263363035@26.33.63 (260400-975893338):1)
09-10 12:11:16.101  2905  9553 E LocationReportUplIntOp: 	at hxoe.m(:com.google.android.gms@263363035@26.33.63 (260400-975893338):101)
09-10 12:11:16.101  2905  9553 E LocationReportUplIntOp: 	at hxoe.q(:com.google.android.gms@263363035@26.33.63 (260400-975893338):16)
09-10 12:11:16.101  2905  9553 E LocationReportUplIntOp: 	at hxoq.run(:com.google.android.gms@263363035@26.33.63 (260400-975893338):86)
09-10 12:11:16.101  2905  9553 E LocationReportUplIntOp: 	at hxqe.execute(:com.google.android.gms@263363035@26.33.63 (260400-975893338):1)
09-10 12:11:16.101  2905  9553 E LocationReportUplIntOp: 	at hxoe.f(:com.google.android.gms@263363035@26.33.63 (260400-975893338):1)
09-10 12:11:16.101  2905  9553 E LocationReportUplIntOp: 	at hxoe.m(:com.google.android.gms@263363035@26.33.63 (260400-975893338):101)
09-10 12:11:16.101  2905  9553 E LocationReportUplIntOp: 	at hxoe.q(:com.google.android.gms@263363035@26.33.63 (260400-975893338):16)
09-10 12:11:16.101  2905  9553 E LocationReportUplIntOp: 	at jvxo.a(:com.google.android.gms@263363035@26.33.63 (260400-975893338):44)
09-10 12:11:16.101  2905  9553 E LocationReportUplIntOp: 	at ibpx.f(:com.google.android.gms@263363035@26.33.63 (260400-975893338):93)
09-10 12:11:16.101  2905  9553 E LocationReportUplIntOp: 	at ibpx.h(:com.google.android.gms@263363035@26.33.63 (260400-975893338):23)
09-10 12:11:16.101  2905  9553 E LocationReportUplIntOp: 	at ibpx.a(:com.google.android.gms@263363035@26.33.63 (260400-975893338):8)
09-10 12:11:16.101  2905  9553 E LocationReportUplIntOp: 	at ibqg.run(:com.google.android.gms@263363035@26.33.63 (260400-975893338):9)
09-10 12:11:16.101  2905  9553 E LocationReportUplIntOp: 	at ibqi.e(:com.google.android.gms@263363035@26.33.63 (260400-975893338):22)
09-10 12:11:16.101  2905  9553 E LocationReportUplIntOp: 	at ibqi.a(:com.google.android.gms@263363035@26.33.63 (260400-975893338):6)
09-10 12:11:16.101  2905  9553 E LocationReportUplIntOp: 	at ibpo.run(:com.google.android.gms@263363035@26.33.63 (260400-975893338):14)
09-10 12:11:16.101  2905  9553 E LocationReportUplIntOp: 	at ibpl.run(:com.google.android.gms@263363035@26.33.63 (260400-975893338):3)
09-10 12:11:16.101  2905  9553 E LocationReportUplIntOp: 	at hxsg.run(:com.google.android.gms@263363035@26.33.63 (260400-975893338):3)
09-10 12:11:16.101  2905  9553 E LocationReportUplIntOp: 	at hxsh.run(:com.google.android.gms@263363035@26.33.63 (260400-975893338):64)
09-10 12:11:16.101  2905  9553 E LocationReportUplIntOp: 	at hxqe.execute(:com.google.android.gms@263363035@26.33.63 (260400-975893338):1)
09-10 12:11:16.101  2905  9553 E LocationReportUplIntOp: 	at ibpt.execute(:com.google.android.gms@263363035@26.33.63 (260400-975893338):3)
09-10 12:11:16.101  2905  9553 E LocationReportUplIntOp: 	at hxsi.execute(:com.google.android.gms@263363035@26.33.63 (260400-975893338):34)
09-10 12:11:16.101  2905  9553 E LocationReportUplIntOp: 	at ibpc.execute(:com.google.android.gms@263363035@26.33.63 (260400-975893338):10)
09-10 12:11:16.101  2905  9553 E LocationReportUplIntOp: 	at ibpr.a(:com.google.android.gms@263363035@26.33.63 (260400-975893338):10)
09-10 12:11:16.101  2905  9553 E LocationReportUplIntOp: 	at ibpx.f(:com.google.android.gms@263363035@26.33.63 (260400-975893338):93)
09-10 12:11:16.101  2905  9553 E LocationReportUplIntOp: 	at ibpx.h(:com.google.android.gms@263363035@26.33.63 (260400-975893338):23)
09-10 12:11:16.101  2905  9553 E LocationReportUplIntOp: 	at ibpx.a(:com.google.android.gms@263363035@26.33.63 (260400-975893338):8)
09-10 12:11:16.101  2905  9553 E LocationReportUplIntOp: 	at ibqg.run(:com.google.android.gms@263363035@26.33.63 (260400-975893338):9)
09-10 12:11:16.101  2905  9553 E LocationReportUplIntOp: 	at ibqi.e(:com.google.android.gms@263363035@26.33.63 (260400-975893338):22)
09-10 12:11:16.101  2905  9553 E LocationReportUplIntOp: 	at ibqi.a(:com.google.android.gms@263363035@26.33.63 (260400-975893338):6)
09-10 12:11:16.101  2905  9553 E LocationReportUplIntOp: 	at ibpo.run(:com.google.android.gms@263363035@26.33.63 (260400-975893338):14)
09-10 12:11:16.101  2905  9553 E LocationReportUplIntOp: 	at ibpl.run(:com.google.android.gms@263363035@26.33.63 (260400-975893338):3)
09-10 12:11:16.101  2905  9553 E LocationReportUplIntOp: 	at hxsg.run(:com.google.android.gms@263363035@26.33.63 (260400-975893338):3)
09-10 12:11:16.101  2905  9553 E LocationReportUplIntOp: 	at hxsh.run(:com.google.android.gms@263363035@26.33.63 (260400-975893338):64)
09-10 12:11:16.104  2905  9553 E LocationReportUplIntOp: 	at hxqe.execute(:com.google.android.gms@263363035@26.33.63 (260400-975893338):1)
09-10 12:11:16.104  2905  9553 E LocationReportUplIntOp: 	at ibpt.execute(:com.google.android.gms@263363035@26.33.63 (260400-975893338):3)
09-10 12:11:16.104  2905  9553 E LocationReportUplIntOp: 	at hxsi.execute(:com.google.android.gms@263363035@26.33.63 (260400-975893338):34)
09-10 12:11:16.104  2905  9553 E LocationReportUplIntOp: 	at ibpc.execute(:com.google.android.gms@263363035@26.33.63 (260400-975893338):10)
09-10 12:11:16.104  2905  9553 E LocationReportUplIntOp: 	at ibpr.a(:com.google.android.gms@263363035@26.33.63 (260400-975893338):10)
09-10 12:11:16.104  2905  9553 E LocationReportUplIntOp: 	at ibnr.a(:com.google.android.gms@263363035@26.33.63 (260400-975893338):75)
09-10 12:11:16.104  2905  9553 E LocationReportUplIntOp: 	at ibpx.f(:com.google.android.gms@263363035@26.33.63 (260400-975893338):93)
09-10 12:11:16.104  2905  9553 E LocationReportUplIntOp: 	at ibpx.h(:com.google.android.gms@263363035@26.33.63 (260400-975893338):23)
09-10 12:11:16.104  2905  9553 E LocationReportUplIntOp: 	at ibpx.a(:com.google.android.gms@263363035@26.33.63 (260400-975893338):8)
09-10 12:11:16.104  2905  9553 E LocationReportUplIntOp: 	at ibqg.run(:com.google.android.gms@263363035@26.33.63 (260400-975893338):9)
09-10 12:11:16.104  2905  9553 E LocationReportUplIntOp: 	at ibqi.e(:com.google.android.gms@263363035@26.33.63 (260400-975893338):22)
09-10 12:11:16.104  2905  9553 E LocationReportUplIntOp: 	at ibqi.a(:com.google.android.gms@263363035@26.33.63 (260400-975893338):6)
09-10 12:11:16.104  2905  9553 E LocationReportUplIntOp: 	at ibpo.run(:com.google.android.gms@263363035@26.33.63 (260400-975893338):14)
09-10 12:11:16.104  2905  9553 E LocationReportUplIntOp: 	at ibpl.run(:com.google.android.gms@263363035@26.33.63 (260400-975893338):3)
09-10 12:11:16.104  2905  9553 E LocationReportUplIntOp: 	at hxsg.run(:com.google.android.gms@263363035@26.33.63 (260400-975893338):3)
09-10 12:11:16.104  2905  9553 E LocationReportUplIntOp: 	at hxsh.run(:com.google.android.gms@263363035@26.33.63 (260400-975893338):64)
09-10 12:11:16.104  2905  9553 E LocationReportUplIntOp: 	at hxqe.execute(:com.google.android.gms@263363035@26.33.63 (260400-975893338):1)
09-10 12:11:16.104  2905  9553 E LocationReportUplIntOp: 	at ibpt.execute(:com.google.android.gms@263363035@26.33.63 (260400-975893338):3)
09-10 12:11:16.104  2905  9553 E LocationReportUplIntOp: 	at hxsi.execute(:com.google.android.gms@263363035@26.33.63 (260400-975893338):34)
09-10 12:11:16.104  2905  9553 E LocationReportUplIntOp: 	at ibpc.execute(:com.google.android.gms@263363035@26.33.63 (260400-975893338):10)
09-10 12:11:16.104  2905  9553 E LocationReportUplIntOp: 	at ibpr.a(:com.google.android.gms@263363035@26.33.63 (260400-975893338):10)
09-10 12:11:16.104  2905  9553 E LocationReportUplIntOp: 	at ibpx.f(:com.google.android.gms@263363035@26.33.63 (260400-975893338):93)
09-10 12:11:16.104  2905  9553 E LocationReportUplIntOp: 	at ibpx.h(:com.google.android.gms@263363035@26.33.63 (260400-975893338):23)
09-10 12:11:16.104  2905  9553 E LocationReportUplIntOp: 	at ibpx.a(:com.google.android.gms@263363035@26.33.63 (260400-975893338):8)
09-10 12:11:16.104  2905  9553 E LocationReportUplIntOp: 	at ibqg.run(:com.google.android.gms@263363035@26.33.63 (260400-975893338):9)
09-10 12:11:16.104  2905  9553 E LocationReportUplIntOp: 	at ibqi.e(:com.google.android.gms@263363035@26.33.63 (260400-975893338):22)
09-10 12:11:16.104  2905  9553 E LocationReportUplIntOp: 	at ibqi.a(:com.google.android.gms@263363035@26.33.63 (260400-975893338):6)
09-10 12:11:16.104  2905  9553 E LocationReportUplIntOp: 	at ibpo.run(:com.google.android.gms@263363035@26.33.63 (260400-975893338):14)
09-10 12:11:16.104  2905  9553 E LocationReportUplIntOp: 	at ibpl.run(:com.google.android.gms@263363035@26.33.63 (260400-975893338):3)
09-10 12:11:16.104  2905  9553 E LocationReportUplIntOp: 	at hxsg.run(:com.google.android.gms@263363035@26.33.63 (260400-975893338):3)
09-10 12:11:16.104  2905  9553 E LocationReportUplIntOp: 	at hxsh.run(:com.google.android.gms@263363035@26.33.63 (260400-975893338):64)
09-10 12:11:16.104  2905  9553 E LocationReportUplIntOp: 	at hxqe.execute(:com.google.android.gms@263363035@26.33.63 (260400-975893338):1)
09-10 12:11:16.104  2905  9553 E LocationReportUplIntOp: 	at ibpt.execute(:com.google.android.gms@263363035@26.33.63 (260400-975893338):3)
09-10 12:11:16.104  2905  9553 E LocationReportUplIntOp: 	at hxsi.execute(:com.google.android.gms@263363035@26.33.63 (260400-975893338):34)
09-10 12:11:16.104  2905  9553 E LocationReportUplIntOp: 	at ibpc.execute(:com.google.android.gms@263363035@26.33.63 (260400-975893338):10)
09-10 12:11:16.104  2905  9553 E LocationReportUplIntOp: 	at ibpr.a(:com.google.android.gms@263363035@26.33.63 (260400-975893338):10)
09-10 12:11:16.104  2905  9553 E LocationReportUplIntOp: 	at ibpx.f(:com.google.android.gms@263363035@26.33.63 (260400-975893338):93)
09-10 12:11:16.104  2905  9553 E LocationReportUplIntOp: 	at ibpx.h(:com.google.android.gms@263363035@26.33.63 (260400-975893338):23)
09-10 12:11:16.104  2905  9553 E LocationReportUplIntOp: 	at ibpx.a(:com.google.android.gms@263363035@26.33.63 (260400-975893338):8)
09-10 12:11:16.104  2905  9553 E LocationReportUplIntOp: 	at ibqg.run(:com.google.android.gms@263363035@26.33.63 (260400-975893338):9)
09-10 12:11:16.104  2905  9553 E LocationReportUplIntOp: 	at hotj.run(:com.google.android.gms@263363035@26.33.63 (260400-975893338):13)
09-10 12:11:16.104  2905  9553 E LocationReportUplIntOp: 	at ibqi.e(:com.google.android.gms@263363035@26.33.63 (260400-975893338):18)
09-10 12:11:16.104  2905  9553 E LocationReportUplIntOp: 	at ibqi.a(:com.google.android.gms@263363035@26.33.63 (260400-975893338):6)
09-10 12:11:16.104  2905  9553 E LocationReportUplIntOp: 	at ibpo.run(:com.google.android.gms@263363035@26.33.63 (260400-975893338):14)
09-10 12:11:16.104  2905  9553 E LocationReportUplIntOp: 	at ibpl.run(:com.google.android.gms@263363035@26.33.63 (260400-975893338):3)
09-10 12:11:16.104  2905  9553 E LocationReportUplIntOp: 	at hxsg.run(:com.google.android.gms@263363035@26.33.63 (260400-975893338):3)
09-10 12:11:16.104  2905  9553 E LocationReportUplIntOp: 	at hxsh.run(:com.google.android.gms@263363035@26.33.63 (260400-975893338):64)
09-10 12:11:16.104  2905  9553 E LocationReportUplIntOp: 	at hxqe.execute(:com.google.android.gms@263363035@26.33.63 (260400-975893338):1)
09-10 12:11:16.104  2905  9553 E LocationReportUplIntOp: 	at ibpt.execute(:com.google.android.gms@263363035@26.33.63 (260400-975893338):3)
09-10 12:11:16.104  2905  9553 E LocationReportUplIntOp: 	at hxsi.execute(:com.google.android.gms@263363035@26.33.63 (260400-975893338):34)
09-10 12:11:16.107  2905  9553 E LocationReportUplIntOp: 	at ibpc.execute(:com.google.android.gms@263363035@26.33.63 (260400-975893338):10)
09-10 12:11:16.107  2905  9553 E LocationReportUplIntOp: 	at ibpr.a(:com.google.android.gms@263363035@26.33.63 (260400-975893338):10)
09-10 12:11:16.107  2905  9553 E LocationReportUplIntOp: 	at juym.a(:com.google.android.gms@263363035@26.33.63 (260400-975893338):3)
09-10 12:11:16.107  2905  9553 E LocationReportUplIntOp: 	at djil.a(:com.google.android.gms@263363035@26.33.63 (260400-975893338):17)
09-10 12:11:16.107  2905  9553 E LocationReportUplIntOp: 	at juym.a(:com.google.android.gms@263363035@26.33.63 (260400-975893338):3)
09-10 12:11:16.107  2905  9553 E LocationReportUplIntOp: 	at gpxk.a(:com.google.android.gms@263363035@26.33.63 (260400-975893338):64)
09-10 12:11:16.107  2905  9553 E LocationReportUplIntOp: 	at jvgl.h(:com.google.android.gms@263363035@26.33.63 (260400-975893338):1)
09-10 12:11:16.107  2905  9553 E LocationReportUplIntOp: 	at jvgi.a(:com.google.android.gms@263363035@26.33.63 (260400-975893338):28)
09-10 12:11:16.107  2905  9553 E LocationReportUplIntOp: 	at jvhe.run(:com.google.android.gms@263363035@26.33.63 (260400-975893338):7)
09-10 12:11:16.107  2905  9553 E LocationReportUplIntOp: 	at jvqz.run(:com.google.android.gms@263363035@26.33.63 (260400-975893338):18)
09-10 12:11:16.107  2905  9553 E LocationReportUplIntOp: 	at bnuj.d(:com.google.android.gms@263363035@26.33.63 (260400-975893338):50)
09-10 12:11:16.107  2905  9553 E LocationReportUplIntOp: 	at bnuj.c(:com.google.android.gms@263363035@26.33.63 (260400-975893338):6)
09-10 12:11:16.107  2905  9553 E LocationReportUplIntOp: 	at bnuj.run(:com.google.android.gms@263363035@26.33.63 (260400-975893338):33)
09-10 12:11:16.107  2905  9553 E LocationReportUplIntOp: 	at java.util.concurrent.ThreadPoolExecutor.runWorker(ThreadPoolExecutor.java:1100)
09-10 12:11:16.107  2905  9553 E LocationReportUplIntOp: 	at java.util.concurrent.ThreadPoolExecutor$Worker.run(ThreadPoolExecutor.java:624)
09-10 12:11:16.107  2905  9553 E LocationReportUplIntOp: 	at boaj.run(:com.google.android.gms@263363035@26.33.63 (260400-975893338):8)
09-10 12:11:16.107  2905  9553 E LocationReportUplIntOp: 	at java.lang.Thread.run(Thread.java:1571)
09-10 12:11:16.107  2905  9553 E LocationReportUplIntOp: Caused by: juzq: UNAVAILABLE
09-10 12:11:16.107  2905  9553 E LocationReportUplIntOp: 	at cbvm.a(:com.google.android.gms@263363035@26.33.63 (260400-975893338):40)
09-10 12:11:16.107  2905  9553 E LocationReportUplIntOp: 	... 115 more
09-10 12:11:16.107  2905  9553 E LocationReportUplIntOp: Caused by: m1.kx: Exception in BidirectionalStream: net::ERR_CONNECTION_CLOSED, ErrorCode=5, InternalErrorCode=-100, Retryable=true, QuicDetailedErrorCode=25, Source=2
09-10 12:11:16.107  2905  9553 E LocationReportUplIntOp: 	at org.chromium.net.impl.CronetBidirectionalStream.onError(:com.google.android.gms.dynamite_cronetdynamite@263363035@26.33.63 (260400-0):48)
09-10 12:11:17.323  2165  2185 I pixel-thermal: usb_pwr_therm2:38.895 raw data: usb_pwr_therm2:38895 
09-10 12:11:19.331  2165  2185 I pixel-thermal: usb_pwr_therm2:38.895 raw data: usb_pwr_therm2:38895 
09-10 12:11:19.963  2643  2672 I Tethering: [BpfCoordinator] onAlertReached
09-10 12:11:20.282  2678  2916 D ImpulseConnection: timeout didn't happen: com.google.android.apps.turbo
09-10 12:11:20.291  2678  3566 D TemperatureStateSource: sequence=3689 actualDelay=10000
09-10 12:11:20.292  2678  3566 D TemperatureStateSource: Reading temperature: sequence=3690
09-10 12:11:20.296  2165  2165 I pixel-thermal: VIRTUAL-SKIN:39.5859 raw data: VIRTUAL-NEUTRAL:39211.6 VIRTUAL-NEUTRAL-SKIN2:39585.9 VIRTUAL-QUIET-NEUTRAL:39511.8 VIRTUAL-SKIN:39585.9 disp_therm:38828 gnss_tcxo_therm:38628 neutral_therm:37626 quiet_therm:40320 skin_therm1:39051 skin_therm2:44159 
09-10 12:11:20.297  2678  3566 D TemperatureStateSource: getDeviceTemperatures: sequence=3690 deviceTemperatureType=3 temperatureSource=0 temperatures=[39.5859]
09-10 12:11:20.297  2678  3566 D TemperatureStateSource: sequence=3690 waitTime=10000
09-10 12:11:20.299  2678  2790 D ImpulseStateSource: Notify clients: 3709
09-10 12:11:21.290  2828  2828 D TelephonyManager: requestModemActivityInfo: Sending result to app: ModemActivityInfo{ mTimestamp=64898159 mSleepTimeMs=43478495 mIdleTimeMs=2081931 mActivityStatsTechSpecificInfo=[{mRat=UNKNOWN,mFrequencyRange=UNKNOWN,mTxTimeMs[]=[319562, 524607, 859529, 157439, 1457074],mRxTimeMs=18381572}]}
09-10 12:11:21.336  2165  2185 I pixel-thermal: usb_pwr_therm2:38.962 raw data: usb_pwr_therm2:38962 
09-10 12:11:22.070  2165  2185 I pixel-thermal: VIRTUAL-USB-UI:0 raw data: USB2-MINUS-CHG:-4510 VIRTUAL-USB-UI:0 charger_skin_therm:43472 usb_pwr_therm2:38962 
09-10 12:11:22.071  2165  2185 I pixel-thermal: cellular-emergency:39.5859 raw data: VIRTUAL-SKIN:39585.9 cellular-emergency:39585.9 
09-10 12:11:22.071  2165  2185 I pixel-thermal: VIRTUAL-USB-THROTTLING:0 raw data: USB2-MINUS-CHG:-4510 VIRTUAL-USB-THROTTLING:0 usb_pwr_therm2:38962 
09-10 12:11:22.072  2165  2185 I pixel-thermal: VIRTUAL-SKIN-CPU:39.5859 raw data: VIRTUAL-SKIN:39585.9 VIRTUAL-SKIN-CPU:39585.9 
09-10 12:11:22.072  2165  2185 I pixel-thermal: VIRTUAL-SKIN-CPU power_budget=1359.46 err=1.4141 s_power=800 time_elapsed_ms=7005 p=565.64 i=-6.17836 d=0 dt_per_min=nan compensation=0 budget transient=0 control target=3 excluded power budget=0
09-10 12:11:22.072  2165  2185 I pixel-thermal: VIRTUAL-SKIN-CPU binded power rails: (S4M_VDD_CPUCL0: 35.51 mW)(S2M_VDD_CPUCL2: 24.89 mW)(S3M_VDD_CPUCL1: 11.46 mW)
09-10 12:11:22.072  2165  2185 I pixel-thermal: neutral_therm:37.626 raw data: neutral_therm:37626 
09-10 12:11:22.073  2165  2185 I pixel-thermal: VIRTUAL-SKIN:39.5859 raw data: VIRTUAL-SKIN:39585.9 
09-10 12:11:22.073  2165  2185 I pixel-thermal: VIRTUAL-SKIN-CPU-GPU:39.5859 raw data: VIRTUAL-SKIN:39585.9 VIRTUAL-SKIN-CPU-GPU:39585.9 
09-10 12:11:22.073  2165  2185 I pixel-thermal: VIRTUAL-SKIN-CPU-GPU power_budget=2555.8 err=5.4141 s_power=800 time_elapsed_ms=7005 p=1624.23 i=131.571 d=0 dt_per_min=nan compensation=0 budget transient=0 control target=3 excluded power budget=0
09-10 12:11:22.073  2165  2185 I pixel-thermal: VIRTUAL-SKIN-CPU-GPU binded power rails: (S4M_VDD_CPUCL0: 35.51 mW)(S2M_VDD_CPUCL2: 24.89 mW)(S3M_VDD_CPUCL1: 11.46 mW)(S2S_VDD_G3D: 3.24 mW)
09-10 12:11:22.074  2165  2185 I pixel-thermal: VIRTUAL-SKIN-HINT:39.5859 raw data: VIRTUAL-SKIN:39585.9 VIRTUAL-SKIN-HINT:39585.9 
09-10 12:11:22.074  2165  2185 I pixel-thermal: VIRTUAL-SKIN-CHARGE:39.5859 raw data: VIRTUAL-SKIN:39585.9 VIRTUAL-SKIN-CHARGE:39585.9 
09-10 12:11:22.074  2165  2185 I pixel-thermal: VIRTUAL-SKIN-CHARGE's fcc binded power rail POWER_FOR_CHARGING_THROTTLING: power threshold = 500, avg power = 452.917
09-10 12:11:22.965  1821  2297 D ActivityManager: freezing 7768 com.whatsapp
09-10 12:11:22.967  1381 11847 D AudioFlinger: onStateChanged: pid:7768  uid:10299  state:frozen - no freeze activity
09-10 12:11:22.985  1821  2400 D InetDiagMessage: Destroyed 0 sockets, proto=IPPROTO_TCP, family=AF_INET, states=14
09-10 12:11:22.995  1821  2400 D InetDiagMessage: Destroyed 1 sockets, proto=IPPROTO_TCP, family=AF_INET6, states=14
09-10 12:11:22.995  1821  2400 D InetDiagMessage: Destroyed live tcp sockets for uids={10299} in 16ms
09-10 12:11:23.349  2165  2185 I pixel-thermal: usb_pwr_therm2:38.962 raw data: usb_pwr_therm2:38962 
09-10 12:11:24.514  2905  8621 I NearbyMediums: No BLE Fast/GATT advertisements found in the latest cycle.
09-10 12:11:24.514  2905  8621 I NearbyMediums: Current Tracked Scanning Clients are : {NearbyConnections.EnvironmentMonitor, NearbySharing, NearbyConnections.TxAdvertisement}
09-10 12:11:25.196  4772  5006 I ForwardSyncCache: reclaimMemory: Clearing caches
09-10 12:11:25.198  4772  5006 I BugleSpam: HadesBitmapStore: Purged 0 images during memory reclamation
09-10 12:11:25.202  4772  5006 W Bugle   : TextClassifierLibManagerImpl: Reclaiming memory at level: 40
09-10 12:11:25.358  2165  2185 I pixel-thermal: usb_pwr_therm2:38.962 raw data: usb_pwr_therm2:38962 
09-10 12:11:26.394  2905  2905 D BoundBrokerSvc: onUnbind: Intent { act=com.google.android.gms.onboardingconsent.api.ConsentManagerApiService.START dat=chimera-action:/... xflg=0x4 cmp=com.google.android.gms/.chimera.GmsApiService }
09-10 12:11:27.365  2165  2185 I pixel-thermal: usb_pwr_therm2:39.051 raw data: usb_pwr_therm2:39051 
09-10 12:11:28.370  2828  2828 D TelephonyManager: requestModemActivityInfo: Sending result to app: ModemActivityInfo{ mTimestamp=64905241 mSleepTimeMs=43478495 mIdleTimeMs=2081931 mActivityStatsTechSpecificInfo=[{mRat=UNKNOWN,mFrequencyRange=UNKNOWN,mTxTimeMs[]=[319562, 524612, 859559, 157597, 1458297],mRxTimeMs=18387232}]}
09-10 12:11:29.076  2165  2185 I pixel-thermal: VIRTUAL-USB-UI:1 raw data: USB2-MINUS-CHG:-4421 VIRTUAL-USB-UI:1 charger_skin_therm:43472 usb_pwr_therm2:39051 
09-10 12:11:29.078  2165  2185 I pixel-thermal: cellular-emergency:39.7009 raw data: VIRTUAL-NEUTRAL:39205.6 VIRTUAL-NEUTRAL-SKIN2:39596.2 VIRTUAL-QUIET-NEUTRAL:39700.9 VIRTUAL-SKIN:39700.9 cellular-emergency:39700.9 disp_therm:38895 gnss_tcxo_therm:38561 neutral_therm:37582 quiet_therm:40609 skin_therm1:39029 skin_therm2:44296 
09-10 12:11:29.078  2165  2185 I pixel-thermal: VIRTUAL-USB-THROTTLING:1 raw data: USB2-MINUS-CHG:-4421 VIRTUAL-USB-THROTTLING:1 usb_pwr_therm2:39051 
09-10 12:11:29.078  2165  2185 I pixel-thermal: VIRTUAL-SKIN-CPU:39.7009 raw data: VIRTUAL-SKIN:39700.9 VIRTUAL-SKIN-CPU:39700.9 
09-10 12:11:29.078  2165  2185 I pixel-thermal: VIRTUAL-SKIN-CPU power_budget=1313.46 err=1.2991 s_power=800 time_elapsed_ms=7008 p=519.64 i=-6.17836 d=-0 dt_per_min=nan compensation=0 budget transient=0 control target=3 excluded power budget=0
09-10 12:11:29.078  2165  2185 I pixel-thermal: VIRTUAL-SKIN-CPU binded power rails: (S4M_VDD_CPUCL0: 36.48 mW)(S2M_VDD_CPUCL2: 24.92 mW)(S3M_VDD_CPUCL1: 12.33 mW)
09-10 12:11:29.078  2165  2185 I pixel-thermal: neutral_therm:37.582 raw data: neutral_therm:37582 
09-10 12:11:29.079  2165  2185 I pixel-thermal: VIRTUAL-SKIN:39.7009 raw data: VIRTUAL-SKIN:39700.9 
09-10 12:11:29.079  2165  2185 I pixel-thermal: VIRTUAL-SKIN-CPU-GPU:39.7009 raw data: VIRTUAL-SKIN:39700.9 VIRTUAL-SKIN-CPU-GPU:39700.9 
09-10 12:11:29.079  2165  2185 I pixel-thermal: VIRTUAL-SKIN-CPU-GPU power_budget=2521.3 err=5.2991 s_power=800 time_elapsed_ms=7008 p=1589.73 i=131.571 d=-0 dt_per_min=nan compensation=0 budget transient=0 control target=3 excluded power budget=0
09-10 12:11:29.079  2165  2185 I pixel-thermal: VIRTUAL-SKIN-CPU-GPU binded power rails: (S4M_VDD_CPUCL0: 36.48 mW)(S2M_VDD_CPUCL2: 24.92 mW)(S3M_VDD_CPUCL1: 12.33 mW)(S2S_VDD_G3D: 3.22 mW)
09-10 12:11:29.079  2165  2185 I pixel-thermal: VIRTUAL-SKIN-HINT:39.7009 raw data: VIRTUAL-SKIN:39700.9 VIRTUAL-SKIN-HINT:39700.9 
09-10 12:11:29.079  2165  2185 I pixel-thermal: VIRTUAL-SKIN-CHARGE:39.7009 raw data: VIRTUAL-SKIN:39700.9 VIRTUAL-SKIN-CHARGE:39700.9 
09-10 12:11:29.079  2165  2185 I pixel-thermal: VIRTUAL-SKIN-CHARGE's fcc binded power rail POWER_FOR_CHARGING_THROTTLING: power threshold = 500, avg power = 453.902
09-10 12:11:29.373  2165  2185 I pixel-thermal: usb_pwr_therm2:39.051 raw data: usb_pwr_therm2:39051 
09-10 12:11:29.970  2643  2672 I Tethering: [BpfCoordinator] onAlertReached
09-10 12:11:30.300  2678  2790 D TemperatureStateSource: sequence=3690 actualDelay=10002
09-10 12:11:30.302  2678  2790 D TemperatureStateSource: Reading temperature: sequence=3691
09-10 12:11:30.306  2165  2165 I pixel-thermal: VIRTUAL-SKIN:39.7009 raw data: VIRTUAL-SKIN:39700.9 
09-10 12:11:30.307  2678  2790 D TemperatureStateSource: getDeviceTemperatures: sequence=3691 deviceTemperatureType=3 temperatureSource=0 temperatures=[39.7009]
09-10 12:11:30.307  2678  2790 D TemperatureStateSource: sequence=3691 waitTime=10000
09-10 12:11:30.310  2165  2165 I pixel-thermal: VIRTUAL-SKIN:39.7009 raw data: VIRTUAL-SKIN:39700.9 
09-10 12:11:30.311  2678  2790 I TemperatureStateSource: temperature was set
09-10 12:11:30.312  2678  2790 D ImpulseStateSource: Notify clients: 3710
09-10 12:11:30.895  1821  1923 D ActivityManager: sync unfroze 9686 com.ingka.ikea.app for 3
09-10 12:11:30.908  9686  9920 D WM-NetworkStateTracker: Network capabilities changed: [ Transports: CELLULAR Capabilities: SUPL&XCAP&INTERNET&NOT_RESTRICTED&TRUSTED&NOT_VPN&VALIDATED&NOT_ROAMING&FOREGROUND&NOT_CONGESTED&NOT_SUSPENDED&NOT_VCN_MANAGED&NOT_BANDWIDTH_CONSTRAINED LinkUpBandwidth>=11290Kbps LinkDnBandwidth>=20574Kbps Specifier: <TelephonyNetworkSpecifier [mSubId = 1]> SubscriptionIds: {1} UnderlyingNetworks: Null]
09-10 12:11:30.913  9686  9620 W JobInfo : Job 'com.ingka.ikea.app/com.google.android.gms.measurement.AppMeasurementJobService#-1033662992' has a deadline with functional constraints and an extremely short time window of 1000 ms (delay=1000, deadline=2000). The functional constraints are not likely to be satisfied when the job runs.
09-10 12:11:30.914  1821  2965 W JobInfo : Job 'com.ingka.ikea.app/com.google.android.gms.measurement.AppMeasurementJobService#-1033662992' has a deadline with functional constraints and an extremely short time window of 1000 ms (delay=1000, deadline=2000). The functional constraints are not likely to be satisfied when the job runs.
09-10 12:11:30.915  1821  2965 W JobInfo : Job 'com.ingka.ikea.app/com.google.android.gms.measurement.AppMeasurementJobService#-1033662992' has a deadline with functional constraints and an extremely short time window of 1000 ms (delay=1000, deadline=2000). The functional constraints are not likely to be satisfied when the job runs.
09-10 12:11:31.013  1821  2391 W NetworkPolicy: shared quota unsupported; generating rule for each iface
09-10 12:11:31.082  2905  2905 D BoundBrokerSvc: onBind: Intent { act=com.google.android.gms.measurement.START xflg=0x4 pkg=com.google.android.gms }
09-10 12:11:31.083  2905  2905 D BoundBrokerSvc: Loading bound service for intent: Intent { act=com.google.android.gms.measurement.START xflg=0x4 pkg=com.google.android.gms }
09-10 12:11:31.380  2165  2185 I pixel-thermal: usb_pwr_therm2:39.051 raw data: usb_pwr_therm2:39051 
09-10 12:11:32.141  2905  2905 D BoundBrokerSvc: onUnbind: Intent { act=com.google.android.gms.libs.gmscorelogger.service.START dat=chimera-action:/... xflg=0x4 cmp=com.google.android.gms/.chimera.PersistentDirectBootAwareApiService }
09-10 12:11:32.940  1821  1923 D ActivityManager: sync unfroze 5258 com.android.providers.calendar for 3
09-10 12:11:32.948  2542  2579 E PeopleSpaceWidgetMgr: Matching conversation not found for widget 6
09-10 12:11:32.948  2542  2579 W PeopleSpaceWidgetMgr: Storing null tile for widget 6
09-10 12:11:32.960  1821  2287 D ActivityManager: sync unfroze 8472 com.google.android.partnersetup for 6
09-10 12:11:32.981  5258  5263 W viders.calendar: Reducing the number of considered missed Gc histogram windows from 142 to 100
09-10 12:11:32.991  9686  9686 V FA      : AppMeasurementJobService is starting up.
09-10 12:11:33.005  1821  2432 D AppWidgetServiceImpl: Trying to notify widget update for package com.android.systemui with widget id: 6
09-10 12:11:33.006  2542  2579 E PeopleSpaceWidgetMgr: Invalid tile key finding tile for existing widget 7
09-10 12:11:33.006  2542  2579 E PeopleSpaceWidgetMgr: Matching conversation not found for widget 7
09-10 12:11:33.006  2542  2579 W PeopleSpaceWidgetMgr: Storing null tile for widget 7
09-10 12:11:33.006  2542  2579 E PeopleSpaceWidgetMgr: Invalid tile key updating widget 7
09-10 12:11:33.010  8472  8476 W id.partnersetup: Reducing the number of considered missed Gc histogram windows from 360 to 100
09-10 12:11:33.013  9686  9686 V FA      : onStartJob received action: com.google.android.gms.measurement.SCION_UPLOAD
09-10 12:11:33.014  1821  3047 W ProcessStats: Tracking association SourceState{5bcfe53 system/1000 ImpBg #56071} whose proc state 6 is better than process ProcessState{4d515d9 com.google.android.partnersetup/10181 pkg=com.google.android.partnersetup} proc state 14 (2 skipped)
09-10 12:11:33.015  1821  5937 D ActivityManager: sync unfroze 30867 android.process.acore for 7
09-10 12:11:33.021  2905  2905 D BoundBrokerSvc: onBind: Intent { act=com.google.android.gms.semanticlocationhistory.deidentifieddata.storevisits.StoreVisitsProcessingService.ACTION_TASK_READY dat=chimera-action:/... xflg=0x4 cmp=com.google.android.gms/.chimera.GmsInternalBoundBrokerService }
09-10 12:11:33.021  2905  2905 D BoundBrokerSvc: Loading bound service for intent: Intent { act=com.google.android.gms.semanticlocationhistory.deidentifieddata.storevisits.StoreVisitsProcessingService.ACTION_TASK_READY dat=chimera-action:/... xflg=0x4 cmp=com.google.android.gms/.chimera.GmsInternalBoundBrokerService }
09-10 12:11:33.023  2905  9550 I NetworkScheduler.Stats: (REDACTED) Task %s/%s started execution. cause:%s exec_start_elapsed_seconds: %s
09-10 12:11:33.031  9686  9626 V FA      : [sgtm] AppMeasurementJobService processed last Scion upload request.
09-10 12:11:33.036  1821  1836 I system_server: Background young concurrent mark compact GC freed 8277KB AllocSpace bytes, 0(0B) LOS objects, 86% free, 68MB/512MB, paused 4.678ms,5.854ms total 149.753ms
09-10 12:11:33.040  9686  9686 V FA      : onUnbind called for intent. action: null
09-10 12:11:33.041  9686  9686 V FA      : AppMeasurementJobService is shutting down.
09-10 12:11:33.044  8472  9636 W JobInfo : Job 'com.google.android.partnersetup/.InstalledAppJobService#4096' has a deadline with no functional constraints. The deadline won't improve job execution latency. Consider removing the deadline.
09-10 12:11:33.045  1821  2965 W JobInfo : Job 'com.google.android.partnersetup/.InstalledAppJobService#4096' has a deadline with no functional constraints. The deadline won't improve job execution latency. Consider removing the deadline.
09-10 12:11:33.046  8472  8472 W JobInfo : Job 'com.google.android.partnersetup/.InstalledAppJobService#4096' has a deadline with no functional constraints. The deadline won't improve job execution latency. Consider removing the deadline.
09-10 12:11:33.046  1821  2965 W JobInfo : Job 'com.google.android.partnersetup/.InstalledAppJobService#4096' has a deadline with no functional constraints. The deadline won't improve job execution latency. Consider removing the deadline.
09-10 12:11:33.072  1821  2965 W JobScheduler: Job didn't exist in JobStore: dc2c74a #u0a181/4096 com.google.android.partnersetup/.InstalledAppJobService
09-10 12:11:33.073  5258  9635 W ContentResolver: Failed to get type for: content://com.android.calendar/1789027500000
09-10 12:11:33.073  5258  9635 W ContentResolver: java.lang.IllegalArgumentException: Unknown URL content://com.android.calendar/1789027500000
09-10 12:11:33.073  5258  9635 W ContentResolver: 	at com.android.providers.calendar.CalendarProvider2$$ExternalSyntheticBUOutline1.m(R8$$SyntheticClass:0)
09-10 12:11:33.073  5258  9635 W ContentResolver: 	at com.android.providers.calendar.CalendarProvider2.getType(CalendarProvider2.java:1697)
09-10 12:11:33.073  5258  9635 W ContentResolver: 	at android.content.ContentProvider$Transport.getType(ContentProvider.java:334)
09-10 12:11:33.073  5258  9635 W ContentResolver: 	at android.content.ContentProvider$Transport.getTypeAsync(ContentProvider.java:414)
09-10 12:11:33.073  5258  9635 W ContentResolver: 	at android.content.ContentResolver.getType(ContentResolver.java:966)
09-10 12:11:33.073  5258  9635 W ContentResolver: 	at android.content.Intent.resolveType(Intent.java:9483)
09-10 12:11:33.073  5258  9635 W ContentResolver: 	at android.content.Intent.resolveTypeIfNeeded(Intent.java:9508)
09-10 12:11:33.073  5258  9635 W ContentResolver: 	at android.app.PendingIntent.getBroadcastAsUser(PendingIntent.java:764)
09-10 12:11:33.073  5258  9635 W ContentResolver: 	at android.app.PendingIntent.getBroadcast(PendingIntent.java:752)
09-10 12:11:33.073  5258  9635 W ContentResolver: 	at android.provider.CalendarContract$CalendarAlerts.scheduleAlarm(CalendarContract.java:2627)
09-10 12:11:33.073  5258  9635 W ContentResolver: 	at com.android.providers.calendar.CalendarAlarmManager.scheduleAlarm(CalendarAlarmManager.java:516)
09-10 12:11:33.073  5258  9635 W ContentResolver: 	at com.android.providers.calendar.CalendarAlarmManager.scheduleNextAlarmLocked(CalendarAlarmManager.java:441)
09-10 12:11:33.073  5258  9635 W ContentResolver: 	at com.android.providers.calendar.CalendarAlarmManager.runScheduleNextAlarm(CalendarAlarmManager.java:220)
09-10 12:11:33.073  5258  9635 W ContentResolver: 	at com.android.providers.calendar.CalendarProviderJobService.lambda$onStartJob$0(CalendarProviderJobService.java:59)
09-10 12:11:33.073  5258  9635 W ContentResolver: 	at com.android.providers.calendar.CalendarProviderJobService.$r8$lambda$HauuBCwhawBvmfTMR41HIkbVOV0(CalendarProviderJobService.java:0)
09-10 12:11:33.073  5258  9635 W ContentResolver: 	at com.android.providers.calendar.CalendarProviderJobService$$ExternalSyntheticLambda0.run(R8$$SyntheticClass:0)
09-10 12:11:33.073  5258  9635 W ContentResolver: 	at java.lang.Thread.run(Thread.java:1571)
09-10 12:11:33.095  1821  4069 I PackageManager: getInstalledPackages: callingUid=1000 flags=4096 updatedFlags=790528 userId=0
09-10 12:11:33.109  3992  4372 I AiAiEcho: [pnb-agg] Reload pnb aggregation on events deleted
09-10 12:11:33.109  3992  4372 I AiAiEcho: [pnb-agg] starts aggregation
09-10 12:11:33.110   509   509 I Checkpoint: cp_needsCheckpoint called
09-10 12:11:33.113  1821  9643 I StorageManagerService: Storage lifetime: 10
09-10 12:11:33.114  1821  9643 I StorageManagerService: Set smart idle maintenance: latest write amount: 280, average write amount: 488, min segment threshold: 512, dirty reclaim rate: 0.5, segment reclaim weight: 2.0, period(min): 60, min gc sleep time(ms): 5000, target dirty ratio: 80
09-10 12:11:33.116   509   509 I vold    : Enough free segments: 16875
09-10 12:11:33.116  1821  9643 I SmartStorageMaintIdler: Got smart storage maintenance service completion callback
09-10 12:11:33.124  3992  4525 I AiAiEcho: (REDACTED) [pnb-agg] currentWeekNbr = %d, currentDayOfWeek = %d, aggregationTimeKeys= %s
09-10 12:11:33.127  1821  1821 D ActivityManager: sync unfroze 6606 com.google.android.apps.turbo:aab for 6
09-10 12:11:33.132 14356 14448 D downloader2: New request enqueued, running queue: https://www.gstatic.com/mdi-serving/rubidium-adservices-ui-ota-strings/4265/91ac5d17ab9f2445a3462f98f5249a73e9b0e235
09-10 12:11:33.132 14356 14448 D downloader2: Connectivity satisfied; running request. uri=https://www.gstatic.com/mdi-serving/rubidium-adservices-ui-ota-strings/4265/91ac5d17ab9f2445a3462f98f5249a73e9b0e235
09-10 12:11:33.133 14356 30505 D downloader2: New request enqueued, running queue: https://www.gstatic.com/mdi-serving/rubidium-adservices-adtech-enrollment/11167/b5d1a96edb6a1f0a4859f71195a3dae118baacfc
09-10 12:11:33.133 14356 30505 D downloader2: Connectivity satisfied; running request. uri=https://www.gstatic.com/mdi-serving/rubidium-adservices-adtech-enrollment/11167/b5d1a96edb6a1f0a4859f71195a3dae118baacfc
09-10 12:11:33.134 14356 30505 I downloader2: Exceeded max concurrent downloads, not running another queued request
09-10 12:11:33.134 14356 15788 D downloader2: New request enqueued, running queue: https://www.gstatic.com/mdi-serving/rubidium-adservices-topics-classifier/1986/9e98784bcdb26a3eb2ab3f65ee811f43177c761f
09-10 12:11:33.134 14356 15788 I downloader2: Exceeded max concurrent downloads, not running another queued request
09-10 12:11:33.136  1821  2965 I PackageManager: getInstalledPackages: callingUid=10277 flags=1073741824 updatedFlags=1074528256 userId=0
09-10 12:11:33.171  6606 16865 W Turbo.InferAppBucketsJob: Models given by config: 1
09-10 12:11:33.180  3992  4525 I AiAiEcho: [pnb-agg] done aggregation.
09-10 12:11:33.205  1821  2965 I PackageManager: getInstalledPackages: callingUid=10180 flags=8192 updatedFlags=794624 userId=0
09-10 12:11:33.256  6606 16865 W Turbo.ModelFactory: current model: 13
09-10 12:11:33.387  2165  2185 I pixel-thermal: usb_pwr_therm2:39.051 raw data: usb_pwr_therm2:39051 
09-10 12:11:33.708  6606 16865 W Turbo.ModelFactory: current model: 12
09-10 12:11:33.793  1821  3047 I PackageManager: getInstalledPackages: callingUid=10180 flags=8192 updatedFlags=794624 userId=0
09-10 12:11:33.885  1821  3047 I PackageManager: getInstalledPackages: callingUid=10180 flags=8192 updatedFlags=794624 userId=0
09-10 12:11:34.037  2905  2905 D BoundBrokerSvc: onRebind: Intent { act=com.google.android.gms.libs.gmscorelogger.service.START dat=chimera-action:/... xflg=0x4 cmp=com.google.android.gms/.chimera.PersistentDirectBootAwareApiService }
09-10 12:11:34.088  6606 16865 W Turbo.AppStandbyBucketManager: Successfully invoked usm.setAppStandbyBuckets()
09-10 12:11:34.096  3155  6767 D CommandContentProvider: callerPackage: com.google.android.apps.turbo
09-10 12:11:34.098  3155  6767 D BatteryUsageContentProvider: getQueryBatteryEventTypes from uri: content://com.android.settings.battery.usage.provider/BatteryEvent?timestamp=1789018863171&batteryEventType=1
09-10 12:11:34.101  3155  6767 D BatteryUsageContentProvider: getQueryTimestampMs from uri: content://com.android.settings.battery.usage.provider/BatteryEvent?timestamp=1789018863171&batteryEventType=1
09-10 12:11:34.104  3155  6767 W BatteryUsageContentProvider: getBatteryEvents() in 3/ms
09-10 12:11:34.434  2905  9550 I AlarmManager: setExactAndAllowWhileIdle [name: GCM_HB_ALARM type: 2 triggerAtMillis: 66661305]
09-10 12:11:34.458  2905  9662 I AlarmManager: setExactAndAllowWhileIdle [name: FcmRetry type: 2 triggerAtMillis: 65031327]
09-10 12:11:34.464  1381  2903 D AudioFlinger: onStateChanged: pid:7768  uid:10299  state:unfrozen - no freeze activity
09-10 12:11:34.467  1821  1923 D ActivityManager: sync unfroze 7768 com.whatsapp for 3
09-10 12:11:34.473  3981  3993 I ffad    : (REDACTED) HDM. appOpsListener %s %s
09-10 12:11:34.473  7768  8212 I WM-WorkerWrapper: Worker result SUCCESS for Work [ id=f92801de-f520-4c27-b7ce-ab8b0befe892, tags={ com.whatsapp.infra.networking.xmpp.lifecycle.XmppLifecycleWorker } ]
09-10 12:11:34.473  3981  3993 I ffad    : (REDACTED) HDM. Ignoring irrelevant audio permission changes for package %s
09-10 12:11:34.478  7768  7768 D WM-Processor: IBd f92801de-f520-4c27-b7ce-ab8b0befe892 executed; reschedule = false
09-10 12:11:34.478  7768  7768 D WM-GreedyScheduler: Stopping tracking for WorkGenerationalId(workSpecId=f92801de-f520-4c27-b7ce-ab8b0befe892, generation=0)
09-10 12:11:34.486  1821  2965 I ActivityManager: Background started FGS: Allowed [callingPackage: com.whatsapp; callingUid: 10299; uidState: SVC ; uidBFSL: n/a; BFGS denied: false; intent: Intent { xflg=0x4 cmp=com.whatsapp/.messaging.service.GcmFGService }; code:PUSH_MESSAGING; tempAllowListReason:<585dac7 com.google.android.c2dm.intent.RECEIVE/u0/0x2152,reasonCode:PUSH_MESSAGING,duration:20000,callingUid:10285>; allowWiu:-1; targetSdkVersion:36; callerTargetSdkVersion:36; startForegroundCount:0; bindFromPackage:null; isBindService:false]
09-10 12:11:34.487  7768  8212 D WM-GreedyScheduler: Cancelling work ID f92801de-f520-4c27-b7ce-ab8b0befe892
09-10 12:11:34.490  3981  3993 I ffad    : (REDACTED) HDM. appOpsListener %s %s
09-10 12:11:34.490  3981  3993 I ffad    : (REDACTED) HDM. Ignoring irrelevant audio permission changes for package %s
09-10 12:11:34.492  7768  8212 D WM-GreedyScheduler: Starting tracking for e5a6e14c-982a-4f66-920f-a45470cb3107,d26b6c5c-06ba-41e3-9c88-ab27d3fc1b8a
09-10 12:11:34.492   687   687 W powerhal-libperfmgr: Sess(709), cannot resume, already active
09-10 12:11:34.495  1821  2268 W ActivityManager: Foreground service started from background can not have location/camera/microphone access: service com.whatsapp/.messaging.service.GcmFGService
09-10 12:11:34.495  1821  2268 I ActivityManager: Background started FGS: Allowed [callingPackage: com.whatsapp; callingUid: 10299; uidState: FGS ; uidBFSL: [BFSL]; BFGS denied: false; intent: Intent { cmp=com.whatsapp/.messaging.service.GcmFGService }; code:PROC_STATE_FGS; tempAllowListReason:<585dac7 com.google.android.c2dm.intent.RECEIVE/u0/0x2152,reasonCode:PUSH_MESSAGING,duration:20000,callingUid:10285>; allowWiu:-1; targetSdkVersion:36; callerTargetSdkVersion:36; startForegroundCount:0; bindFromPackage:null; isBindService:false]
09-10 12:11:34.495  1821  2268 W ForegroundServiceTypeLoggerModule: Foreground service start for UID: 10299 does not have any types
09-10 12:11:34.500  1821  3047 D ConnectivityService: Returning UNBLOCKED NetworkInfo to uid=10299
09-10 12:11:34.502  7768  8083 E msys    : E[N WA]_WAJMNSStreamImplMNSTCPStreamCreate(410)=>[LogLevel:I] WAJMNSStream/impl/tcpStreamCreate/MNSStreamRaw/p=0xb4000079280bd5b0
09-10 12:11:34.502  7768  8083 E msys    : E[N WA]WAJMNSStreamImplCreate(485)=>[LogLevel:I] WAJMNSStream/impl/create/p=0xb4000079280bd5b0 (mnsConn=0xb400007987f81a50)
09-10 12:11:34.502  7768  8083 E msys    : E[N WA]_WAJMNSStreamCreateMnsIpsFromIpAddressStrings(98)=>[LogLevel:I] no ip addresses provided, using DNS resolution
09-10 12:11:34.503  7768  8083 E msys    : E[N WA]WAJMNSStreamImplConnect(513)=>[LogLevel:I] WAJMNSStream/impl/connect/p=0xb4000079280bd5b0 (endpoint=g.whatsapp.net:443)(ipAddressCount=0)
09-10 12:11:34.503  7768  8083 E msys    : E[N WA]_WAJMNSStreamImplUpdateStreamState(238)=>[LogLevel:I] WAJMNSStream/impl/state-changed/p=0xb4000079280bd5b0 (initial=>connecting)
09-10 12:11:34.515  2905  8621 I NearbyMediums: No BLE Fast/GATT advertisements found in the latest cycle.
09-10 12:11:34.516  2905  8621 I NearbyMediums: Current Tracked Scanning Clients are : {NearbyConnections.EnvironmentMonitor, NearbySharing, NearbyConnections.TxAdvertisement}
09-10 12:11:34.517  7768  8212 D WM-SystemJobScheduler: Scheduling work ID 1f6226db-52e8-4c00-bd5f-1c9f3c360a0aJob ID 4440
09-10 12:11:34.521  3981  3993 I ffad    : (REDACTED) HDM. appOpsListener %s %s
09-10 12:11:34.521  7768  8212 D WM-GreedyScheduler: Starting tracking for e5a6e14c-982a-4f66-920f-a45470cb3107,1f6226db-52e8-4c00-bd5f-1c9f3c360a0a,d26b6c5c-06ba-41e3-9c88-ab27d3fc1b8a
09-10 12:11:34.521  3981  3993 I ffad    : (REDACTED) HDM. Ignoring irrelevant audio permission changes for package %s
09-10 12:11:34.524  7768  7768 D WM-SystemJobService: onStartJob for WorkGenerationalId(workSpecId=1f6226db-52e8-4c00-bd5f-1c9f3c360a0a, generation=0)
09-10 12:11:34.526  7768  8212 D WM-Processor: IBd: processing WorkGenerationalId(workSpecId=1f6226db-52e8-4c00-bd5f-1c9f3c360a0a, generation=0)
09-10 12:11:34.529  7768  7768 D WM-WorkerWrapper: Starting work for com.whatsapp.infra.networking.xmpp.lifecycle.XmppLifecycleWorker
09-10 12:11:34.533  7768  8213 D WM-GreedyScheduler: Constraints met: Scheduling work ID WorkGenerationalId(workSpecId=1f6226db-52e8-4c00-bd5f-1c9f3c360a0a, generation=0)
09-10 12:11:34.537  7768  8213 D WM-Processor: Work WorkGenerationalId(workSpecId=1f6226db-52e8-4c00-bd5f-1c9f3c360a0a, generation=0) is already enqueued for processing
09-10 12:11:34.759  3992  4960 I AiAiEcho: SmartspaceNotificationPredictor no parser can handle this notification or notification is invalid
09-10 12:11:34.768  3992  5154 I AiAiBesties: Notification has no shortcutId, cannot prioritize.
09-10 12:11:34.974  2542  2555 W System  : A resource failed to call release. 
09-10 12:11:35.189  1821  2297 D ActivityManager: freezing 4772 com.google.android.apps.messaging
09-10 12:11:35.196  1821  2297 D ActivityManager: freezing 8816 com.google.android.gms.unstable
09-10 12:11:35.395  2165  2185 I pixel-thermal: usb_pwr_therm2:39.162 raw data: usb_pwr_therm2:39162 
09-10 12:11:36.085  2165  2185 I pixel-thermal: VIRTUAL-USB-UI:1 raw data: USB2-MINUS-CHG:-4447 VIRTUAL-USB-UI:1 charger_skin_therm:43609 usb_pwr_therm2:39162 
09-10 12:11:36.087  2165  2185 I pixel-thermal: cellular-emergency:39.739 raw data: VIRTUAL-NEUTRAL:39208.1 VIRTUAL-NEUTRAL-SKIN2:39632.3 VIRTUAL-QUIET-NEUTRAL:39739 VIRTUAL-SKIN:39739 cellular-emergency:39739 disp_therm:38962 gnss_tcxo_therm:38539 neutral_therm:37604 quiet_therm:40654 skin_therm1:38940 skin_therm2:44365 
09-10 12:11:36.087  2165  2185 I pixel-thermal: VIRTUAL-USB-THROTTLING:1 raw data: USB2-MINUS-CHG:-4447 VIRTUAL-USB-THROTTLING:1 usb_pwr_therm2:39162 
09-10 12:11:36.087  2165  2185 I pixel-thermal: VIRTUAL-SKIN-CPU:39.739 raw data: VIRTUAL-SKIN:39739 VIRTUAL-SKIN-CPU:39739 
09-10 12:11:36.087  2165  2185 I pixel-thermal: VIRTUAL-SKIN-CPU power_budget=1298.22 err=1.261 s_power=800 time_elapsed_ms=7007 p=504.399 i=-6.17836 d=-0 dt_per_min=nan compensation=0 budget transient=0 control target=3 excluded power budget=0
09-10 12:11:36.087  2165  2185 I pixel-thermal: VIRTUAL-SKIN-CPU binded power rails: (S4M_VDD_CPUCL0: 93.65 mW)(S2M_VDD_CPUCL2: 29.80 mW)(S3M_VDD_CPUCL1: 46.48 mW)
09-10 12:11:36.087  2165  2185 I pixel-thermal: neutral_therm:37.604 raw data: neutral_therm:37604 
09-10 12:11:36.088  2165  2185 I pixel-thermal: VIRTUAL-SKIN:39.739 raw data: VIRTUAL-SKIN:39739 
09-10 12:11:36.088  2165  2185 I pixel-thermal: VIRTUAL-SKIN-CPU-GPU:39.739 raw data: VIRTUAL-SKIN:39739 VIRTUAL-SKIN-CPU-GPU:39739 
09-10 12:11:36.088  2165  2185 I pixel-thermal: VIRTUAL-SKIN-CPU-GPU power_budget=2509.87 err=5.261 s_power=800 time_elapsed_ms=7007 p=1578.3 i=131.571 d=-0 dt_per_min=nan compensation=0 budget transient=0 control target=3 excluded power budget=0
09-10 12:11:36.088  2165  2185 I pixel-thermal: VIRTUAL-SKIN-CPU-GPU binded power rails: (S4M_VDD_CPUCL0: 93.65 mW)(S2M_VDD_CPUCL2: 29.80 mW)(S3M_VDD_CPUCL1: 46.48 mW)(S2S_VDD_G3D: 2.64 mW)
09-10 12:11:36.089  2165  2185 I pixel-thermal: VIRTUAL-SKIN-HINT:39.739 raw data: VIRTUAL-SKIN:39739 VIRTUAL-SKIN-HINT:39739 
09-10 12:11:36.089  2165  2185 I pixel-thermal: VIRTUAL-SKIN-CHARGE:39.739 raw data: VIRTUAL-SKIN:39739 VIRTUAL-SKIN-CHARGE:39739 
09-10 12:11:36.089  2165  2185 I pixel-thermal: VIRTUAL-SKIN-CHARGE's fcc binded power rail POWER_FOR_CHARGING_THROTTLING: power threshold = 500, avg power = 578.309
09-10 12:11:36.089  2165  2185 I pixel-thermal: Successfully update cdev fcc sysfs to 6
09-10 12:11:36.436  2828  2828 D TelephonyManager: requestModemActivityInfo: Sending result to app: ModemActivityInfo{ mTimestamp=64913306 mSleepTimeMs=43478495 mIdleTimeMs=2081931 mActivityStatsTechSpecificInfo=[{mRat=UNKNOWN,mFrequencyRange=UNKNOWN,mTxTimeMs[]=[319563, 524623, 859594, 157902, 1459548],mRxTimeMs=18393694}]}
09-10 12:11:37.088  7768  8119 E msys    : E[N WA]_WAJMNSStreamImplOnMNSReady(269)=>[LogLevel:I] WAJMNSStream/impl/callback/onMNSReady/p=0xb4000079280bd5b0
09-10 12:11:37.091  7768  8119 E msys    : E[N WA]_WAJMNSStreamImplCreateConnectionReport(202)=>[LogLevel:I] WAJMNSStream/impl/report port=443, connectedIPVersion=6, resolvedIPAddressCount=2, dnsResolutionStartTimeMS=38233181, dnsResolutionEndTimeMS=38233182, dnsCacheHit=Yes, connectStartTimeMS=38233182, connectEndTimeMS=38235766, proxyConnectStartTimeMS=0, proxyConnectEndTimeMS=0
09-10 12:11:37.091  7768  8119 E msys    : E[N WA]_WAJMNSStreamImplUpdateStreamState(238)=>[LogLevel:I] WAJMNSStream/impl/state-changed/p=0xb4000079280bd5b0 (connecting=>connected)
09-10 12:11:37.091  7768  8119 E msys    : E[N mns]_OnResolverSuccess(384)=>Cache refresh succeeded with system DNS resolver. IP count: 2
09-10 12:11:37.406  2165  2185 I pixel-thermal: usb_pwr_therm2:39.162 raw data: usb_pwr_therm2:39162 
09-10 12:11:38.013  1348  1348 E android.hardware.power.stats-service.pixel: Failed to read uid_time_in_state for attribution, return default EnergyConsumer
09-10 12:11:38.049  1821  2400 D InetDiagMessage: Destroyed 0 sockets, proto=IPPROTO_TCP, family=AF_INET, states=14
09-10 12:11:38.050  1821  2400 D InetDiagMessage: Destroyed 0 sockets, proto=IPPROTO_TCP, family=AF_INET6, states=14
09-10 12:11:38.050  1821  2400 D InetDiagMessage: Destroyed live tcp sockets for uids={10344} in 2ms
09-10 12:11:38.051  1821  2400 D InetDiagMessage: Destroyed 0 sockets, proto=IPPROTO_TCP, family=AF_INET, states=14
09-10 12:11:38.052  1821  2400 D InetDiagMessage: Destroyed 0 sockets, proto=IPPROTO_TCP, family=AF_INET6, states=14
09-10 12:11:38.052  1821  2400 D InetDiagMessage: Destroyed live tcp sockets for uids={20344} in 2ms
09-10 12:11:38.083  1821  2287 D ActivityManager: sync unfroze 16329 com.google.android.calendar for 6
09-10 12:11:38.113  1821  2400 D InetDiagMessage: Destroyed 0 sockets, proto=IPPROTO_TCP, family=AF_INET, states=14
09-10 12:11:38.114 16329   958 I c.aqru  : Shutting down the executor due to idle timeout.
09-10 12:11:38.115  1821  2400 D InetDiagMessage: Destroyed 0 sockets, proto=IPPROTO_TCP, family=AF_INET6, states=14
09-10 12:11:38.115  1821  2400 D InetDiagMessage: Destroyed live tcp sockets for uids={10181} in 3ms
09-10 12:11:38.116  1821  2400 D InetDiagMessage: Destroyed 0 sockets, proto=IPPROTO_TCP, family=AF_INET, states=14
09-10 12:11:38.118  1821  2400 D InetDiagMessage: Destroyed 0 sockets, proto=IPPROTO_TCP, family=AF_INET6, states=14
09-10 12:11:38.118  1821  2400 D InetDiagMessage: Destroyed live tcp sockets for uids={20181} in 3ms
09-10 12:11:38.170  2905  2911 I libbinder.BpBinder: onLastStrongRef automatically unlinking death recipients for binder (0xb4000079f7fc5450) with descriptor: '(not cached)'
09-10 12:11:38.173  2905  2912 V BluetoothSocket: close() Local Socket: Already closed and cleaned up
09-10 12:11:38.296  1821  2432 D AppWidgetServiceImpl: Trying to notify widget update for package com.google.android.calendar with widget id: 8
09-10 12:11:38.352 16329 16335 W ndroid.calendar: Reducing the number of considered missed Gc histogram windows from 164 to 100
09-10 12:11:38.362  1821  3047 W JobScheduler: Job didn't exist in JobStore: 1ee1be8 #u0a207/1 com.google.android.calendar/.jobservices.CalendarProviderObserverJobService
09-10 12:11:38.976  1821  2432 D AppWidgetServiceImpl: Trying to notify widget update for package com.google.android.calendar with widget id: 8
09-10 12:11:39.046  9953  9953 I HidDeviceService: unregisterAppUid(): uid=10092
09-10 12:11:39.046  9953  9953 W HidDeviceService: unregisterAppUid(): caller UID doesn't match user UID
09-10 12:11:39.412  2165  2185 I pixel-thermal: usb_pwr_therm2:39.162 raw data: usb_pwr_therm2:39162 
09-10 12:11:39.412  2165  2185 I pixel-thermal: Power rails total power: 624.15 mW for 60255 ms
09-10 12:11:39.412  2165  2185 I pixel-thermal: Power rails [L8S_UFS_VCCQ: 25.01 mW] [S2S_VDD_G3D: 3.10 mW] [S10S_VDD2L: 16.24 mW] [S5S_VDDQ_MEM: 6.13 mW] [S4S_VDD2H_MEM: 29.92 mW] [S9S_VDD_AOC: 22.03 mW] 
09-10 12:11:39.412  2165  2185 I pixel-thermal: Power rails [S10M_VDD_TPU: 10.54 mW] [L2S_VDD_AOC_RET: 11.42 mW] [L9S_GNSS_CORE: 0.71 mW] [S1M_VDD_MIF: 39.49 mW] [S5M_VDD_INT: 30.02 mW] [S4M_VDD_CPUCL0: 51.84 mW] 
09-10 12:11:39.412  2165  2185 I pixel-thermal: Power rails [S2M_VDD_CPUCL2: 21.93 mW] [S3M_VDD_CPUCL1: 23.04 mW] [L15M_VDD_SLC_M: 19.30 mW] [VSYS_PWR_DISPLAY: 313.41 mW] 
09-10 12:11:39.412  2165  2185 I pixel-thermal: CDEV log usbc-port state:0 fcc state:6 thermal-cpufreq-1 state:0 tpu_cooling state:2 thermal-gpufreq-0 state:0 thermal-cpufreq-2 state:0 thermal-cpufreq-0 state:0 
09-10 12:11:40.300  2678  3566 D ImpulseConnection: timeout didn't happen: com.google.android.apps.turbo
09-10 12:11:40.308  2678  2916 D TemperatureStateSource: sequence=3691 actualDelay=10001
09-10 12:11:40.308  2678  2916 D TemperatureStateSource: Reading temperature: sequence=3692
09-10 12:11:40.311  2165  2165 I pixel-thermal: VIRTUAL-SKIN:39.8034 raw data: VIRTUAL-NEUTRAL:39289 VIRTUAL-NEUTRAL-SKIN2:39687.2 VIRTUAL-QUIET-NEUTRAL:39803.4 VIRTUAL-SKIN:39803.4 disp_therm:38962 gnss_tcxo_therm:38606 neutral_therm:37604 quiet_therm:40746 skin_therm1:39140 skin_therm2:44548 
09-10 12:11:40.312  2678  2916 D TemperatureStateSource: getDeviceTemperatures: sequence=3692 deviceTemperatureType=3 temperatureSource=0 temperatures=[39.803402]
09-10 12:11:40.312  2678  2916 D TemperatureStateSource: sequence=3692 waitTime=10000
09-10 12:11:40.314  2165  2165 I pixel-thermal: VIRTUAL-SKIN:39.8034 raw data: VIRTUAL-SKIN:39803.4 
09-10 12:11:40.314  2678  2916 I TemperatureStateSource: temperature was set
09-10 12:11:40.315  2678  2916 D ImpulseStateSource: Notify clients: 3711
09-10 12:11:41.418  2165  2185 I pixel-thermal: usb_pwr_therm2:39.207 raw data: usb_pwr_therm2:39207 
09-10 12:11:41.478  2828  2828 D TelephonyManager: requestModemActivityInfo: Sending result to app: ModemActivityInfo{ mTimestamp=64918348 mSleepTimeMs=43478495 mIdleTimeMs=2081931 mActivityStatsTechSpecificInfo=[{mRat=UNKNOWN,mFrequencyRange=UNKNOWN,mTxTimeMs[]=[319563, 524628, 859605, 158098, 1460334],mRxTimeMs=18397738}]}
09-10 12:11:42.010  1821  2437 D SntpClient: request time failed: java.net.SocketTimeoutException: Poll timed out
09-10 12:11:43.035  2905  2905 D BoundBrokerSvc: onUnbind: Intent { act=com.google.android.gms.measurement.START xflg=0x4 pkg=com.google.android.gms }
09-10 12:11:43.067  1821  2297 D ActivityManager: freezing 9686 com.ingka.ikea.app
09-10 12:11:43.081  1821  2400 D InetDiagMessage: Destroyed 0 sockets, proto=IPPROTO_TCP, family=AF_INET, states=14
09-10 12:11:43.086  1821  2400 D InetDiagMessage: Destroyed 0 sockets, proto=IPPROTO_TCP, family=AF_INET6, states=14
09-10 12:11:43.087  1821  2400 D InetDiagMessage: Destroyed live tcp sockets for uids={10344} in 12ms
09-10 12:11:43.092  2165  2185 I pixel-thermal: VIRTUAL-USB-UI:1 raw data: USB2-MINUS-CHG:-4608 VIRTUAL-USB-UI:1 charger_skin_therm:43815 usb_pwr_therm2:39207 
09-10 12:11:43.096  2165  2185 I pixel-thermal: cellular-emergency:39.8034 raw data: VIRTUAL-NEUTRAL:39289 VIRTUAL-NEUTRAL-SKIN2:39687.2 VIRTUAL-QUIET-NEUTRAL:39803.4 VIRTUAL-SKIN:39803.4 cellular-emergency:39803.4 disp_therm:38962 gnss_tcxo_therm:38606 neutral_therm:37604 quiet_therm:40746 skin_therm1:39140 skin_therm2:44548 
09-10 12:11:43.096  2165  2185 I pixel-thermal: VIRTUAL-USB-THROTTLING:1 raw data: USB2-MINUS-CHG:-4608 VIRTUAL-USB-THROTTLING:1 usb_pwr_therm2:39207 
09-10 12:11:43.096  2165  2185 I pixel-thermal: VIRTUAL-SKIN-CPU:39.8034 raw data: VIRTUAL-SKIN:39803.4 VIRTUAL-SKIN-CPU:39803.4 
09-10 12:11:43.096  2165  2185 I pixel-thermal: VIRTUAL-SKIN-CPU power_budget=1272.46 err=1.1966 s_power=800 time_elapsed_ms=7007 p=478.639 i=-6.17836 d=-0 dt_per_min=nan compensation=0 budget transient=0 control target=3 excluded power budget=0
09-10 12:11:43.096  2165  2185 I pixel-thermal: VIRTUAL-SKIN-CPU binded power rails: (S4M_VDD_CPUCL0: 55.71 mW)(S2M_VDD_CPUCL2: 21.91 mW)(S3M_VDD_CPUCL1: 19.55 mW)
09-10 12:11:43.096  2165  2185 I pixel-thermal: neutral_therm:37.604 raw data: neutral_therm:37604 
09-10 12:11:43.096  2165  2185 I pixel-thermal: VIRTUAL-SKIN:39.8034 raw data: VIRTUAL-SKIN:39803.4 
09-10 12:11:43.096  2165  2185 I pixel-thermal: VIRTUAL-SKIN-CPU-GPU:39.8034 raw data: VIRTUAL-SKIN:39803.4 VIRTUAL-SKIN-CPU-GPU:39803.4 
09-10 12:11:43.097  2165  2185 I pixel-thermal: VIRTUAL-SKIN-CPU-GPU power_budget=2490.55 err=5.1966 s_power=800 time_elapsed_ms=7007 p=1558.98 i=131.571 d=-0 dt_per_min=nan compensation=0 budget transient=0 control target=3 excluded power budget=0
09-10 12:11:43.097  2165  2185 I pixel-thermal: VIRTUAL-SKIN-CPU-GPU binded power rails: (S4M_VDD_CPUCL0: 55.71 mW)(S2M_VDD_CPUCL2: 21.91 mW)(S3M_VDD_CPUCL1: 19.55 mW)(S2S_VDD_G3D: 3.06 mW)
09-10 12:11:43.097  2165  2185 I pixel-thermal: VIRTUAL-SKIN-HINT:39.8034 raw data: VIRTUAL-SKIN:39803.4 VIRTUAL-SKIN-HINT:39803.4 
09-10 12:11:43.097  2165  2185 I pixel-thermal: VIRTUAL-SKIN-CHARGE:39.8034 raw data: VIRTUAL-SKIN:39803.4 VIRTUAL-SKIN-CHARGE:39803.4 
09-10 12:11:43.097  2165  2185 I pixel-thermal: VIRTUAL-SKIN-CHARGE's fcc binded power rail POWER_FOR_CHARGING_THROTTLING: power threshold = 500, avg power = 487.906
09-10 12:11:43.098  2165  2185 I pixel-thermal: Successfully update cdev fcc sysfs to 3
09-10 12:11:43.112  1821  2297 D ActivityManager: freezing 8472 com.google.android.partnersetup
09-10 12:11:43.119  1821  2400 D InetDiagMessage: Destroyed 0 sockets, proto=IPPROTO_TCP, family=AF_INET, states=14
09-10 12:11:43.122  1821  2400 D InetDiagMessage: Destroyed 0 sockets, proto=IPPROTO_TCP, family=AF_INET6, states=14
09-10 12:11:43.122  1821  2400 D InetDiagMessage: Destroyed live tcp sockets for uids={10181} in 6ms
09-10 12:11:43.148  1821  2297 D ActivityManager: freezing 5258 com.android.providers.calendar
09-10 12:11:43.155  1821  2400 D InetDiagMessage: Destroyed 0 sockets, proto=IPPROTO_TCP, family=AF_INET, states=14
09-10 12:11:43.159  1821  2400 D InetDiagMessage: Destroyed 0 sockets, proto=IPPROTO_TCP, family=AF_INET6, states=14
09-10 12:11:43.159  1821  2400 D InetDiagMessage: Destroyed live tcp sockets for uids={10095} in 7ms
09-10 12:11:43.413  1821  2400 D InetDiagMessage: Destroyed 0 sockets, proto=IPPROTO_TCP, family=AF_INET, states=14
09-10 12:11:43.416  1821  2400 D InetDiagMessage: Destroyed 0 sockets, proto=IPPROTO_TCP, family=AF_INET6, states=14
09-10 12:11:43.416  1821  2400 D InetDiagMessage: Destroyed live tcp sockets for uids={10207} in 11ms
09-10 12:11:43.420  1821  2400 D InetDiagMessage: Destroyed 0 sockets, proto=IPPROTO_TCP, family=AF_INET, states=14
09-10 12:11:43.423  1821  2400 D InetDiagMessage: Destroyed 0 sockets, proto=IPPROTO_TCP, family=AF_INET6, states=14
09-10 12:11:43.423  1821  2400 D InetDiagMessage: Destroyed live tcp sockets for uids={20207} in 6ms
09-10 12:11:43.429  2165  2185 I pixel-thermal: usb_pwr_therm2:39.207 raw data: usb_pwr_therm2:39207 
09-10 12:11:43.931  7768 16913 W NotificationManager: Shedding cancel (dupe) of NotificationKey[user=UserHandle{0}, pkg=com.whatsapp, tag=4HkZiLcbkLg/936CrYjw3dfY58Gkl6chyaCEE4JE0i4=
09-10 12:11:43.931  7768 16913 W NotificationManager: , id=147], rate limit (5.0) exceeded: input 8.917543, output would be 6.196355
09-10 12:11:43.950  1821  1821 W NotificationService: Removed summary didn't match old notification: old=0|com.whatsapp|1|null|10299, removed=0|com.whatsapp|1|null|10299
09-10 12:11:44.220  3992  4960 I AiAiEcho: SmartspaceNotificationPredictor no parser can handle this notification or notification is invalid
09-10 12:11:44.221  3992  5154 I AiAiBesties: Not a messaging style notification.
09-10 12:11:44.231  3992  5154 I AiAiBesties: Not a messaging style notification.
09-10 12:11:44.235  3992  4960 I AiAiEcho: SmartspaceNotificationPredictor no parser can handle this notification or notification is invalid
09-10 12:11:44.331  1821  2297 D ActivityManager: freezing 6606 com.google.android.apps.turbo:aab
09-10 12:11:44.520  2905  8621 I NearbyMediums: No BLE Fast/GATT advertisements found in the latest cycle.
09-10 12:11:44.520  2905  8621 I NearbyMediums: Current Tracked Scanning Clients are : {NearbyConnections.EnvironmentMonitor, NearbySharing, NearbyConnections.TxAdvertisement}
09-10 12:11:45.434  2165  2185 I pixel-thermal: usb_pwr_therm2:39.207 raw data: usb_pwr_therm2:39207 
09-10 12:11:45.925  1821  3295 D ActivityManager: Stop FGS timeout: ServiceRecord{3bd5bbf u0 com.whatsapp/.messaging.service.GcmFGService c:com.whatsapp}
09-10 12:11:45.928  1821  3295 W ForegroundServiceTypeLoggerModule: FGS stop call for: 10299 has no types!
09-10 12:11:45.940  9953  9953 I HidDeviceService: unregisterAppUid(): uid=10299
09-10 12:11:45.940  9953  9953 W HidDeviceService: unregisterAppUid(): caller UID doesn't match user UID
09-10 12:11:45.941  1821  1862 D HintManagerService: Sent cleanup message for uid 10299
09-10 12:11:45.944  7768  7768 D WM-SystemJobService: onStopJob for WorkGenerationalId(workSpecId=1f6226db-52e8-4c00-bd5f-1c9f3c360a0a, generation=0)
09-10 12:11:45.951  7768  8212 D WM-Processor: WorkerWrapper interrupted for 1f6226db-52e8-4c00-bd5f-1c9f3c360a0a
09-10 12:11:45.951  7768  8212 D WM-StopWorkRunnable: StopWorkRunnable for 1f6226db-52e8-4c00-bd5f-1c9f3c360a0a; Processor.stopWork = true
09-10 12:11:45.952  7768  8206 I WM-WorkerWrapper: Work [ id=1f6226db-52e8-4c00-bd5f-1c9f3c360a0a, tags={ com.whatsapp.infra.networking.xmpp.lifecycle.XmppLifecycleWorker } ] was cancelled
09-10 12:11:45.952  7768  8206 I WM-WorkerWrapper: X.IaU
09-10 12:11:45.952  7768  8206 I WM-WorkerWrapper: 	at X.IBd.A01(:6)
09-10 12:11:45.952  7768  8206 I WM-WorkerWrapper: 	at X.ITr.run(:86)
09-10 12:11:45.952  7768  8206 I WM-WorkerWrapper: 	at X.GZY.run(:2)
09-10 12:11:45.952  7768  8206 I WM-WorkerWrapper: 	at java.util.concurrent.ThreadPoolExecutor.runWorker(ThreadPoolExecutor.java:1100)
09-10 12:11:45.952  7768  8206 I WM-WorkerWrapper: 	at java.util.concurrent.ThreadPoolExecutor$Worker.run(ThreadPoolExecutor.java:624)
09-10 12:11:45.952  7768  8206 I WM-WorkerWrapper: 	at java.lang.Thread.run(Thread.java:1571)
09-10 12:11:45.954  7768  8206 D WM-WorkerWrapper: Status for 1f6226db-52e8-4c00-bd5f-1c9f3c360a0a is RUNNING; not doing any work and rescheduling for later execution
09-10 12:11:45.955  1821  3295 D ConnectivityService: Returning BLOCKED NetworkInfo to uid=10299
09-10 12:11:45.957  7768  8083 E msys    : E[N WA]WAJMNSStreamImplForceDisconnectSync(586)=>[LogLevel:W] WAJMNSStream/impl/disconnect/force/p=0xb4000079280bd5b0 (bytesSent=2873)(bytesRecv=3621)
09-10 12:11:45.959  7768  8083 E msys    : E[N WA]_WAJMNSStreamImplUpdateStreamState(238)=>[LogLevel:I] WAJMNSStream/impl/state-changed/p=0xb4000079280bd5b0 (connected=>disconnected)
09-10 12:11:45.965  7768  7768 D WM-Processor: IBd 1f6226db-52e8-4c00-bd5f-1c9f3c360a0a executed; reschedule = true
09-10 12:11:45.966  7768  7768 D WM-GreedyScheduler: Stopping tracking for WorkGenerationalId(workSpecId=1f6226db-52e8-4c00-bd5f-1c9f3c360a0a, generation=0)
09-10 12:11:45.973  7768  8206 D WM-GreedyScheduler: Cancelling work ID 1f6226db-52e8-4c00-bd5f-1c9f3c360a0a
09-10 12:11:45.981  7768  8206 D WM-SystemJobScheduler: Scheduling work ID 1f6226db-52e8-4c00-bd5f-1c9f3c360a0aJob ID 4441
09-10 12:11:45.984  7768  8206 D WM-GreedyScheduler: Starting tracking for e5a6e14c-982a-4f66-920f-a45470cb3107,d26b6c5c-06ba-41e3-9c88-ab27d3fc1b8a
09-10 12:11:46.945  1821  2298 D HintManagerService: Starts cleaning for 10299
09-10 12:11:47.026  1821  2437 D SntpClient: request time failed: java.net.SocketTimeoutException: Poll timed out
09-10 12:11:47.442  2165  2185 I pixel-thermal: usb_pwr_therm2:39.251 raw data: usb_pwr_therm2:39251 
09-10 12:11:47.716 14356  9647 D downloader2: Got URL response, starting to read response body. uri=https://www.gstatic.com/mdi-serving/rubidium-adservices-ui-ota-strings/4265/91ac5d17ab9f2445a3462f98f5249a73e9b0e235
09-10 12:11:47.719 14356  9644 D downloader2: Got URL response, starting to read response body. uri=https://www.gstatic.com/mdi-serving/rubidium-adservices-adtech-enrollment/11167/b5d1a96edb6a1f0a4859f71195a3dae118baacfc
09-10 12:11:47.741 14356  9646 D downloader2: Response body written. bytesWritten=267, uri=https://www.gstatic.com/mdi-serving/rubidium-adservices-ui-ota-strings/4265/91ac5d17ab9f2445a3462f98f5249a73e9b0e235
09-10 12:11:47.743 14356  9646 D downloader2: Download complete, running queued downloads: https://www.gstatic.com/mdi-serving/rubidium-adservices-ui-ota-strings/4265/91ac5d17ab9f2445a3462f98f5249a73e9b0e235
09-10 12:11:47.743 14356  9646 I downloader2: Exceeded max concurrent downloads, not running another queued request
09-10 12:11:47.743 14356  9646 D downloader2: Response body written. bytesWritten=286, uri=https://www.gstatic.com/mdi-serving/rubidium-adservices-adtech-enrollment/11167/b5d1a96edb6a1f0a4859f71195a3dae118baacfc
09-10 12:11:47.744 14356  9646 D downloader2: Download complete, running queued downloads: https://www.gstatic.com/mdi-serving/rubidium-adservices-adtech-enrollment/11167/b5d1a96edb6a1f0a4859f71195a3dae118baacfc
09-10 12:11:47.744 14356  9646 I downloader2: Exceeded max concurrent downloads, not running another queued request
09-10 12:11:47.748 14356  9682 D downloader2: Queued download completed, running queued downloads: https://www.gstatic.com/mdi-serving/rubidium-adservices-ui-ota-strings/4265/91ac5d17ab9f2445a3462f98f5249a73e9b0e235
09-10 12:11:47.748 14356  9682 D downloader2: Connectivity satisfied; running request. uri=https://www.gstatic.com/mdi-serving/rubidium-adservices-topics-classifier/1986/9e98784bcdb26a3eb2ab3f65ee811f43177c761f
09-10 12:11:47.748 14356  9682 I downloader2: Exceeded max concurrent downloads, not running another queued request
09-10 12:11:47.749 14356  9683 D downloader2: Queued download completed, running queued downloads: https://www.gstatic.com/mdi-serving/rubidium-adservices-adtech-enrollment/11167/b5d1a96edb6a1f0a4859f71195a3dae118baacfc
09-10 12:11:47.771 14356 15788 D downloader2: New request enqueued, running queue: https://www.gstatic.com/mdi-serving/rubidium-adservices-adtech-enrollment/11167/b5d1a96edb6a1f0a4859f71195a3dae118baacfc
09-10 12:11:47.771 14356 15788 D downloader2: Connectivity satisfied; running request. uri=https://www.gstatic.com/mdi-serving/rubidium-adservices-adtech-enrollment/11167/b5d1a96edb6a1f0a4859f71195a3dae118baacfc
09-10 12:11:47.773 14356 15788 I downloader2: Exceeded max concurrent downloads, not running another queued request
09-10 12:11:47.773 14356 25677 D downloader2: New request enqueued, running queue: https://www.gstatic.com/mdi-serving/rubidium-adservices-ui-ota-strings/4265/91ac5d17ab9f2445a3462f98f5249a73e9b0e235
09-10 12:11:47.773 14356 25677 I downloader2: Exceeded max concurrent downloads, not running another queued request
09-10 12:11:47.830  1821  2437 D SntpClient: round trip: 797ms, clock offset: -1239ms
09-10 12:11:47.902 14356  9682 D downloader2: Got URL response, starting to read response body. uri=https://www.gstatic.com/mdi-serving/rubidium-adservices-topics-classifier/1986/9e98784bcdb26a3eb2ab3f65ee811f43177c761f
09-10 12:11:47.904 14356  9683 D downloader2: Got URL response, starting to read response body. uri=https://www.gstatic.com/mdi-serving/rubidium-adservices-adtech-enrollment/11167/b5d1a96edb6a1f0a4859f71195a3dae118baacfc
09-10 12:11:47.921 14356  9644 D downloader2: Response body written. bytesWritten=1233, uri=https://www.gstatic.com/mdi-serving/rubidium-adservices-topics-classifier/1986/9e98784bcdb26a3eb2ab3f65ee811f43177c761f
09-10 12:11:47.922 14356  9647 D downloader2: Queued download completed, running queued downloads: https://www.gstatic.com/mdi-serving/rubidium-adservices-topics-classifier/1986/9e98784bcdb26a3eb2ab3f65ee811f43177c761f
09-10 12:11:47.922 14356  9644 D downloader2: Download complete, running queued downloads: https://www.gstatic.com/mdi-serving/rubidium-adservices-topics-classifier/1986/9e98784bcdb26a3eb2ab3f65ee811f43177c761f
09-10 12:11:47.923 14356  9644 D downloader2: Connectivity satisfied; running request. uri=https://www.gstatic.com/mdi-serving/rubidium-adservices-ui-ota-strings/4265/91ac5d17ab9f2445a3462f98f5249a73e9b0e235
09-10 12:11:47.924 14356  9644 I downloader2: Exceeded max concurrent downloads, not running another queued request
09-10 12:11:47.924 14356  9647 I downloader2: Exceeded max concurrent downloads, not running another queued request
09-10 12:11:47.924 14356  9646 D downloader2: Response body written. bytesWritten=286, uri=https://www.gstatic.com/mdi-serving/rubidium-adservices-adtech-enrollment/11167/b5d1a96edb6a1f0a4859f71195a3dae118baacfc
09-10 12:11:47.926 14356  9683 D downloader2: Queued download completed, running queued downloads: https://www.gstatic.com/mdi-serving/rubidium-adservices-adtech-enrollment/11167/b5d1a96edb6a1f0a4859f71195a3dae118baacfc
09-10 12:11:47.927 14356  9646 D downloader2: Download complete, running queued downloads: https://www.gstatic.com/mdi-serving/rubidium-adservices-adtech-enrollment/11167/b5d1a96edb6a1f0a4859f71195a3dae118baacfc
09-10 12:11:47.964 14356 25663 D downloader2: New request enqueued, running queue: https://www.gstatic.com/mdi-serving/rubidium-adservices-topics-classifier/1986/9e98784bcdb26a3eb2ab3f65ee811f43177c761f
09-10 12:11:47.965 14356 25663 D downloader2: Connectivity satisfied; running request. uri=https://www.gstatic.com/mdi-serving/rubidium-adservices-topics-classifier/1986/9e98784bcdb26a3eb2ab3f65ee811f43177c761f
09-10 12:11:47.965 14356 25663 I downloader2: Exceeded max concurrent downloads, not running another queued request
09-10 12:11:48.016 14356  9682 D downloader2: Got URL response, starting to read response body. uri=https://www.gstatic.com/mdi-serving/rubidium-adservices-ui-ota-strings/4265/91ac5d17ab9f2445a3462f98f5249a73e9b0e235
09-10 12:11:48.030 14356  9644 D downloader2: Response body written. bytesWritten=267, uri=https://www.gstatic.com/mdi-serving/rubidium-adservices-ui-ota-strings/4265/91ac5d17ab9f2445a3462f98f5249a73e9b0e235
09-10 12:11:48.032 14356  9644 D downloader2: Download complete, running queued downloads: https://www.gstatic.com/mdi-serving/rubidium-adservices-ui-ota-strings/4265/91ac5d17ab9f2445a3462f98f5249a73e9b0e235
09-10 12:11:48.032 14356  9644 I downloader2: Exceeded max concurrent downloads, not running another queued request
09-10 12:11:48.033 14356  9647 D downloader2: Queued download completed, running queued downloads: https://www.gstatic.com/mdi-serving/rubidium-adservices-ui-ota-strings/4265/91ac5d17ab9f2445a3462f98f5249a73e9b0e235
09-10 12:11:48.059 14356 25677 D downloader2: New request enqueued, running queue: https://www.gstatic.com/mdi-serving/rubidium-adservices-ui-ota-strings/4265/91ac5d17ab9f2445a3462f98f5249a73e9b0e235
09-10 12:11:48.061 14356 25677 D downloader2: Connectivity satisfied; running request. uri=https://www.gstatic.com/mdi-serving/rubidium-adservices-ui-ota-strings/4265/91ac5d17ab9f2445a3462f98f5249a73e9b0e235
09-10 12:11:48.061 14356 25677 I downloader2: Exceeded max concurrent downloads, not running another queued request
09-10 12:11:48.063 14356 30503 D downloader2: New request enqueued, running queue: https://www.gstatic.com/mdi-serving/rubidium-adservices-adtech-enrollment/11167/b5d1a96edb6a1f0a4859f71195a3dae118baacfc
09-10 12:11:48.063 14356 30503 I downloader2: Exceeded max concurrent downloads, not running another queued request
09-10 12:11:48.064 14356  9644 D downloader2: Got URL response, starting to read response body. uri=https://www.gstatic.com/mdi-serving/rubidium-adservices-topics-classifier/1986/9e98784bcdb26a3eb2ab3f65ee811f43177c761f
09-10 12:11:48.074 14356  9647 D downloader2: Response body written. bytesWritten=1233, uri=https://www.gstatic.com/mdi-serving/rubidium-adservices-topics-classifier/1986/9e98784bcdb26a3eb2ab3f65ee811f43177c761f
09-10 12:11:48.075 14356  9647 D downloader2: Download complete, running queued downloads: https://www.gstatic.com/mdi-serving/rubidium-adservices-topics-classifier/1986/9e98784bcdb26a3eb2ab3f65ee811f43177c761f
09-10 12:11:48.075 14356  9647 I downloader2: Exceeded max concurrent downloads, not running another queued request
09-10 12:11:48.075 14356  9647 D downloader2: Queued download completed, running queued downloads: https://www.gstatic.com/mdi-serving/rubidium-adservices-topics-classifier/1986/9e98784bcdb26a3eb2ab3f65ee811f43177c761f
09-10 12:11:48.076 14356  9647 D downloader2: Connectivity satisfied; running request. uri=https://www.gstatic.com/mdi-serving/rubidium-adservices-adtech-enrollment/11167/b5d1a96edb6a1f0a4859f71195a3dae118baacfc
09-10 12:11:48.076 14356  9647 I downloader2: Exceeded max concurrent downloads, not running another queued request
09-10 12:11:48.102 14356 25671 D downloader2: New request enqueued, running queue: https://www.gstatic.com/mdi-serving/rubidium-adservices-topics-classifier/1986/9e98784bcdb26a3eb2ab3f65ee811f43177c761f
09-10 12:11:48.102 14356 25671 I downloader2: Exceeded max concurrent downloads, not running another queued request
09-10 12:11:48.122  1821  2268 W JobScheduler: Job didn't exist in JobStore: 41f18a6 #u0a207/10 com.google.android.calendar/.jobservices.CalendarProviderObserverForNotificationsJobService
09-10 12:11:48.143 14356  9646 D ErrorCodeSampler: Logging error code: 17 for the sample interval 10000: false
09-10 12:11:48.151 14356  9646 D downloader2: Got URL response, starting to read response body. uri=https://www.gstatic.com/mdi-serving/rubidium-adservices-ui-ota-strings/4265/91ac5d17ab9f2445a3462f98f5249a73e9b0e235
09-10 12:11:48.162 14356  9682 D downloader2: Response body written. bytesWritten=267, uri=https://www.gstatic.com/mdi-serving/rubidium-adservices-ui-ota-strings/4265/91ac5d17ab9f2445a3462f98f5249a73e9b0e235
09-10 12:11:48.162 14356  9682 D downloader2: Download complete, running queued downloads: https://www.gstatic.com/mdi-serving/rubidium-adservices-ui-ota-strings/4265/91ac5d17ab9f2445a3462f98f5249a73e9b0e235
09-10 12:11:48.162 14356  9682 I downloader2: Exceeded max concurrent downloads, not running another queued request
09-10 12:11:48.165 14356  9682 D downloader2: Queued download completed, running queued downloads: https://www.gstatic.com/mdi-serving/rubidium-adservices-ui-ota-strings/4265/91ac5d17ab9f2445a3462f98f5249a73e9b0e235
09-10 12:11:48.165 14356  9682 D downloader2: Connectivity satisfied; running request. uri=https://www.gstatic.com/mdi-serving/rubidium-adservices-topics-classifier/1986/9e98784bcdb26a3eb2ab3f65ee811f43177c761f
09-10 12:11:48.166 14356  9682 I downloader2: Exceeded max concurrent downloads, not running another queued request
09-10 12:11:48.168 14356  9682 D downloader2: Got URL response, starting to read response body. uri=https://www.gstatic.com/mdi-serving/rubidium-adservices-adtech-enrollment/11167/b5d1a96edb6a1f0a4859f71195a3dae118baacfc
09-10 12:11:48.190 14356  9647 D downloader2: Response body written. bytesWritten=286, uri=https://www.gstatic.com/mdi-serving/rubidium-adservices-adtech-enrollment/11167/b5d1a96edb6a1f0a4859f71195a3dae118baacfc
09-10 12:11:48.191 14356  9647 D downloader2: Download complete, running queued downloads: https://www.gstatic.com/mdi-serving/rubidium-adservices-adtech-enrollment/11167/b5d1a96edb6a1f0a4859f71195a3dae118baacfc
09-10 12:11:48.191 14356  9647 I downloader2: Exceeded max concurrent downloads, not running another queued request
09-10 12:11:48.191 14356  9683 D downloader2: Queued download completed, running queued downloads: https://www.gstatic.com/mdi-serving/rubidium-adservices-adtech-enrollment/11167/b5d1a96edb6a1f0a4859f71195a3dae118baacfc
09-10 12:11:48.264 14356  9647 D downloader2: Got URL response, starting to read response body. uri=https://www.gstatic.com/mdi-serving/rubidium-adservices-topics-classifier/1986/9e98784bcdb26a3eb2ab3f65ee811f43177c761f
09-10 12:11:48.297 14356  9646 D downloader2: Response body written. bytesWritten=1233, uri=https://www.gstatic.com/mdi-serving/rubidium-adservices-topics-classifier/1986/9e98784bcdb26a3eb2ab3f65ee811f43177c761f
09-10 12:11:48.300 14356  9644 D downloader2: Queued download completed, running queued downloads: https://www.gstatic.com/mdi-serving/rubidium-adservices-topics-classifier/1986/9e98784bcdb26a3eb2ab3f65ee811f43177c761f
09-10 12:11:48.301 14356  9646 D downloader2: Download complete, running queued downloads: https://www.gstatic.com/mdi-serving/rubidium-adservices-topics-classifier/1986/9e98784bcdb26a3eb2ab3f65ee811f43177c761f
09-10 12:11:48.305  2905  9553 E jvni    : *~*~*~ Previous channel {0} was garbage collected without being shut down! ~*~*~*
09-10 12:11:48.305  2905  9553 E jvni    :     Make sure to call shutdown()/shutdownNow()
09-10 12:11:48.305  2905  9553 E jvni    : java.lang.RuntimeException: ManagedChannel allocation site
09-10 12:11:48.305  2905  9553 E jvni    : 	at jvnh.<init>(:com.google.android.gms@263363035@26.33.63 (260400-975893338):21)
09-10 12:11:48.305  2905  9553 E jvni    : 	at jvni.<init>(:com.google.android.gms@263363035@26.33.63 (260400-975893338):10)
09-10 12:11:48.305  2905  9553 E jvni    : 	at jvng.a(:com.google.android.gms@263363035@26.33.63 (260400-975893338):295)
09-10 12:11:48.305  2905  9553 E jvni    : 	at juux.a(:com.google.android.gms@263363035@26.33.63 (260400-975893338):5)
09-10 12:11:48.305  2905  9553 E jvni    : 	at djid.f(:com.google.android.gms@263363035@26.33.63 (260400-975893338):150)
09-10 12:11:48.305  2905  9553 E jvni    : 	at ibof.a(:com.google.android.gms@263363035@26.33.63 (260400-975893338):177)
09-10 12:11:48.305  2905  9553 E jvni    : 	at hotk.a(:com.google.android.gms@263363035@26.33.63 (260400-975893338):17)
09-10 12:11:48.305  2905  9553 E jvni    : 	at hxsp.a(:com.google.android.gms@263363035@26.33.63 (260400-975893338):3)
09-10 12:11:48.305  2905  9553 E jvni    : 	at hxrq.run(:com.google.android.gms@263363035@26.33.63 (260400-975893338):19)
09-10 12:11:48.305  2905  9553 E jvni    : 	at hxsr.run(:com.google.android.gms@263363035@26.33.63 (260400-975893338):5)
09-10 12:11:48.305  2905  9553 E jvni    : 	at bnuj.d(:com.google.android.gms@263363035@26.33.63 (260400-975893338):50)
09-10 12:11:48.305  2905  9553 E jvni    : 	at bnuj.c(:com.google.android.gms@263363035@26.33.63 (260400-975893338):6)
09-10 12:11:48.305  2905  9553 E jvni    : 	at bnuj.run(:com.google.android.gms@263363035@26.33.63 (260400-975893338):33)
09-10 12:11:48.305  2905  9553 E jvni    : 	at java.util.concurrent.ThreadPoolExecutor.runWorker(ThreadPoolExecutor.java:1100)
09-10 12:11:48.305  2905  9553 E jvni    : 	at java.util.concurrent.ThreadPoolExecutor$Worker.run(ThreadPoolExecutor.java:624)
09-10 12:11:48.305  2905  9553 E jvni    : 	at boaj.run(:com.google.android.gms@263363035@26.33.63 (260400-975893338):8)
09-10 12:11:48.305  2905  9553 E jvni    : 	at java.lang.Thread.run(Thread.java:1571)
09-10 12:11:48.339  2905  9550 I gpqd    : (REDACTED) Setting isLegacySQLite mode to %s.
09-10 12:11:48.350 14356  9646 D ErrorCodeSampler: Logging error code: 17 for the sample interval 10000: false
09-10 12:11:48.366  2905  9550 I gpqd    : (REDACTED) Writing data for these Geller corpora: %s
09-10 12:11:48.376  2905  9550 I gpqd    : (REDACTED) Writing metadata key: %s, corpus: %s
09-10 12:11:48.377  2905  9550 I gpqd    : (REDACTED) Writing metadata key: %s, corpus: %s
09-10 12:11:48.384  2905  9550 I gpqd    : (REDACTED) Writing data for these Geller corpora: %s
09-10 12:11:48.389  2905  9550 I gpqd    : (REDACTED) Wrote %d elements for corpus %s
09-10 12:11:48.390  2905  9550 I gpqd    : (REDACTED) Writing metadata key: %s, corpus: %s
09-10 12:11:48.390  2905  9550 I gpqd    : (REDACTED) Writing metadata key: %s, corpus: %s
09-10 12:11:48.402  2905  9550 I gpqd    : (REDACTED) Writing data for these Geller corpora: %s
09-10 12:11:48.428  2905  9550 I gpqd    : (REDACTED) Wrote %d elements for corpus %s
09-10 12:11:48.429  2905  9550 I gpqd    : (REDACTED) Writing metadata key: %s, corpus: %s
09-10 12:11:48.430  2905  9550 I gpqd    : (REDACTED) Writing metadata key: %s, corpus: %s
09-10 12:11:48.508  2828  2828 D TelephonyManager: requestModemActivityInfo: Sending result to app: ModemActivityInfo{ mTimestamp=64925380 mSleepTimeMs=43478495 mIdleTimeMs=2081931 mActivityStatsTechSpecificInfo=[{mRat=UNKNOWN,mFrequencyRange=UNKNOWN,mTxTimeMs[]=[319564, 524664, 859652, 158411, 1461285],mRxTimeMs=18403427}]}
09-10 12:11:48.978  2905  9663 I gpqd    : (REDACTED) Setting isLegacySQLite mode to %s.
09-10 12:11:48.997  2905  9663 I gpqd    : (REDACTED) Writing data for these Geller corpora: %s
09-10 12:11:48.999  2905  9663 I gpqd    : (REDACTED) Writing metadata key: %s, corpus: %s
09-10 12:11:49.000  2905  9663 I gpqd    : (REDACTED) Writing metadata key: %s, corpus: %s
09-10 12:11:49.005  2905  9663 I gpqd    : (REDACTED) Writing data for these Geller corpora: %s
09-10 12:11:49.008  2905  9663 I gpqd    : (REDACTED) Wrote %d elements for corpus %s
09-10 12:11:49.009  2905  9663 I gpqd    : (REDACTED) Writing metadata key: %s, corpus: %s
09-10 12:11:49.010  2905  9663 I gpqd    : (REDACTED) Writing metadata key: %s, corpus: %s
09-10 12:11:49.016  2905  9663 I gpqd    : (REDACTED) Writing data for these Geller corpora: %s
09-10 12:11:49.036  2905  9663 I gpqd    : (REDACTED) Wrote %d elements for corpus %s
09-10 12:11:49.037  2905  9663 I gpqd    : (REDACTED) Writing metadata key: %s, corpus: %s
09-10 12:11:49.038  2905  9663 I gpqd    : (REDACTED) Writing metadata key: %s, corpus: %s
09-10 12:11:49.451  2165  2185 I pixel-thermal: usb_pwr_therm2:39.251 raw data: usb_pwr_therm2:39251 
09-10 12:11:49.506  2905  9615 I Auth    : (REDACTED) [GetTokenResponse] Decryption key=%s success, service=%s
09-10 12:11:50.100  2165  2185 I pixel-thermal: VIRTUAL-USB-UI:1 raw data: USB2-MINUS-CHG:-4427 VIRTUAL-USB-UI:1 charger_skin_therm:43678 usb_pwr_therm2:39251 
09-10 12:11:50.102  2165  2185 I pixel-thermal: cellular-emergency:39.7968 raw data: VIRTUAL-NEUTRAL:39303.7 VIRTUAL-NEUTRAL-SKIN2:39685.6 VIRTUAL-QUIET-NEUTRAL:39796.8 VIRTUAL-SKIN:39796.8 cellular-emergency:39796.8 disp_therm:39029 gnss_tcxo_therm:38650 neutral_therm:37582 quiet_therm:40746 skin_therm1:39140 skin_therm2:44594 
09-10 12:11:50.102  2165  2185 I pixel-thermal: VIRTUAL-USB-THROTTLING:1 raw data: USB2-MINUS-CHG:-4427 VIRTUAL-USB-THROTTLING:1 usb_pwr_therm2:39251 
09-10 12:11:50.102  2165  2185 I pixel-thermal: VIRTUAL-SKIN-CPU:39.7968 raw data: VIRTUAL-SKIN:39796.8 VIRTUAL-SKIN-CPU:39796.8 
09-10 12:11:50.102  2165  2185 I pixel-thermal: VIRTUAL-SKIN-CPU power_budget=1275.1 err=1.2032 s_power=800 time_elapsed_ms=7008 p=481.279 i=-6.17836 d=0 dt_per_min=nan compensation=0 budget transient=0 control target=3 excluded power budget=0
09-10 12:11:50.102  2165  2185 I pixel-thermal: VIRTUAL-SKIN-CPU binded power rails: (S4M_VDD_CPUCL0: 52.55 mW)(S2M_VDD_CPUCL2: 17.84 mW)(S3M_VDD_CPUCL1: 27.18 mW)
09-10 12:11:50.103  2165  2185 I pixel-thermal: neutral_therm:37.582 raw data: neutral_therm:37582 
09-10 12:11:50.103  2165  2185 I pixel-thermal: VIRTUAL-SKIN:39.7968 raw data: VIRTUAL-SKIN:39796.8 
09-10 12:11:50.103  2165  2185 I pixel-thermal: VIRTUAL-SKIN-CPU-GPU:39.7968 raw data: VIRTUAL-SKIN:39796.8 VIRTUAL-SKIN-CPU-GPU:39796.8 
09-10 12:11:50.103  2165  2185 I pixel-thermal: VIRTUAL-SKIN-CPU-GPU power_budget=2492.53 err=5.2032 s_power=800 time_elapsed_ms=7008 p=1560.96 i=131.571 d=0 dt_per_min=nan compensation=0 budget transient=0 control target=3 excluded power budget=0
09-10 12:11:50.103  2165  2185 I pixel-thermal: VIRTUAL-SKIN-CPU-GPU binded power rails: (S4M_VDD_CPUCL0: 52.55 mW)(S2M_VDD_CPUCL2: 17.84 mW)(S3M_VDD_CPUCL1: 27.18 mW)(S2S_VDD_G3D: 2.34 mW)
09-10 12:11:50.103  2165  2185 I pixel-thermal: VIRTUAL-SKIN-HINT:39.7968 raw data: VIRTUAL-SKIN:39796.8 VIRTUAL-SKIN-HINT:39796.8 
09-10 12:11:50.103  2165  2185 I pixel-thermal: VIRTUAL-SKIN-CHARGE:39.7968 raw data: VIRTUAL-SKIN:39796.8 VIRTUAL-SKIN-CHARGE:39796.8 
09-10 12:11:50.103  2165  2185 I pixel-thermal: VIRTUAL-SKIN-CHARGE's fcc binded power rail POWER_FOR_CHARGING_THROTTLING: power threshold = 500, avg power = 486.191
09-10 12:11:50.315  2678  2916 D TemperatureStateSource: sequence=3692 actualDelay=10003
09-10 12:11:50.316  2678  2916 D TemperatureStateSource: Reading temperature: sequence=3693
09-10 12:11:50.320  2165  2165 I pixel-thermal: VIRTUAL-SKIN:39.7968 raw data: VIRTUAL-SKIN:39796.8 
09-10 12:11:50.321  2678  2916 D TemperatureStateSource: getDeviceTemperatures: sequence=3693 deviceTemperatureType=3 temperatureSource=0 temperatures=[39.796803]
09-10 12:11:50.322  2678  2916 D TemperatureStateSource: sequence=3693 waitTime=10000
09-10 12:11:50.322  2678  2916 D ImpulseStateSource: Notify clients: 3712
09-10 12:11:50.522  2905  9661 I gpqd    : (REDACTED) Setting isLegacySQLite mode to %s.
09-10 12:11:50.580  2905  9661 I gpqd    : (REDACTED) Writing data for these Geller corpora: %s
09-10 12:11:50.599  2905  9661 I gpqd    : (REDACTED) Wrote %d elements for corpus %s
09-10 12:11:50.600  2905  9661 I gpqd    : (REDACTED) Writing metadata key: %s, corpus: %s
09-10 12:11:50.602  2905  9661 I gpqd    : (REDACTED) Writing metadata key: %s, corpus: %s
09-10 12:11:50.607  2905  9661 I gpqd    : (REDACTED) Writing data for these Geller corpora: %s
09-10 12:11:50.644  2905  9661 I gpqd    : (REDACTED) Wrote %d elements for corpus %s
09-10 12:11:50.647  2905  9661 I gpqd    : (REDACTED) Writing metadata key: %s, corpus: %s
09-10 12:11:50.648  2905  9661 I gpqd    : (REDACTED) Writing metadata key: %s, corpus: %s
09-10 12:11:50.659  2905  9661 I gpqd    : (REDACTED) Writing data for these Geller corpora: %s
09-10 12:11:50.683  2905  9661 I gpqd    : (REDACTED) Wrote %d elements for corpus %s
09-10 12:11:50.684  2905  9661 I gpqd    : (REDACTED) Writing metadata key: %s, corpus: %s
09-10 12:11:50.685  2905  9661 I gpqd    : (REDACTED) Writing metadata key: %s, corpus: %s
09-10 12:11:50.944  3981  3993 I ffad    : (REDACTED) HDM. appOpsListener %s %s
09-10 12:11:50.945  3981  3993 I ffad    : (REDACTED) HDM. Ignoring irrelevant audio permission changes for package %s
09-10 12:11:50.948  2905  9615 I Auth    : (REDACTED) [GetTokenResponse] Decryption key=%s success, service=%s
09-10 12:11:51.301  1340  1340 I android.hardware.health-service.gs101: Recording a sample at time 64928
09-10 12:11:51.456  2165  2185 I pixel-thermal: usb_pwr_therm2:39.251 raw data: usb_pwr_therm2:39251 
09-10 12:11:51.504  2905  9663 I gpqd    : (REDACTED) Setting isLegacySQLite mode to %s.
09-10 12:11:51.551  2905  9663 I gpqd    : (REDACTED) Writing data for these Geller corpora: %s
09-10 12:11:51.552  2905  9663 I gpqd    : (REDACTED) Writing metadata key: %s, corpus: %s
09-10 12:11:51.553  2905  9663 I gpqd    : (REDACTED) Writing metadata key: %s, corpus: %s
09-10 12:11:51.558  2905  9663 I gpqd    : (REDACTED) Writing data for these Geller corpora: %s
09-10 12:11:51.562  2905  9663 I gpqd    : (REDACTED) Wrote %d elements for corpus %s
09-10 12:11:51.563  2905  9663 I gpqd    : (REDACTED) Writing metadata key: %s, corpus: %s
09-10 12:11:51.563  2905  9663 I gpqd    : (REDACTED) Writing metadata key: %s, corpus: %s
09-10 12:11:51.570  2905  9663 I gpqd    : (REDACTED) Writing data for these Geller corpora: %s
09-10 12:11:51.596  2905  9663 I gpqd    : (REDACTED) Wrote %d elements for corpus %s
09-10 12:11:51.598  2905  9663 I gpqd    : (REDACTED) Writing metadata key: %s, corpus: %s
09-10 12:11:51.600  2905  9663 I gpqd    : (REDACTED) Writing metadata key: %s, corpus: %s
09-10 12:11:51.611  2905  9663 I gpqd    : (REDACTED) Setting isLegacySQLite mode to %s.
09-10 12:11:51.621  2905  9661 I gpqd    : (REDACTED) Setting isLegacySQLite mode to %s.
09-10 12:11:51.629  2905  9663 I gpqd    : (REDACTED) Setting isLegacySQLite mode to %s.
09-10 12:11:51.644  2905  9661 I gpqd    : (REDACTED) Setting isLegacySQLite mode to %s.
09-10 12:11:51.657  2905  9615 I LocationHistory: [DataProvider] Opening SQLite [CONTEXT service_id=314 ]
09-10 12:11:51.722  2905  9615 I LocationHistory: [DataProvider] Opening SQLite [CONTEXT service_id=314 ]
09-10 12:11:52.398  2905  5924 I cn_CronetUrlRequestContext: destroyNativeStreamLocked org.chromium.net.impl.CronetBidirectionalStream@ce62076
09-10 12:11:52.449  2905  9708 I NetworkScheduler.Stats: (REDACTED) Task %s/%s finished executing. cause:%s result: %s elapsed_millis: %s uptime_millis: %s exec_start_elapsed_seconds: %s
09-10 12:11:52.450  2905  2905 D BoundBrokerSvc: onUnbind: Intent { act=com.google.android.gms.semanticlocationhistory.deidentifieddata.storevisits.StoreVisitsProcessingService.ACTION_TASK_READY dat=chimera-action:/... xflg=0x4 cmp=com.google.android.gms/.chimera.GmsInternalBoundBrokerService }
09-10 12:11:52.564  2905  9615 I NetworkScheduler.Stats: (REDACTED) Task %s/%s started execution. cause:%s exec_start_elapsed_seconds: %s
09-10 12:11:53.355  1821  2400 D InetDiagMessage: Destroyed 0 sockets, proto=IPPROTO_TCP, family=AF_INET, states=14
09-10 12:11:53.358  1821  2400 D InetDiagMessage: Destroyed 0 sockets, proto=IPPROTO_TCP, family=AF_INET6, states=14
09-10 12:11:53.358  1821  2400 D InetDiagMessage: Destroyed live tcp sockets for uids={10207} in 6ms
09-10 12:11:53.359  1821  2400 D InetDiagMessage: Destroyed 0 sockets, proto=IPPROTO_TCP, family=AF_INET, states=14
09-10 12:11:53.361  1821  2400 D InetDiagMessage: Destroyed 0 sockets, proto=IPPROTO_TCP, family=AF_INET6, states=14
09-10 12:11:53.361  1821  2400 D InetDiagMessage: Destroyed live tcp sockets for uids={20207} in 3ms
09-10 12:11:53.462  2165  2185 I pixel-thermal: usb_pwr_therm2:39.207 raw data: usb_pwr_therm2:39207 
09-10 12:11:53.506  2905  9663 I NetworkScheduler.Stats: (REDACTED) Task %s/%s finished executing. cause:%s result: %s elapsed_millis: %s uptime_millis: %s exec_start_elapsed_seconds: %s
09-10 12:11:54.525  2905  8935 I NearbyMediums: No BLE Fast/GATT advertisements found in the latest cycle.
09-10 12:11:54.526  2905  8935 I NearbyMediums: Current Tracked Scanning Clients are : {NearbyConnections.EnvironmentMonitor, NearbySharing, NearbyConnections.TxAdvertisement}
09-10 12:11:55.471  2165  2185 I pixel-thermal: usb_pwr_therm2:39.207 raw data: usb_pwr_therm2:39207 
09-10 12:11:55.486  3981  3993 I ffad    : (REDACTED) HDM. appOpsListener %s %s
09-10 12:11:55.487  3981  3993 I ffad    : (REDACTED) HDM. Ignoring irrelevant audio permission changes for package %s
09-10 12:11:55.959  1821  1939 W ProcessStats: Tracking association SourceState{75b5dbc system/1000 BFgs #56162} whose proc state 4 is better than process ProcessState{a5fbf21 com.google.android.tts/10205 pkg=com.google.android.tts} proc state 14 (24 skipped)
09-10 12:11:57.111  2165  2185 I pixel-thermal: VIRTUAL-USB-UI:1 raw data: USB2-MINUS-CHG:-4608 VIRTUAL-USB-UI:1 charger_skin_therm:43815 usb_pwr_therm2:39207 
09-10 12:11:57.115  2165  2185 I pixel-thermal: cellular-emergency:39.6941 raw data: VIRTUAL-NEUTRAL:39341.4 VIRTUAL-NEUTRAL-SKIN2:39694.1 VIRTUAL-QUIET-NEUTRAL:39536 VIRTUAL-SKIN:39694.1 cellular-emergency:39694.1 disp_therm:39140 gnss_tcxo_therm:38695 neutral_therm:37604 quiet_therm:40364 skin_therm1:39207 skin_therm2:44571 
09-10 12:11:57.115  2165  2185 I pixel-thermal: VIRTUAL-USB-THROTTLING:1 raw data: USB2-MINUS-CHG:-4608 VIRTUAL-USB-THROTTLING:1 usb_pwr_therm2:39207 
09-10 12:11:57.116  2165  2185 I pixel-thermal: VIRTUAL-SKIN-CPU:39.6941 raw data: VIRTUAL-SKIN:39694.1 VIRTUAL-SKIN-CPU:39694.1 
09-10 12:11:57.116  2165  2185 I pixel-thermal: VIRTUAL-SKIN-CPU power_budget=1316.18 err=1.3059 s_power=800 time_elapsed_ms=7008 p=522.359 i=-6.17836 d=0 dt_per_min=nan compensation=0 budget transient=0 control target=3 excluded power budget=0
09-10 12:11:57.116  2165  2185 I pixel-thermal: VIRTUAL-SKIN-CPU binded power rails: (S4M_VDD_CPUCL0: 48.22 mW)(S2M_VDD_CPUCL2: 22.65 mW)(S3M_VDD_CPUCL1: 23.81 mW)
09-10 12:11:57.116  2165  2185 I pixel-thermal: neutral_therm:37.604 raw data: neutral_therm:37604 
09-10 12:11:57.116  2165  2185 I pixel-thermal: VIRTUAL-SKIN:39.6941 raw data: VIRTUAL-SKIN:39694.1 
09-10 12:11:57.116  2165  2185 I pixel-thermal: VIRTUAL-SKIN-CPU-GPU:39.6941 raw data: VIRTUAL-SKIN:39694.1 VIRTUAL-SKIN-CPU-GPU:39694.1 
09-10 12:11:57.116  2165  2185 I pixel-thermal: VIRTUAL-SKIN-CPU-GPU power_budget=2523.34 err=5.3059 s_power=800 time_elapsed_ms=7008 p=1591.77 i=131.571 d=0 dt_per_min=nan compensation=0 budget transient=0 control target=3 excluded power budget=0
09-10 12:11:57.117  2165  2185 I pixel-thermal: VIRTUAL-SKIN-CPU-GPU binded power rails: (S4M_VDD_CPUCL0: 48.22 mW)(S2M_VDD_CPUCL2: 22.65 mW)(S3M_VDD_CPUCL1: 23.81 mW)(S2S_VDD_G3D: 2.85 mW)
09-10 12:11:57.117  2165  2185 I pixel-thermal: VIRTUAL-SKIN-HINT:39.6941 raw data: VIRTUAL-SKIN:39694.1 VIRTUAL-SKIN-HINT:39694.1 
09-10 12:11:57.117  2165  2185 I pixel-thermal: VIRTUAL-SKIN-CHARGE:39.6941 raw data: VIRTUAL-SKIN:39694.1 VIRTUAL-SKIN-CHARGE:39694.1 
09-10 12:11:57.117  2165  2185 I pixel-thermal: VIRTUAL-SKIN-CHARGE's fcc binded power rail POWER_FOR_CHARGING_THROTTLING: power threshold = 500, avg power = 479.952
09-10 12:11:57.485  2165  2185 I pixel-thermal: usb_pwr_therm2:39.207 raw data: usb_pwr_therm2:39207 
09-10 12:11:58.156  1821  1836 I system_server: Background young concurrent mark compact GC freed 11MB AllocSpace bytes, 9(192KB) LOS objects, 86% free, 67MB/512MB, paused 3.104ms,6.670ms total 143.978ms
09-10 12:11:58.391  1821  2297 D ActivityManager: freezing 16329 com.google.android.calendar
09-10 12:11:58.406  1821  2400 D InetDiagMessage: Destroyed 0 sockets, proto=IPPROTO_TCP, family=AF_INET, states=14
09-10 12:11:58.414  1821  2400 D InetDiagMessage: Destroyed 0 sockets, proto=IPPROTO_TCP, family=AF_INET6, states=14
09-10 12:11:58.414  1821  2400 D InetDiagMessage: Destroyed live tcp sockets for uids={10207} in 12ms
09-10 12:11:59.494  2165  2185 I pixel-thermal: usb_pwr_therm2:39.096 raw data: usb_pwr_therm2:39096 
09-10 12:11:59.988  2643  2672 I Tethering: [BpfCoordinator] onAlertReached
09-10 12:12:00.314  2678  2790 D ImpulseConnection: timeout didn't happen: com.google.android.apps.turbo
09-10 12:12:00.323  2678  3566 D TemperatureStateSource: sequence=3693 actualDelay=10001
09-10 12:12:00.323  2678  3566 D TemperatureStateSource: Reading temperature: sequence=3694
09-10 12:12:00.326  2165  2165 I pixel-thermal: VIRTUAL-SKIN:39.6734 raw data: VIRTUAL-NEUTRAL:39317.7 VIRTUAL-NEUTRAL-SKIN2:39673.4 VIRTUAL-QUIET-NEUTRAL:39505.2 VIRTUAL-SKIN:39673.4 disp_therm:39096 gnss_tcxo_therm:38717 neutral_therm:37604 quiet_therm:40320 skin_therm1:39140 skin_therm2:44502 
09-10 12:12:00.326  2678  3566 D TemperatureStateSource: getDeviceTemperatures: sequence=3694 deviceTemperatureType=3 temperatureSource=0 temperatures=[39.6734]
09-10 12:12:00.327  2678  3566 D TemperatureStateSource: sequence=3694 waitTime=10000
09-10 12:12:00.329  2165  2165 I pixel-thermal: VIRTUAL-SKIN:39.6734 raw data: VIRTUAL-SKIN:39673.4 
09-10 12:12:00.329  2678  2778 I TemperatureStateSource: temperature was set
09-10 12:12:00.330  2678  2778 D ImpulseStateSource: Notify clients: 3713
09-10 12:12:00.835   531  9703 I keystore2: system/security/keystore2/watchdog/src/lib.rs:371 - Watchdog thread idle -> terminating. Have a great day.
09-10 12:12:01.005  3992  4372 I AiAiEcho: (REDACTED) Predicting[%d]: %s
09-10 12:12:01.008  3992  4372 I AiAiEcho: (REDACTED) EchoTargets: %s
09-10 12:12:01.008  3992  4372 I AiAiEcho: Filtered by AiAi flag check: %s
09-10 12:12:01.011  3992  4372 I AiAiEcho: (REDACTED) #weatherSubItemsTwiddler: Weather removes SubtitleSupplementalItem in surface: %s
09-10 12:12:01.013  3992  4372 I AiAiEcho: #remoteViewsTwiddler: feature disabled.
09-10 12:12:01.015  3992  4372 I AiAiEcho: (REDACTED) Predicting[%d]: %s
09-10 12:12:01.018  3992  4372 I AiAiEcho: (REDACTED) EchoTargets: %s
09-10 12:12:01.018  3992  4372 I AiAiEcho: Filtered by AiAi flag check: %s
09-10 12:12:01.020  3992  4372 I AiAiEcho: #remoteViewsTwiddler: feature disabled.
09-10 12:12:01.022  3992  4372 I AiAiEcho: (REDACTED) Predicting[%d]: %s
09-10 12:12:01.025  3992  4372 I AiAiEcho: (REDACTED) EchoTargets: %s
09-10 12:12:01.025  3992  4372 I AiAiEcho: Filtered by AiAi flag check: %s
09-10 12:12:01.027  3992  4372 I AiAiEcho: #remoteViewsTwiddler: feature disabled.
09-10 12:12:01.027  1821  2391 W NetworkPolicy: shared quota unsupported; generating rule for each iface
09-10 12:12:01.029  3992  4372 I AiAiEcho: (REDACTED) Predicting[%d]: %s
09-10 12:12:01.033  3992  4372 I AiAiEcho: (REDACTED) EchoTargets: %s
09-10 12:12:01.033  3992  4372 I AiAiEcho: Filtered by AiAi flag check: %s
09-10 12:12:01.035  3992  4372 I AiAiEcho: (REDACTED) #weatherSubItemsTwiddler: Weather removes SubtitleSupplementalItem in surface: %s
09-10 12:12:01.035  3992  4372 I AiAiEcho: #remoteViewsTwiddler: feature disabled.
09-10 12:12:01.049  3992  4372 I AiAiEcho: (REDACTED) #postPredictionTargets: Sending updates to UISurface %s with targets# %s (types=[%s])
09-10 12:12:01.054  3992  4372 I AiAiEcho: (REDACTED) #postPredictionTargets: Sending updates to UISurface %s with targets# %s (types=[%s])
09-10 12:12:01.054  2542  2542 I WeatherSmartspaceView: setFormattedContentDescription: text=32°C, iconDescription=Cloudy, contentDescription=Cloudy, 32°C
09-10 12:12:01.054  2542  2542 I WeatherSmartspaceView: setFormattedContentDescription: text=32°C, iconDescription=Cloudy, contentDescription=Cloudy, 32°C
09-10 12:12:01.055  2542  2542 I WeatherData: Weather data parsed CLOUDY ("Cloudy") 32°C from Bundle[{description=Cloudy, feedback_intent=null, explanation_intent=Supplier{VAL_PARCELABLE@140+1744}, is_gaia_linked_data=true, use_celsius=true, state=9, temperature=32}]
09-10 12:12:01.055  3992  4372 I AiAiEcho: (REDACTED) #postPredictionTargets: Sending updates to UISurface %s with targets# %s (types=[%s])
09-10 12:12:01.055  2542  2579 I AmbientCueRepository: Receiving SmartSpace targets # 0
09-10 12:12:01.061  3992  4372 I AiAiEcho: (REDACTED) #postPredictionTargets: Sending updates to UISurface %s with targets# %s (types=[%s])
09-10 12:12:01.503  2165  2185 I pixel-thermal: usb_pwr_therm2:39.096 raw data: usb_pwr_therm2:39096 
09-10 12:12:01.646  2828  2828 D TelephonyManager: requestModemActivityInfo: Sending result to app: ModemActivityInfo{ mTimestamp=64938515 mSleepTimeMs=43478495 mIdleTimeMs=2082020 mActivityStatsTechSpecificInfo=[{mRat=UNKNOWN,mFrequencyRange=UNKNOWN,mTxTimeMs[]=[319565, 524973, 859914, 158640, 1462224],mRxTimeMs=18414726}]}
09-10 12:12:03.514  2165  2185 I pixel-thermal: usb_pwr_therm2:39.096 raw data: usb_pwr_therm2:39096 
09-10 12:12:03.973  1821  2397 E Nl80211Native: getChannelsMhzForBand: Wiphy index not recorded for band 8
09-10 12:12:03.974  1821  2397 E Nl80211Native: getChannelsMhzForBand: Wiphy index not recorded for band 16
09-10 12:12:03.975  1821  2397 I Nl80211Proxy: Sending Nl80211 message: GenericNetlinkMsg{ nlHeader{StructNlMsgHdr{ nlmsg_len{352}, nlmsg_type{28()}, nlmsg_flags{5(NLM_F_REQUEST|NLM_F_ACK)}, nlmsg_seq{1505}, nlmsg_pid{0} }}, genNlHeader{StructGenNlMsgHdr{ command{33}, version{1}, reserved{0} }}, attributes{[StructNlAttr{ nla_len{8}, nla_type{-32723}, nla_value{04000000}, }, StructNlAttr{ nla_len{8}, nla_type{3}, nla_value{2F000000}, }, StructNlAttr{ nla_len{308}, nla_type{-32724}, nla_value{080000006C09000008000100710900000800020076090000080003007B09000008000400800900000800050085090000080006008A090000080007008F0900000800080094090000080009009909000008000A009E09000008000B00A309000008000C00A809000008000D003C14000008000E005014000008000F00641400000800100078140000080011008C14000008001200A014000008001300B414000008001400C8140000080015007C150000080016009015000008001700A415000008001800B815000008001900CC15000008001A00E015000008001B00F415000008001C000816000008001D001C16000008001E003016000008001F0044160000080020005816000008002100711600000800220085160000080023009916000008002400AD16000008002500C1160000}, }, StructNlAttr{ nla_len{8}, nla_type{158}, nla_value{08040000}, }]} }
09-10 12:12:04.090  1821  2397 I Nl80211Proxy: Received NLMSG_ERROR with error 0 for message GenericNetlinkMsg{ nlHeader{StructNlMsgHdr{ nlmsg_len{352}, nlmsg_type{28()}, nlmsg_flags{5(NLM_F_REQUEST|NLM_F_ACK)}, nlmsg_seq{1505}, nlmsg_pid{0} }}, genNlHeader{StructGenNlMsgHdr{ command{33}, version{1}, reserved{0} }}, attributes{[StructNlAttr{ nla_len{8}, nla_type{-32723}, nla_value{04000000}, }, StructNlAttr{ nla_len{8}, nla_type{3}, nla_value{2F000000}, }, StructNlAttr{ nla_len{308}, nla_type{-32724}, nla_value{080000006C09000008000100710900000800020076090000080003007B09000008000400800900000800050085090000080006008A090000080007008F0900000800080094090000080009009909000008000A009E09000008000B00A309000008000C00A809000008000D003C14000008000E005014000008000F00641400000800100078140000080011008C14000008001200A014000008001300B414000008001400C8140000080015007C150000080016009015000008001700A415000008001800B815000008001900CC15000008001A00E015000008001B00F415000008001C000816000008001D001C16000008001E003016000008001F0044160000080020005816000008002100711600000800220085160000080023009916000008002400AD16000008002500C1160000}, }, StructNlAttr{ nla_len{8}, nla_type{158}, nla_value{08040000}, }]} }
09-10 12:12:04.118  2165  2185 I pixel-thermal: VIRTUAL-USB-UI:1 raw data: USB2-MINUS-CHG:-4788 VIRTUAL-USB-UI:1 charger_skin_therm:43884 usb_pwr_therm2:39096 
09-10 12:12:04.119  2165  2185 I pixel-thermal: cellular-emergency:39.6734 raw data: VIRTUAL-NEUTRAL:39317.7 VIRTUAL-NEUTRAL-SKIN2:39673.4 VIRTUAL-QUIET-NEUTRAL:39505.2 VIRTUAL-SKIN:39673.4 cellular-emergency:39673.4 disp_therm:39096 gnss_tcxo_therm:38717 neutral_therm:37604 quiet_therm:40320 skin_therm1:39140 skin_therm2:44502 
09-10 12:12:04.119  2165  2185 I pixel-thermal: VIRTUAL-USB-THROTTLING:1 raw data: USB2-MINUS-CHG:-4788 VIRTUAL-USB-THROTTLING:1 usb_pwr_therm2:39096 
09-10 12:12:04.119  2165  2185 I pixel-thermal: VIRTUAL-SKIN-CPU:39.6734 raw data: VIRTUAL-SKIN:39673.4 VIRTUAL-SKIN-CPU:39673.4 
09-10 12:12:04.119  2165  2185 I pixel-thermal: VIRTUAL-SKIN-CPU power_budget=1324.46 err=1.3266 s_power=800 time_elapsed_ms=7009 p=530.64 i=-6.17836 d=0 dt_per_min=nan compensation=0 budget transient=0 control target=3 excluded power budget=0
09-10 12:12:04.119  2165  2185 I pixel-thermal: VIRTUAL-SKIN-CPU binded power rails: (S4M_VDD_CPUCL0: 42.80 mW)(S2M_VDD_CPUCL2: 21.53 mW)(S3M_VDD_CPUCL1: 17.64 mW)
09-10 12:12:04.119  2165  2185 I pixel-thermal: neutral_therm:37.604 raw data: neutral_therm:37604 
09-10 12:12:04.119  2165  2185 I pixel-thermal: VIRTUAL-SKIN:39.6734 raw data: VIRTUAL-SKIN:39673.4 
09-10 12:12:04.119  2165  2185 I pixel-thermal: VIRTUAL-SKIN-CPU-GPU:39.6734 raw data: VIRTUAL-SKIN:39673.4 VIRTUAL-SKIN-CPU-GPU:39673.4 
09-10 12:12:04.120  2165  2185 I pixel-thermal: VIRTUAL-SKIN-CPU-GPU power_budget=2529.55 err=5.3266 s_power=800 time_elapsed_ms=7009 p=1597.98 i=131.571 d=0 dt_per_min=nan compensation=0 budget transient=0 control target=3 excluded power budget=0
09-10 12:12:04.120  2165  2185 I pixel-thermal: VIRTUAL-SKIN-CPU-GPU binded power rails: (S4M_VDD_CPUCL0: 42.80 mW)(S2M_VDD_CPUCL2: 21.53 mW)(S3M_VDD_CPUCL1: 17.64 mW)(S2S_VDD_G3D: 3.50 mW)
09-10 12:12:04.120  2165  2185 I pixel-thermal: VIRTUAL-SKIN-HINT:39.6734 raw data: VIRTUAL-SKIN:39673.4 VIRTUAL-SKIN-HINT:39673.4 
09-10 12:12:04.120  2165  2185 I pixel-thermal: VIRTUAL-SKIN-CHARGE:39.6734 raw data: VIRTUAL-SKIN:39673.4 VIRTUAL-SKIN-CHARGE:39673.4 
09-10 12:12:04.120  2165  2185 I pixel-thermal: VIRTUAL-SKIN-CHARGE's fcc binded power rail POWER_FOR_CHARGING_THROTTLING: power threshold = 500, avg power = 467.309
09-10 12:12:04.496  1821  2297 D ActivityManager: freezing 7768 com.whatsapp
09-10 12:12:04.499  1381  2903 D AudioFlinger: onStateChanged: pid:7768  uid:10299  state:frozen - no freeze activity
09-10 12:12:04.511  1821  2400 D InetDiagMessage: Destroyed 0 sockets, proto=IPPROTO_TCP, family=AF_INET, states=14
09-10 12:12:04.514  1821  2400 D InetDiagMessage: Destroyed 0 sockets, proto=IPPROTO_TCP, family=AF_INET6, states=14
09-10 12:12:04.514  1821  2400 D InetDiagMessage: Destroyed live tcp sockets for uids={10299} in 6ms
09-10 12:12:04.532  2905  8935 I NearbyMediums: No BLE Fast/GATT advertisements found in the latest cycle.
09-10 12:12:04.532  2905  8935 I NearbyMediums: Current Tracked Scanning Clients are : {NearbyConnections.EnvironmentMonitor, NearbySharing, NearbyConnections.TxAdvertisement}
09-10 12:12:05.520  2165  2185 I pixel-thermal: usb_pwr_therm2:39.096 raw data: usb_pwr_therm2:39096 
09-10 12:12:06.317  1552  1552 W wificond: No handler for scan result notification from interface with index: 47
09-10 12:12:06.318  1821  2393 D WifiNative: Scan result ready event
09-10 12:12:06.319  1821  2397 I Nl80211Proxy: Sending Nl80211 message: GenericNetlinkMsg{ nlHeader{StructNlMsgHdr{ nlmsg_len{20}, nlmsg_type{28()}, nlmsg_flags{769(NLM_F_REQUEST|NLM_F_DUMP)}, nlmsg_seq{1506}, nlmsg_pid{0} }}, genNlHeader{StructGenNlMsgHdr{ command{5}, version{1}, reserved{0} }}, attributes{[]} }
09-10 12:12:06.341  1821  2397 I Nl80211Proxy: Received NLMSG_DONE for message GenericNetlinkMsg{ nlHeader{StructNlMsgHdr{ nlmsg_len{20}, nlmsg_type{28()}, nlmsg_flags{769(NLM_F_REQUEST|NLM_F_DUMP)}, nlmsg_seq{1506}, nlmsg_pid{0} }}, genNlHeader{StructGenNlMsgHdr{ command{5}, version{1}, reserved{0} }}, attributes{[]} }
09-10 12:12:06.342  1821  2397 W Nl80211Utils: Malformed NEW_INTERFACE response: missing attributes
09-10 12:12:06.342  1821  2397 I Nl80211Proxy: Sending Nl80211 message: GenericNetlinkMsg{ nlHeader{StructNlMsgHdr{ nlmsg_len{28}, nlmsg_type{28()}, nlmsg_flags{769(NLM_F_REQUEST|NLM_F_DUMP)}, nlmsg_seq{1507}, nlmsg_pid{0} }}, genNlHeader{StructGenNlMsgHdr{ command{32}, version{1}, reserved{0} }}, attributes{[StructNlAttr{ nla_len{8}, nla_type{3}, nla_value{2F000000}, }]} }
09-10 12:12:06.343  1821  2397 I Nl80211Proxy: Received NLMSG_DONE for message GenericNetlinkMsg{ nlHeader{StructNlMsgHdr{ nlmsg_len{28}, nlmsg_type{28()}, nlmsg_flags{769(NLM_F_REQUEST|NLM_F_DUMP)}, nlmsg_seq{1507}, nlmsg_pid{0} }}, genNlHeader{StructGenNlMsgHdr{ command{32}, version{1}, reserved{0} }}, attributes{[StructNlAttr{ nla_len{8}, nla_type{3}, nla_value{2F000000}, }]} }
09-10 12:12:06.353  1379  3673 I WifiHAL : Creating message to get link statistics; iface = 47
09-10 12:12:06.430  1379  3673 D WifiHAL : Start debug command: mType GET_FEATURE
09-10 12:12:06.430  1379  3673 I WifiHAL : CreateRequest mType = GET_FEATURE
09-10 12:12:06.430  1379  3673 D WifiHAL : In DebugCommand::handleResponse, mType:GET_FEATURE
09-10 12:12:06.430  1379  3673 D WifiHAL : len = 4, expected len = 4
09-10 12:12:07.525  2165  2185 I pixel-thermal: usb_pwr_therm2:39.14 raw data: usb_pwr_therm2:39140 
09-10 12:12:07.790  2905  2905 D BoundBrokerSvc: onUnbind: Intent { act=com.google.android.gms.libs.gmscorelogger.service.START dat=chimera-action:/... xflg=0x4 cmp=com.google.android.gms/.chimera.PersistentDirectBootAwareApiService }
09-10 12:12:08.005  6073  6079 W camera.services: Reducing the number of considered missed Gc histogram windows from 153 to 100
09-10 12:12:09.060  1821  2297 D ActivityManager: freezing 30867 android.process.acore
09-10 12:12:09.071  1821  2400 D InetDiagMessage: Destroyed 0 sockets, proto=IPPROTO_TCP, family=AF_INET, states=14
09-10 12:12:09.076  1821  2400 D InetDiagMessage: Destroyed 0 sockets, proto=IPPROTO_TCP, family=AF_INET6, states=14
09-10 12:12:09.076  1821  2400 D InetDiagMessage: Destroyed live tcp sockets for uids={10092} in 11ms
09-10 12:12:09.536  2165  2185 I pixel-thermal: usb_pwr_therm2:39.14 raw data: usb_pwr_therm2:39140 
09-10 12:12:10.000  2643  2672 I Tethering: [BpfCoordinator] onAlertReached
09-10 12:12:10.318  2678  2916 D ImpulseConnection: timeout didn't happen: com.google.android.apps.turbo
09-10 12:12:10.328  2678  2790 D TemperatureStateSource: sequence=3694 actualDelay=10001
09-10 12:12:10.330  2678  2790 D TemperatureStateSource: Reading temperature: sequence=3695
09-10 12:12:10.336  2165  2165 I pixel-thermal: VIRTUAL-SKIN:39.7075 raw data: VIRTUAL-NEUTRAL:39339.1 VIRTUAL-NEUTRAL-SKIN2:39694.1 VIRTUAL-QUIET-NEUTRAL:39707.5 VIRTUAL-SKIN:39707.5 disp_therm:39073 gnss_tcxo_therm:38717 neutral_therm:37604 quiet_therm:40609 skin_therm1:39207 skin_therm2:44571 
09-10 12:12:10.338  2678  2790 D TemperatureStateSource: getDeviceTemperatures: sequence=3695 deviceTemperatureType=3 temperatureSource=0 temperatures=[39.7075]
09-10 12:12:10.339  2678  2790 D TemperatureStateSource: sequence=3695 waitTime=10000
09-10 12:12:10.340  2678  2778 D ImpulseStateSource: Notify clients: 3714
09-10 12:12:11.129  2165  2185 I pixel-thermal: VIRTUAL-USB-UI:1 raw data: USB2-MINUS-CHG:-4652 VIRTUAL-USB-UI:1 charger_skin_therm:43792 usb_pwr_therm2:39140 
09-10 12:12:11.129  2165  2185 I pixel-thermal: cellular-emergency:39.7075 raw data: VIRTUAL-SKIN:39707.5 cellular-emergency:39707.5 
09-10 12:12:11.129  2165  2185 I pixel-thermal: VIRTUAL-USB-THROTTLING:1 raw data: USB2-MINUS-CHG:-4652 VIRTUAL-USB-THROTTLING:1 usb_pwr_therm2:39140 
09-10 12:12:11.130  2165  2185 I pixel-thermal: VIRTUAL-SKIN-CPU:39.7075 raw data: VIRTUAL-SKIN:39707.5 VIRTUAL-SKIN-CPU:39707.5 
09-10 12:12:11.130  2165  2185 I pixel-thermal: VIRTUAL-SKIN-CPU power_budget=1310.82 err=1.2925 s_power=800 time_elapsed_ms=7010 p=517 i=-6.17836 d=-0 dt_per_min=nan compensation=0 budget transient=0 control target=3 excluded power budget=0
09-10 12:12:11.130  2165  2185 I pixel-thermal: VIRTUAL-SKIN-CPU binded power rails: (S4M_VDD_CPUCL0: 33.89 mW)(S2M_VDD_CPUCL2: 24.18 mW)(S3M_VDD_CPUCL1: 11.24 mW)
09-10 12:12:11.130  2165  2185 I pixel-thermal: neutral_therm:37.604 raw data: neutral_therm:37604 
09-10 12:12:11.130  2165  2185 I pixel-thermal: VIRTUAL-SKIN:39.7075 raw data: VIRTUAL-SKIN:39707.5 
09-10 12:12:11.130  2165  2185 I pixel-thermal: VIRTUAL-SKIN-CPU-GPU:39.7075 raw data: VIRTUAL-SKIN:39707.5 VIRTUAL-SKIN-CPU-GPU:39707.5 
09-10 12:12:11.130  2165  2185 I pixel-thermal: VIRTUAL-SKIN-CPU-GPU power_budget=2519.32 err=5.2925 s_power=800 time_elapsed_ms=7010 p=1587.75 i=131.571 d=-0 dt_per_min=nan compensation=0 budget transient=0 control target=3 excluded power budget=0
09-10 12:12:11.130  2165  2185 I pixel-thermal: VIRTUAL-SKIN-CPU-GPU binded power rails: (S4M_VDD_CPUCL0: 33.89 mW)(S2M_VDD_CPUCL2: 24.18 mW)(S3M_VDD_CPUCL1: 11.24 mW)(S2S_VDD_G3D: 3.17 mW)
09-10 12:12:11.130  2165  2185 I pixel-thermal: VIRTUAL-SKIN-HINT:39.7075 raw data: VIRTUAL-SKIN:39707.5 VIRTUAL-SKIN-HINT:39707.5 
09-10 12:12:11.130  2165  2185 I pixel-thermal: VIRTUAL-SKIN-CHARGE:39.7075 raw data: VIRTUAL-SKIN:39707.5 VIRTUAL-SKIN-CHARGE:39707.5 
09-10 12:12:11.130  2165  2185 I pixel-thermal: VIRTUAL-SKIN-CHARGE's fcc binded power rail POWER_FOR_CHARGING_THROTTLING: power threshold = 500, avg power = 449.892
09-10 12:12:11.540  2165  2185 I pixel-thermal: usb_pwr_therm2:39.14 raw data: usb_pwr_therm2:39140 
09-10 12:12:11.742  2828  2828 D TelephonyManager: requestModemActivityInfo: Sending result to app: ModemActivityInfo{ mTimestamp=64948612 mSleepTimeMs=43478495 mIdleTimeMs=2082020 mActivityStatsTechSpecificInfo=[{mRat=UNKNOWN,mFrequencyRange=UNKNOWN,mTxTimeMs[]=[319565, 525023, 859954, 159112, 1463633],mRxTimeMs=18422856}]}
09-10 12:12:13.547  2165  2185 I pixel-thermal: usb_pwr_therm2:39.229 raw data: usb_pwr_therm2:39229 
09-10 12:12:14.538  2905  8935 I NearbyMediums: No BLE Fast/GATT advertisements found in the latest cycle.
09-10 12:12:14.539  2905  8935 I NearbyMediums: Current Tracked Scanning Clients are : {NearbyConnections.EnvironmentMonitor, NearbySharing, NearbyConnections.TxAdvertisement}
09-10 12:12:15.557  2165  2185 I pixel-thermal: usb_pwr_therm2:39.229 raw data: usb_pwr_therm2:39229 
09-10 12:12:17.567  2165  2185 I pixel-thermal: usb_pwr_therm2:39.229 raw data: usb_pwr_therm2:39229 
09-10 12:12:18.140  2165  2185 I pixel-thermal: VIRTUAL-USB-UI:1 raw data: USB2-MINUS-CHG:-4472 VIRTUAL-USB-UI:1 charger_skin_therm:43701 usb_pwr_therm2:39229 
09-10 12:12:18.144  2165  2185 I pixel-thermal: cellular-emergency:39.7324 raw data: VIRTUAL-NEUTRAL:39333.6 VIRTUAL-NEUTRAL-SKIN2:39678.7 VIRTUAL-QUIET-NEUTRAL:39732.4 VIRTUAL-SKIN:39732.4 cellular-emergency:39732.4 disp_therm:39051 gnss_tcxo_therm:38784 neutral_therm:37582 quiet_therm:40654 skin_therm1:39162 skin_therm2:44571 
09-10 12:12:18.144  2165  2185 I pixel-thermal: VIRTUAL-USB-THROTTLING:1 raw data: USB2-MINUS-CHG:-4472 VIRTUAL-USB-THROTTLING:1 usb_pwr_therm2:39229 
09-10 12:12:18.144  2165  2185 I pixel-thermal: VIRTUAL-SKIN-CPU:39.7324 raw data: VIRTUAL-SKIN:39732.4 VIRTUAL-SKIN-CPU:39732.4 
09-10 12:12:18.145  2165  2185 I pixel-thermal: VIRTUAL-SKIN-CPU power_budget=1300.86 err=1.2676 s_power=800 time_elapsed_ms=7007 p=507.04 i=-6.17836 d=-0 dt_per_min=nan compensation=0 budget transient=0 control target=3 excluded power budget=0
09-10 12:12:18.145  2165  2185 I pixel-thermal: VIRTUAL-SKIN-CPU binded power rails: (S4M_VDD_CPUCL0: 34.94 mW)(S2M_VDD_CPUCL2: 22.75 mW)(S3M_VDD_CPUCL1: 12.82 mW)
09-10 12:12:18.145  2165  2185 I pixel-thermal: neutral_therm:37.582 raw data: neutral_therm:37582 
09-10 12:12:18.145  2165  2185 I pixel-thermal: VIRTUAL-SKIN:39.7324 raw data: VIRTUAL-SKIN:39732.4 
09-10 12:12:18.146  2165  2185 I pixel-thermal: VIRTUAL-SKIN-CPU-GPU:39.7324 raw data: VIRTUAL-SKIN:39732.4 VIRTUAL-SKIN-CPU-GPU:39732.4 
09-10 12:12:18.146  2165  2185 I pixel-thermal: VIRTUAL-SKIN-CPU-GPU power_budget=2511.85 err=5.2676 s_power=800 time_elapsed_ms=7007 p=1580.28 i=131.571 d=-0 dt_per_min=nan compensation=0 budget transient=0 control target=3 excluded power budget=0
09-10 12:12:18.146  2165  2185 I pixel-thermal: VIRTUAL-SKIN-CPU-GPU binded power rails: (S4M_VDD_CPUCL0: 34.94 mW)(S2M_VDD_CPUCL2: 22.75 mW)(S3M_VDD_CPUCL1: 12.82 mW)(S2S_VDD_G3D: 2.66 mW)
09-10 12:12:18.147  2165  2185 I pixel-thermal: VIRTUAL-SKIN-HINT:39.7324 raw data: VIRTUAL-SKIN:39732.4 VIRTUAL-SKIN-HINT:39732.4 
09-10 12:12:18.147  2165  2185 I pixel-thermal: VIRTUAL-SKIN-CHARGE:39.7324 raw data: VIRTUAL-SKIN:39732.4 VIRTUAL-SKIN-CHARGE:39732.4 
09-10 12:12:18.147  2165  2185 I pixel-thermal: VIRTUAL-SKIN-CHARGE's fcc binded power rail POWER_FOR_CHARGING_THROTTLING: power threshold = 500, avg power = 446.331
09-10 12:12:19.584  2165  2185 I pixel-thermal: usb_pwr_therm2:39.207 raw data: usb_pwr_therm2:39207 
09-10 12:12:20.010  2643  2672 I Tethering: [BpfCoordinator] onAlertReached
09-10 12:12:20.341  2678  2778 D TemperatureStateSource: sequence=3695 actualDelay=10002
09-10 12:12:20.342  2678  2778 D TemperatureStateSource: Reading temperature: sequence=3696
09-10 12:12:20.354  2165  2165 I pixel-thermal: VIRTUAL-SKIN:39.7968 raw data: VIRTUAL-NEUTRAL:39270 VIRTUAL-NEUTRAL-SKIN2:39658 VIRTUAL-QUIET-NEUTRAL:39796.8 VIRTUAL-SKIN:39796.8 disp_therm:39096 gnss_tcxo_therm:38650 neutral_therm:37582 quiet_therm:40746 skin_therm1:39007 skin_therm2:44502 
09-10 12:12:20.356  2678  2778 D TemperatureStateSource: getDeviceTemperatures: sequence=3696 deviceTemperatureType=3 temperatureSource=0 temperatures=[39.796803]
09-10 12:12:20.357  2678  2778 D TemperatureStateSource: sequence=3696 waitTime=10000
09-10 12:12:20.359  2165  2165 I pixel-thermal: VIRTUAL-SKIN:39.7968 raw data: VIRTUAL-SKIN:39796.8 
09-10 12:12:20.360  2678  3566 I TemperatureStateSource: temperature was set
09-10 12:12:20.360  2678  3566 D ImpulseStateSource: Notify clients: 3715
09-10 12:12:21.075  1821  2391 W NetworkPolicy: shared quota unsupported; generating rule for each iface
09-10 12:12:21.594  2165  2185 I pixel-thermal: usb_pwr_therm2:39.207 raw data: usb_pwr_therm2:39207 
09-10 12:12:21.841  2828  2828 D TelephonyManager: requestModemActivityInfo: Sending result to app: ModemActivityInfo{ mTimestamp=64958711 mSleepTimeMs=43478495 mIdleTimeMs=2082020 mActivityStatsTechSpecificInfo=[{mRat=UNKNOWN,mFrequencyRange=UNKNOWN,mTxTimeMs[]=[319586, 525038, 859996, 159470, 1465197],mRxTimeMs=18430952}]}
09-10 12:12:22.004  3643  3718 I ConnectivityMonitorStateMachineController: Alarm fired
09-10 12:12:22.025  1821  3295 W ProcessStats: Tracking association SourceState{d3a0c78 com.google.android.pixelsystemservice/10261 ImpFg #56171} whose proc state 5 is better than process ProcessState{65ddb54 com.google.android.apps.turbo/10180 pkg=com.google.android.apps.turbo} proc state 14 (2 skipped)
09-10 12:12:22.027 27193 31505 W Turbo.PowerBrainMaintenanceWindowImpl: PowerBrain is not active
09-10 12:12:22.073  3643  3718 D ImsRegistrationCheck: Continuous Lte or Nr
09-10 12:12:22.101  3643  3718 I SconeConnectivityMonitorStateMachine: [Default] {subId=1} Heart Beat
09-10 12:12:22.108  3643  3718 I WfcRegistrationCheck: isRoaming:false wfcMode:1
09-10 12:12:22.170  3643  3718 I WfcRegistrationCheck: isLteOrNr:true failedCause:16
09-10 12:12:22.955  1332  1386 D CHRE.HAL: Received a nanoapp message from 0x476f6f676c00100b endpoint 0x5: Type 0x401 size 27 
09-10 12:12:22.956  1332  1386 D CHRE    : @ 64937.258: Parsed nanoapp message from host: app ID 0x476f6f676c00100b endpoint 0x5 msgType 112 payload size 10
09-10 12:12:22.956  1332  1386 I CHRE    : @ 64937.258: [NanoMinion] received MSG Type 0x70, Version 1, 6 bytes
09-10 12:12:22.956  1332  1386 I CHRE    : @ 64937.258: [AR] request.flush
09-10 12:12:22.957  1332  1386 I CHRE    : @ 64937.258: [AR] send to host, reason=3, sampleSize=0, transitionSize=0, lastAccelTime = 64426531, lastAudioTime = 0 
09-10 12:12:22.957  1332  1386 I CHRE    : @ 64937.259: [NanoMinion] sent MSG Type 0x72, Version 0, 19 bytes, MessageId 155
09-10 12:12:22.970  1821  3295 W AppOps  : Noting op not finished: uid 10285 pkg com.google.android.gms code 113 startTime of in progress event=1789022494517
09-10 12:12:22.989  1821  3295 W AppOps  : Noting op not finished: uid 10285 pkg com.google.android.gms code 79 startTime of in progress event=1789022494516
09-10 12:12:23.017  1821  3295 W AppOps  : Noting op not finished: uid 10285 pkg com.google.android.gms code 79 startTime of in progress event=1789022494517
09-10 12:12:23.028  2905  2905 I gygs    : (REDACTED) Activity recognition result received: %s
09-10 12:12:23.036  1821  2965 W AppOps  : Noting op not finished: uid 10285 pkg com.google.android.gms code 113 startTime of in progress event=1789022494517
09-10 12:12:23.604  2165  2185 I pixel-thermal: usb_pwr_therm2:39.207 raw data: usb_pwr_therm2:39207 
09-10 12:12:23.970  1821  2965 W AppOps  : Noting op not finished: uid 10285 pkg com.google.android.gms code 113 startTime of in progress event=1789022494517
09-10 12:12:24.058  2905  2905 D BoundBrokerSvc: onRebind: Intent { act=com.google.android.gms.libs.gmscorelogger.service.START dat=chimera-action:/... xflg=0x4 cmp=com.google.android.gms/.chimera.PersistentDirectBootAwareApiService }
09-10 12:12:24.541  2905  8935 I NearbyMediums: No BLE Fast/GATT advertisements found in the latest cycle.
09-10 12:12:24.541  2905  8935 I NearbyMediums: Current Tracked Scanning Clients are : {NearbyConnections.EnvironmentMonitor, NearbySharing, NearbyConnections.TxAdvertisement}
09-10 12:12:25.149  2165  2185 I pixel-thermal: VIRTUAL-USB-UI:1 raw data: USB2-MINUS-CHG:-4585 VIRTUAL-USB-UI:1 charger_skin_therm:43792 usb_pwr_therm2:39207 
09-10 12:12:25.154  2165  2185 I pixel-thermal: cellular-emergency:39.7968 raw data: VIRTUAL-NEUTRAL:39270 VIRTUAL-NEUTRAL-SKIN2:39658 VIRTUAL-QUIET-NEUTRAL:39796.8 VIRTUAL-SKIN:39796.8 cellular-emergency:39796.8 disp_therm:39096 gnss_tcxo_therm:38650 neutral_therm:37582 quiet_therm:40746 skin_therm1:39007 skin_therm2:44502 
09-10 12:12:25.154  2165  2185 I pixel-thermal: VIRTUAL-USB-THROTTLING:1 raw data: USB2-MINUS-CHG:-4585 VIRTUAL-USB-THROTTLING:1 usb_pwr_therm2:39207 
09-10 12:12:25.155  2165  2185 I pixel-thermal: VIRTUAL-SKIN-CPU:39.7968 raw data: VIRTUAL-SKIN:39796.8 VIRTUAL-SKIN-CPU:39796.8 
09-10 12:12:25.155  2165  2185 I pixel-thermal: VIRTUAL-SKIN-CPU power_budget=1275.1 err=1.2032 s_power=800 time_elapsed_ms=7010 p=481.279 i=-6.17836 d=-0 dt_per_min=nan compensation=0 budget transient=0 control target=3 excluded power budget=0
09-10 12:12:25.155  2165  2185 I pixel-thermal: VIRTUAL-SKIN-CPU binded power rails: (S4M_VDD_CPUCL0: 35.08 mW)(S2M_VDD_CPUCL2: 17.27 mW)(S3M_VDD_CPUCL1: 12.66 mW)
09-10 12:12:25.155  2165  2185 I pixel-thermal: neutral_therm:37.582 raw data: neutral_therm:37582 
09-10 12:12:25.156  2165  2185 I pixel-thermal: VIRTUAL-SKIN:39.7968 raw data: VIRTUAL-SKIN:39796.8 
09-10 12:12:25.156  2165  2185 I pixel-thermal: VIRTUAL-SKIN-CPU-GPU:39.7968 raw data: VIRTUAL-SKIN:39796.8 VIRTUAL-SKIN-CPU-GPU:39796.8 
09-10 12:12:25.156  2165  2185 I pixel-thermal: VIRTUAL-SKIN-CPU-GPU power_budget=2492.53 err=5.2032 s_power=800 time_elapsed_ms=7010 p=1560.96 i=131.571 d=-0 dt_per_min=nan compensation=0 budget transient=0 control target=3 excluded power budget=0
09-10 12:12:25.156  2165  2185 I pixel-thermal: VIRTUAL-SKIN-CPU-GPU binded power rails: (S4M_VDD_CPUCL0: 35.08 mW)(S2M_VDD_CPUCL2: 17.27 mW)(S3M_VDD_CPUCL1: 12.66 mW)(S2S_VDD_G3D: 3.13 mW)
09-10 12:12:25.157  2165  2185 I pixel-thermal: VIRTUAL-SKIN-HINT:39.7968 raw data: VIRTUAL-SKIN:39796.8 VIRTUAL-SKIN-HINT:39796.8 
09-10 12:12:25.157  2165  2185 I pixel-thermal: VIRTUAL-SKIN-CHARGE:39.7968 raw data: VIRTUAL-SKIN:39796.8 VIRTUAL-SKIN-CHARGE:39796.8 
09-10 12:12:25.158  2165  2185 I pixel-thermal: VIRTUAL-SKIN-CHARGE's fcc binded power rail POWER_FOR_CHARGING_THROTTLING: power threshold = 500, avg power = 440.174
09-10 12:12:25.619  2165  2185 I pixel-thermal: usb_pwr_therm2:39.274 raw data: usb_pwr_therm2:39274 
09-10 12:12:27.627  2165  2185 I pixel-thermal: usb_pwr_therm2:39.274 raw data: usb_pwr_therm2:39274 
09-10 12:12:28.628  3992  4525 I AiAiStatsd: (REDACTED) No op: atoms for %s already uploaded.
09-10 12:12:29.635  2165  2185 I pixel-thermal: usb_pwr_therm2:39.274 raw data: usb_pwr_therm2:39274 
09-10 12:12:30.150  2905  9716 I AlarmManager: setExactAndAllowWhileIdle [name: GCM_HB_ALARM type: 2 triggerAtMillis: 66717022]
09-10 12:12:30.162  2905  9663 I AlarmManager: setExactAndAllowWhileIdle [name: FcmRetry type: 2 triggerAtMillis: 65087033]
09-10 12:12:30.167  1381  2903 D AudioFlinger: onStateChanged: pid:7768  uid:10299  state:unfrozen - no freeze activity
09-10 12:12:30.168  7768  7768 D WM-DelayedWorkTracker: Scheduling work 1f6226db-52e8-4c00-bd5f-1c9f3c360a0a
09-10 12:12:30.168  7768  7768 D WM-GreedyScheduler: Starting tracking for 1f6226db-52e8-4c00-bd5f-1c9f3c360a0a
09-10 12:12:30.171  1821  1923 D ActivityManager: sync unfroze 7768 com.whatsapp for 3
09-10 12:12:30.175  7768  8213 D WM-GreedyScheduler: Constraints met: Scheduling work ID WorkGenerationalId(workSpecId=1f6226db-52e8-4c00-bd5f-1c9f3c360a0a, generation=0)
09-10 12:12:30.177  3981  3993 I ffad    : (REDACTED) HDM. appOpsListener %s %s
09-10 12:12:30.177  3981  3993 I ffad    : (REDACTED) HDM. Ignoring irrelevant audio permission changes for package %s
09-10 12:12:30.179  7768  8213 D WM-Processor: IBd: processing WorkGenerationalId(workSpecId=1f6226db-52e8-4c00-bd5f-1c9f3c360a0a, generation=0)
09-10 12:12:30.182  2905  9719 I AlarmManager: setExactAndAllowWhileIdle [name: GCM_HB_ALARM type: 2 triggerAtMillis: 66717054]
09-10 12:12:30.185  7768  7768 D WM-WorkerWrapper: Starting work for com.whatsapp.infra.networking.xmpp.lifecycle.XmppLifecycleWorker
09-10 12:12:30.191  1821  2268 I ActivityManager: Background started FGS: Allowed [callingPackage: com.whatsapp; callingUid: 10299; uidState: SVC ; uidBFSL: n/a; BFGS denied: false; intent: Intent { xflg=0x4 cmp=com.whatsapp/.messaging.service.GcmFGService }; code:PUSH_MESSAGING; tempAllowListReason:<eb93632 com.google.android.c2dm.intent.RECEIVE/u0/0x2152,reasonCode:PUSH_MESSAGING,duration:20000,callingUid:10285>; allowWiu:-1; targetSdkVersion:36; callerTargetSdkVersion:36; startForegroundCount:0; bindFromPackage:null; isBindService:false]
09-10 12:12:30.193  3981  3993 I ffad    : (REDACTED) HDM. appOpsListener %s %s
09-10 12:12:30.193  3981  3993 I ffad    : (REDACTED) HDM. Ignoring irrelevant audio permission changes for package %s
09-10 12:12:30.193   687   687 W powerhal-libperfmgr: Sess(709), cannot resume, already active
09-10 12:12:30.201  7768  8083 E msys    : E[N WA]_WAJMNSStreamImplMNSTCPStreamCreate(410)=>[LogLevel:I] WAJMNSStream/impl/tcpStreamCreate/MNSStreamRaw/p=0xb400007927fd78a0
09-10 12:12:30.201  7768  8083 E msys    : E[N WA]WAJMNSStreamImplCreate(485)=>[LogLevel:I] WAJMNSStream/impl/create/p=0xb400007927fd78a0 (mnsConn=0xb400007987f5c750)
09-10 12:12:30.201  7768  8083 E msys    : E[N WA]_WAJMNSStreamCreateMnsIpsFromIpAddressStrings(98)=>[LogLevel:I] no ip addresses provided, using DNS resolution
09-10 12:12:30.201  7768  8083 E msys    : E[N WA]WAJMNSStreamImplConnect(513)=>[LogLevel:I] WAJMNSStream/impl/connect/p=0xb400007927fd78a0 (endpoint=g.whatsapp.net:5222)(ipAddressCount=0)
09-10 12:12:30.201  7768  8083 E msys    : E[N WA]_WAJMNSStreamImplUpdateStreamState(238)=>[LogLevel:I] WAJMNSStream/impl/state-changed/p=0xb400007927fd78a0 (initial=>connecting)
09-10 12:12:30.202  1821  2268 D ConnectivityService: Returning UNBLOCKED NetworkInfo to uid=10299
09-10 12:12:30.203  1821  5937 W ActivityManager: Foreground service started from background can not have location/camera/microphone access: service com.whatsapp/.messaging.service.GcmFGService
09-10 12:12:30.203  1821  5937 I ActivityManager: Background started FGS: Allowed [callingPackage: com.whatsapp; callingUid: 10299; uidState: FGS ; uidBFSL: [BFSL]; BFGS denied: false; intent: Intent { cmp=com.whatsapp/.messaging.service.GcmFGService }; code:PROC_STATE_FGS; tempAllowListReason:<eb93632 com.google.android.c2dm.intent.RECEIVE/u0/0x2152,reasonCode:PUSH_MESSAGING,duration:20000,callingUid:10285>; allowWiu:-1; targetSdkVersion:36; callerTargetSdkVersion:36; startForegroundCount:0; bindFromPackage:null; isBindService:false]
09-10 12:12:30.203  1821  5937 W ForegroundServiceTypeLoggerModule: Foreground service start for UID: 10299 does not have any types
09-10 12:12:30.209  3981  3993 I ffad    : (REDACTED) HDM. appOpsListener %s %s
09-10 12:12:30.209  3981  3993 I ffad    : (REDACTED) HDM. Ignoring irrelevant audio permission changes for package %s
09-10 12:12:30.211  7768  7768 D WM-SystemJobService: onStartJob for WorkGenerationalId(workSpecId=1f6226db-52e8-4c00-bd5f-1c9f3c360a0a, generation=0)
09-10 12:12:30.212  7768  8213 D WM-Processor: Work WorkGenerationalId(workSpecId=1f6226db-52e8-4c00-bd5f-1c9f3c360a0a, generation=0) is already enqueued for processing
09-10 12:12:30.332  2678  2790 D ImpulseConnection: timeout didn't happen: com.google.android.apps.turbo
09-10 12:12:30.358  2678  2916 D TemperatureStateSource: sequence=3696 actualDelay=10001
09-10 12:12:30.360  2678  2916 D TemperatureStateSource: Reading temperature: sequence=3697
09-10 12:12:30.364  2165  2165 I pixel-thermal: VIRTUAL-SKIN:39.8356 raw data: VIRTUAL-NEUTRAL:39284.3 VIRTUAL-NEUTRAL-SKIN2:39673.4 VIRTUAL-QUIET-NEUTRAL:39835.6 VIRTUAL-SKIN:39835.6 disp_therm:39162 gnss_tcxo_therm:38628 neutral_therm:37604 quiet_therm:40792 skin_therm1:39029 skin_therm2:44502 
09-10 12:12:30.365  2678  2916 D TemperatureStateSource: getDeviceTemperatures: sequence=3697 deviceTemperatureType=3 temperatureSource=0 temperatures=[39.8356]
09-10 12:12:30.365  2678  2916 D TemperatureStateSource: sequence=3697 waitTime=10000
09-10 12:12:30.367  2678  3566 D ImpulseStateSource: Notify clients: 3716
09-10 12:12:30.461  3992  5154 I AiAiBesties: Notification has no shortcutId, cannot prioritize.
09-10 12:12:30.466  3992  4960 I AiAiEcho: SmartspaceNotificationPredictor no parser can handle this notification or notification is invalid
09-10 12:12:30.693  7768  8119 E msys    : E[N WA]_WAJMNSStreamImplOnMNSReady(269)=>[LogLevel:I] WAJMNSStream/impl/callback/onMNSReady/p=0xb400007927fd78a0
09-10 12:12:30.694  7768  8119 E msys    : E[N WA]_WAJMNSStreamImplCreateConnectionReport(202)=>[LogLevel:I] WAJMNSStream/impl/report port=5222, connectedIPVersion=6, resolvedIPAddressCount=2, dnsResolutionStartTimeMS=38288880, dnsResolutionEndTimeMS=38288880, dnsCacheHit=Yes, connectStartTimeMS=38288880, connectEndTimeMS=38289372, proxyConnectStartTimeMS=0, proxyConnectEndTimeMS=0
09-10 12:12:30.694  7768  8119 E msys    : E[N WA]_WAJMNSStreamImplUpdateStreamState(238)=>[LogLevel:I] WAJMNSStream/impl/state-changed/p=0xb400007927fd78a0 (connecting=>connected)
09-10 12:12:30.706  7768  8119 E msys    : E[N mns]_OnResolverSuccess(384)=>Cache refresh succeeded with system DNS resolver. IP count: 2
09-10 12:12:31.644  2165  2185 I pixel-thermal: usb_pwr_therm2:39.274 raw data: usb_pwr_therm2:39274 
09-10 12:12:32.158  2165  2185 I pixel-thermal: VIRTUAL-USB-UI:1 raw data: USB2-MINUS-CHG:-4335 VIRTUAL-USB-UI:1 charger_skin_therm:43609 usb_pwr_therm2:39274 
09-10 12:12:32.158  2165  2185 I pixel-thermal: cellular-emergency:39.8356 raw data: VIRTUAL-SKIN:39835.6 cellular-emergency:39835.6 
09-10 12:12:32.159  2165  2185 I pixel-thermal: VIRTUAL-USB-THROTTLING:1 raw data: USB2-MINUS-CHG:-4335 VIRTUAL-USB-THROTTLING:1 usb_pwr_therm2:39274 
09-10 12:12:32.159  2165  2185 I pixel-thermal: VIRTUAL-SKIN-CPU:39.8356 raw data: VIRTUAL-SKIN:39835.6 VIRTUAL-SKIN-CPU:39835.6 
09-10 12:12:32.159  2165  2185 I pixel-thermal: VIRTUAL-SKIN-CPU power_budget=1259.58 err=1.1644 s_power=800 time_elapsed_ms=7008 p=465.759 i=-6.17836 d=-0 dt_per_min=nan compensation=0 budget transient=0 control target=3 excluded power budget=0
09-10 12:12:32.160  2165  2185 I pixel-thermal: VIRTUAL-SKIN-CPU binded power rails: (S4M_VDD_CPUCL0: 40.05 mW)(S2M_VDD_CPUCL2: 17.24 mW)(S3M_VDD_CPUCL1: 15.27 mW)
09-10 12:12:32.160  2165  2185 I pixel-thermal: neutral_therm:37.604 raw data: neutral_therm:37604 
09-10 12:12:32.160  2165  2185 I pixel-thermal: VIRTUAL-SKIN:39.8356 raw data: VIRTUAL-SKIN:39835.6 
09-10 12:12:32.160  2165  2185 I pixel-thermal: VIRTUAL-SKIN-CPU-GPU:39.8356 raw data: VIRTUAL-SKIN:39835.6 VIRTUAL-SKIN-CPU-GPU:39835.6 
09-10 12:12:32.161  2165  2185 I pixel-thermal: VIRTUAL-SKIN-CPU-GPU power_budget=2480.89 err=5.1644 s_power=800 time_elapsed_ms=7008 p=1549.32 i=131.571 d=-0 dt_per_min=nan compensation=0 budget transient=0 control target=3 excluded power budget=0
09-10 12:12:32.161  2165  2185 I pixel-thermal: VIRTUAL-SKIN-CPU-GPU binded power rails: (S4M_VDD_CPUCL0: 40.05 mW)(S2M_VDD_CPUCL2: 17.24 mW)(S3M_VDD_CPUCL1: 15.27 mW)(S2S_VDD_G3D: 2.77 mW)
09-10 12:12:32.161  2165  2185 I pixel-thermal: VIRTUAL-SKIN-HINT:39.8356 raw data: VIRTUAL-SKIN:39835.6 VIRTUAL-SKIN-HINT:39835.6 
09-10 12:12:32.162  2165  2185 I pixel-thermal: VIRTUAL-SKIN-CHARGE:39.8356 raw data: VIRTUAL-SKIN:39835.6 VIRTUAL-SKIN-CHARGE:39835.6 
09-10 12:12:32.162  2165  2185 I pixel-thermal: VIRTUAL-SKIN-CHARGE's fcc binded power rail POWER_FOR_CHARGING_THROTTLING: power threshold = 500, avg power = 450.839
09-10 12:12:32.953  1379  3673 I WifiHAL : Creating message to get link statistics; iface = 47
09-10 12:12:33.079  1379  3673 E libbinder.IPCThreadState: binder thread pool (1 threads) starved for 126 ms
09-10 12:12:33.658  2165  2185 I pixel-thermal: usb_pwr_therm2:39.251 raw data: usb_pwr_therm2:39251 
09-10 12:12:34.544  2905  8935 I NearbyMediums: No BLE Fast/GATT advertisements found in the latest cycle.
09-10 12:12:34.545  2905  8935 I NearbyMediums: Current Tracked Scanning Clients are : {NearbyConnections.EnvironmentMonitor, NearbySharing, NearbyConnections.TxAdvertisement}
09-10 12:12:35.665  2165  2185 I pixel-thermal: usb_pwr_therm2:39.251 raw data: usb_pwr_therm2:39251 
09-10 12:12:37.238  1821  5937 W JobInfo : Job 'com.whatsapp/.infra.push.RegistrationIntentService#4' has a deadline with no functional constraints. The deadline won't improve job execution latency. Consider removing the deadline.
09-10 12:12:37.468  7768 16913 W NotificationManager: Shedding cancel (dupe) of NotificationKey[user=UserHandle{0}, pkg=com.whatsapp, tag=4HkZiLcbkLg/936CrYjw3dfY58Gkl6chyaCEE4JE0i4=
09-10 12:12:37.468  7768 16913 W NotificationManager: , id=147], rate limit (5.0) exceeded: input 8.463489, output would be 5.9152737
09-10 12:12:37.510  1821  1821 W NotificationService: Removed summary didn't match old notification: old=0|com.whatsapp|1|null|10299, removed=0|com.whatsapp|1|null|10299
09-10 12:12:37.531  1821  1821 W NotificationService: Removed summary didn't match old notification: old=0|com.whatsapp|1|null|10299, removed=0|com.whatsapp|1|null|10299
09-10 12:12:37.553  1821  1821 W NotificationService: Removed summary didn't match old notification: old=0|com.whatsapp|1|null|10299, removed=0|com.whatsapp|1|null|10299
09-10 12:12:37.570  1821  1821 W NotificationService: Removed summary didn't match old notification: old=0|com.whatsapp|1|null|10299, removed=0|com.whatsapp|1|null|10299
09-10 12:12:37.672  2165  2185 I pixel-thermal: usb_pwr_therm2:39.251 raw data: usb_pwr_therm2:39251 
09-10 12:12:37.712  3992  4960 I AiAiEcho: SmartspaceNotificationPredictor no parser can handle this notification or notification is invalid
09-10 12:12:37.724  3992  5154 I AiAiBesties: Not a messaging style notification.
09-10 12:12:37.739  3992  5154 I AiAiBesties: Not a messaging style notification.
09-10 12:12:37.748  3992  4960 I AiAiEcho: SmartspaceNotificationPredictor no parser can handle this notification or notification is invalid
09-10 12:12:37.759  3992  5154 I AiAiBesties: Not a messaging style notification.
09-10 12:12:37.764  3992  4960 I AiAiEcho: SmartspaceNotificationPredictor no parser can handle this notification or notification is invalid
09-10 12:12:37.770  3992  4960 I AiAiEcho: SmartspaceNotificationPredictor no parser can handle this notification or notification is invalid
09-10 12:12:37.772  3992  5154 I AiAiBesties: Not a messaging style notification.
09-10 12:12:37.784  3992  4960 I AiAiEcho: SmartspaceNotificationPredictor no parser can handle this notification or notification is invalid
09-10 12:12:37.787  3992  5154 I AiAiBesties: Not a messaging style notification.
09-10 12:12:39.166  2165  2185 I pixel-thermal: VIRTUAL-USB-UI:1 raw data: USB2-MINUS-CHG:-4473 VIRTUAL-USB-UI:1 charger_skin_therm:43724 usb_pwr_therm2:39251 
09-10 12:12:39.169  2165  2185 I pixel-thermal: cellular-emergency:39.8385 raw data: VIRTUAL-NEUTRAL:39253.5 VIRTUAL-NEUTRAL-SKIN2:39656.4 VIRTUAL-QUIET-NEUTRAL:39838.5 VIRTUAL-SKIN:39838.5 cellular-emergency:39838.5 disp_therm:39207 gnss_tcxo_therm:38561 neutral_therm:37560 quiet_therm:40815 skin_therm1:38962 skin_therm2:44548 
09-10 12:12:39.169  2165  2185 I pixel-thermal: VIRTUAL-USB-THROTTLING:1 raw data: USB2-MINUS-CHG:-4473 VIRTUAL-USB-THROTTLING:1 usb_pwr_therm2:39251 
09-10 12:12:39.169  2165  2185 I pixel-thermal: VIRTUAL-SKIN-CPU:39.8385 raw data: VIRTUAL-SKIN:39838.5 VIRTUAL-SKIN-CPU:39838.5 
09-10 12:12:39.170  2165  2185 I pixel-thermal: VIRTUAL-SKIN-CPU power_budget=1258.42 err=1.1615 s_power=800 time_elapsed_ms=7008 p=464.6 i=-6.17836 d=-0 dt_per_min=nan compensation=0 budget transient=0 control target=3 excluded power budget=0
09-10 12:12:39.170  2165  2185 I pixel-thermal: VIRTUAL-SKIN-CPU binded power rails: (S4M_VDD_CPUCL0: 53.99 mW)(S2M_VDD_CPUCL2: 20.44 mW)(S3M_VDD_CPUCL1: 29.02 mW)
09-10 12:12:39.170  2165  2185 I pixel-thermal: neutral_therm:37.56 raw data: neutral_therm:37560 
09-10 12:12:39.170  2165  2185 I pixel-thermal: VIRTUAL-SKIN:39.8385 raw data: VIRTUAL-SKIN:39838.5 
09-10 12:12:39.171  2165  2185 I pixel-thermal: VIRTUAL-SKIN-CPU-GPU:39.8385 raw data: VIRTUAL-SKIN:39838.5 VIRTUAL-SKIN-CPU-GPU:39838.5 
09-10 12:12:39.171  2165  2185 I pixel-thermal: VIRTUAL-SKIN-CPU-GPU power_budget=2480.02 err=5.1615 s_power=800 time_elapsed_ms=7008 p=1548.45 i=131.571 d=-0 dt_per_min=nan compensation=0 budget transient=0 control target=3 excluded power budget=0
09-10 12:12:39.171  2165  2185 I pixel-thermal: VIRTUAL-SKIN-CPU-GPU binded power rails: (S4M_VDD_CPUCL0: 53.99 mW)(S2M_VDD_CPUCL2: 20.44 mW)(S3M_VDD_CPUCL1: 29.02 mW)(S2S_VDD_G3D: 3.02 mW)
09-10 12:12:39.171  2165  2185 I pixel-thermal: VIRTUAL-SKIN-HINT:39.8385 raw data: VIRTUAL-SKIN:39838.5 VIRTUAL-SKIN-HINT:39838.5 
09-10 12:12:39.172  2165  2185 I pixel-thermal: VIRTUAL-SKIN-CHARGE:39.8385 raw data: VIRTUAL-SKIN:39838.5 VIRTUAL-SKIN-CHARGE:39838.5 
09-10 12:12:39.172  2165  2185 I pixel-thermal: VIRTUAL-SKIN-CHARGE's fcc binded power rail POWER_FOR_CHARGING_THROTTLING: power threshold = 500, avg power = 491.144
09-10 12:12:39.556  1821  5937 D ActivityManager: Stop FGS timeout: ServiceRecord{5d598a u0 com.whatsapp/.messaging.service.GcmFGService c:com.whatsapp}
09-10 12:12:39.558  1821  5937 W ForegroundServiceTypeLoggerModule: FGS stop call for: 10299 has no types!
09-10 12:12:39.569  9953  9953 I HidDeviceService: unregisterAppUid(): uid=10299
09-10 12:12:39.569  1821  1862 D HintManagerService: Sent cleanup message for uid 10299
09-10 12:12:39.569  9953  9953 W HidDeviceService: unregisterAppUid(): caller UID doesn't match user UID
09-10 12:12:39.572  7768  7768 D WM-SystemJobService: onStopJob for WorkGenerationalId(workSpecId=1f6226db-52e8-4c00-bd5f-1c9f3c360a0a, generation=0)
09-10 12:12:39.580  7768  8212 D WM-Processor: WorkerWrapper interrupted for 1f6226db-52e8-4c00-bd5f-1c9f3c360a0a
09-10 12:12:39.580  7768  8212 D WM-StopWorkRunnable: StopWorkRunnable for 1f6226db-52e8-4c00-bd5f-1c9f3c360a0a; Processor.stopWork = true
09-10 12:12:39.582  7768  8083 E msys    : E[N WA]WAJMNSStreamImplForceDisconnectSync(586)=>[LogLevel:W] WAJMNSStream/impl/disconnect/force/p=0xb400007927fd78a0 (bytesSent=4174)(bytesRecv=6245)
09-10 12:12:39.582  1821  2268 D ConnectivityService: Returning BLOCKED NetworkInfo to uid=10299
09-10 12:12:39.583  7768  8083 E msys    : E[N WA]_WAJMNSStreamImplUpdateStreamState(238)=>[LogLevel:I] WAJMNSStream/impl/state-changed/p=0xb400007927fd78a0 (connected=>disconnected)
09-10 12:12:39.586  7768  8206 I WM-WorkerWrapper: Work [ id=1f6226db-52e8-4c00-bd5f-1c9f3c360a0a, tags={ com.whatsapp.infra.networking.xmpp.lifecycle.XmppLifecycleWorker } ] was cancelled
09-10 12:12:39.586  7768  8206 I WM-WorkerWrapper: X.IaU
09-10 12:12:39.586  7768  8206 I WM-WorkerWrapper: 	at X.IBd.A01(:6)
09-10 12:12:39.586  7768  8206 I WM-WorkerWrapper: 	at X.ITr.run(:86)
09-10 12:12:39.586  7768  8206 I WM-WorkerWrapper: 	at X.GZY.run(:2)
09-10 12:12:39.586  7768  8206 I WM-WorkerWrapper: 	at java.util.concurrent.ThreadPoolExecutor.runWorker(ThreadPoolExecutor.java:1100)
09-10 12:12:39.586  7768  8206 I WM-WorkerWrapper: 	at java.util.concurrent.ThreadPoolExecutor$Worker.run(ThreadPoolExecutor.java:624)
09-10 12:12:39.586  7768  8206 I WM-WorkerWrapper: 	at java.lang.Thread.run(Thread.java:1571)
09-10 12:12:39.588  7768  8206 D WM-WorkerWrapper: Status for 1f6226db-52e8-4c00-bd5f-1c9f3c360a0a is RUNNING; not doing any work and rescheduling for later execution
09-10 12:12:39.590  7768  7768 D WM-Processor: IBd 1f6226db-52e8-4c00-bd5f-1c9f3c360a0a executed; reschedule = true
09-10 12:12:39.591  7768  7768 D WM-GreedyScheduler: Stopping tracking for WorkGenerationalId(workSpecId=1f6226db-52e8-4c00-bd5f-1c9f3c360a0a, generation=0)
09-10 12:12:39.595  7768  8213 D WM-GreedyScheduler: Cancelling work ID 1f6226db-52e8-4c00-bd5f-1c9f3c360a0a
09-10 12:12:39.605  7768  8213 D WM-SystemJobScheduler: Scheduling work ID 1f6226db-52e8-4c00-bd5f-1c9f3c360a0aJob ID 4442
09-10 12:12:39.610  7768  8213 D WM-GreedyScheduler: Starting tracking for e5a6e14c-982a-4f66-920f-a45470cb3107,1f6226db-52e8-4c00-bd5f-1c9f3c360a0a,d26b6c5c-06ba-41e3-9c88-ab27d3fc1b8a
09-10 12:12:39.626  7768  8213 D WM-GreedyScheduler: Constraints met: Scheduling work ID WorkGenerationalId(workSpecId=1f6226db-52e8-4c00-bd5f-1c9f3c360a0a, generation=0)
09-10 12:12:39.631  7768  8213 D WM-Processor: IBd: processing WorkGenerationalId(workSpecId=1f6226db-52e8-4c00-bd5f-1c9f3c360a0a, generation=0)
09-10 12:12:39.639  7768  7768 D WM-WorkerWrapper: Starting work for com.whatsapp.infra.networking.xmpp.lifecycle.XmppLifecycleWorker
09-10 12:12:39.686  2165  2185 I pixel-thermal: usb_pwr_therm2:39.296 raw data: usb_pwr_therm2:39296 
09-10 12:12:39.687  2165  2185 I pixel-thermal: Power rails total power: 599.50 mW for 60273 ms
09-10 12:12:39.687  2165  2185 I pixel-thermal: Power rails [L8S_UFS_VCCQ: 21.90 mW] [S2S_VDD_G3D: 2.94 mW] [S10S_VDD2L: 16.48 mW] [S5S_VDDQ_MEM: 5.65 mW] [S4S_VDD2H_MEM: 28.28 mW] [S9S_VDD_AOC: 22.01 mW] 
09-10 12:12:39.687  2165  2185 I pixel-thermal: Power rails [S10M_VDD_TPU: 10.55 mW] [L2S_VDD_AOC_RET: 11.46 mW] [L9S_GNSS_CORE: 0.71 mW] [S1M_VDD_MIF: 35.68 mW] [S5M_VDD_INT: 29.80 mW] [S4M_VDD_CPUCL0: 42.32 mW] 
09-10 12:12:39.687  2165  2185 I pixel-thermal: Power rails [S2M_VDD_CPUCL2: 20.41 mW] [S3M_VDD_CPUCL1: 18.41 mW] [L15M_VDD_SLC_M: 19.30 mW] [VSYS_PWR_DISPLAY: 313.60 mW] 
09-10 12:12:39.687  2165  2185 I pixel-thermal: CDEV log usbc-port state:0 fcc state:3 thermal-cpufreq-1 state:0 tpu_cooling state:2 thermal-gpufreq-0 state:0 thermal-cpufreq-2 state:0 thermal-cpufreq-0 state:0 
09-10 12:12:40.368  2678  2778 D TemperatureStateSource: sequence=3697 actualDelay=10002
09-10 12:12:40.370  2678  2778 D TemperatureStateSource: Reading temperature: sequence=3698
09-10 12:12:40.375  2165  2165 I pixel-thermal: VIRTUAL-SKIN:39.8385 raw data: VIRTUAL-SKIN:39838.5 
09-10 12:12:40.377  2678  2778 D TemperatureStateSource: getDeviceTemperatures: sequence=3698 deviceTemperatureType=3 temperatureSource=0 temperatures=[39.8385]
09-10 12:12:40.378  2678  2778 D TemperatureStateSource: sequence=3698 waitTime=10000
09-10 12:12:40.380  2678  2790 D ImpulseStateSource: Notify clients: 3717
09-10 12:12:40.574  1821  2298 D HintManagerService: Starts cleaning for 10299
09-10 12:12:41.695  2165  2185 I pixel-thermal: usb_pwr_therm2:39.296 raw data: usb_pwr_therm2:39296 
09-10 12:12:43.154  2828  3090 D SatelliteController: isInCarrierRoamingNbIotNtn: satellite is disabled
09-10 12:12:43.154  2828  3090 D SatelliteController: getCarrierRoamingNtnConnectType: Checking connect type from PLMN config for subId: 1
09-10 12:12:43.154  2828  3090 D TelephonyConfigUpdateInstallReceiver: getConfigParser: domain=satellite
09-10 12:12:43.155  2828  3090 V SatelliteController: satelliteConfigParser is not ready
09-10 12:12:43.155  2828  3090 D SatelliteController: isSatelliteAttachSupportedViaConfigupdater: return null (satelliteConfig is null)
09-10 12:12:43.165  2811  2811 I SHANNON_IMS: 2439 [PROX] Received onSignalStrengthsChanged [CellSignalStrengthLte: rssi=-79 rsrp=-110 rsrq=-9 rssnr=3 cqiTableIndex=1 cqi=9 ta=15 level=2 parametersUseForLevel=0] [SLID:0 APM:false] (ImsConnectivityProxyListener$ImsPhoneStateListener%onSignalStrengthsChanged:413)
09-10 12:12:43.168  2828  3090 D SatelliteController: getSatellitePerPlmnConfiguration: invalid subId or not supported via carrier.
09-10 12:12:43.168  2828  3090 D SatelliteController: getCarrierRoamingNtnConnectType: config: null
09-10 12:12:43.168  2828  3090 D TelephonyConfigUpdateInstallReceiver: getConfigParser: domain=satellite
09-10 12:12:43.168  2828  3090 V SatelliteController: satelliteConfigParser is not ready
09-10 12:12:43.168  2828  3090 D SatelliteController: getCarrierRoamingNtnConnectTypeViaConfigUpdater: return null (satelliteConfig is null)
09-10 12:12:43.171  2828  3090 D SatelliteController: getCarrierRoamingNtnConnectType: Falling back to global carrier config connect type: 0
09-10 12:12:43.172  2828  3090 D TelephonyConfigUpdateInstallReceiver: getConfigParser: domain=satellite
09-10 12:12:43.172  2828  3090 V SatelliteController: satelliteConfigParser is not ready
09-10 12:12:43.172  2828  3090 D SatelliteController: isSatelliteAttachSupportedViaConfigupdater: return null (satelliteConfig is null)
09-10 12:12:43.173  2828  3090 D SatelliteController: getCarrierRoamingNtnConnectType: Checking connect type from PLMN config for subId: 1
09-10 12:12:43.173  2828  3090 D TelephonyConfigUpdateInstallReceiver: getConfigParser: domain=satellite
09-10 12:12:43.173  2828  3090 V SatelliteController: satelliteConfigParser is not ready
09-10 12:12:43.173  2828  3090 D SatelliteController: isSatelliteAttachSupportedViaConfigupdater: return null (satelliteConfig is null)
09-10 12:12:43.173  2828  3090 D SatelliteController: getSatellitePerPlmnConfiguration: invalid subId or not supported via carrier.
09-10 12:12:43.173  2828  3090 D SatelliteController: getCarrierRoamingNtnConnectType: config: null
09-10 12:12:43.173  2828  3090 D TelephonyConfigUpdateInstallReceiver: getConfigParser: domain=satellite
09-10 12:12:43.173  2828  3090 V SatelliteController: satelliteConfigParser is not ready
09-10 12:12:43.173  2828  3090 D SatelliteController: getCarrierRoamingNtnConnectTypeViaConfigUpdater: return null (satelliteConfig is null)
09-10 12:12:43.174  2828  3090 D SatelliteController: getCarrierRoamingNtnConnectType: Falling back to global carrier config connect type: 0
09-10 12:12:43.174  2828  3090 D TelephonyConfigUpdateInstallReceiver: getConfigParser: domain=satellite
09-10 12:12:43.174  2828  3090 V SatelliteController: satelliteConfigParser is not ready
09-10 12:12:43.174  2828  3090 D SatelliteController: isSatelliteAttachSupportedViaConfigupdater: return null (satelliteConfig is null)
09-10 12:12:43.702  2165  2185 I pixel-thermal: usb_pwr_therm2:39.296 raw data: usb_pwr_therm2:39296 
09-10 12:12:44.548  2905  8935 I NearbyMediums: No BLE Fast/GATT advertisements found in the latest cycle.
09-10 12:12:44.550  2905  8935 I NearbyMediums: Current Tracked Scanning Clients are : {NearbyConnections.EnvironmentMonitor, NearbySharing, NearbyConnections.TxAdvertisement}
09-10 12:12:44.575  3981  3993 I ffad    : (REDACTED) HDM. appOpsListener %s %s
09-10 12:12:44.575  3981  3993 I ffad    : (REDACTED) HDM. Ignoring irrelevant audio permission changes for package %s
09-10 12:12:45.553 27193 27197 I roid.apps.turbo: Background young concurrent mark compact GC freed 784KB AllocSpace bytes, 20(1040KB) LOS objects, 97% free, 5616KB/256MB, paused 2.243ms,8.368ms total 93.901ms
09-10 12:12:45.710  2165  2185 I pixel-thermal: usb_pwr_therm2:39.185 raw data: usb_pwr_therm2:39185 
09-10 12:12:46.060  3143  3178 D IwlanDataService: onCapabilitiesChanged: 117 [ Transports: CELLULAR Capabilities: SUPL&XCAP&INTERNET&NOT_RESTRICTED&TRUSTED&NOT_VPN&VALIDATED&NOT_ROAMING&FOREGROUND&NOT_CONGESTED&NOT_SUSPENDED&NOT_VCN_MANAGED&NOT_BANDWIDTH_CONSTRAINED LinkUpBandwidth>=8976Kbps LinkDnBandwidth>=8976Kbps Specifier: <TelephonyNetworkSpecifier [mSubId = 1]> SubscriptionIds: {1} UnderlyingNetworks: Null]
09-10 12:12:46.060  3143  3178 D IwlanDataService: Network 117 connected using transport MOBILE
09-10 12:12:46.062  3143  3215 D IwlanNetworkService: onCapabilitiesChanged: 117
09-10 12:12:46.066  2811  3492 I SHANNON_IMS: 2441 [CONN] network:117 CELLULAR connected, subId:1 [SLID:0] (DefaultNetworkCallback%onCapabilitiesChanged:72)
09-10 12:12:46.066  2768  3406 D SHANNON_RCS: 2797 [0][PROX][TELE] onCapabilitiesChanged, Network: 117, NetworkCapabilities: [ Transports: CELLULAR Capabilities: SUPL&XCAP&INTERNET&NOT_RESTRICTED&TRUSTED&NOT_VPN&VALIDATED&NOT_ROAMING&FOREGROUND&NOT_CONGESTED&NOT_SUSPENDED&NOT_VCN_MANAGED&NOT_BANDWIDTH_CONSTRAINED LinkUpBandwidth>=8976Kbps LinkDnBandwidth>=8976Kbps Specifier: <TelephonyNetworkSpecifier [mSubId = 1]> SubscriptionIds: {1} UnderlyingNetworks: Null] (DefaultNetworkCallback%onCapabilitiesChanged:76)
09-10 12:12:46.076  2844  3588 D WM-WorkConstraintsTrack: NetworkRequestConstraintController onCapabilitiesChanged callback
09-10 12:12:46.078  7768  8202 D WM-NetworkStateTracker: Network capabilities changed: [ Transports: CELLULAR Capabilities: SUPL&XCAP&INTERNET&NOT_RESTRICTED&TRUSTED&NOT_VPN&VALIDATED&NOT_ROAMING&FOREGROUND&NOT_CONGESTED&NOT_SUSPENDED&NOT_VCN_MANAGED&NOT_BANDWIDTH_CONSTRAINED LinkUpBandwidth>=8976Kbps LinkDnBandwidth>=8976Kbps Specifier: <TelephonyNetworkSpecifier [mSubId = 1]> SubscriptionIds: {1} UnderlyingNetworks: Null]
09-10 12:12:46.079  3995  4647 I BugleRcsEngine: Connected state: [1], networkType: [MOBILE] [CONTEXT thread_id=59 ]
09-10 12:12:46.080  3995  4745 I BugleRcsEngine: handleMessage processing message:[NOTIFY_UPTIME_IGNORE_STATE_CHANGED] with [non-null]:RcsEngineImpl reference [CONTEXT log_prefix="RcsEngineImpl[DUAL_REG]:[c091a7ed-8e5f]>Handler" thread_id=63 ]
09-10 12:12:46.082  1332  1386 D CHRE    : @ 64960.383: Parsed nanoapp message from host: app ID 0x476f6f676c00100b endpoint 0x5 msgType 112 payload size 14
09-10 12:12:46.082  1332  1386 I CHRE    : @ 64960.383: [NanoMinion] received MSG Type 0x70, Version 1, 10 bytes
09-10 12:12:46.082  1332  1386 I CHRE    : @ 64960.384: [AR] context-signal: has_bt=0, bt=0, has_wifi=1, wifi=0
09-10 12:12:46.088  4772  6321 D WM-WorkConstraintsTrack: NetworkRequestConstraintController onCapabilitiesChanged callback
09-10 12:12:46.089  1821  5946 D ActivityManager: sync unfroze 4772 com.google.android.apps.messaging for 7
09-10 12:12:46.092  1821  5946 D ActivityManager: sync unfroze 8816 com.google.android.gms.unstable for 7
09-10 12:12:46.170  2165  2185 I pixel-thermal: VIRTUAL-USB-UI:1 raw data: USB2-MINUS-CHG:-4355 VIRTUAL-USB-UI:1 charger_skin_therm:43540 usb_pwr_therm2:39185 
09-10 12:12:46.171  2165  2185 I pixel-thermal: cellular-emergency:39.5923 raw data: VIRTUAL-NEUTRAL:39230.4 VIRTUAL-NEUTRAL-SKIN2:39592.3 VIRTUAL-QUIET-NEUTRAL:39500.5 VIRTUAL-SKIN:39592.3 cellular-emergency:39592.3 disp_therm:39251 gnss_tcxo_therm:38539 neutral_therm:37537 quiet_therm:40342 skin_therm1:39007 skin_therm2:44388 
09-10 12:12:46.171  2165  2185 I pixel-thermal: VIRTUAL-USB-THROTTLING:1 raw data: USB2-MINUS-CHG:-4355 VIRTUAL-USB-THROTTLING:1 usb_pwr_therm2:39185 
09-10 12:12:46.172  2165  2185 I pixel-thermal: VIRTUAL-SKIN-CPU:39.5923 raw data: VIRTUAL-SKIN:39592.3 VIRTUAL-SKIN-CPU:39592.3 
09-10 12:12:46.172  2165  2185 I pixel-thermal: VIRTUAL-SKIN-CPU power_budget=1356.9 err=1.4077 s_power=800 time_elapsed_ms=7007 p=563.078 i=-6.17836 d=0 dt_per_min=nan compensation=0 budget transient=0 control target=3 excluded power budget=0
09-10 12:12:46.172  2165  2185 I pixel-thermal: VIRTUAL-SKIN-CPU binded power rails: (S4M_VDD_CPUCL0: 38.19 mW)(S2M_VDD_CPUCL2: 17.31 mW)(S3M_VDD_CPUCL1: 13.52 mW)
09-10 12:12:46.172  2165  2185 I pixel-thermal: neutral_therm:37.537 raw data: neutral_therm:37537 
09-10 12:12:46.172  2165  2185 I pixel-thermal: VIRTUAL-SKIN:39.5923 raw data: VIRTUAL-SKIN:39592.3 
09-10 12:12:46.172  2165  2185 I pixel-thermal: VIRTUAL-SKIN-CPU-GPU:39.5923 raw data: VIRTUAL-SKIN:39592.3 VIRTUAL-SKIN-CPU-GPU:39592.3 
09-10 12:12:46.172  2165  2185 I pixel-thermal: VIRTUAL-SKIN-CPU-GPU power_budget=2553.88 err=5.4077 s_power=800 time_elapsed_ms=7007 p=1622.31 i=131.571 d=0 dt_per_min=nan compensation=0 budget transient=0 control target=3 excluded power budget=0
09-10 12:12:46.172  2165  2185 I pixel-thermal: VIRTUAL-SKIN-CPU-GPU binded power rails: (S4M_VDD_CPUCL0: 38.19 mW)(S2M_VDD_CPUCL2: 17.31 mW)(S3M_VDD_CPUCL1: 13.52 mW)(S2S_VDD_G3D: 3.36 mW)
09-10 12:12:46.172  2165  2185 I pixel-thermal: VIRTUAL-SKIN-HINT:39.5923 raw data: VIRTUAL-SKIN:39592.3 VIRTUAL-SKIN-HINT:39592.3 
09-10 12:12:46.172  2165  2185 I pixel-thermal: VIRTUAL-SKIN-CHARGE:39.5923 raw data: VIRTUAL-SKIN:39592.3 VIRTUAL-SKIN-CHARGE:39592.3 
09-10 12:12:46.172  2165  2185 I pixel-thermal: VIRTUAL-SKIN-CHARGE's fcc binded power rail POWER_FOR_CHARGING_THROTTLING: power threshold = 500, avg power = 445.076
09-10 12:12:46.272  2828  3090 D SatelliteController: isInCarrierRoamingNbIotNtn: satellite is disabled
09-10 12:12:46.272  2828  3090 D SatelliteController: getCarrierRoamingNtnConnectType: Checking connect type from PLMN config for subId: 1
09-10 12:12:46.272  2828  3090 D TelephonyConfigUpdateInstallReceiver: getConfigParser: domain=satellite
09-10 12:12:46.272  2828  3090 V SatelliteController: satelliteConfigParser is not ready
09-10 12:12:46.272  2828  3090 D SatelliteController: isSatelliteAttachSupportedViaConfigupdater: return null (satelliteConfig is null)
09-10 12:12:46.280  2828  3090 D SatelliteController: getSatellitePerPlmnConfiguration: invalid subId or not supported via carrier.
09-10 12:12:46.280  2828  3090 D SatelliteController: getCarrierRoamingNtnConnectType: config: null
09-10 12:12:46.280  2828  3090 D TelephonyConfigUpdateInstallReceiver: getConfigParser: domain=satellite
09-10 12:12:46.280  2828  3090 V SatelliteController: satelliteConfigParser is not ready
09-10 12:12:46.280  2828  3090 D SatelliteController: getCarrierRoamingNtnConnectTypeViaConfigUpdater: return null (satelliteConfig is null)
09-10 12:12:46.281  2811  2811 I SHANNON_IMS: 2443 [PROX] Received onSignalStrengthsChanged [CellSignalStrengthLte: rssi=-79 rsrp=-107 rsrq=-9 rssnr=7 cqiTableIndex=1 cqi=10 ta=15 level=3 parametersUseForLevel=0] [SLID:0 APM:false] (ImsConnectivityProxyListener$ImsPhoneStateListener%onSignalStrengthsChanged:413)
09-10 12:12:46.287  2828  3090 D SatelliteController: getCarrierRoamingNtnConnectType: Falling back to global carrier config connect type: 0
09-10 12:12:46.287  2828  3090 D TelephonyConfigUpdateInstallReceiver: getConfigParser: domain=satellite
09-10 12:12:46.287  2828  3090 V SatelliteController: satelliteConfigParser is not ready
09-10 12:12:46.287  2828  3090 D SatelliteController: isSatelliteAttachSupportedViaConfigupdater: return null (satelliteConfig is null)
09-10 12:12:46.289  2828  3090 D SatelliteController: getCarrierRoamingNtnConnectType: Checking connect type from PLMN config for subId: 1
09-10 12:12:46.289  2828  3090 D TelephonyConfigUpdateInstallReceiver: getConfigParser: domain=satellite
09-10 12:12:46.289  2828  3090 V SatelliteController: satelliteConfigParser is not ready
09-10 12:12:46.289  2828  3090 D SatelliteController: isSatelliteAttachSupportedViaConfigupdater: return null (satelliteConfig is null)
09-10 12:12:46.293  2828  3090 D SatelliteController: getSatellitePerPlmnConfiguration: invalid subId or not supported via carrier.
09-10 12:12:46.293  2828  3090 D SatelliteController: getCarrierRoamingNtnConnectType: config: null
09-10 12:12:46.293  2828  3090 D TelephonyConfigUpdateInstallReceiver: getConfigParser: domain=satellite
09-10 12:12:46.293  2828  3090 V SatelliteController: satelliteConfigParser is not ready
09-10 12:12:46.293  2828  3090 D SatelliteController: getCarrierRoamingNtnConnectTypeViaConfigUpdater: return null (satelliteConfig is null)
09-10 12:12:46.294  2828  3090 D SatelliteController: getCarrierRoamingNtnConnectType: Falling back to global carrier config connect type: 0
09-10 12:12:46.294  2828  3090 D TelephonyConfigUpdateInstallReceiver: getConfigParser: domain=satellite
09-10 12:12:46.294  2828  3090 V SatelliteController: satelliteConfigParser is not ready
09-10 12:12:46.294  2828  3090 D SatelliteController: isSatelliteAttachSupportedViaConfigupdater: return null (satelliteConfig is null)
09-10 12:12:46.584  2905  8935 I NearbySharing: Network state changed: NetworkState(isRestricted=false, isOnline=true, isCongested=false, isMetered=true, isWifiConnected=false)
09-10 12:12:46.584  2905  9591 I NearbySharing: Network state changed: NetworkState(isRestricted=false, isOnline=true, isCongested=false, isMetered=true, isWifiConnected=false)
09-10 12:12:47.719  2165  2185 I pixel-thermal: usb_pwr_therm2:39.185 raw data: usb_pwr_therm2:39185 
09-10 12:12:49.599  1821  1939 W ProcessStats: Tracking association SourceState{75b5dbc system/1000 BFgs #56227} whose proc state 4 is better than process ProcessState{a5fbf21 com.google.android.tts/10205 pkg=com.google.android.tts} proc state 14 (6 skipped)
09-10 12:12:49.726  2165  2185 I pixel-thermal: usb_pwr_therm2:39.185 raw data: usb_pwr_therm2:39185 
09-10 12:12:50.363  2678  2916 D ImpulseConnection: timeout happen: com.google.android.apps.turbo
09-10 12:12:50.364  2678  2916 D ImpulseConnection: unbindService for releasing a CONNECTED connection com.google.android.apps.turbo
09-10 12:12:50.375  9953  9953 I HidDeviceService: unregisterAppUid(): uid=10180
09-10 12:12:50.375  9953  9953 W HidDeviceService: unregisterAppUid(): caller UID doesn't match user UID
09-10 12:12:50.380  2678  2790 D TemperatureStateSource: sequence=3698 actualDelay=10001
09-10 12:12:50.381  2678  2790 D TemperatureStateSource: Reading temperature: sequence=3699
09-10 12:12:50.386  2165  2165 I pixel-thermal: VIRTUAL-SKIN:39.5923 raw data: VIRTUAL-NEUTRAL:39230.4 VIRTUAL-NEUTRAL-SKIN2:39592.3 VIRTUAL-QUIET-NEUTRAL:39500.5 VIRTUAL-SKIN:39592.3 disp_therm:39251 gnss_tcxo_therm:38539 neutral_therm:37537 quiet_therm:40342 skin_therm1:39007 skin_therm2:44388 
09-10 12:12:50.387  2678  2790 D TemperatureStateSource: getDeviceTemperatures: sequence=3699 deviceTemperatureType=3 temperatureSource=0 temperatures=[39.592304]
09-10 12:12:50.388  2678  2790 D TemperatureStateSource: sequence=3699 waitTime=10000
09-10 12:12:50.390  2165  2165 I pixel-thermal: VIRTUAL-SKIN:39.5923 raw data: VIRTUAL-SKIN:39592.3 
09-10 12:12:50.391  2678  3566 I TemperatureStateSource: temperature was set
09-10 12:12:50.391  2678  3566 D ImpulseStateSource: Notify clients: 3718
09-10 12:12:50.393  2678  2916 D ImpulseConnection: bindService: com.google.android.apps.turbo
09-10 12:12:50.410  2678  2678 D ImpulseConnection: onServiceConnected: ComponentInfo{com.google.android.apps.turbo/com.google.android.apps.turbo.adaptiveplatform.impulse.ImpulseClientService} service is null false
09-10 12:12:51.186  3981  3993 I ffad    : (REDACTED) HDM. appOpsListener %s %s
09-10 12:12:51.186  3981  3993 I ffad    : (REDACTED) HDM. Ignoring irrelevant audio permission changes for package %s
09-10 12:12:51.732  2165  2185 I pixel-thermal: usb_pwr_therm2:39.14 raw data: usb_pwr_therm2:39140 
09-10 12:12:52.129  3143  3178 D IwlanDataService: onCapabilitiesChanged: 117 [ Transports: CELLULAR Capabilities: SUPL&XCAP&INTERNET&NOT_RESTRICTED&TRUSTED&NOT_VPN&VALIDATED&NOT_ROAMING&FOREGROUND&NOT_CONGESTED&NOT_SUSPENDED&NOT_VCN_MANAGED&NOT_BANDWIDTH_CONSTRAINED LinkUpBandwidth>=11290Kbps LinkDnBandwidth>=20574Kbps Specifier: <TelephonyNetworkSpecifier [mSubId = 1]> SubscriptionIds: {1} UnderlyingNetworks: Null]
09-10 12:12:52.129  3143  3178 D IwlanDataService: Network 117 connected using transport MOBILE
09-10 12:12:52.132  3143  3215 D IwlanNetworkService: onCapabilitiesChanged: 117
09-10 12:12:52.134  2811  3492 I SHANNON_IMS: 2445 [CONN] network:117 CELLULAR connected, subId:1 [SLID:0] (DefaultNetworkCallback%onCapabilitiesChanged:72)
09-10 12:12:52.135  2768  3406 D SHANNON_RCS: 2798 [0][PROX][TELE] onCapabilitiesChanged, Network: 117, NetworkCapabilities: [ Transports: CELLULAR Capabilities: SUPL&XCAP&INTERNET&NOT_RESTRICTED&TRUSTED&NOT_VPN&VALIDATED&NOT_ROAMING&FOREGROUND&NOT_CONGESTED&NOT_SUSPENDED&NOT_VCN_MANAGED&NOT_BANDWIDTH_CONSTRAINED LinkUpBandwidth>=11290Kbps LinkDnBandwidth>=20574Kbps Specifier: <TelephonyNetworkSpecifier [mSubId = 1]> SubscriptionIds: {1} UnderlyingNetworks: Null] (DefaultNetworkCallback%onCapabilitiesChanged:76)
09-10 12:12:52.140  4772  6321 D WM-WorkConstraintsTrack: NetworkRequestConstraintController onCapabilitiesChanged callback
09-10 12:12:52.141  3995  4745 I BugleRcsEngine: handleMessage processing message:[NOTIFY_UPTIME_IGNORE_STATE_CHANGED] with [non-null]:RcsEngineImpl reference [CONTEXT log_prefix="RcsEngineImpl[DUAL_REG]:[c091a7ed-8e5f]>Handler" thread_id=63 ]
09-10 12:12:52.143  3995  4647 I BugleRcsEngine: Connected state: [1], networkType: [MOBILE] [CONTEXT thread_id=59 ]
09-10 12:12:52.143  2844  3588 D WM-WorkConstraintsTrack: NetworkRequestConstraintController onCapabilitiesChanged callback
09-10 12:12:52.145  7768  8202 D WM-NetworkStateTracker: Network capabilities changed: [ Transports: CELLULAR Capabilities: SUPL&XCAP&INTERNET&NOT_RESTRICTED&TRUSTED&NOT_VPN&VALIDATED&NOT_ROAMING&FOREGROUND&NOT_CONGESTED&NOT_SUSPENDED&NOT_VCN_MANAGED&NOT_BANDWIDTH_CONSTRAINED LinkUpBandwidth>=11290Kbps LinkDnBandwidth>=20574Kbps Specifier: <TelephonyNetworkSpecifier [mSubId = 1]> SubscriptionIds: {1} UnderlyingNetworks: Null]
09-10 12:12:52.151  1332  1386 D CHRE    : @ 64966.450: Parsed nanoapp message from host: app ID 0x476f6f676c00100b endpoint 0x5 msgType 112 payload size 14
09-10 12:12:52.151  1332  1386 I CHRE    : @ 64966.451: [NanoMinion] received MSG Type 0x70, Version 1, 10 bytes
09-10 12:12:52.151  1332  1386 I CHRE    : @ 64966.451: [AR] context-signal: has_bt=0, bt=0, has_wifi=1, wifi=0
09-10 12:12:52.649  2905  9591 I NearbySharing: Network state changed: NetworkState(isRestricted=false, isOnline=true, isCongested=false, isMetered=true, isWifiConnected=false)
09-10 12:12:52.658  2905  9591 I NearbySharing: Network state changed: NetworkState(isRestricted=false, isOnline=true, isCongested=false, isMetered=true, isWifiConnected=false)
09-10 12:12:53.180  2165  2185 I pixel-thermal: VIRTUAL-USB-UI:1 raw data: USB2-MINUS-CHG:-4355 VIRTUAL-USB-UI:1 charger_skin_therm:43495 usb_pwr_therm2:39140 
09-10 12:12:53.183  2165  2185 I pixel-thermal: cellular-emergency:39.5578 raw data: VIRTUAL-NEUTRAL:39204.3 VIRTUAL-NEUTRAL-SKIN2:39557.8 VIRTUAL-QUIET-NEUTRAL:39360.5 VIRTUAL-SKIN:39557.8 cellular-emergency:39557.8 disp_therm:39296 gnss_tcxo_therm:38539 neutral_therm:37537 quiet_therm:40142 skin_therm1:38940 skin_therm2:44273 
09-10 12:12:53.183  2165  2185 I pixel-thermal: VIRTUAL-USB-THROTTLING:1 raw data: USB2-MINUS-CHG:-4355 VIRTUAL-USB-THROTTLING:1 usb_pwr_therm2:39140 
09-10 12:12:53.183  2165  2185 I pixel-thermal: VIRTUAL-SKIN-CPU:39.5578 raw data: VIRTUAL-SKIN:39557.8 VIRTUAL-SKIN-CPU:39557.8 
09-10 12:12:53.184  2165  2185 I pixel-thermal: VIRTUAL-SKIN-CPU power_budget=1370.7 err=1.4422 s_power=800 time_elapsed_ms=7007 p=576.878 i=-6.17836 d=0 dt_per_min=nan compensation=0 budget transient=0 control target=3 excluded power budget=0
09-10 12:12:53.184  2165  2185 I pixel-thermal: VIRTUAL-SKIN-CPU binded power rails: (S4M_VDD_CPUCL0: 32.60 mW)(S2M_VDD_CPUCL2: 20.12 mW)(S3M_VDD_CPUCL1: 12.87 mW)
09-10 12:12:53.184  2165  2185 I pixel-thermal: neutral_therm:37.537 raw data: neutral_therm:37537 
09-10 12:12:53.184  2165  2185 I pixel-thermal: VIRTUAL-SKIN:39.5578 raw data: VIRTUAL-SKIN:39557.8 
09-10 12:12:53.184  2165  2185 I pixel-thermal: VIRTUAL-SKIN-CPU-GPU:39.5578 raw data: VIRTUAL-SKIN:39557.8 VIRTUAL-SKIN-CPU-GPU:39557.8 
09-10 12:12:53.185  2165  2185 I pixel-thermal: VIRTUAL-SKIN-CPU-GPU power_budget=2564.23 err=5.4422 s_power=800 time_elapsed_ms=7007 p=1632.66 i=131.571 d=0 dt_per_min=nan compensation=0 budget transient=0 control target=3 excluded power budget=0
09-10 12:12:53.185  2165  2185 I pixel-thermal: VIRTUAL-SKIN-CPU-GPU binded power rails: (S4M_VDD_CPUCL0: 32.60 mW)(S2M_VDD_CPUCL2: 20.12 mW)(S3M_VDD_CPUCL1: 12.87 mW)(S2S_VDD_G3D: 4.09 mW)
09-10 12:12:53.185  2165  2185 I pixel-thermal: VIRTUAL-SKIN-HINT:39.5578 raw data: VIRTUAL-SKIN:39557.8 VIRTUAL-SKIN-HINT:39557.8 
09-10 12:12:53.186  2165  2185 I pixel-thermal: VIRTUAL-SKIN-CHARGE:39.5578 raw data: VIRTUAL-SKIN:39557.8 VIRTUAL-SKIN-CHARGE:39557.8 
09-10 12:12:53.186  2165  2185 I pixel-thermal: VIRTUAL-SKIN-CHARGE's fcc binded power rail POWER_FOR_CHARGING_THROTTLING: power threshold = 500, avg power = 442.437
09-10 12:12:53.747  2165  2185 I pixel-thermal: usb_pwr_therm2:39.14 raw data: usb_pwr_therm2:39140 
09-10 12:12:54.556  2905  9591 I NearbyMediums: No BLE Fast/GATT advertisements found in the latest cycle.
09-10 12:12:54.560  2905  9591 I NearbyMediums: Current Tracked Scanning Clients are : {NearbyConnections.EnvironmentMonitor, NearbySharing, NearbyConnections.TxAdvertisement}
09-10 12:12:55.032  2643  2672 I Tethering: [BpfCoordinator] onAlertReached
09-10 12:12:55.222  2905  2905 D BoundBrokerSvc: onUnbind: Intent { act=com.google.android.gms.libs.gmscorelogger.service.START dat=chimera-action:/... xflg=0x4 cmp=com.google.android.gms/.chimera.PersistentDirectBootAwareApiService }
09-10 12:12:55.756  2165  2185 I pixel-thermal: usb_pwr_therm2:39.14 raw data: usb_pwr_therm2:39140 
09-10 12:12:56.166  2828  2828 D TelephonyManager: requestModemActivityInfo: Sending result to app: ModemActivityInfo{ mTimestamp=64993037 mSleepTimeMs=43478731 mIdleTimeMs=2082963 mActivityStatsTechSpecificInfo=[{mRat=UNKNOWN,mFrequencyRange=UNKNOWN,mTxTimeMs[]=[319600, 525672, 860749, 160766, 1467620],mRxTimeMs=18458979}]}
09-10 12:12:56.796  1821  1836 I system_server: Background young concurrent mark compact GC freed 10MB AllocSpace bytes, 0(0B) LOS objects, 86% free, 67MB/512MB, paused 3.100ms,6.696ms total 112.656ms
09-10 12:12:57.766  2165  2185 I pixel-thermal: usb_pwr_therm2:39.029 raw data: usb_pwr_therm2:39029 
09-10 12:12:57.810  1615  1615 I adbd    : adbd service requested 'shell,v2,TERM=xterm-ghostty:export ANDROID_LOG_TAGS=''; exec logcat '-d' '-v' 'threadtime' '-t' '3000''
