[mode] writer=fullscreen-gradient-draw frames=120 serialized=1 UDROID_GBM_PROBE_DRAW=1 UDROID_GBM_PROBE_FRAMES=120
[stage] dlopen libgbm.so.1
[stage] dlopen libEGL.so.1 and libGLESv2.so.2
[stage] connect GBM Kumquat transport
[stage] gbm_create_device
gfxstream-gbm: transport type=5 peer_uid=10337 kernel_uid=10337 valid=1
MESA: info: virtgpu backend not enabling VIRTGPU_KUMQUAT_PARAM_CREATE_GUEST_HANDLE
gfxstream-gbm: Vulkan allocator initialized
[gbm] backend=gfxstream socket_fd=3
[stage] gbm_bo_create 720x720 XBGR8888 linear rendering
KUMQUAT_GUEST host-allocation-send resource=4 allocationSize=2073600
KUMQUAT_GUEST host-allocation-return result=0
[descriptor] format=0x34324258 extent=720x720 planes=1 stride=2880 offset=0 modifier=0x0 fd=8 size=2109440
[stage] presenter ABI check
[presenter] abi=2 required=2 icd=/opt/udroid-diag/sync-export-20260906/gfxstream/lib/libvulkan_gfxstream.so
[stage] udroid_gfxstream_presenter_create
[stage] eglGetPlatformDisplayEXT direct surfaceless
[stage] eglInitialize direct surfaceless display
WARNING: Some incorrect rendering might occur because the selected Vulkan device (Virtio-GPU GFXStream (Mali-G78)) doesn't support base Zink requirements: feats.features.fillModeNonSolid feats.features.shaderClipDistance 
[stage] eglCreateContext and eglMakeCurrent surfaceless
[egl] version=1.5 renderer=zink Vulkan 1.4(Virtio-GPU GFXStream (Mali-G78) (Driver Unknown))
[stage] eglCreateImageKHR from authoritative GBM descriptor
MESA: info: udroid Zink ownership-trace from_handle_begin seq=1 threadToken=0x78ba94c878 pscreen=0x3000069670 templ=0x7fee127c40 target=2 format=198 bind=0xa flags=0x0 width=720 height=720 usage=0x2 whandle=0x7fee127d30 type=2 handle=8 stride=2880 offset=0 format=198 modifier=0x0 plane=0
KUMQUAT_GUEST ffi-import-call fd=11 size=2073600
KUMQUAT_GUEST import-send context=1 720x720 fourcc=0x34324241
KUMQUAT_GUEST import-await-response
KUMQUAT_GUEST import-response-count=1
KUMQUAT_GUEST import-response resource=4 handle_type=0x2
KUMQUAT_GUEST import-complete bo=4 resource=4
KUMQUAT_GUEST ffi-import-return result=0 bo=4 resource=4
KUMQUAT_GUEST host-allocation-send resource=4 allocationSize=0
KUMQUAT_GUEST host-allocation-return result=0
MESA: info: udroid Zink ownership-trace from_handle_result seq=2 threadToken=0x78ba94c878 pscreen=0x3000069670 pres=0x30001dcc40 res=0x30001dcc40 obj=0x30001dce50 image=0x30001d73b0 bo=0x30001dd250 queue=FOREIGN(4294967293) gfxQueue=0 layout=PREINITIALIZED exportable=1 dt=(nil) dt_idx=4294967295 dmabuf=1 linear=0 swapchain=0 modifier=0x0 modifier_count=1 created=1
[stage] Weston-parity EGLImage renderbuffer attachment
[egl] framebuffer_status=0x8cd5 expected=0x8cd5
[stage] udroid_gfxstream_presenter_import after writer alias creation
KUMQUAT_GUEST ffi-import-call fd=13 size=2109440
KUMQUAT_GUEST import-send context=1 720x720 fourcc=0x34324241
KUMQUAT_GUEST import-await-response
KUMQUAT_GUEST import-response-count=1
KUMQUAT_GUEST import-response resource=4 handle_type=0x2
KUMQUAT_GUEST import-complete bo=5 resource=4
KUMQUAT_GUEST ffi-import-return result=0 bo=5 resource=4
KUMQUAT_GUEST host-allocation-send resource=4 allocationSize=2109440
KUMQUAT_GUEST host-allocation-return result=0
[ownership] writer_alias_created=1 presenter_imported=1 gpu_writer_used=0 descriptor_fd=8
[stage] compile/link ES2 spatial-gradient shaders
[shader] label=vertex handle=1 compile_status=1 info_length=0 info_written=0 info=(empty)
[shader] label=fragment handle=2 compile_status=1 info_length=0 info_written=0 info=(empty)
[program] handle=3 link_status=1 info_length=0 info_written=0 info=(empty)
[program] active_uniform=u_phase location=0
[draw-setup] program=3 vbo=1 gl_error=0x0
[reuse] frames=120 bo=0x3000054120 egl_image=0x30001dd220 renderbuffer=1 framebuffer=1 presenter_buffer=0x30001dd2e0 program=3 vbo=1 allocation_count=1 egl_import_count=1 presenter_import_count=1
[frame] sequence=0/120 writer=gradient-draw phase=0.000000 viewport=720x720 gl_error=0x0
[frame] sequence=0/120 stage=native-fence-create-flush-dup
MESA: info: udroid Zink ownership-trace image_barrier_exec seq=1 threadToken=0x78ba94c8d0 res=0x30001dcc40 obj=0x30001dce50 image=0x30001d73b0 bo=0x30001dd250 batch=0x30001148f0 batch_id=0 cmdbuf=0x3000126640 api=sync2 unsync=0 oldLayout=VK_IMAGE_LAYOUT_PREINITIALIZED newLayout=VK_IMAGE_LAYOUT_COLOR_ATTACHMENT_OPTIMAL oldQueue=FOREIGN(4294967293) afterEmitQueue=IGNORED(4294967295) gfxQueue=0 queue_import=1 completed=0 usage_matches=1 exportable=1 dt=(nil) dt_idx=4294967295 flags=0x180 pipeline=0x400
MESA: info: udroid Zink ownership-trace image_barrier_tracking seq=2 threadToken=0x78ba94c8d0 res=0x30001dcc40 obj=0x30001dce50 image=0x30001d73b0 bo=0x30001dd250 batch=0x30001148f0 batch_id=0 layout=VK_IMAGE_LAYOUT_COLOR_ATTACHMENT_OPTIMAL queue=IGNORED(4294967295) exportable=1 dt=(nil) dt_idx=4294967295 dt_layout_updated=0 dmabuf_exports_checked=1 found=0 inserted=1 queue_import=1
MESA: info: udroid Zink ownership-trace barrier2_dispatch site=zink_screen_export_dmabuf_semaphore threadToken=0x78ba94c879 screen=0x3000069670 dev=0x30000884e0 tableCmdPipelineBarrier2=0x78b909fbc0 rawCore=0x78b909fbc0 rawKHR=0x78b909fbc0 tableNull=0 rawCoreNull=0 rawKHRNull=0 tableEqCore=1 tableEqKHR=1 rawCoreSelected=1 haveKHRSynchronization2=1
MESA: info: udroid Zink ownership-trace export_dmabuf_sem_begin seq=1 threadToken=0x78ba94c879 screen=0x3000069670 res=0x30001dcc40 obj=0x30001dce50 image=0x30001d73b0 bo=0x30001dd250 layout=COLOR_ATTACHMENT_OPTIMAL queue=IGNORED(4294967295) gfxQueue=0 exportable=1 dt=(nil) dt_idx=4294967295 is_aux=0
MESA: info: udroid Zink ownership-trace export_dmabuf_sem_result seq=2 threadToken=0x78ba94c879 screen=0x3000069670 res=0x30001dcc40 obj=0x30001dce50 image=0x30001d73b0 bo=0x30001dd250 layout=COLOR_ATTACHMENT_OPTIMAL queue=IGNORED(4294967295) fd=15 exportedSyncFd=16 sem=0x3000a85300 importSemaphoreSuccess=1
MESA: info: udroid Zink ownership-trace image_barrier_queue_import_sem seq=3 threadToken=0x78ba94c8d0 res=0x30001dcc40 child=0x30001dcc40 obj=0x30001dce50 image=0x30001d73b0 bo=0x30001dd250 batch=0x30001148f0 batch_id=0 sem=0x3000a85300 appended=1
MESA: info: udroid Zink ownership-trace barrier2_dispatch site=zink_end_batch_dmabuf_release threadToken=0x78ba94c8d1 screen=0x3000069670 dev=0x30000884e0 tableCmdPipelineBarrier2=0x78b909fbc0 rawCore=0x78b909fbc0 rawKHR=0x78b909fbc0 tableNull=0 rawCoreNull=0 rawKHRNull=0 tableEqCore=1 tableEqKHR=1 rawCoreSelected=1 haveKHRSynchronization2=1
MESA: info: udroid Zink ownership-trace release_barrier seq=1 threadToken=0x78ba94c8d1 screen=0x3000069670 bs=0x30001148f0 batch_id=0 api=sync2 tableCmdPipelineBarrier2NonNull=1 res=0x30001dcc40 obj=0x30001dce50 image=0x30001d73b0 bo=0x30001dd250 oldLayout=COLOR_ATTACHMENT_OPTIMAL newLayout=COLOR_ATTACHMENT_OPTIMAL oldQueue=IGNORED(4294967295) srcQueue=gfx(0) dstQueue=FOREIGN(4294967293) exportable=1 dt=(nil) dt_idx=4294967295
MESA: info: udroid Zink ownership-trace release_signal_sem seq=2 threadToken=0x78ba94c8d1 screen=0x3000069670 bs=0x30001148f0 batch_id=0 res=0x30001dcc40 obj=0x30001dce50 image=0x30001d73b0 bo=0x30001dd250 layout=COLOR_ATTACHMENT_OPTIMAL queue=FOREIGN(4294967293) sem=0x3000a90380 appended=1
MESA: info: udroid Zink ownership-trace submit_pre seq=3 threadToken=0x78b8e7ba11 screen=0x3000069670 queue=0x30000659f0 bs=0x30001148f0 batch_id=1 numSubmitInfos=3 acquireWaits=0 fdWaits=1 cmdBuffers=2 signals=2 dmabufExports=1 hasWork=1 hasReordered=1 hasUnsync=0
MESA: info: udroid Zink ownership-trace submit_post seq=4 threadToken=0x78b8e7ba11 screen=0x3000069670 queue=0x30000659f0 bs=0x30001148f0 batch_id=1 result=VK_SUCCESS dmabufExports=1 signalSemaphores=1 fdWaitSemaphores=1
MESA: info: udroid Zink ownership-trace import_dmabuf_sem_begin seq=3 threadToken=0x78b8e7b9b9 screen=0x3000069670 res=0x30001dcc40 obj=0x30001dce50 image=0x30001d73b0 bo=0x30001dd250 layout=COLOR_ATTACHMENT_OPTIMAL queue=FOREIGN(4294967293) gfxQueue=0 exportable=1 dt=(nil) dt_idx=4294967295 sem=0x3000a90380
MESA: info: udroid Zink ownership-trace import_dmabuf_sem_getfd seq=4 threadToken=0x78b8e7b9b9 screen=0x3000069670 res=0x30001dcc40 sem=0x3000a90380 result=VK_SUCCESS syncFileFd=16
MESA: info: udroid Zink ownership-trace import_dmabuf_sem_fd seq=5 threadToken=0x78b8e7b9b9 screen=0x3000069670 res=0x30001dcc40 sem=0x3000a90380 syncFileFd=16 dmaBufFd=21 acquireSucceeded=1 isAux=0
MESA: info: udroid Zink ownership-trace import_dmabuf_sem_ioctl seq=6 threadToken=0x78b8e7b9b9 screen=0x3000069670 res=0x30001dcc40 sem=0x3000a90380 syncFileFd=16 dmaBufFd=21 ioctlRet=0 errno=0 failed=0
MESA: info: udroid Zink ownership-trace submit_import_dmabuf_sync seq=5 threadToken=0x78b8e7ba11 screen=0x3000069670 bs=0x30001148f0 batch_id=1 res=0x30001dcc40 obj=0x30001dce50 image=0x30001d73b0 bo=0x30001dd250 layout=COLOR_ATTACHMENT_OPTIMAL queue=FOREIGN(4294967293) sem=0x3000a90380 importOk=0
[fence] frame=0 acquire_fd=21 sequence=create-sync,glFlush,dup-fd,destroy-sync
[present] frame=0 result=0 errno=0 acquire_consumed=21 presentation_fd=20 release_fd=21
[stage] presentation fence
[fence] name=presentation fence fd=20 poll=1 revents=0x1 errno=0
[stage] release fence
[fence] name=release fence fd=21 poll=1 revents=0x1 errno=0
[timing] frame=0/120 serialized=1 diagnostic_not_fps=1 draw_ns=2506511 native_fence_ns=72841146 present_ns=328288 presentation_wait_ns=4051758 release_wait_ns=946044
[frame] sequence=1/120 writer=gradient-draw phase=0.291339 viewport=720x720 gl_error=0x0
[frame] sequence=1/120 stage=native-fence-create-flush-dup
MESA: info: udroid Zink ownership-trace image_barrier_exec seq=4 threadToken=0x78ba94c8d0 res=0x30001dcc40 obj=0x30001dce50 image=0x30001d73b0 bo=0x30001dd250 batch=0x30000c6db0 batch_id=0 cmdbuf=0x30000d7620 api=sync2 unsync=0 oldLayout=VK_IMAGE_LAYOUT_COLOR_ATTACHMENT_OPTIMAL newLayout=VK_IMAGE_LAYOUT_COLOR_ATTACHMENT_OPTIMAL oldQueue=FOREIGN(4294967293) afterEmitQueue=IGNORED(4294967295) gfxQueue=0 queue_import=1 completed=0 usage_matches=1 exportable=1 dt=(nil) dt_idx=4294967295 flags=0x180 pipeline=0x400
MESA: info: udroid Zink ownership-trace image_barrier_tracking seq=5 threadToken=0x78ba94c8d0 res=0x30001dcc40 obj=0x30001dce50 image=0x30001d73b0 bo=0x30001dd250 batch=0x30000c6db0 batch_id=0 layout=VK_IMAGE_LAYOUT_COLOR_ATTACHMENT_OPTIMAL queue=IGNORED(4294967295) exportable=1 dt=(nil) dt_idx=4294967295 dt_layout_updated=0 dmabuf_exports_checked=1 found=0 inserted=1 queue_import=1
MESA: info: udroid Zink ownership-trace export_dmabuf_sem_begin seq=7 threadToken=0x78ba94c879 screen=0x3000069670 res=0x30001dcc40 obj=0x30001dce50 image=0x30001d73b0 bo=0x30001dd250 layout=COLOR_ATTACHMENT_OPTIMAL queue=IGNORED(4294967295) gfxQueue=0 exportable=1 dt=(nil) dt_idx=4294967295 is_aux=0
MESA: info: udroid Zink ownership-trace export_dmabuf_sem_result seq=8 threadToken=0x78ba94c879 screen=0x3000069670 res=0x30001dcc40 obj=0x30001dce50 image=0x30001d73b0 bo=0x30001dd250 layout=COLOR_ATTACHMENT_OPTIMAL queue=IGNORED(4294967295) fd=16 exportedSyncFd=19 sem=0x3000a66a50 importSemaphoreSuccess=1
MESA: info: udroid Zink ownership-trace image_barrier_queue_import_sem seq=6 threadToken=0x78ba94c8d0 res=0x30001dcc40 child=0x30001dcc40 obj=0x30001dce50 image=0x30001d73b0 bo=0x30001dd250 batch=0x30000c6db0 batch_id=0 sem=0x3000a66a50 appended=1
MESA: info: udroid Zink ownership-trace release_barrier seq=6 threadToken=0x78ba94c8d1 screen=0x3000069670 bs=0x30000c6db0 batch_id=0 api=sync2 tableCmdPipelineBarrier2NonNull=1 res=0x30001dcc40 obj=0x30001dce50 image=0x30001d73b0 bo=0x30001dd250 oldLayout=COLOR_ATTACHMENT_OPTIMAL newLayout=COLOR_ATTACHMENT_OPTIMAL oldQueue=IGNORED(4294967295) srcQueue=gfx(0) dstQueue=FOREIGN(4294967293) exportable=1 dt=(nil) dt_idx=4294967295
MESA: info: udroid Zink ownership-trace release_signal_sem seq=7 threadToken=0x78ba94c8d1 screen=0x3000069670 bs=0x30000c6db0 batch_id=0 res=0x30001dcc40 obj=0x30001dce50 image=0x30001d73b0 bo=0x30001dd250 layout=COLOR_ATTACHMENT_OPTIMAL queue=FOREIGN(4294967293) sem=0x3000b004a0 appended=1
MESA: info: udroid Zink ownership-trace submit_pre seq=8 threadToken=0x78b8e7ba11 screen=0x3000069670 queue=0x30000659f0 bs=0x30000c6db0 batch_id=2 numSubmitInfos=3 acquireWaits=0 fdWaits=1 cmdBuffers=1 signals=2 dmabufExports=1 hasWork=1 hasReordered=0 hasUnsync=0
MESA: info: udroid Zink ownership-trace submit_post seq=9 threadToken=0x78b8e7ba11 screen=0x3000069670 queue=0x30000659f0 bs=0x30000c6db0 batch_id=2 result=VK_SUCCESS dmabufExports=1 signalSemaphores=1 fdWaitSemaphores=1
MESA: info: udroid Zink ownership-trace import_dmabuf_sem_begin seq=9 threadToken=0x78b8e7b9b9 screen=0x3000069670 res=0x30001dcc40 obj=0x30001dce50 image=0x30001d73b0 bo=0x30001dd250 layout=COLOR_ATTACHMENT_OPTIMAL queue=FOREIGN(4294967293) gfxQueue=0 exportable=1 dt=(nil) dt_idx=4294967295 sem=0x3000b004a0
MESA: info: udroid Zink ownership-trace import_dmabuf_sem_getfd seq=10 threadToken=0x78b8e7b9b9 screen=0x3000069670 res=0x30001dcc40 sem=0x3000b004a0 result=VK_SUCCESS syncFileFd=16
MESA: info: udroid Zink ownership-trace import_dmabuf_sem_fd seq=11 threadToken=0x78b8e7b9b9 screen=0x3000069670 res=0x30001dcc40 sem=0x3000b004a0 syncFileFd=16 dmaBufFd=19 acquireSucceeded=1 isAux=0
MESA: info: udroid Zink ownership-trace import_dmabuf_sem_ioctl seq=12 threadToken=0x78b8e7b9b9 screen=0x3000069670 res=0x30001dcc40 sem=0x3000b004a0 syncFileFd=16 dmaBufFd=19 ioctlRet=0 errno=0 failed=0
MESA: info: udroid Zink ownership-trace submit_import_dmabuf_sync seq=10 threadToken=0x78b8e7ba11 screen=0x3000069670 bs=0x30000c6db0 batch_id=2 res=0x30001dcc40 obj=0x30001dce50 image=0x30001d73b0 bo=0x30001dd250 layout=COLOR_ATTACHMENT_OPTIMAL queue=FOREIGN(4294967293) sem=0x3000b004a0 importOk=0
[fence] frame=1 acquire_fd=19 sequence=create-sync,glFlush,dup-fd,destroy-sync
[present] frame=1 result=0 errno=0 acquire_consumed=19 presentation_fd=16 release_fd=19
[stage] presentation fence
[fence] name=presentation fence fd=16 poll=1 revents=0x1 errno=0
[stage] release fence
[fence] name=release fence fd=19 poll=1 revents=0x1 errno=0
[timing] frame=1/120 serialized=1 diagnostic_not_fps=1 draw_ns=44433 native_fence_ns=5692586 present_ns=1355509 presentation_wait_ns=2403971 release_wait_ns=107137
[frame] sequence=2/120 writer=gradient-draw phase=0.582677 viewport=720x720 gl_error=0x0
[frame] sequence=2/120 stage=native-fence-create-flush-dup
MESA: info: udroid Zink ownership-trace image_barrier_exec seq=7 threadToken=0x78ba94c8d0 res=0x30001dcc40 obj=0x30001dce50 image=0x30001d73b0 bo=0x30001dd250 batch=0x30000e21c0 batch_id=0 cmdbuf=0x30000f2760 api=sync2 unsync=0 oldLayout=VK_IMAGE_LAYOUT_COLOR_ATTACHMENT_OPTIMAL newLayout=VK_IMAGE_LAYOUT_COLOR_ATTACHMENT_OPTIMAL oldQueue=FOREIGN(4294967293) afterEmitQueue=IGNORED(4294967295) gfxQueue=0 queue_import=1 completed=0 usage_matches=1 exportable=1 dt=(nil) dt_idx=4294967295 flags=0x180 pipeline=0x400
MESA: info: udroid Zink ownership-trace image_barrier_tracking seq=8 threadToken=0x78ba94c8d0 res=0x30001dcc40 obj=0x30001dce50 image=0x30001d73b0 bo=0x30001dd250 batch=0x30000e21c0 batch_id=0 layout=VK_IMAGE_LAYOUT_COLOR_ATTACHMENT_OPTIMAL queue=IGNORED(4294967295) exportable=1 dt=(nil) dt_idx=4294967295 dt_layout_updated=0 dmabuf_exports_checked=1 found=0 inserted=1 queue_import=1
MESA: info: udroid Zink ownership-trace export_dmabuf_sem_begin seq=13 threadToken=0x78ba94c879 screen=0x3000069670 res=0x30001dcc40 obj=0x30001dce50 image=0x30001d73b0 bo=0x30001dd250 layout=COLOR_ATTACHMENT_OPTIMAL queue=IGNORED(4294967295) gfxQueue=0 exportable=1 dt=(nil) dt_idx=4294967295 is_aux=0
MESA: info: udroid Zink ownership-trace export_dmabuf_sem_result seq=14 threadToken=0x78ba94c879 screen=0x3000069670 res=0x30001dcc40 obj=0x30001dce50 image=0x30001d73b0 bo=0x30001dd250 layout=COLOR_ATTACHMENT_OPTIMAL queue=IGNORED(4294967295) fd=16 exportedSyncFd=19 sem=0x3000b00830 importSemaphoreSuccess=1
MESA: info: udroid Zink ownership-trace image_barrier_queue_import_sem seq=9 threadToken=0x78ba94c8d0 res=0x30001dcc40 child=0x30001dcc40 obj=0x30001dce50 image=0x30001d73b0 bo=0x30001dd250 batch=0x30000e21c0 batch_id=0 sem=0x3000b00830 appended=1
MESA: info: udroid Zink ownership-trace release_barrier seq=11 threadToken=0x78ba94c8d1 screen=0x3000069670 bs=0x30000e21c0 batch_id=0 api=sync2 tableCmdPipelineBarrier2NonNull=1 res=0x30001dcc40 obj=0x30001dce50 image=0x30001d73b0 bo=0x30001dd250 oldLayout=COLOR_ATTACHMENT_OPTIMAL newLayout=COLOR_ATTACHMENT_OPTIMAL oldQueue=IGNORED(4294967295) srcQueue=gfx(0) dstQueue=FOREIGN(4294967293) exportable=1 dt=(nil) dt_idx=4294967295
MESA: info: udroid Zink ownership-trace release_signal_sem seq=12 threadToken=0x78ba94c8d1 screen=0x3000069670 bs=0x30000e21c0 batch_id=0 res=0x30001dcc40 obj=0x30001dce50 image=0x30001d73b0 bo=0x30001dd250 layout=COLOR_ATTACHMENT_OPTIMAL queue=FOREIGN(4294967293) sem=0x3000abb3e0 appended=1
MESA: info: udroid Zink ownership-trace submit_pre seq=13 threadToken=0x78b8e7ba11 screen=0x3000069670 queue=0x30000659f0 bs=0x30000e21c0 batch_id=3 numSubmitInfos=3 acquireWaits=0 fdWaits=1 cmdBuffers=1 signals=2 dmabufExports=1 hasWork=1 hasReordered=0 hasUnsync=0
MESA: info: udroid Zink ownership-trace submit_post seq=14 threadToken=0x78b8e7ba11 screen=0x3000069670 queue=0x30000659f0 bs=0x30000e21c0 batch_id=3 result=VK_SUCCESS dmabufExports=1 signalSemaphores=1 fdWaitSemaphores=1
MESA: info: udroid Zink ownership-trace import_dmabuf_sem_begin seq=15 threadToken=0x78b8e7b9b9 screen=0x3000069670 res=0x30001dcc40 obj=0x30001dce50 image=0x30001d73b0 bo=0x30001dd250 layout=COLOR_ATTACHMENT_OPTIMAL queue=FOREIGN(4294967293) gfxQueue=0 exportable=1 dt=(nil) dt_idx=4294967295 sem=0x3000abb3e0
MESA: info: udroid Zink ownership-trace import_dmabuf_sem_getfd seq=16 threadToken=0x78b8e7b9b9 screen=0x3000069670 res=0x30001dcc40 sem=0x3000abb3e0 result=VK_SUCCESS syncFileFd=16
MESA: info: udroid Zink ownership-trace import_dmabuf_sem_fd seq=17 threadToken=0x78b8e7b9b9 screen=0x3000069670 res=0x30001dcc40 sem=0x3000abb3e0 syncFileFd=16 dmaBufFd=19 acquireSucceeded=1 isAux=0
MESA: info: udroid Zink ownership-trace import_dmabuf_sem_ioctl seq=18 threadToken=0x78b8e7b9b9 screen=0x3000069670 res=0x30001dcc40 sem=0x3000abb3e0 syncFileFd=16 dmaBufFd=19 ioctlRet=0 errno=0 failed=0
MESA: info: udroid Zink ownership-trace submit_import_dmabuf_sync seq=15 threadToken=0x78b8e7ba11 screen=0x3000069670 bs=0x30000e21c0 batch_id=3 res=0x30001dcc40 obj=0x30001dce50 image=0x30001d73b0 bo=0x30001dd250 layout=COLOR_ATTACHMENT_OPTIMAL queue=FOREIGN(4294967293) sem=0x3000abb3e0 importOk=0
[fence] frame=2 acquire_fd=19 sequence=create-sync,glFlush,dup-fd,destroy-sync
[present] frame=2 result=0 errno=0 acquire_consumed=19 presentation_fd=16 release_fd=19
[stage] presentation fence
[fence] name=presentation fence fd=16 poll=1 revents=0x1 errno=0
[stage] release fence
[fence] name=release fence fd=19 poll=1 revents=0x1 errno=0
[timing] frame=2/120 serialized=1 diagnostic_not_fps=1 draw_ns=27913 native_fence_ns=11274781 present_ns=1278157 presentation_wait_ns=1669433 release_wait_ns=377971
[frame] sequence=3/120 writer=gradient-draw phase=0.874016 viewport=720x720 gl_error=0x0
[frame] sequence=3/120 stage=native-fence-create-flush-dup
MESA: info: udroid Zink ownership-trace image_barrier_exec seq=10 threadToken=0x78ba94c8d0 res=0x30001dcc40 obj=0x30001dce50 image=0x30001d73b0 bo=0x30001dd250 batch=0x30000fad80 batch_id=0 cmdbuf=0x300010b320 api=sync2 unsync=0 oldLayout=VK_IMAGE_LAYOUT_COLOR_ATTACHMENT_OPTIMAL newLayout=VK_IMAGE_LAYOUT_COLOR_ATTACHMENT_OPTIMAL oldQueue=FOREIGN(4294967293) afterEmitQueue=IGNORED(4294967295) gfxQueue=0 queue_import=1 completed=0 usage_matches=1 exportable=1 dt=(nil) dt_idx=4294967295 flags=0x180 pipeline=0x400
MESA: info: udroid Zink ownership-trace image_barrier_tracking seq=11 threadToken=0x78ba94c8d0 res=0x30001dcc40 obj=0x30001dce50 image=0x30001d73b0 bo=0x30001dd250 batch=0x30000fad80 batch_id=0 layout=VK_IMAGE_LAYOUT_COLOR_ATTACHMENT_OPTIMAL queue=IGNORED(4294967295) exportable=1 dt=(nil) dt_idx=4294967295 dt_layout_updated=0 dmabuf_exports_checked=1 found=0 inserted=1 queue_import=1
MESA: info: udroid Zink ownership-trace export_dmabuf_sem_begin seq=19 threadToken=0x78ba94c879 screen=0x3000069670 res=0x30001dcc40 obj=0x30001dce50 image=0x30001d73b0 bo=0x30001dd250 layout=COLOR_ATTACHMENT_OPTIMAL queue=IGNORED(4294967295) gfxQueue=0 exportable=1 dt=(nil) dt_idx=4294967295 is_aux=0
MESA: info: udroid Zink ownership-trace export_dmabuf_sem_result seq=20 threadToken=0x78ba94c879 screen=0x3000069670 res=0x30001dcc40 obj=0x30001dce50 image=0x30001d73b0 bo=0x30001dd250 layout=COLOR_ATTACHMENT_OPTIMAL queue=IGNORED(4294967295) fd=16 exportedSyncFd=19 sem=0x3000ac19d0 importSemaphoreSuccess=1
MESA: info: udroid Zink ownership-trace image_barrier_queue_import_sem seq=12 threadToken=0x78ba94c8d0 res=0x30001dcc40 child=0x30001dcc40 obj=0x30001dce50 image=0x30001d73b0 bo=0x30001dd250 batch=0x30000fad80 batch_id=0 sem=0x3000ac19d0 appended=1
MESA: info: udroid Zink ownership-trace release_barrier seq=16 threadToken=0x78ba94c8d1 screen=0x3000069670 bs=0x30000fad80 batch_id=0 api=sync2 tableCmdPipelineBarrier2NonNull=1 res=0x30001dcc40 obj=0x30001dce50 image=0x30001d73b0 bo=0x30001dd250 oldLayout=COLOR_ATTACHMENT_OPTIMAL newLayout=COLOR_ATTACHMENT_OPTIMAL oldQueue=IGNORED(4294967295) srcQueue=gfx(0) dstQueue=FOREIGN(4294967293) exportable=1 dt=(nil) dt_idx=4294967295
MESA: info: udroid Zink ownership-trace release_signal_sem seq=17 threadToken=0x78ba94c8d1 screen=0x3000069670 bs=0x30000fad80 batch_id=0 res=0x30001dcc40 obj=0x30001dce50 image=0x30001d73b0 bo=0x30001dd250 layout=COLOR_ATTACHMENT_OPTIMAL queue=FOREIGN(4294967293) sem=0x3000ac4330 appended=1
MESA: info: udroid Zink ownership-trace submit_pre seq=18 threadToken=0x78b8e7ba11 screen=0x3000069670 queue=0x30000659f0 bs=0x30000fad80 batch_id=4 numSubmitInfos=3 acquireWaits=0 fdWaits=1 cmdBuffers=1 signals=2 dmabufExports=1 hasWork=1 hasReordered=0 hasUnsync=0
MESA: info: udroid Zink ownership-trace submit_post seq=19 threadToken=0x78b8e7ba11 screen=0x3000069670 queue=0x30000659f0 bs=0x30000fad80 batch_id=4 result=VK_SUCCESS dmabufExports=1 signalSemaphores=1 fdWaitSemaphores=1
MESA: info: udroid Zink ownership-trace import_dmabuf_sem_begin seq=21 threadToken=0x78b8e7b9b9 screen=0x3000069670 res=0x30001dcc40 obj=0x30001dce50 image=0x30001d73b0 bo=0x30001dd250 layout=COLOR_ATTACHMENT_OPTIMAL queue=FOREIGN(4294967293) gfxQueue=0 exportable=1 dt=(nil) dt_idx=4294967295 sem=0x3000ac4330
MESA: info: udroid Zink ownership-trace import_dmabuf_sem_getfd seq=22 threadToken=0x78b8e7b9b9 screen=0x3000069670 res=0x30001dcc40 sem=0x3000ac4330 result=VK_SUCCESS syncFileFd=16
MESA: info: udroid Zink ownership-trace import_dmabuf_sem_fd seq=23 threadToken=0x78b8e7b9b9 screen=0x3000069670 res=0x30001dcc40 sem=0x3000ac4330 syncFileFd=16 dmaBufFd=19 acquireSucceeded=1 isAux=0
MESA: info: udroid Zink ownership-trace import_dmabuf_sem_ioctl seq=24 threadToken=0x78b8e7b9b9 screen=0x3000069670 res=0x30001dcc40 sem=0x3000ac4330 syncFileFd=16 dmaBufFd=19 ioctlRet=0 errno=0 failed=0
MESA: info: udroid Zink ownership-trace submit_import_dmabuf_sync seq=20 threadToken=0x78b8e7ba11 screen=0x3000069670 bs=0x30000fad80 batch_id=4 res=0x30001dcc40 obj=0x30001dce50 image=0x30001d73b0 bo=0x30001dd250 layout=COLOR_ATTACHMENT_OPTIMAL queue=FOREIGN(4294967293) sem=0x3000ac4330 importOk=0
[fence] frame=3 acquire_fd=19 sequence=create-sync,glFlush,dup-fd,destroy-sync
[present] frame=3 result=0 errno=0 acquire_consumed=19 presentation_fd=16 release_fd=19
[stage] presentation fence
[fence] name=presentation fence fd=16 poll=1 revents=0x1 errno=0
[stage] release fence
[fence] name=release fence fd=19 poll=1 revents=0x1 errno=0
[timing] frame=3/120 serialized=1 diagnostic_not_fps=1 draw_ns=34790 native_fence_ns=5368490 present_ns=226359 presentation_wait_ns=481567 release_wait_ns=8203939
[frame] sequence=4/120 writer=gradient-draw phase=0.165354 viewport=720x720 gl_error=0x0
[frame] sequence=4/120 stage=native-fence-create-flush-dup
MESA: info: udroid Zink ownership-trace image_barrier_exec seq=13 threadToken=0x78ba94c8d0 res=0x30001dcc40 obj=0x30001dce50 image=0x30001d73b0 bo=0x30001dd250 batch=0x3000ac8b60 batch_id=0 cmdbuf=0x3000ac43f0 api=sync2 unsync=0 oldLayout=VK_IMAGE_LAYOUT_COLOR_ATTACHMENT_OPTIMAL newLayout=VK_IMAGE_LAYOUT_COLOR_ATTACHMENT_OPTIMAL oldQueue=FOREIGN(4294967293) afterEmitQueue=IGNORED(4294967295) gfxQueue=0 queue_import=1 completed=0 usage_matches=1 exportable=1 dt=(nil) dt_idx=4294967295 flags=0x180 pipeline=0x400
MESA: info: udroid Zink ownership-trace image_barrier_tracking seq=14 threadToken=0x78ba94c8d0 res=0x30001dcc40 obj=0x30001dce50 image=0x30001d73b0 bo=0x30001dd250 batch=0x3000ac8b60 batch_id=0 layout=VK_IMAGE_LAYOUT_COLOR_ATTACHMENT_OPTIMAL queue=IGNORED(4294967295) exportable=1 dt=(nil) dt_idx=4294967295 dt_layout_updated=0 dmabuf_exports_checked=1 found=0 inserted=1 queue_import=1
MESA: info: udroid Zink ownership-trace export_dmabuf_sem_begin seq=25 threadToken=0x78ba94c879 screen=0x3000069670 res=0x30001dcc40 obj=0x30001dce50 image=0x30001d73b0 bo=0x30001dd250 layout=COLOR_ATTACHMENT_OPTIMAL queue=IGNORED(4294967295) gfxQueue=0 exportable=1 dt=(nil) dt_idx=4294967295 is_aux=0
MESA: info: udroid Zink ownership-trace export_dmabuf_sem_result seq=26 threadToken=0x78ba94c879 screen=0x3000069670 res=0x30001dcc40 obj=0x30001dce50 image=0x30001d73b0 bo=0x30001dd250 layout=COLOR_ATTACHMENT_OPTIMAL queue=IGNORED(4294967295) fd=16 exportedSyncFd=19 sem=0x3000adb010 importSemaphoreSuccess=1
MESA: info: udroid Zink ownership-trace image_barrier_queue_import_sem seq=15 threadToken=0x78ba94c8d0 res=0x30001dcc40 child=0x30001dcc40 obj=0x30001dce50 image=0x30001d73b0 bo=0x30001dd250 batch=0x3000ac8b60 batch_id=0 sem=0x3000adb010 appended=1
MESA: info: udroid Zink ownership-trace release_barrier seq=21 threadToken=0x78ba94c8d1 screen=0x3000069670 bs=0x3000ac8b60 batch_id=0 api=sync2 tableCmdPipelineBarrier2NonNull=1 res=0x30001dcc40 obj=0x30001dce50 image=0x30001d73b0 bo=0x30001dd250 oldLayout=COLOR_ATTACHMENT_OPTIMAL newLayout=COLOR_ATTACHMENT_OPTIMAL oldQueue=IGNORED(4294967295) srcQueue=gfx(0) dstQueue=FOREIGN(4294967293) exportable=1 dt=(nil) dt_idx=4294967295
MESA: info: udroid Zink ownership-trace release_signal_sem seq=22 threadToken=0x78ba94c8d1 screen=0x3000069670 bs=0x3000ac8b60 batch_id=0 res=0x30001dcc40 obj=0x30001dce50 image=0x30001d73b0 bo=0x30001dd250 layout=COLOR_ATTACHMENT_OPTIMAL queue=FOREIGN(4294967293) sem=0x3000ae6910 appended=1
MESA: info: udroid Zink ownership-trace submit_pre seq=23 threadToken=0x78b8e7ba11 screen=0x3000069670 queue=0x30000659f0 bs=0x3000ac8b60 batch_id=5 numSubmitInfos=3 acquireWaits=0 fdWaits=1 cmdBuffers=1 signals=2 dmabufExports=1 hasWork=1 hasReordered=0 hasUnsync=0
MESA: info: udroid Zink ownership-trace submit_post seq=24 threadToken=0x78b8e7ba11 screen=0x3000069670 queue=0x30000659f0 bs=0x3000ac8b60 batch_id=5 result=VK_SUCCESS dmabufExports=1 signalSemaphores=1 fdWaitSemaphores=1
MESA: info: udroid Zink ownership-trace import_dmabuf_sem_begin seq=27 threadToken=0x78b8e7b9b9 screen=0x3000069670 res=0x30001dcc40 obj=0x30001dce50 image=0x30001d73b0 bo=0x30001dd250 layout=COLOR_ATTACHMENT_OPTIMAL queue=FOREIGN(4294967293) gfxQueue=0 exportable=1 dt=(nil) dt_idx=4294967295 sem=0x3000ae6910
MESA: info: udroid Zink ownership-trace import_dmabuf_sem_getfd seq=28 threadToken=0x78b8e7b9b9 screen=0x3000069670 res=0x30001dcc40 sem=0x3000ae6910 result=VK_SUCCESS syncFileFd=16
MESA: info: udroid Zink ownership-trace import_dmabuf_sem_fd seq=29 threadToken=0x78b8e7b9b9 screen=0x3000069670 res=0x30001dcc40 sem=0x3000ae6910 syncFileFd=16 dmaBufFd=19 acquireSucceeded=1 isAux=0
MESA: info: udroid Zink ownership-trace import_dmabuf_sem_ioctl seq=30 threadToken=0x78b8e7b9b9 screen=0x3000069670 res=0x30001dcc40 sem=0x3000ae6910 syncFileFd=16 dmaBufFd=19 ioctlRet=0 errno=0 failed=0
MESA: info: udroid Zink ownership-trace submit_import_dmabuf_sync seq=25 threadToken=0x78b8e7ba11 screen=0x3000069670 bs=0x3000ac8b60 batch_id=5 res=0x30001dcc40 obj=0x30001dce50 image=0x30001d73b0 bo=0x30001dd250 layout=COLOR_ATTACHMENT_OPTIMAL queue=FOREIGN(4294967293) sem=0x3000ae6910 importOk=0
[fence] frame=4 acquire_fd=19 sequence=create-sync,glFlush,dup-fd,destroy-sync
[present] frame=4 result=0 errno=0 acquire_consumed=19 presentation_fd=16 release_fd=19
[stage] presentation fence
[fence] name=presentation fence fd=16 poll=1 revents=0x1 errno=0
[stage] release fence
[fence] name=release fence fd=19 poll=1 revents=0x1 errno=0
[timing] frame=4/120 serialized=1 diagnostic_not_fps=1 draw_ns=32553 native_fence_ns=6266439 present_ns=1213786 presentation_wait_ns=1610962 release_wait_ns=488159
[frame] sequence=5/120 writer=gradient-draw phase=0.456693 viewport=720x720 gl_error=0x0
[frame] sequence=5/120 stage=native-fence-create-flush-dup
MESA: info: udroid Zink ownership-trace image_barrier_exec seq=16 threadToken=0x78ba94c8d0 res=0x30001dcc40 obj=0x30001dce50 image=0x30001d73b0 bo=0x30001dd250 batch=0x3000ae6a30 batch_id=0 cmdbuf=0x3000af7050 api=sync2 unsync=0 oldLayout=VK_IMAGE_LAYOUT_COLOR_ATTACHMENT_OPTIMAL newLayout=VK_IMAGE_LAYOUT_COLOR_ATTACHMENT_OPTIMAL oldQueue=FOREIGN(4294967293) afterEmitQueue=IGNORED(4294967295) gfxQueue=0 queue_import=1 completed=0 usage_matches=1 exportable=1 dt=(nil) dt_idx=4294967295 flags=0x180 pipeline=0x400
MESA: info: udroid Zink ownership-trace image_barrier_tracking seq=17 threadToken=0x78ba94c8d0 res=0x30001dcc40 obj=0x30001dce50 image=0x30001d73b0 bo=0x30001dd250 batch=0x3000ae6a30 batch_id=0 layout=VK_IMAGE_LAYOUT_COLOR_ATTACHMENT_OPTIMAL queue=IGNORED(4294967295) exportable=1 dt=(nil) dt_idx=4294967295 dt_layout_updated=0 dmabuf_exports_checked=1 found=0 inserted=1 queue_import=1
MESA: info: udroid Zink ownership-trace export_dmabuf_sem_begin seq=31 threadToken=0x78ba94c879 screen=0x3000069670 res=0x30001dcc40 obj=0x30001dce50 image=0x30001d73b0 bo=0x30001dd250 layout=COLOR_ATTACHMENT_OPTIMAL queue=IGNORED(4294967295) gfxQueue=0 exportable=1 dt=(nil) dt_idx=4294967295 is_aux=0
MESA: info: udroid Zink ownership-trace export_dmabuf_sem_result seq=32 threadToken=0x78ba94c879 screen=0x3000069670 res=0x30001dcc40 obj=0x30001dce50 image=0x30001d73b0 bo=0x30001dd250 layout=COLOR_ATTACHMENT_OPTIMAL queue=IGNORED(4294967295) fd=16 exportedSyncFd=19 sem=0x3000b05670 importSemaphoreSuccess=1
MESA: info: udroid Zink ownership-trace image_barrier_queue_import_sem seq=18 threadToken=0x78ba94c8d0 res=0x30001dcc40 child=0x30001dcc40 obj=0x30001dce50 image=0x30001d73b0 bo=0x30001dd250 batch=0x3000ae6a30 batch_id=0 sem=0x3000b05670 appended=1
MESA: info: udroid Zink ownership-trace release_barrier seq=26 threadToken=0x78ba94c8d1 screen=0x3000069670 bs=0x3000ae6a30 batch_id=0 api=sync2 tableCmdPipelineBarrier2NonNull=1 res=0x30001dcc40 obj=0x30001dce50 image=0x30001d73b0 bo=0x30001dd250 oldLayout=COLOR_ATTACHMENT_OPTIMAL newLayout=COLOR_ATTACHMENT_OPTIMAL oldQueue=IGNORED(4294967295) srcQueue=gfx(0) dstQueue=FOREIGN(4294967293) exportable=1 dt=(nil) dt_idx=4294967295
MESA: info: udroid Zink ownership-trace release_signal_sem seq=27 threadToken=0x78ba94c8d1 screen=0x3000069670 bs=0x3000ae6a30 batch_id=0 res=0x30001dcc40 obj=0x30001dce50 image=0x30001d73b0 bo=0x30001dd250 layout=COLOR_ATTACHMENT_OPTIMAL queue=FOREIGN(4294967293) sem=0x3000b11460 appended=1
MESA: info: udroid Zink ownership-trace submit_pre seq=28 threadToken=0x78b8e7ba11 screen=0x3000069670 queue=0x30000659f0 bs=0x3000ae6a30 batch_id=6 numSubmitInfos=3 acquireWaits=0 fdWaits=1 cmdBuffers=1 signals=2 dmabufExports=1 hasWork=1 hasReordered=0 hasUnsync=0
MESA: info: udroid Zink ownership-trace submit_post seq=29 threadToken=0x78b8e7ba11 screen=0x3000069670 queue=0x30000659f0 bs=0x3000ae6a30 batch_id=6 result=VK_SUCCESS dmabufExports=1 signalSemaphores=1 fdWaitSemaphores=1
MESA: info: udroid Zink ownership-trace import_dmabuf_sem_begin seq=33 threadToken=0x78b8e7b9b9 screen=0x3000069670 res=0x30001dcc40 obj=0x30001dce50 image=0x30001d73b0 bo=0x30001dd250 layout=COLOR_ATTACHMENT_OPTIMAL queue=FOREIGN(4294967293) gfxQueue=0 exportable=1 dt=(nil) dt_idx=4294967295 sem=0x3000b11460
MESA: info: udroid Zink ownership-trace import_dmabuf_sem_getfd seq=34 threadToken=0x78b8e7b9b9 screen=0x3000069670 res=0x30001dcc40 sem=0x3000b11460 result=VK_SUCCESS syncFileFd=16
MESA: info: udroid Zink ownership-trace import_dmabuf_sem_fd seq=35 threadToken=0x78b8e7b9b9 screen=0x3000069670 res=0x30001dcc40 sem=0x3000b11460 syncFileFd=16 dmaBufFd=19 acquireSucceeded=1 isAux=0
MESA: info: udroid Zink ownership-trace import_dmabuf_sem_ioctl seq=36 threadToken=0x78b8e7b9b9 screen=0x3000069670 res=0x30001dcc40 sem=0x3000b11460 syncFileFd=16 dmaBufFd=19 ioctlRet=0 errno=0 failed=0
MESA: info: udroid Zink ownership-trace submit_import_dmabuf_sync seq=30 threadToken=0x78b8e7ba11 screen=0x3000069670 bs=0x3000ae6a30 batch_id=6 res=0x30001dcc40 obj=0x30001dce50 image=0x30001d73b0 bo=0x30001dd250 layout=COLOR_ATTACHMENT_OPTIMAL queue=FOREIGN(4294967293) sem=0x3000b11460 importOk=0
[fence] frame=5 acquire_fd=19 sequence=create-sync,glFlush,dup-fd,destroy-sync
[present] frame=5 result=0 errno=0 acquire_consumed=19 presentation_fd=16 release_fd=19
[stage] presentation fence
[fence] name=presentation fence fd=16 poll=1 revents=0x1 errno=0
[stage] release fence
[fence] name=release fence fd=19 poll=1 revents=0x1 errno=0
[timing] frame=5/120 serialized=1 diagnostic_not_fps=1 draw_ns=33244 native_fence_ns=5360148 present_ns=368449 presentation_wait_ns=1909098 release_wait_ns=155761
[frame] sequence=6/120 writer=gradient-draw phase=0.748031 viewport=720x720 gl_error=0x0
[frame] sequence=6/120 stage=native-fence-create-flush-dup
MESA: info: udroid Zink ownership-trace image_barrier_exec seq=19 threadToken=0x78ba94c8d0 res=0x30001dcc40 obj=0x30001dce50 image=0x30001d73b0 bo=0x30001dd250 batch=0x3000b11580 batch_id=0 cmdbuf=0x3000b21ba0 api=sync2 unsync=0 oldLayout=VK_IMAGE_LAYOUT_COLOR_ATTACHMENT_OPTIMAL newLayout=VK_IMAGE_LAYOUT_COLOR_ATTACHMENT_OPTIMAL oldQueue=FOREIGN(4294967293) afterEmitQueue=IGNORED(4294967295) gfxQueue=0 queue_import=1 completed=0 usage_matches=1 exportable=1 dt=(nil) dt_idx=4294967295 flags=0x180 pipeline=0x400
MESA: info: udroid Zink ownership-trace image_barrier_tracking seq=20 threadToken=0x78ba94c8d0 res=0x30001dcc40 obj=0x30001dce50 image=0x30001d73b0 bo=0x30001dd250 batch=0x3000b11580 batch_id=0 layout=VK_IMAGE_LAYOUT_COLOR_ATTACHMENT_OPTIMAL queue=IGNORED(4294967295) exportable=1 dt=(nil) dt_idx=4294967295 dt_layout_updated=0 dmabuf_exports_checked=1 found=0 inserted=1 queue_import=1
MESA: info: udroid Zink ownership-trace export_dmabuf_sem_begin seq=37 threadToken=0x78ba94c879 screen=0x3000069670 res=0x30001dcc40 obj=0x30001dce50 image=0x30001d73b0 bo=0x30001dd250 layout=COLOR_ATTACHMENT_OPTIMAL queue=IGNORED(4294967295) gfxQueue=0 exportable=1 dt=(nil) dt_idx=4294967295 is_aux=0
MESA: info: udroid Zink ownership-trace export_dmabuf_sem_result seq=38 threadToken=0x78ba94c879 screen=0x3000069670 res=0x30001dcc40 obj=0x30001dce50 image=0x30001d73b0 bo=0x30001dd250 layout=COLOR_ATTACHMENT_OPTIMAL queue=IGNORED(4294967295) fd=16 exportedSyncFd=19 sem=0x30000dd1a0 importSemaphoreSuccess=1
MESA: info: udroid Zink ownership-trace image_barrier_queue_import_sem seq=21 threadToken=0x78ba94c8d0 res=0x30001dcc40 child=0x30001dcc40 obj=0x30001dce50 image=0x30001d73b0 bo=0x30001dd250 batch=0x3000b11580 batch_id=0 sem=0x30000dd1a0 appended=1
MESA: info: udroid Zink ownership-trace release_barrier seq=31 threadToken=0x78ba94c8d1 screen=0x3000069670 bs=0x3000b11580 batch_id=0 api=sync2 tableCmdPipelineBarrier2NonNull=1 res=0x30001dcc40 obj=0x30001dce50 image=0x30001d73b0 bo=0x30001dd250 oldLayout=COLOR_ATTACHMENT_OPTIMAL newLayout=COLOR_ATTACHMENT_OPTIMAL oldQueue=IGNORED(4294967295) srcQueue=gfx(0) dstQueue=FOREIGN(4294967293) exportable=1 dt=(nil) dt_idx=4294967295
MESA: info: udroid Zink ownership-trace release_signal_sem seq=32 threadToken=0x78ba94c8d1 screen=0x3000069670 bs=0x3000b11580 batch_id=0 res=0x30001dcc40 obj=0x30001dce50 image=0x30001d73b0 bo=0x30001dd250 layout=COLOR_ATTACHMENT_OPTIMAL queue=FOREIGN(4294967293) sem=0x3000b336e0 appended=1
MESA: info: udroid Zink ownership-trace submit_pre seq=33 threadToken=0x78b8e7ba11 screen=0x3000069670 queue=0x30000659f0 bs=0x3000b11580 batch_id=7 numSubmitInfos=3 acquireWaits=0 fdWaits=1 cmdBuffers=1 signals=2 dmabufExports=1 hasWork=1 hasReordered=0 hasUnsync=0
MESA: info: udroid Zink ownership-trace submit_post seq=34 threadToken=0x78b8e7ba11 screen=0x3000069670 queue=0x30000659f0 bs=0x3000b11580 batch_id=7 result=VK_SUCCESS dmabufExports=1 signalSemaphores=1 fdWaitSemaphores=1
MESA: info: udroid Zink ownership-trace import_dmabuf_sem_begin seq=39 threadToken=0x78b8e7b9b9 screen=0x3000069670 res=0x30001dcc40 obj=0x30001dce50 image=0x30001d73b0 bo=0x30001dd250 layout=COLOR_ATTACHMENT_OPTIMAL queue=FOREIGN(4294967293) gfxQueue=0 exportable=1 dt=(nil) dt_idx=4294967295 sem=0x3000b336e0
MESA: info: udroid Zink ownership-trace import_dmabuf_sem_getfd seq=40 threadToken=0x78b8e7b9b9 screen=0x3000069670 res=0x30001dcc40 sem=0x3000b336e0 result=VK_SUCCESS syncFileFd=16
MESA: info: udroid Zink ownership-trace import_dmabuf_sem_fd seq=41 threadToken=0x78b8e7b9b9 screen=0x3000069670 res=0x30001dcc40 sem=0x3000b336e0 syncFileFd=16 dmaBufFd=19 acquireSucceeded=1 isAux=0
MESA: info: udroid Zink ownership-trace import_dmabuf_sem_ioctl seq=42 threadToken=0x78b8e7b9b9 screen=0x3000069670 res=0x30001dcc40 sem=0x3000b336e0 syncFileFd=16 dmaBufFd=19 ioctlRet=0 errno=0 failed=0
MESA: info: udroid Zink ownership-trace submit_import_dmabuf_sync seq=35 threadToken=0x78b8e7ba11 screen=0x3000069670 bs=0x3000b11580 batch_id=7 res=0x30001dcc40 obj=0x30001dce50 image=0x30001d73b0 bo=0x30001dd250 layout=COLOR_ATTACHMENT_OPTIMAL queue=FOREIGN(4294967293) sem=0x3000b336e0 importOk=0
[fence] frame=6 acquire_fd=19 sequence=create-sync,glFlush,dup-fd,destroy-sync
[present] frame=6 result=0 errno=0 acquire_consumed=19 presentation_fd=16 release_fd=19
[stage] presentation fence
[fence] name=presentation fence fd=16 poll=1 revents=0x1 errno=0
[stage] release fence
[fence] name=release fence fd=19 poll=1 revents=0x1 errno=0
[timing] frame=6/120 serialized=1 diagnostic_not_fps=1 draw_ns=32959 native_fence_ns=6819946 present_ns=381104 presentation_wait_ns=1106446 release_wait_ns=389079
[frame] sequence=7/120 writer=gradient-draw phase=0.039370 viewport=720x720 gl_error=0x0
[frame] sequence=7/120 stage=native-fence-create-flush-dup
MESA: info: udroid Zink ownership-trace image_barrier_exec seq=22 threadToken=0x78ba94c8d0 res=0x30001dcc40 obj=0x30001dce50 image=0x30001d73b0 bo=0x30001dd250 batch=0x3000b33800 batch_id=0 cmdbuf=0x3000b43ef0 api=sync2 unsync=0 oldLayout=VK_IMAGE_LAYOUT_COLOR_ATTACHMENT_OPTIMAL newLayout=VK_IMAGE_LAYOUT_COLOR_ATTACHMENT_OPTIMAL oldQueue=FOREIGN(4294967293) afterEmitQueue=IGNORED(4294967295) gfxQueue=0 queue_import=1 completed=0 usage_matches=1 exportable=1 dt=(nil) dt_idx=4294967295 flags=0x180 pipeline=0x400
MESA: info: udroid Zink ownership-trace image_barrier_tracking seq=23 threadToken=0x78ba94c8d0 res=0x30001dcc40 obj=0x30001dce50 image=0x30001d73b0 bo=0x30001dd250 batch=0x3000b33800 batch_id=0 layout=VK_IMAGE_LAYOUT_COLOR_ATTACHMENT_OPTIMAL queue=IGNORED(4294967295) exportable=1 dt=(nil) dt_idx=4294967295 dt_layout_updated=0 dmabuf_exports_checked=1 found=0 inserted=1 queue_import=1
MESA: info: udroid Zink ownership-trace export_dmabuf_sem_begin seq=43 threadToken=0x78ba94c879 screen=0x3000069670 res=0x30001dcc40 obj=0x30001dce50 image=0x30001d73b0 bo=0x30001dd250 layout=COLOR_ATTACHMENT_OPTIMAL queue=IGNORED(4294967295) gfxQueue=0 exportable=1 dt=(nil) dt_idx=4294967295 is_aux=0
MESA: info: udroid Zink ownership-trace export_dmabuf_sem_result seq=44 threadToken=0x78ba94c879 screen=0x3000069670 res=0x30001dcc40 obj=0x30001dce50 image=0x30001d73b0 bo=0x30001dd250 layout=COLOR_ATTACHMENT_OPTIMAL queue=IGNORED(4294967295) fd=16 exportedSyncFd=19 sem=0x3000b4a2e0 importSemaphoreSuccess=1
MESA: info: udroid Zink ownership-trace image_barrier_queue_import_sem seq=24 threadToken=0x78ba94c8d0 res=0x30001dcc40 child=0x30001dcc40 obj=0x30001dce50 image=0x30001d73b0 bo=0x30001dd250 batch=0x3000b33800 batch_id=0 sem=0x3000b4a2e0 appended=1
MESA: info: udroid Zink ownership-trace release_barrier seq=36 threadToken=0x78ba94c8d1 screen=0x3000069670 bs=0x3000b33800 batch_id=0 api=sync2 tableCmdPipelineBarrier2NonNull=1 res=0x30001dcc40 obj=0x30001dce50 image=0x30001d73b0 bo=0x30001dd250 oldLayout=COLOR_ATTACHMENT_OPTIMAL newLayout=COLOR_ATTACHMENT_OPTIMAL oldQueue=IGNORED(4294967295) srcQueue=gfx(0) dstQueue=FOREIGN(4294967293) exportable=1 dt=(nil) dt_idx=4294967295
MESA: info: udroid Zink ownership-trace release_signal_sem seq=37 threadToken=0x78ba94c8d1 screen=0x3000069670 bs=0x3000b33800 batch_id=0 res=0x30001dcc40 obj=0x30001dce50 image=0x30001d73b0 bo=0x30001dd250 layout=COLOR_ATTACHMENT_OPTIMAL queue=FOREIGN(4294967293) sem=0x3000b55ce0 appended=1
MESA: info: udroid Zink ownership-trace submit_pre seq=38 threadToken=0x78b8e7ba11 screen=0x3000069670 queue=0x30000659f0 bs=0x3000b33800 batch_id=8 numSubmitInfos=3 acquireWaits=0 fdWaits=1 cmdBuffers=1 signals=2 dmabufExports=1 hasWork=1 hasReordered=0 hasUnsync=0
MESA: info: udroid Zink ownership-trace submit_post seq=39 threadToken=0x78b8e7ba11 screen=0x3000069670 queue=0x30000659f0 bs=0x3000b33800 batch_id=8 result=VK_SUCCESS dmabufExports=1 signalSemaphores=1 fdWaitSemaphores=1
MESA: info: udroid Zink ownership-trace import_dmabuf_sem_begin seq=45 threadToken=0x78b8e7b9b9 screen=0x3000069670 res=0x30001dcc40 obj=0x30001dce50 image=0x30001d73b0 bo=0x30001dd250 layout=COLOR_ATTACHMENT_OPTIMAL queue=FOREIGN(4294967293) gfxQueue=0 exportable=1 dt=(nil) dt_idx=4294967295 sem=0x3000b55ce0
MESA: info: udroid Zink ownership-trace import_dmabuf_sem_getfd seq=46 threadToken=0x78b8e7b9b9 screen=0x3000069670 res=0x30001dcc40 sem=0x3000b55ce0 result=VK_SUCCESS syncFileFd=16
MESA: info: udroid Zink ownership-trace import_dmabuf_sem_fd seq=47 threadToken=0x78b8e7b9b9 screen=0x3000069670 res=0x30001dcc40 sem=0x3000b55ce0 syncFileFd=16 dmaBufFd=19 acquireSucceeded=1 isAux=0
MESA: info: udroid Zink ownership-trace import_dmabuf_sem_ioctl seq=48 threadToken=0x78b8e7b9b9 screen=0x3000069670 res=0x30001dcc40 sem=0x3000b55ce0 syncFileFd=16 dmaBufFd=19 ioctlRet=0 errno=0 failed=0
MESA: info: udroid Zink ownership-trace submit_import_dmabuf_sync seq=40 threadToken=0x78b8e7ba11 screen=0x3000069670 bs=0x3000b33800 batch_id=8 res=0x30001dcc40 obj=0x30001dce50 image=0x30001d73b0 bo=0x30001dd250 layout=COLOR_ATTACHMENT_OPTIMAL queue=FOREIGN(4294967293) sem=0x3000b55ce0 importOk=0
[fence] frame=7 acquire_fd=19 sequence=create-sync,glFlush,dup-fd,destroy-sync
[present] frame=7 result=0 errno=0 acquire_consumed=19 presentation_fd=16 release_fd=19
[stage] presentation fence
[fence] name=presentation fence fd=16 poll=1 revents=0x1 errno=0
[stage] release fence
[fence] name=release fence fd=19 poll=1 revents=0x1 errno=0
[timing] frame=7/120 serialized=1 diagnostic_not_fps=1 draw_ns=53955 native_fence_ns=7350424 present_ns=407959 presentation_wait_ns=1279500 release_wait_ns=390951
[frame] sequence=8/120 writer=gradient-draw phase=0.330709 viewport=720x720 gl_error=0x0
[frame] sequence=8/120 stage=native-fence-create-flush-dup
MESA: info: udroid Zink ownership-trace image_barrier_exec seq=25 threadToken=0x78ba94c8d0 res=0x30001dcc40 obj=0x30001dce50 image=0x30001d73b0 bo=0x30001dd250 batch=0x3000b55e00 batch_id=0 cmdbuf=0x3000b665c0 api=sync2 unsync=0 oldLayout=VK_IMAGE_LAYOUT_COLOR_ATTACHMENT_OPTIMAL newLayout=VK_IMAGE_LAYOUT_COLOR_ATTACHMENT_OPTIMAL oldQueue=FOREIGN(4294967293) afterEmitQueue=IGNORED(4294967295) gfxQueue=0 queue_import=1 completed=0 usage_matches=1 exportable=1 dt=(nil) dt_idx=4294967295 flags=0x180 pipeline=0x400
MESA: info: udroid Zink ownership-trace image_barrier_tracking seq=26 threadToken=0x78ba94c8d0 res=0x30001dcc40 obj=0x30001dce50 image=0x30001d73b0 bo=0x30001dd250 batch=0x3000b55e00 batch_id=0 layout=VK_IMAGE_LAYOUT_COLOR_ATTACHMENT_OPTIMAL queue=IGNORED(4294967295) exportable=1 dt=(nil) dt_idx=4294967295 dt_layout_updated=0 dmabuf_exports_checked=1 found=0 inserted=1 queue_import=1
MESA: info: udroid Zink ownership-trace export_dmabuf_sem_begin seq=49 threadToken=0x78ba94c879 screen=0x3000069670 res=0x30001dcc40 obj=0x30001dce50 image=0x30001d73b0 bo=0x30001dd250 layout=COLOR_ATTACHMENT_OPTIMAL queue=IGNORED(4294967295) gfxQueue=0 exportable=1 dt=(nil) dt_idx=4294967295 is_aux=0
MESA: info: udroid Zink ownership-trace export_dmabuf_sem_result seq=50 threadToken=0x78ba94c879 screen=0x3000069670 res=0x30001dcc40 obj=0x30001dce50 image=0x30001d73b0 bo=0x30001dd250 layout=COLOR_ATTACHMENT_OPTIMAL queue=IGNORED(4294967295) fd=16 exportedSyncFd=19 sem=0x3000b6c9b0 importSemaphoreSuccess=1
MESA: info: udroid Zink ownership-trace image_barrier_queue_import_sem seq=27 threadToken=0x78ba94c8d0 res=0x30001dcc40 child=0x30001dcc40 obj=0x30001dce50 image=0x30001d73b0 bo=0x30001dd250 batch=0x3000b55e00 batch_id=0 sem=0x3000b6c9b0 appended=1
MESA: info: udroid Zink ownership-trace release_barrier seq=41 threadToken=0x78ba94c8d1 screen=0x3000069670 bs=0x3000b55e00 batch_id=0 api=sync2 tableCmdPipelineBarrier2NonNull=1 res=0x30001dcc40 obj=0x30001dce50 image=0x30001d73b0 bo=0x30001dd250 oldLayout=COLOR_ATTACHMENT_OPTIMAL newLayout=COLOR_ATTACHMENT_OPTIMAL oldQueue=IGNORED(4294967295) srcQueue=gfx(0) dstQueue=FOREIGN(4294967293) exportable=1 dt=(nil) dt_idx=4294967295
MESA: info: udroid Zink ownership-trace release_signal_sem seq=42 threadToken=0x78ba94c8d1 screen=0x3000069670 bs=0x3000b55e00 batch_id=0 res=0x30001dcc40 obj=0x30001dce50 image=0x30001d73b0 bo=0x30001dd250 layout=COLOR_ATTACHMENT_OPTIMAL queue=FOREIGN(4294967293) sem=0x3000b783b0 appended=1
MESA: info: udroid Zink ownership-trace submit_pre seq=43 threadToken=0x78b8e7ba11 screen=0x3000069670 queue=0x30000659f0 bs=0x3000b55e00 batch_id=9 numSubmitInfos=3 acquireWaits=0 fdWaits=1 cmdBuffers=1 signals=2 dmabufExports=1 hasWork=1 hasReordered=0 hasUnsync=0
MESA: info: udroid Zink ownership-trace submit_post seq=44 threadToken=0x78b8e7ba11 screen=0x3000069670 queue=0x30000659f0 bs=0x3000b55e00 batch_id=9 result=VK_SUCCESS dmabufExports=1 signalSemaphores=1 fdWaitSemaphores=1
MESA: info: udroid Zink ownership-trace import_dmabuf_sem_begin seq=51 threadToken=0x78b8e7b9b9 screen=0x3000069670 res=0x30001dcc40 obj=0x30001dce50 image=0x30001d73b0 bo=0x30001dd250 layout=COLOR_ATTACHMENT_OPTIMAL queue=FOREIGN(4294967293) gfxQueue=0 exportable=1 dt=(nil) dt_idx=4294967295 sem=0x3000b783b0
MESA: info: udroid Zink ownership-trace import_dmabuf_sem_getfd seq=52 threadToken=0x78b8e7b9b9 screen=0x3000069670 res=0x30001dcc40 sem=0x3000b783b0 result=VK_SUCCESS syncFileFd=16
MESA: info: udroid Zink ownership-trace import_dmabuf_sem_fd seq=53 threadToken=0x78b8e7b9b9 screen=0x3000069670 res=0x30001dcc40 sem=0x3000b783b0 syncFileFd=16 dmaBufFd=19 acquireSucceeded=1 isAux=0
MESA: info: udroid Zink ownership-trace import_dmabuf_sem_ioctl seq=54 threadToken=0x78b8e7b9b9 screen=0x3000069670 res=0x30001dcc40 sem=0x3000b783b0 syncFileFd=16 dmaBufFd=19 ioctlRet=0 errno=0 failed=0
MESA: info: udroid Zink ownership-trace submit_import_dmabuf_sync seq=45 threadToken=0x78b8e7ba11 screen=0x3000069670 bs=0x3000b55e00 batch_id=9 res=0x30001dcc40 obj=0x30001dce50 image=0x30001d73b0 bo=0x30001dd250 layout=COLOR_ATTACHMENT_OPTIMAL queue=FOREIGN(4294967293) sem=0x3000b783b0 importOk=0
[fence] frame=8 acquire_fd=19 sequence=create-sync,glFlush,dup-fd,destroy-sync
[present] frame=8 result=0 errno=0 acquire_consumed=19 presentation_fd=16 release_fd=19
[stage] presentation fence
[fence] name=presentation fence fd=16 poll=1 revents=0x1 errno=0
[stage] release fence
[fence] name=release fence fd=19 poll=1 revents=0x1 errno=0
[timing] frame=8/120 serialized=1 diagnostic_not_fps=1 draw_ns=38818 native_fence_ns=7315470 present_ns=405721 presentation_wait_ns=1501953 release_wait_ns=392660
[frame] sequence=9/120 writer=gradient-draw phase=0.622047 viewport=720x720 gl_error=0x0
[frame] sequence=9/120 stage=native-fence-create-flush-dup
MESA: info: udroid Zink ownership-trace image_barrier_exec seq=28 threadToken=0x78ba94c8d0 res=0x30001dcc40 obj=0x30001dce50 image=0x30001d73b0 bo=0x30001dd250 batch=0x3000b784d0 batch_id=0 cmdbuf=0x3000b88c90 api=sync2 unsync=0 oldLayout=VK_IMAGE_LAYOUT_COLOR_ATTACHMENT_OPTIMAL newLayout=VK_IMAGE_LAYOUT_COLOR_ATTACHMENT_OPTIMAL oldQueue=FOREIGN(4294967293) afterEmitQueue=IGNORED(4294967295) gfxQueue=0 queue_import=1 completed=0 usage_matches=1 exportable=1 dt=(nil) dt_idx=4294967295 flags=0x180 pipeline=0x400
MESA: info: udroid Zink ownership-trace image_barrier_tracking seq=29 threadToken=0x78ba94c8d0 res=0x30001dcc40 obj=0x30001dce50 image=0x30001d73b0 bo=0x30001dd250 batch=0x3000b784d0 batch_id=0 layout=VK_IMAGE_LAYOUT_COLOR_ATTACHMENT_OPTIMAL queue=IGNORED(4294967295) exportable=1 dt=(nil) dt_idx=4294967295 dt_layout_updated=0 dmabuf_exports_checked=1 found=0 inserted=1 queue_import=1
MESA: info: udroid Zink ownership-trace export_dmabuf_sem_begin seq=55 threadToken=0x78ba94c879 screen=0x3000069670 res=0x30001dcc40 obj=0x30001dce50 image=0x30001d73b0 bo=0x30001dd250 layout=COLOR_ATTACHMENT_OPTIMAL queue=IGNORED(4294967295) gfxQueue=0 exportable=1 dt=(nil) dt_idx=4294967295 is_aux=0
MESA: info: udroid Zink ownership-trace export_dmabuf_sem_result seq=56 threadToken=0x78ba94c879 screen=0x3000069670 res=0x30001dcc40 obj=0x30001dce50 image=0x30001d73b0 bo=0x30001dd250 layout=COLOR_ATTACHMENT_OPTIMAL queue=IGNORED(4294967295) fd=16 exportedSyncFd=19 sem=0x3000b8f260 importSemaphoreSuccess=1
MESA: info: udroid Zink ownership-trace image_barrier_queue_import_sem seq=30 threadToken=0x78ba94c8d0 res=0x30001dcc40 child=0x30001dcc40 obj=0x30001dce50 image=0x30001d73b0 bo=0x30001dd250 batch=0x3000b784d0 batch_id=0 sem=0x3000b8f260 appended=1
MESA: info: udroid Zink ownership-trace release_barrier seq=46 threadToken=0x78ba94c8d1 screen=0x3000069670 bs=0x3000b784d0 batch_id=0 api=sync2 tableCmdPipelineBarrier2NonNull=1 res=0x30001dcc40 obj=0x30001dce50 image=0x30001d73b0 bo=0x30001dd250 oldLayout=COLOR_ATTACHMENT_OPTIMAL newLayout=COLOR_ATTACHMENT_OPTIMAL oldQueue=IGNORED(4294967295) srcQueue=gfx(0) dstQueue=FOREIGN(4294967293) exportable=1 dt=(nil) dt_idx=4294967295
MESA: info: udroid Zink ownership-trace release_signal_sem seq=47 threadToken=0x78ba94c8d1 screen=0x3000069670 bs=0x3000b784d0 batch_id=0 res=0x30001dcc40 obj=0x30001dce50 image=0x30001d73b0 bo=0x30001dd250 layout=COLOR_ATTACHMENT_OPTIMAL queue=FOREIGN(4294967293) sem=0x3000b9ae40 appended=1
MESA: info: udroid Zink ownership-trace submit_pre seq=48 threadToken=0x78b8e7ba11 screen=0x3000069670 queue=0x30000659f0 bs=0x3000b784d0 batch_id=10 numSubmitInfos=3 acquireWaits=0 fdWaits=1 cmdBuffers=1 signals=2 dmabufExports=1 hasWork=1 hasReordered=0 hasUnsync=0
MESA: info: udroid Zink ownership-trace submit_post seq=49 threadToken=0x78b8e7ba11 screen=0x3000069670 queue=0x30000659f0 bs=0x3000b784d0 batch_id=10 result=VK_SUCCESS dmabufExports=1 signalSemaphores=1 fdWaitSemaphores=1
MESA: info: udroid Zink ownership-trace import_dmabuf_sem_begin seq=57 threadToken=0x78b8e7b9b9 screen=0x3000069670 res=0x30001dcc40 obj=0x30001dce50 image=0x30001d73b0 bo=0x30001dd250 layout=COLOR_ATTACHMENT_OPTIMAL queue=FOREIGN(4294967293) gfxQueue=0 exportable=1 dt=(nil) dt_idx=4294967295 sem=0x3000b9ae40
MESA: info: udroid Zink ownership-trace import_dmabuf_sem_getfd seq=58 threadToken=0x78b8e7b9b9 screen=0x3000069670 res=0x30001dcc40 sem=0x3000b9ae40 result=VK_SUCCESS syncFileFd=16
MESA: info: udroid Zink ownership-trace import_dmabuf_sem_fd seq=59 threadToken=0x78b8e7b9b9 screen=0x3000069670 res=0x30001dcc40 sem=0x3000b9ae40 syncFileFd=16 dmaBufFd=19 acquireSucceeded=1 isAux=0
MESA: info: udroid Zink ownership-trace import_dmabuf_sem_ioctl seq=60 threadToken=0x78b8e7b9b9 screen=0x3000069670 res=0x30001dcc40 sem=0x3000b9ae40 syncFileFd=16 dmaBufFd=19 ioctlRet=0 errno=0 failed=0
MESA: info: udroid Zink ownership-trace submit_import_dmabuf_sync seq=50 threadToken=0x78b8e7ba11 screen=0x3000069670 bs=0x3000b784d0 batch_id=10 res=0x30001dcc40 obj=0x30001dce50 image=0x30001d73b0 bo=0x30001dd250 layout=COLOR_ATTACHMENT_OPTIMAL queue=FOREIGN(4294967293) sem=0x3000b9ae40 importOk=0
[fence] frame=9 acquire_fd=19 sequence=create-sync,glFlush,dup-fd,destroy-sync
[present] frame=9 result=0 errno=0 acquire_consumed=19 presentation_fd=16 release_fd=19
[stage] presentation fence
[fence] name=presentation fence fd=16 poll=1 revents=0x1 errno=0
[stage] release fence
[fence] name=release fence fd=19 poll=1 revents=0x1 errno=0
[timing] frame=9/120 serialized=1 diagnostic_not_fps=1 draw_ns=39184 native_fence_ns=7732544 present_ns=727376 presentation_wait_ns=836629 release_wait_ns=349976
[frame] sequence=10/120 writer=gradient-draw phase=0.913386 viewport=720x720 gl_error=0x0
[frame] sequence=10/120 stage=native-fence-create-flush-dup
MESA: info: udroid Zink ownership-trace image_barrier_exec seq=31 threadToken=0x78ba94c8d0 res=0x30001dcc40 obj=0x30001dce50 image=0x30001d73b0 bo=0x30001dd250 batch=0x3000b9af60 batch_id=0 cmdbuf=0x3000bab720 api=sync2 unsync=0 oldLayout=VK_IMAGE_LAYOUT_COLOR_ATTACHMENT_OPTIMAL newLayout=VK_IMAGE_LAYOUT_COLOR_ATTACHMENT_OPTIMAL oldQueue=FOREIGN(4294967293) afterEmitQueue=IGNORED(4294967295) gfxQueue=0 queue_import=1 completed=0 usage_matches=1 exportable=1 dt=(nil) dt_idx=4294967295 flags=0x180 pipeline=0x400
MESA: info: udroid Zink ownership-trace image_barrier_tracking seq=32 threadToken=0x78ba94c8d0 res=0x30001dcc40 obj=0x30001dce50 image=0x30001d73b0 bo=0x30001dd250 batch=0x3000b9af60 batch_id=0 layout=VK_IMAGE_LAYOUT_COLOR_ATTACHMENT_OPTIMAL queue=IGNORED(4294967295) exportable=1 dt=(nil) dt_idx=4294967295 dt_layout_updated=0 dmabuf_exports_checked=1 found=0 inserted=1 queue_import=1
MESA: info: udroid Zink ownership-trace export_dmabuf_sem_begin seq=61 threadToken=0x78ba94c879 screen=0x3000069670 res=0x30001dcc40 obj=0x30001dce50 image=0x30001d73b0 bo=0x30001dd250 layout=COLOR_ATTACHMENT_OPTIMAL queue=IGNORED(4294967295) gfxQueue=0 exportable=1 dt=(nil) dt_idx=4294967295 is_aux=0
MESA: info: udroid Zink ownership-trace export_dmabuf_sem_result seq=62 threadToken=0x78ba94c879 screen=0x3000069670 res=0x30001dcc40 obj=0x30001dce50 image=0x30001d73b0 bo=0x30001dd250 layout=COLOR_ATTACHMENT_OPTIMAL queue=IGNORED(4294967295) fd=16 exportedSyncFd=19 sem=0x3000bb1b10 importSemaphoreSuccess=1
MESA: info: udroid Zink ownership-trace image_barrier_queue_import_sem seq=33 threadToken=0x78ba94c8d0 res=0x30001dcc40 child=0x30001dcc40 obj=0x30001dce50 image=0x30001d73b0 bo=0x30001dd250 batch=0x3000b9af60 batch_id=0 sem=0x3000bb1b10 appended=1
MESA: info: udroid Zink ownership-trace release_barrier seq=51 threadToken=0x78ba94c8d1 screen=0x3000069670 bs=0x3000b9af60 batch_id=0 api=sync2 tableCmdPipelineBarrier2NonNull=1 res=0x30001dcc40 obj=0x30001dce50 image=0x30001d73b0 bo=0x30001dd250 oldLayout=COLOR_ATTACHMENT_OPTIMAL newLayout=COLOR_ATTACHMENT_OPTIMAL oldQueue=IGNORED(4294967295) srcQueue=gfx(0) dstQueue=FOREIGN(4294967293) exportable=1 dt=(nil) dt_idx=4294967295
MESA: info: udroid Zink ownership-trace release_signal_sem seq=52 threadToken=0x78ba94c8d1 screen=0x3000069670 bs=0x3000b9af60 batch_id=0 res=0x30001dcc40 obj=0x30001dce50 image=0x30001d73b0 bo=0x30001dd250 layout=COLOR_ATTACHMENT_OPTIMAL queue=FOREIGN(4294967293) sem=0x3000bbd510 appended=1
MESA: info: udroid Zink ownership-trace submit_pre seq=53 threadToken=0x78b8e7ba11 screen=0x3000069670 queue=0x30000659f0 bs=0x3000b9af60 batch_id=11 numSubmitInfos=3 acquireWaits=0 fdWaits=1 cmdBuffers=1 signals=2 dmabufExports=1 hasWork=1 hasReordered=0 hasUnsync=0
MESA: info: udroid Zink ownership-trace submit_post seq=54 threadToken=0x78b8e7ba11 screen=0x3000069670 queue=0x30000659f0 bs=0x3000b9af60 batch_id=11 result=VK_SUCCESS dmabufExports=1 signalSemaphores=1 fdWaitSemaphores=1
MESA: info: udroid Zink ownership-trace import_dmabuf_sem_begin seq=63 threadToken=0x78b8e7b9b9 screen=0x3000069670 res=0x30001dcc40 obj=0x30001dce50 image=0x30001d73b0 bo=0x30001dd250 layout=COLOR_ATTACHMENT_OPTIMAL queue=FOREIGN(4294967293) gfxQueue=0 exportable=1 dt=(nil) dt_idx=4294967295 sem=0x3000bbd510
MESA: info: udroid Zink ownership-trace import_dmabuf_sem_getfd seq=64 threadToken=0x78b8e7b9b9 screen=0x3000069670 res=0x30001dcc40 sem=0x3000bbd510 result=VK_SUCCESS syncFileFd=16
MESA: info: udroid Zink ownership-trace import_dmabuf_sem_fd seq=65 threadToken=0x78b8e7b9b9 screen=0x3000069670 res=0x30001dcc40 sem=0x3000bbd510 syncFileFd=16 dmaBufFd=19 acquireSucceeded=1 isAux=0
MESA: info: udroid Zink ownership-trace import_dmabuf_sem_ioctl seq=66 threadToken=0x78b8e7b9b9 screen=0x3000069670 res=0x30001dcc40 sem=0x3000bbd510 syncFileFd=16 dmaBufFd=19 ioctlRet=0 errno=0 failed=0
MESA: info: udroid Zink ownership-trace submit_import_dmabuf_sync seq=55 threadToken=0x78b8e7ba11 screen=0x3000069670 bs=0x3000b9af60 batch_id=11 res=0x30001dcc40 obj=0x30001dce50 image=0x30001d73b0 bo=0x30001dd250 layout=COLOR_ATTACHMENT_OPTIMAL queue=FOREIGN(4294967293) sem=0x3000bbd510 importOk=0
[fence] frame=10 acquire_fd=19 sequence=create-sync,glFlush,dup-fd,destroy-sync
[present] frame=10 result=0 errno=0 acquire_consumed=19 presentation_fd=16 release_fd=19
[stage] presentation fence
[fence] name=presentation fence fd=16 poll=1 revents=0x1 errno=0
[stage] release fence
[fence] name=release fence fd=19 poll=1 revents=0x1 errno=0
[timing] frame=10/120 serialized=1 diagnostic_not_fps=1 draw_ns=51229 native_fence_ns=8814779 present_ns=847859 presentation_wait_ns=873332 release_wait_ns=340372
[frame] sequence=11/120 writer=gradient-draw phase=0.204724 viewport=720x720 gl_error=0x0
[frame] sequence=11/120 stage=native-fence-create-flush-dup
MESA: info: udroid Zink ownership-trace image_barrier_exec seq=34 threadToken=0x78ba94c8d0 res=0x30001dcc40 obj=0x30001dce50 image=0x30001d73b0 bo=0x30001dd250 batch=0x3000bbd630 batch_id=0 cmdbuf=0x3000bcddf0 api=sync2 unsync=0 oldLayout=VK_IMAGE_LAYOUT_COLOR_ATTACHMENT_OPTIMAL newLayout=VK_IMAGE_LAYOUT_COLOR_ATTACHMENT_OPTIMAL oldQueue=FOREIGN(4294967293) afterEmitQueue=IGNORED(4294967295) gfxQueue=0 queue_import=1 completed=0 usage_matches=1 exportable=1 dt=(nil) dt_idx=4294967295 flags=0x180 pipeline=0x400
MESA: info: udroid Zink ownership-trace image_barrier_tracking seq=35 threadToken=0x78ba94c8d0 res=0x30001dcc40 obj=0x30001dce50 image=0x30001d73b0 bo=0x30001dd250 batch=0x3000bbd630 batch_id=0 layout=VK_IMAGE_LAYOUT_COLOR_ATTACHMENT_OPTIMAL queue=IGNORED(4294967295) exportable=1 dt=(nil) dt_idx=4294967295 dt_layout_updated=0 dmabuf_exports_checked=1 found=0 inserted=1 queue_import=1
MESA: info: udroid Zink ownership-trace export_dmabuf_sem_begin seq=67 threadToken=0x78ba94c879 screen=0x3000069670 res=0x30001dcc40 obj=0x30001dce50 image=0x30001d73b0 bo=0x30001dd250 layout=COLOR_ATTACHMENT_OPTIMAL queue=IGNORED(4294967295) gfxQueue=0 exportable=1 dt=(nil) dt_idx=4294967295 is_aux=0
MESA: info: udroid Zink ownership-trace export_dmabuf_sem_result seq=68 threadToken=0x78ba94c879 screen=0x3000069670 res=0x30001dcc40 obj=0x30001dce50 image=0x30001d73b0 bo=0x30001dd250 layout=COLOR_ATTACHMENT_OPTIMAL queue=IGNORED(4294967295) fd=16 exportedSyncFd=19 sem=0x3000bd41e0 importSemaphoreSuccess=1
MESA: info: udroid Zink ownership-trace image_barrier_queue_import_sem seq=36 threadToken=0x78ba94c8d0 res=0x30001dcc40 child=0x30001dcc40 obj=0x30001dce50 image=0x30001d73b0 bo=0x30001dd250 batch=0x3000bbd630 batch_id=0 sem=0x3000bd41e0 appended=1
MESA: info: udroid Zink ownership-trace release_barrier seq=56 threadToken=0x78ba94c8d1 screen=0x3000069670 bs=0x3000bbd630 batch_id=0 api=sync2 tableCmdPipelineBarrier2NonNull=1 res=0x30001dcc40 obj=0x30001dce50 image=0x30001d73b0 bo=0x30001dd250 oldLayout=COLOR_ATTACHMENT_OPTIMAL newLayout=COLOR_ATTACHMENT_OPTIMAL oldQueue=IGNORED(4294967295) srcQueue=gfx(0) dstQueue=FOREIGN(4294967293) exportable=1 dt=(nil) dt_idx=4294967295
MESA: info: udroid Zink ownership-trace release_signal_sem seq=57 threadToken=0x78ba94c8d1 screen=0x3000069670 bs=0x3000bbd630 batch_id=0 res=0x30001dcc40 obj=0x30001dce50 image=0x30001d73b0 bo=0x30001dd250 layout=COLOR_ATTACHMENT_OPTIMAL queue=FOREIGN(4294967293) sem=0x3000bdfbe0 appended=1
MESA: info: udroid Zink ownership-trace submit_pre seq=58 threadToken=0x78b8e7ba11 screen=0x3000069670 queue=0x30000659f0 bs=0x3000bbd630 batch_id=12 numSubmitInfos=3 acquireWaits=0 fdWaits=1 cmdBuffers=1 signals=2 dmabufExports=1 hasWork=1 hasReordered=0 hasUnsync=0
MESA: info: udroid Zink ownership-trace submit_post seq=59 threadToken=0x78b8e7ba11 screen=0x3000069670 queue=0x30000659f0 bs=0x3000bbd630 batch_id=12 result=VK_SUCCESS dmabufExports=1 signalSemaphores=1 fdWaitSemaphores=1
MESA: info: udroid Zink ownership-trace import_dmabuf_sem_begin seq=69 threadToken=0x78b8e7b9b9 screen=0x3000069670 res=0x30001dcc40 obj=0x30001dce50 image=0x30001d73b0 bo=0x30001dd250 layout=COLOR_ATTACHMENT_OPTIMAL queue=FOREIGN(4294967293) gfxQueue=0 exportable=1 dt=(nil) dt_idx=4294967295 sem=0x3000bdfbe0
MESA: info: udroid Zink ownership-trace import_dmabuf_sem_getfd seq=70 threadToken=0x78b8e7b9b9 screen=0x3000069670 res=0x30001dcc40 sem=0x3000bdfbe0 result=VK_SUCCESS syncFileFd=16
MESA: info: udroid Zink ownership-trace import_dmabuf_sem_fd seq=71 threadToken=0x78b8e7b9b9 screen=0x3000069670 res=0x30001dcc40 sem=0x3000bdfbe0 syncFileFd=16 dmaBufFd=19 acquireSucceeded=1 isAux=0
MESA: info: udroid Zink ownership-trace import_dmabuf_sem_ioctl seq=72 threadToken=0x78b8e7b9b9 screen=0x3000069670 res=0x30001dcc40 sem=0x3000bdfbe0 syncFileFd=16 dmaBufFd=19 ioctlRet=0 errno=0 failed=0
MESA: info: udroid Zink ownership-trace submit_import_dmabuf_sync seq=60 threadToken=0x78b8e7ba11 screen=0x3000069670 bs=0x3000bbd630 batch_id=12 res=0x30001dcc40 obj=0x30001dce50 image=0x30001d73b0 bo=0x30001dd250 layout=COLOR_ATTACHMENT_OPTIMAL queue=FOREIGN(4294967293) sem=0x3000bdfbe0 importOk=0
[fence] frame=11 acquire_fd=19 sequence=create-sync,glFlush,dup-fd,destroy-sync
[present] frame=11 result=0 errno=0 acquire_consumed=19 presentation_fd=16 release_fd=19
[stage] presentation fence
[fence] name=presentation fence fd=16 poll=1 revents=0x1 errno=0
[stage] release fence
[fence] name=release fence fd=19 poll=1 revents=0x1 errno=0
[timing] frame=11/120 serialized=1 diagnostic_not_fps=1 draw_ns=38248 native_fence_ns=7098796 present_ns=780680 presentation_wait_ns=765137 release_wait_ns=262573
[frame] sequence=12/120 writer=gradient-draw phase=0.496063 viewport=720x720 gl_error=0x0
[frame] sequence=12/120 stage=native-fence-create-flush-dup
MESA: info: udroid Zink ownership-trace image_barrier_exec seq=37 threadToken=0x78ba94c8d0 res=0x30001dcc40 obj=0x30001dce50 image=0x30001d73b0 bo=0x30001dd250 batch=0x3000bdfd00 batch_id=0 cmdbuf=0x3000bf04c0 api=sync2 unsync=0 oldLayout=VK_IMAGE_LAYOUT_COLOR_ATTACHMENT_OPTIMAL newLayout=VK_IMAGE_LAYOUT_COLOR_ATTACHMENT_OPTIMAL oldQueue=FOREIGN(4294967293) afterEmitQueue=IGNORED(4294967295) gfxQueue=0 queue_import=1 completed=0 usage_matches=1 exportable=1 dt=(nil) dt_idx=4294967295 flags=0x180 pipeline=0x400
MESA: info: udroid Zink ownership-trace image_barrier_tracking seq=38 threadToken=0x78ba94c8d0 res=0x30001dcc40 obj=0x30001dce50 image=0x30001d73b0 bo=0x30001dd250 batch=0x3000bdfd00 batch_id=0 layout=VK_IMAGE_LAYOUT_COLOR_ATTACHMENT_OPTIMAL queue=IGNORED(4294967295) exportable=1 dt=(nil) dt_idx=4294967295 dt_layout_updated=0 dmabuf_exports_checked=1 found=0 inserted=1 queue_import=1
MESA: info: udroid Zink ownership-trace export_dmabuf_sem_begin seq=73 threadToken=0x78ba94c879 screen=0x3000069670 res=0x30001dcc40 obj=0x30001dce50 image=0x30001d73b0 bo=0x30001dd250 layout=COLOR_ATTACHMENT_OPTIMAL queue=IGNORED(4294967295) gfxQueue=0 exportable=1 dt=(nil) dt_idx=4294967295 is_aux=0
MESA: info: udroid Zink ownership-trace export_dmabuf_sem_result seq=74 threadToken=0x78ba94c879 screen=0x3000069670 res=0x30001dcc40 obj=0x30001dce50 image=0x30001d73b0 bo=0x30001dd250 layout=COLOR_ATTACHMENT_OPTIMAL queue=IGNORED(4294967295) fd=16 exportedSyncFd=19 sem=0x3000bf68b0 importSemaphoreSuccess=1
MESA: info: udroid Zink ownership-trace image_barrier_queue_import_sem seq=39 threadToken=0x78ba94c8d0 res=0x30001dcc40 child=0x30001dcc40 obj=0x30001dce50 image=0x30001d73b0 bo=0x30001dd250 batch=0x3000bdfd00 batch_id=0 sem=0x3000bf68b0 appended=1
MESA: info: udroid Zink ownership-trace release_barrier seq=61 threadToken=0x78ba94c8d1 screen=0x3000069670 bs=0x3000bdfd00 batch_id=0 api=sync2 tableCmdPipelineBarrier2NonNull=1 res=0x30001dcc40 obj=0x30001dce50 image=0x30001d73b0 bo=0x30001dd250 oldLayout=COLOR_ATTACHMENT_OPTIMAL newLayout=COLOR_ATTACHMENT_OPTIMAL oldQueue=IGNORED(4294967295) srcQueue=gfx(0) dstQueue=FOREIGN(4294967293) exportable=1 dt=(nil) dt_idx=4294967295
MESA: info: udroid Zink ownership-trace release_signal_sem seq=62 threadToken=0x78ba94c8d1 screen=0x3000069670 bs=0x3000bdfd00 batch_id=0 res=0x30001dcc40 obj=0x30001dce50 image=0x30001d73b0 bo=0x30001dd250 layout=COLOR_ATTACHMENT_OPTIMAL queue=FOREIGN(4294967293) sem=0x3000c02ac0 appended=1
MESA: info: udroid Zink ownership-trace submit_pre seq=63 threadToken=0x78b8e7ba11 screen=0x3000069670 queue=0x30000659f0 bs=0x3000bdfd00 batch_id=13 numSubmitInfos=3 acquireWaits=0 fdWaits=1 cmdBuffers=1 signals=2 dmabufExports=1 hasWork=1 hasReordered=0 hasUnsync=0
MESA: info: udroid Zink ownership-trace submit_post seq=64 threadToken=0x78b8e7ba11 screen=0x3000069670 queue=0x30000659f0 bs=0x3000bdfd00 batch_id=13 result=VK_SUCCESS dmabufExports=1 signalSemaphores=1 fdWaitSemaphores=1
MESA: info: udroid Zink ownership-trace import_dmabuf_sem_begin seq=75 threadToken=0x78b8e7b9b9 screen=0x3000069670 res=0x30001dcc40 obj=0x30001dce50 image=0x30001d73b0 bo=0x30001dd250 layout=COLOR_ATTACHMENT_OPTIMAL queue=FOREIGN(4294967293) gfxQueue=0 exportable=1 dt=(nil) dt_idx=4294967295 sem=0x3000c02ac0
MESA: info: udroid Zink ownership-trace import_dmabuf_sem_getfd seq=76 threadToken=0x78b8e7b9b9 screen=0x3000069670 res=0x30001dcc40 sem=0x3000c02ac0 result=VK_SUCCESS syncFileFd=16
MESA: info: udroid Zink ownership-trace import_dmabuf_sem_fd seq=77 threadToken=0x78b8e7b9b9 screen=0x3000069670 res=0x30001dcc40 sem=0x3000c02ac0 syncFileFd=16 dmaBufFd=19 acquireSucceeded=1 isAux=0
MESA: info: udroid Zink ownership-trace import_dmabuf_sem_ioctl seq=78 threadToken=0x78b8e7b9b9 screen=0x3000069670 res=0x30001dcc40 sem=0x3000c02ac0 syncFileFd=16 dmaBufFd=19 ioctlRet=0 errno=0 failed=0
MESA: info: udroid Zink ownership-trace submit_import_dmabuf_sync seq=65 threadToken=0x78b8e7ba11 screen=0x3000069670 bs=0x3000bdfd00 batch_id=13 res=0x30001dcc40 obj=0x30001dce50 image=0x30001d73b0 bo=0x30001dd250 layout=COLOR_ATTACHMENT_OPTIMAL queue=FOREIGN(4294967293) sem=0x3000c02ac0 importOk=0
[fence] frame=12 acquire_fd=19 sequence=create-sync,glFlush,dup-fd,destroy-sync
[present] frame=12 result=0 errno=0 acquire_consumed=19 presentation_fd=16 release_fd=19
[stage] presentation fence
[fence] name=presentation fence fd=16 poll=1 revents=0x1 errno=0
[stage] release fence
[fence] name=release fence fd=19 poll=1 revents=0x1 errno=0
[timing] frame=12/120 serialized=1 diagnostic_not_fps=1 draw_ns=36255 native_fence_ns=6821330 present_ns=335408 presentation_wait_ns=1370565 release_wait_ns=208618
[frame] sequence=13/120 writer=gradient-draw phase=0.787402 viewport=720x720 gl_error=0x0
[frame] sequence=13/120 stage=native-fence-create-flush-dup
MESA: info: udroid Zink ownership-trace image_barrier_exec seq=40 threadToken=0x78ba94c8d0 res=0x30001dcc40 obj=0x30001dce50 image=0x30001d73b0 bo=0x30001dd250 batch=0x3000c02be0 batch_id=0 cmdbuf=0x3000c133a0 api=sync2 unsync=0 oldLayout=VK_IMAGE_LAYOUT_COLOR_ATTACHMENT_OPTIMAL newLayout=VK_IMAGE_LAYOUT_COLOR_ATTACHMENT_OPTIMAL oldQueue=FOREIGN(4294967293) afterEmitQueue=IGNORED(4294967295) gfxQueue=0 queue_import=1 completed=0 usage_matches=1 exportable=1 dt=(nil) dt_idx=4294967295 flags=0x180 pipeline=0x400
MESA: info: udroid Zink ownership-trace image_barrier_tracking seq=41 threadToken=0x78ba94c8d0 res=0x30001dcc40 obj=0x30001dce50 image=0x30001d73b0 bo=0x30001dd250 batch=0x3000c02be0 batch_id=0 layout=VK_IMAGE_LAYOUT_COLOR_ATTACHMENT_OPTIMAL queue=IGNORED(4294967295) exportable=1 dt=(nil) dt_idx=4294967295 dt_layout_updated=0 dmabuf_exports_checked=1 found=0 inserted=1 queue_import=1
MESA: info: udroid Zink ownership-trace export_dmabuf_sem_begin seq=79 threadToken=0x78ba94c879 screen=0x3000069670 res=0x30001dcc40 obj=0x30001dce50 image=0x30001d73b0 bo=0x30001dd250 layout=COLOR_ATTACHMENT_OPTIMAL queue=IGNORED(4294967295) gfxQueue=0 exportable=1 dt=(nil) dt_idx=4294967295 is_aux=0
MESA: info: udroid Zink ownership-trace export_dmabuf_sem_result seq=80 threadToken=0x78ba94c879 screen=0x3000069670 res=0x30001dcc40 obj=0x30001dce50 image=0x30001d73b0 bo=0x30001dd250 layout=COLOR_ATTACHMENT_OPTIMAL queue=IGNORED(4294967295) fd=16 exportedSyncFd=19 sem=0x3000c19790 importSemaphoreSuccess=1
MESA: info: udroid Zink ownership-trace image_barrier_queue_import_sem seq=42 threadToken=0x78ba94c8d0 res=0x30001dcc40 child=0x30001dcc40 obj=0x30001dce50 image=0x30001d73b0 bo=0x30001dd250 batch=0x3000c02be0 batch_id=0 sem=0x3000c19790 appended=1
MESA: info: udroid Zink ownership-trace release_barrier seq=66 threadToken=0x78ba94c8d1 screen=0x3000069670 bs=0x3000c02be0 batch_id=0 api=sync2 tableCmdPipelineBarrier2NonNull=1 res=0x30001dcc40 obj=0x30001dce50 image=0x30001d73b0 bo=0x30001dd250 oldLayout=COLOR_ATTACHMENT_OPTIMAL newLayout=COLOR_ATTACHMENT_OPTIMAL oldQueue=IGNORED(4294967295) srcQueue=gfx(0) dstQueue=FOREIGN(4294967293) exportable=1 dt=(nil) dt_idx=4294967295
MESA: info: udroid Zink ownership-trace release_signal_sem seq=67 threadToken=0x78ba94c8d1 screen=0x3000069670 bs=0x3000c02be0 batch_id=0 res=0x30001dcc40 obj=0x30001dce50 image=0x30001d73b0 bo=0x30001dd250 layout=COLOR_ATTACHMENT_OPTIMAL queue=FOREIGN(4294967293) sem=0x3000c25190 appended=1
MESA: info: udroid Zink ownership-trace submit_pre seq=68 threadToken=0x78b8e7ba11 screen=0x3000069670 queue=0x30000659f0 bs=0x3000c02be0 batch_id=14 numSubmitInfos=3 acquireWaits=0 fdWaits=1 cmdBuffers=1 signals=2 dmabufExports=1 hasWork=1 hasReordered=0 hasUnsync=0
MESA: info: udroid Zink ownership-trace submit_post seq=69 threadToken=0x78b8e7ba11 screen=0x3000069670 queue=0x30000659f0 bs=0x3000c02be0 batch_id=14 result=VK_SUCCESS dmabufExports=1 signalSemaphores=1 fdWaitSemaphores=1
MESA: info: udroid Zink ownership-trace import_dmabuf_sem_begin seq=81 threadToken=0x78b8e7b9b9 screen=0x3000069670 res=0x30001dcc40 obj=0x30001dce50 image=0x30001d73b0 bo=0x30001dd250 layout=COLOR_ATTACHMENT_OPTIMAL queue=FOREIGN(4294967293) gfxQueue=0 exportable=1 dt=(nil) dt_idx=4294967295 sem=0x3000c25190
MESA: info: udroid Zink ownership-trace import_dmabuf_sem_getfd seq=82 threadToken=0x78b8e7b9b9 screen=0x3000069670 res=0x30001dcc40 sem=0x3000c25190 result=VK_SUCCESS syncFileFd=16
MESA: info: udroid Zink ownership-trace import_dmabuf_sem_fd seq=83 threadToken=0x78b8e7b9b9 screen=0x3000069670 res=0x30001dcc40 sem=0x3000c25190 syncFileFd=16 dmaBufFd=19 acquireSucceeded=1 isAux=0
MESA: info: udroid Zink ownership-trace import_dmabuf_sem_ioctl seq=84 threadToken=0x78b8e7b9b9 screen=0x3000069670 res=0x30001dcc40 sem=0x3000c25190 syncFileFd=16 dmaBufFd=19 ioctlRet=0 errno=0 failed=0
MESA: info: udroid Zink ownership-trace submit_import_dmabuf_sync seq=70 threadToken=0x78b8e7ba11 screen=0x3000069670 bs=0x3000c02be0 batch_id=14 res=0x30001dcc40 obj=0x30001dce50 image=0x30001d73b0 bo=0x30001dd250 layout=COLOR_ATTACHMENT_OPTIMAL queue=FOREIGN(4294967293) sem=0x3000c25190 importOk=0
[fence] frame=13 acquire_fd=19 sequence=create-sync,glFlush,dup-fd,destroy-sync
[present] frame=13 result=0 errno=0 acquire_consumed=19 presentation_fd=16 release_fd=19
[stage] presentation fence
[fence] name=presentation fence fd=16 poll=1 revents=0x1 errno=0
[stage] release fence
[fence] name=release fence fd=19 poll=1 revents=0x1 errno=0
[timing] frame=13/120 serialized=1 diagnostic_not_fps=1 draw_ns=40080 native_fence_ns=7862020 present_ns=389404 presentation_wait_ns=1336792 release_wait_ns=420491
[frame] sequence=14/120 writer=gradient-draw phase=0.078740 viewport=720x720 gl_error=0x0
[frame] sequence=14/120 stage=native-fence-create-flush-dup
MESA: info: udroid Zink ownership-trace image_barrier_exec seq=43 threadToken=0x78ba94c8d0 res=0x30001dcc40 obj=0x30001dce50 image=0x30001d73b0 bo=0x30001dd250 batch=0x3000c252b0 batch_id=0 cmdbuf=0x3000c35c50 api=sync2 unsync=0 oldLayout=VK_IMAGE_LAYOUT_COLOR_ATTACHMENT_OPTIMAL newLayout=VK_IMAGE_LAYOUT_COLOR_ATTACHMENT_OPTIMAL oldQueue=FOREIGN(4294967293) afterEmitQueue=IGNORED(4294967295) gfxQueue=0 queue_import=1 completed=0 usage_matches=1 exportable=1 dt=(nil) dt_idx=4294967295 flags=0x180 pipeline=0x400
MESA: info: udroid Zink ownership-trace image_barrier_tracking seq=44 threadToken=0x78ba94c8d0 res=0x30001dcc40 obj=0x30001dce50 image=0x30001d73b0 bo=0x30001dd250 batch=0x3000c252b0 batch_id=0 layout=VK_IMAGE_LAYOUT_COLOR_ATTACHMENT_OPTIMAL queue=IGNORED(4294967295) exportable=1 dt=(nil) dt_idx=4294967295 dt_layout_updated=0 dmabuf_exports_checked=1 found=0 inserted=1 queue_import=1
MESA: info: udroid Zink ownership-trace export_dmabuf_sem_begin seq=85 threadToken=0x78ba94c879 screen=0x3000069670 res=0x30001dcc40 obj=0x30001dce50 image=0x30001d73b0 bo=0x30001dd250 layout=COLOR_ATTACHMENT_OPTIMAL queue=IGNORED(4294967295) gfxQueue=0 exportable=1 dt=(nil) dt_idx=4294967295 is_aux=0
MESA: info: udroid Zink ownership-trace export_dmabuf_sem_result seq=86 threadToken=0x78ba94c879 screen=0x3000069670 res=0x30001dcc40 obj=0x30001dce50 image=0x30001d73b0 bo=0x30001dd250 layout=COLOR_ATTACHMENT_OPTIMAL queue=IGNORED(4294967295) fd=16 exportedSyncFd=19 sem=0x3000c3c220 importSemaphoreSuccess=1
MESA: info: udroid Zink ownership-trace image_barrier_queue_import_sem seq=45 threadToken=0x78ba94c8d0 res=0x30001dcc40 child=0x30001dcc40 obj=0x30001dce50 image=0x30001d73b0 bo=0x30001dd250 batch=0x3000c252b0 batch_id=0 sem=0x3000c3c220 appended=1
MESA: info: udroid Zink ownership-trace release_barrier seq=71 threadToken=0x78ba94c8d1 screen=0x3000069670 bs=0x3000c252b0 batch_id=0 api=sync2 tableCmdPipelineBarrier2NonNull=1 res=0x30001dcc40 obj=0x30001dce50 image=0x30001d73b0 bo=0x30001dd250 oldLayout=COLOR_ATTACHMENT_OPTIMAL newLayout=COLOR_ATTACHMENT_OPTIMAL oldQueue=IGNORED(4294967295) srcQueue=gfx(0) dstQueue=FOREIGN(4294967293) exportable=1 dt=(nil) dt_idx=4294967295
MESA: info: udroid Zink ownership-trace release_signal_sem seq=72 threadToken=0x78ba94c8d1 screen=0x3000069670 bs=0x3000c252b0 batch_id=0 res=0x30001dcc40 obj=0x30001dce50 image=0x30001d73b0 bo=0x30001dd250 layout=COLOR_ATTACHMENT_OPTIMAL queue=FOREIGN(4294967293) sem=0x3000c47c30 appended=1
MESA: info: udroid Zink ownership-trace submit_pre seq=73 threadToken=0x78b8e7ba11 screen=0x3000069670 queue=0x30000659f0 bs=0x3000c252b0 batch_id=15 numSubmitInfos=3 acquireWaits=0 fdWaits=1 cmdBuffers=1 signals=2 dmabufExports=1 hasWork=1 hasReordered=0 hasUnsync=0
MESA: info: udroid Zink ownership-trace submit_post seq=74 threadToken=0x78b8e7ba11 screen=0x3000069670 queue=0x30000659f0 bs=0x3000c252b0 batch_id=15 result=VK_SUCCESS dmabufExports=1 signalSemaphores=1 fdWaitSemaphores=1
MESA: info: udroid Zink ownership-trace import_dmabuf_sem_begin seq=87 threadToken=0x78b8e7b9b9 screen=0x3000069670 res=0x30001dcc40 obj=0x30001dce50 image=0x30001d73b0 bo=0x30001dd250 layout=COLOR_ATTACHMENT_OPTIMAL queue=FOREIGN(4294967293) gfxQueue=0 exportable=1 dt=(nil) dt_idx=4294967295 sem=0x3000c47c30
MESA: info: udroid Zink ownership-trace import_dmabuf_sem_getfd seq=88 threadToken=0x78b8e7b9b9 screen=0x3000069670 res=0x30001dcc40 sem=0x3000c47c30 result=VK_SUCCESS syncFileFd=16
MESA: info: udroid Zink ownership-trace import_dmabuf_sem_fd seq=89 threadToken=0x78b8e7b9b9 screen=0x3000069670 res=0x30001dcc40 sem=0x3000c47c30 syncFileFd=16 dmaBufFd=19 acquireSucceeded=1 isAux=0
MESA: info: udroid Zink ownership-trace import_dmabuf_sem_ioctl seq=90 threadToken=0x78b8e7b9b9 screen=0x3000069670 res=0x30001dcc40 sem=0x3000c47c30 syncFileFd=16 dmaBufFd=19 ioctlRet=0 errno=0 failed=0
MESA: info: udroid Zink ownership-trace submit_import_dmabuf_sync seq=75 threadToken=0x78b8e7ba11 screen=0x3000069670 bs=0x3000c252b0 batch_id=15 res=0x30001dcc40 obj=0x30001dce50 image=0x30001d73b0 bo=0x30001dd250 layout=COLOR_ATTACHMENT_OPTIMAL queue=FOREIGN(4294967293) sem=0x3000c47c30 importOk=0
[fence] frame=14 acquire_fd=19 sequence=create-sync,glFlush,dup-fd,destroy-sync
[present] frame=14 result=0 errno=0 acquire_consumed=19 presentation_fd=16 release_fd=19
[stage] presentation fence
[fence] name=presentation fence fd=16 poll=1 revents=0x1 errno=0
[stage] release fence
[fence] name=release fence fd=19 poll=1 revents=0x1 errno=0
[timing] frame=14/120 serialized=1 diagnostic_not_fps=1 draw_ns=36947 native_fence_ns=5502808 present_ns=380005 presentation_wait_ns=1969157 release_wait_ns=143880
[frame] sequence=15/120 writer=gradient-draw phase=0.370079 viewport=720x720 gl_error=0x0
[frame] sequence=15/120 stage=native-fence-create-flush-dup
MESA: info: udroid Zink ownership-trace image_barrier_exec seq=46 threadToken=0x78ba94c8d0 res=0x30001dcc40 obj=0x30001dce50 image=0x30001d73b0 bo=0x30001dd250 batch=0x3000c47d50 batch_id=0 cmdbuf=0x3000c58510 api=sync2 unsync=0 oldLayout=VK_IMAGE_LAYOUT_COLOR_ATTACHMENT_OPTIMAL newLayout=VK_IMAGE_LAYOUT_COLOR_ATTACHMENT_OPTIMAL oldQueue=FOREIGN(4294967293) afterEmitQueue=IGNORED(4294967295) gfxQueue=0 queue_import=1 completed=0 usage_matches=1 exportable=1 dt=(nil) dt_idx=4294967295 flags=0x180 pipeline=0x400
MESA: info: udroid Zink ownership-trace image_barrier_tracking seq=47 threadToken=0x78ba94c8d0 res=0x30001dcc40 obj=0x30001dce50 image=0x30001d73b0 bo=0x30001dd250 batch=0x3000c47d50 batch_id=0 layout=VK_IMAGE_LAYOUT_COLOR_ATTACHMENT_OPTIMAL queue=IGNORED(4294967295) exportable=1 dt=(nil) dt_idx=4294967295 dt_layout_updated=0 dmabuf_exports_checked=1 found=0 inserted=1 queue_import=1
MESA: info: udroid Zink ownership-trace export_dmabuf_sem_begin seq=91 threadToken=0x78ba94c879 screen=0x3000069670 res=0x30001dcc40 obj=0x30001dce50 image=0x30001d73b0 bo=0x30001dd250 layout=COLOR_ATTACHMENT_OPTIMAL queue=IGNORED(4294967295) gfxQueue=0 exportable=1 dt=(nil) dt_idx=4294967295 is_aux=0
MESA: info: udroid Zink ownership-trace export_dmabuf_sem_result seq=92 threadToken=0x78ba94c879 screen=0x3000069670 res=0x30001dcc40 obj=0x30001dce50 image=0x30001d73b0 bo=0x30001dd250 layout=COLOR_ATTACHMENT_OPTIMAL queue=IGNORED(4294967295) fd=16 exportedSyncFd=19 sem=0x3000c5e900 importSemaphoreSuccess=1
MESA: info: udroid Zink ownership-trace image_barrier_queue_import_sem seq=48 threadToken=0x78ba94c8d0 res=0x30001dcc40 child=0x30001dcc40 obj=0x30001dce50 image=0x30001d73b0 bo=0x30001dd250 batch=0x3000c47d50 batch_id=0 sem=0x3000c5e900 appended=1
MESA: info: udroid Zink ownership-trace release_barrier seq=76 threadToken=0x78ba94c8d1 screen=0x3000069670 bs=0x3000c47d50 batch_id=0 api=sync2 tableCmdPipelineBarrier2NonNull=1 res=0x30001dcc40 obj=0x30001dce50 image=0x30001d73b0 bo=0x30001dd250 oldLayout=COLOR_ATTACHMENT_OPTIMAL newLayout=COLOR_ATTACHMENT_OPTIMAL oldQueue=IGNORED(4294967295) srcQueue=gfx(0) dstQueue=FOREIGN(4294967293) exportable=1 dt=(nil) dt_idx=4294967295
MESA: info: udroid Zink ownership-trace release_signal_sem seq=77 threadToken=0x78ba94c8d1 screen=0x3000069670 bs=0x3000c47d50 batch_id=0 res=0x30001dcc40 obj=0x30001dce50 image=0x30001d73b0 bo=0x30001dd250 layout=COLOR_ATTACHMENT_OPTIMAL queue=FOREIGN(4294967293) sem=0x3000c6a300 appended=1
MESA: info: udroid Zink ownership-trace submit_pre seq=78 threadToken=0x78b8e7ba11 screen=0x3000069670 queue=0x30000659f0 bs=0x3000c47d50 batch_id=16 numSubmitInfos=3 acquireWaits=0 fdWaits=1 cmdBuffers=1 signals=2 dmabufExports=1 hasWork=1 hasReordered=0 hasUnsync=0
MESA: info: udroid Zink ownership-trace submit_post seq=79 threadToken=0x78b8e7ba11 screen=0x3000069670 queue=0x30000659f0 bs=0x3000c47d50 batch_id=16 result=VK_SUCCESS dmabufExports=1 signalSemaphores=1 fdWaitSemaphores=1
MESA: info: udroid Zink ownership-trace import_dmabuf_sem_begin seq=93 threadToken=0x78b8e7b9b9 screen=0x3000069670 res=0x30001dcc40 obj=0x30001dce50 image=0x30001d73b0 bo=0x30001dd250 layout=COLOR_ATTACHMENT_OPTIMAL queue=FOREIGN(4294967293) gfxQueue=0 exportable=1 dt=(nil) dt_idx=4294967295 sem=0x3000c6a300
MESA: info: udroid Zink ownership-trace import_dmabuf_sem_getfd seq=94 threadToken=0x78b8e7b9b9 screen=0x3000069670 res=0x30001dcc40 sem=0x3000c6a300 result=VK_SUCCESS syncFileFd=16
MESA: info: udroid Zink ownership-trace import_dmabuf_sem_fd seq=95 threadToken=0x78b8e7b9b9 screen=0x3000069670 res=0x30001dcc40 sem=0x3000c6a300 syncFileFd=16 dmaBufFd=19 acquireSucceeded=1 isAux=0
MESA: info: udroid Zink ownership-trace import_dmabuf_sem_ioctl seq=96 threadToken=0x78b8e7b9b9 screen=0x3000069670 res=0x30001dcc40 sem=0x3000c6a300 syncFileFd=16 dmaBufFd=19 ioctlRet=0 errno=0 failed=0
MESA: info: udroid Zink ownership-trace submit_import_dmabuf_sync seq=80 threadToken=0x78b8e7ba11 screen=0x3000069670 bs=0x3000c47d50 batch_id=16 res=0x30001dcc40 obj=0x30001dce50 image=0x30001d73b0 bo=0x30001dd250 layout=COLOR_ATTACHMENT_OPTIMAL queue=FOREIGN(4294967293) sem=0x3000c6a300 importOk=0
[fence] frame=15 acquire_fd=19 sequence=create-sync,glFlush,dup-fd,destroy-sync
[present] frame=15 result=0 errno=0 acquire_consumed=19 presentation_fd=16 release_fd=19
[stage] presentation fence
[fence] name=presentation fence fd=16 poll=1 revents=0x1 errno=0
[stage] release fence
[fence] name=release fence fd=19 poll=1 revents=0x1 errno=0
[timing] frame=15/120 serialized=1 diagnostic_not_fps=1 draw_ns=37882 native_fence_ns=7814047 present_ns=384522 presentation_wait_ns=1428833 release_wait_ns=351156
[frame] sequence=16/120 writer=gradient-draw phase=0.661417 viewport=720x720 gl_error=0x0
[frame] sequence=16/120 stage=native-fence-create-flush-dup
MESA: info: udroid Zink ownership-trace image_barrier_exec seq=49 threadToken=0x78ba94c8d0 res=0x30001dcc40 obj=0x30001dce50 image=0x30001d73b0 bo=0x30001dd250 batch=0x3000c6a420 batch_id=0 cmdbuf=0x3000c7abe0 api=sync2 unsync=0 oldLayout=VK_IMAGE_LAYOUT_COLOR_ATTACHMENT_OPTIMAL newLayout=VK_IMAGE_LAYOUT_COLOR_ATTACHMENT_OPTIMAL oldQueue=FOREIGN(4294967293) afterEmitQueue=IGNORED(4294967295) gfxQueue=0 queue_import=1 completed=0 usage_matches=1 exportable=1 dt=(nil) dt_idx=4294967295 flags=0x180 pipeline=0x400
MESA: info: udroid Zink ownership-trace image_barrier_tracking seq=50 threadToken=0x78ba94c8d0 res=0x30001dcc40 obj=0x30001dce50 image=0x30001d73b0 bo=0x30001dd250 batch=0x3000c6a420 batch_id=0 layout=VK_IMAGE_LAYOUT_COLOR_ATTACHMENT_OPTIMAL queue=IGNORED(4294967295) exportable=1 dt=(nil) dt_idx=4294967295 dt_layout_updated=0 dmabuf_exports_checked=1 found=0 inserted=1 queue_import=1
MESA: info: udroid Zink ownership-trace export_dmabuf_sem_begin seq=97 threadToken=0x78ba94c879 screen=0x3000069670 res=0x30001dcc40 obj=0x30001dce50 image=0x30001d73b0 bo=0x30001dd250 layout=COLOR_ATTACHMENT_OPTIMAL queue=IGNORED(4294967295) gfxQueue=0 exportable=1 dt=(nil) dt_idx=4294967295 is_aux=0
MESA: info: udroid Zink ownership-trace export_dmabuf_sem_result seq=98 threadToken=0x78ba94c879 screen=0x3000069670 res=0x30001dcc40 obj=0x30001dce50 image=0x30001d73b0 bo=0x30001dd250 layout=COLOR_ATTACHMENT_OPTIMAL queue=IGNORED(4294967295) fd=16 exportedSyncFd=19 sem=0x3000c80fd0 importSemaphoreSuccess=1
MESA: info: udroid Zink ownership-trace image_barrier_queue_import_sem seq=51 threadToken=0x78ba94c8d0 res=0x30001dcc40 child=0x30001dcc40 obj=0x30001dce50 image=0x30001d73b0 bo=0x30001dd250 batch=0x3000c6a420 batch_id=0 sem=0x3000c80fd0 appended=1
MESA: info: udroid Zink ownership-trace release_barrier seq=81 threadToken=0x78ba94c8d1 screen=0x3000069670 bs=0x3000c6a420 batch_id=0 api=sync2 tableCmdPipelineBarrier2NonNull=1 res=0x30001dcc40 obj=0x30001dce50 image=0x30001d73b0 bo=0x30001dd250 oldLayout=COLOR_ATTACHMENT_OPTIMAL newLayout=COLOR_ATTACHMENT_OPTIMAL oldQueue=IGNORED(4294967295) srcQueue=gfx(0) dstQueue=FOREIGN(4294967293) exportable=1 dt=(nil) dt_idx=4294967295
MESA: info: udroid Zink ownership-trace release_signal_sem seq=82 threadToken=0x78ba94c8d1 screen=0x3000069670 bs=0x3000c6a420 batch_id=0 res=0x30001dcc40 obj=0x30001dce50 image=0x30001d73b0 bo=0x30001dd250 layout=COLOR_ATTACHMENT_OPTIMAL queue=FOREIGN(4294967293) sem=0x3000c8c9d0 appended=1
MESA: info: udroid Zink ownership-trace submit_pre seq=83 threadToken=0x78b8e7ba11 screen=0x3000069670 queue=0x30000659f0 bs=0x3000c6a420 batch_id=17 numSubmitInfos=3 acquireWaits=0 fdWaits=1 cmdBuffers=1 signals=2 dmabufExports=1 hasWork=1 hasReordered=0 hasUnsync=0
MESA: info: udroid Zink ownership-trace submit_post seq=84 threadToken=0x78b8e7ba11 screen=0x3000069670 queue=0x30000659f0 bs=0x3000c6a420 batch_id=17 result=VK_SUCCESS dmabufExports=1 signalSemaphores=1 fdWaitSemaphores=1
MESA: info: udroid Zink ownership-trace import_dmabuf_sem_begin seq=99 threadToken=0x78b8e7b9b9 screen=0x3000069670 res=0x30001dcc40 obj=0x30001dce50 image=0x30001d73b0 bo=0x30001dd250 layout=COLOR_ATTACHMENT_OPTIMAL queue=FOREIGN(4294967293) gfxQueue=0 exportable=1 dt=(nil) dt_idx=4294967295 sem=0x3000c8c9d0
MESA: info: udroid Zink ownership-trace import_dmabuf_sem_getfd seq=100 threadToken=0x78b8e7b9b9 screen=0x3000069670 res=0x30001dcc40 sem=0x3000c8c9d0 result=VK_SUCCESS syncFileFd=16
MESA: info: udroid Zink ownership-trace import_dmabuf_sem_fd seq=101 threadToken=0x78b8e7b9b9 screen=0x3000069670 res=0x30001dcc40 sem=0x3000c8c9d0 syncFileFd=16 dmaBufFd=19 acquireSucceeded=1 isAux=0
MESA: info: udroid Zink ownership-trace import_dmabuf_sem_ioctl seq=102 threadToken=0x78b8e7b9b9 screen=0x3000069670 res=0x30001dcc40 sem=0x3000c8c9d0 syncFileFd=16 dmaBufFd=19 ioctlRet=0 errno=0 failed=0
MESA: info: udroid Zink ownership-trace submit_import_dmabuf_sync seq=85 threadToken=0x78b8e7ba11 screen=0x3000069670 bs=0x3000c6a420 batch_id=17 res=0x30001dcc40 obj=0x30001dce50 image=0x30001d73b0 bo=0x30001dd250 layout=COLOR_ATTACHMENT_OPTIMAL queue=FOREIGN(4294967293) sem=0x3000c8c9d0 importOk=0
[fence] frame=16 acquire_fd=19 sequence=create-sync,glFlush,dup-fd,destroy-sync
[present] frame=16 result=0 errno=0 acquire_consumed=19 presentation_fd=16 release_fd=19
[stage] presentation fence
[fence] name=presentation fence fd=16 poll=1 revents=0x1 errno=0
[stage] release fence
[fence] name=release fence fd=19 poll=1 revents=0x1 errno=0
[timing] frame=16/120 serialized=1 diagnostic_not_fps=1 draw_ns=39713 native_fence_ns=8322509 present_ns=980510 presentation_wait_ns=766480 release_wait_ns=347534
[frame] sequence=17/120 writer=gradient-draw phase=0.952756 viewport=720x720 gl_error=0x0
[frame] sequence=17/120 stage=native-fence-create-flush-dup
MESA: info: udroid Zink ownership-trace image_barrier_exec seq=52 threadToken=0x78ba94c8d0 res=0x30001dcc40 obj=0x30001dce50 image=0x30001d73b0 bo=0x30001dd250 batch=0x3000c8caf0 batch_id=0 cmdbuf=0x3000c9d2b0 api=sync2 unsync=0 oldLayout=VK_IMAGE_LAYOUT_COLOR_ATTACHMENT_OPTIMAL newLayout=VK_IMAGE_LAYOUT_COLOR_ATTACHMENT_OPTIMAL oldQueue=FOREIGN(4294967293) afterEmitQueue=IGNORED(4294967295) gfxQueue=0 queue_import=1 completed=0 usage_matches=1 exportable=1 dt=(nil) dt_idx=4294967295 flags=0x180 pipeline=0x400
MESA: info: udroid Zink ownership-trace image_barrier_tracking seq=53 threadToken=0x78ba94c8d0 res=0x30001dcc40 obj=0x30001dce50 image=0x30001d73b0 bo=0x30001dd250 batch=0x3000c8caf0 batch_id=0 layout=VK_IMAGE_LAYOUT_COLOR_ATTACHMENT_OPTIMAL queue=IGNORED(4294967295) exportable=1 dt=(nil) dt_idx=4294967295 dt_layout_updated=0 dmabuf_exports_checked=1 found=0 inserted=1 queue_import=1
MESA: info: udroid Zink ownership-trace export_dmabuf_sem_begin seq=103 threadToken=0x78ba94c879 screen=0x3000069670 res=0x30001dcc40 obj=0x30001dce50 image=0x30001d73b0 bo=0x30001dd250 layout=COLOR_ATTACHMENT_OPTIMAL queue=IGNORED(4294967295) gfxQueue=0 exportable=1 dt=(nil) dt_idx=4294967295 is_aux=0
MESA: info: udroid Zink ownership-trace export_dmabuf_sem_result seq=104 threadToken=0x78ba94c879 screen=0x3000069670 res=0x30001dcc40 obj=0x30001dce50 image=0x30001d73b0 bo=0x30001dd250 layout=COLOR_ATTACHMENT_OPTIMAL queue=IGNORED(4294967295) fd=16 exportedSyncFd=19 sem=0x3000ca36a0 importSemaphoreSuccess=1
MESA: info: udroid Zink ownership-trace image_barrier_queue_import_sem seq=54 threadToken=0x78ba94c8d0 res=0x30001dcc40 child=0x30001dcc40 obj=0x30001dce50 image=0x30001d73b0 bo=0x30001dd250 batch=0x3000c8caf0 batch_id=0 sem=0x3000ca36a0 appended=1
MESA: info: udroid Zink ownership-trace release_barrier seq=86 threadToken=0x78ba94c8d1 screen=0x3000069670 bs=0x3000c8caf0 batch_id=0 api=sync2 tableCmdPipelineBarrier2NonNull=1 res=0x30001dcc40 obj=0x30001dce50 image=0x30001d73b0 bo=0x30001dd250 oldLayout=COLOR_ATTACHMENT_OPTIMAL newLayout=COLOR_ATTACHMENT_OPTIMAL oldQueue=IGNORED(4294967295) srcQueue=gfx(0) dstQueue=FOREIGN(4294967293) exportable=1 dt=(nil) dt_idx=4294967295
MESA: info: udroid Zink ownership-trace release_signal_sem seq=87 threadToken=0x78ba94c8d1 screen=0x3000069670 bs=0x3000c8caf0 batch_id=0 res=0x30001dcc40 obj=0x30001dce50 image=0x30001d73b0 bo=0x30001dd250 layout=COLOR_ATTACHMENT_OPTIMAL queue=FOREIGN(4294967293) sem=0x3000caf0a0 appended=1
MESA: info: udroid Zink ownership-trace submit_pre seq=88 threadToken=0x78b8e7ba11 screen=0x3000069670 queue=0x30000659f0 bs=0x3000c8caf0 batch_id=18 numSubmitInfos=3 acquireWaits=0 fdWaits=1 cmdBuffers=1 signals=2 dmabufExports=1 hasWork=1 hasReordered=0 hasUnsync=0
MESA: info: udroid Zink ownership-trace submit_post seq=89 threadToken=0x78b8e7ba11 screen=0x3000069670 queue=0x30000659f0 bs=0x3000c8caf0 batch_id=18 result=VK_SUCCESS dmabufExports=1 signalSemaphores=1 fdWaitSemaphores=1
MESA: info: udroid Zink ownership-trace import_dmabuf_sem_begin seq=105 threadToken=0x78b8e7b9b9 screen=0x3000069670 res=0x30001dcc40 obj=0x30001dce50 image=0x30001d73b0 bo=0x30001dd250 layout=COLOR_ATTACHMENT_OPTIMAL queue=FOREIGN(4294967293) gfxQueue=0 exportable=1 dt=(nil) dt_idx=4294967295 sem=0x3000caf0a0
MESA: info: udroid Zink ownership-trace import_dmabuf_sem_getfd seq=106 threadToken=0x78b8e7b9b9 screen=0x3000069670 res=0x30001dcc40 sem=0x3000caf0a0 result=VK_SUCCESS syncFileFd=16
MESA: info: udroid Zink ownership-trace import_dmabuf_sem_fd seq=107 threadToken=0x78b8e7b9b9 screen=0x3000069670 res=0x30001dcc40 sem=0x3000caf0a0 syncFileFd=16 dmaBufFd=19 acquireSucceeded=1 isAux=0
MESA: info: udroid Zink ownership-trace import_dmabuf_sem_ioctl seq=108 threadToken=0x78b8e7b9b9 screen=0x3000069670 res=0x30001dcc40 sem=0x3000caf0a0 syncFileFd=16 dmaBufFd=19 ioctlRet=0 errno=0 failed=0
MESA: info: udroid Zink ownership-trace submit_import_dmabuf_sync seq=90 threadToken=0x78b8e7ba11 screen=0x3000069670 bs=0x3000c8caf0 batch_id=18 res=0x30001dcc40 obj=0x30001dce50 image=0x30001d73b0 bo=0x30001dd250 layout=COLOR_ATTACHMENT_OPTIMAL queue=FOREIGN(4294967293) sem=0x3000caf0a0 importOk=0
[fence] frame=17 acquire_fd=19 sequence=create-sync,glFlush,dup-fd,destroy-sync
[present] frame=17 result=0 errno=0 acquire_consumed=19 presentation_fd=16 release_fd=19
[stage] presentation fence
[fence] name=presentation fence fd=16 poll=1 revents=0x1 errno=0
[stage] release fence
[fence] name=release fence fd=19 poll=1 revents=0x1 errno=0
[timing] frame=17/120 serialized=1 diagnostic_not_fps=1 draw_ns=28931 native_fence_ns=9521159 present_ns=412190 presentation_wait_ns=1364177 release_wait_ns=387288
[frame] sequence=18/120 writer=gradient-draw phase=0.244094 viewport=720x720 gl_error=0x0
[frame] sequence=18/120 stage=native-fence-create-flush-dup
MESA: info: udroid Zink ownership-trace image_barrier_exec seq=55 threadToken=0x78ba94c8d0 res=0x30001dcc40 obj=0x30001dce50 image=0x30001d73b0 bo=0x30001dd250 batch=0x3000caf1c0 batch_id=0 cmdbuf=0x3000cbf980 api=sync2 unsync=0 oldLayout=VK_IMAGE_LAYOUT_COLOR_ATTACHMENT_OPTIMAL newLayout=VK_IMAGE_LAYOUT_COLOR_ATTACHMENT_OPTIMAL oldQueue=FOREIGN(4294967293) afterEmitQueue=IGNORED(4294967295) gfxQueue=0 queue_import=1 completed=0 usage_matches=1 exportable=1 dt=(nil) dt_idx=4294967295 flags=0x180 pipeline=0x400
MESA: info: udroid Zink ownership-trace image_barrier_tracking seq=56 threadToken=0x78ba94c8d0 res=0x30001dcc40 obj=0x30001dce50 image=0x30001d73b0 bo=0x30001dd250 batch=0x3000caf1c0 batch_id=0 layout=VK_IMAGE_LAYOUT_COLOR_ATTACHMENT_OPTIMAL queue=IGNORED(4294967295) exportable=1 dt=(nil) dt_idx=4294967295 dt_layout_updated=0 dmabuf_exports_checked=1 found=0 inserted=1 queue_import=1
MESA: info: udroid Zink ownership-trace export_dmabuf_sem_begin seq=109 threadToken=0x78ba94c879 screen=0x3000069670 res=0x30001dcc40 obj=0x30001dce50 image=0x30001d73b0 bo=0x30001dd250 layout=COLOR_ATTACHMENT_OPTIMAL queue=IGNORED(4294967295) gfxQueue=0 exportable=1 dt=(nil) dt_idx=4294967295 is_aux=0
MESA: info: udroid Zink ownership-trace export_dmabuf_sem_result seq=110 threadToken=0x78ba94c879 screen=0x3000069670 res=0x30001dcc40 obj=0x30001dce50 image=0x30001d73b0 bo=0x30001dd250 layout=COLOR_ATTACHMENT_OPTIMAL queue=IGNORED(4294967295) fd=16 exportedSyncFd=19 sem=0x3000cc5d70 importSemaphoreSuccess=1
MESA: info: udroid Zink ownership-trace image_barrier_queue_import_sem seq=57 threadToken=0x78ba94c8d0 res=0x30001dcc40 child=0x30001dcc40 obj=0x30001dce50 image=0x30001d73b0 bo=0x30001dd250 batch=0x3000caf1c0 batch_id=0 sem=0x3000cc5d70 appended=1
MESA: info: udroid Zink ownership-trace release_barrier seq=91 threadToken=0x78ba94c8d1 screen=0x3000069670 bs=0x3000caf1c0 batch_id=0 api=sync2 tableCmdPipelineBarrier2NonNull=1 res=0x30001dcc40 obj=0x30001dce50 image=0x30001d73b0 bo=0x30001dd250 oldLayout=COLOR_ATTACHMENT_OPTIMAL newLayout=COLOR_ATTACHMENT_OPTIMAL oldQueue=IGNORED(4294967295) srcQueue=gfx(0) dstQueue=FOREIGN(4294967293) exportable=1 dt=(nil) dt_idx=4294967295
MESA: info: udroid Zink ownership-trace release_signal_sem seq=92 threadToken=0x78ba94c8d1 screen=0x3000069670 bs=0x3000caf1c0 batch_id=0 res=0x30001dcc40 obj=0x30001dce50 image=0x30001d73b0 bo=0x30001dd250 layout=COLOR_ATTACHMENT_OPTIMAL queue=FOREIGN(4294967293) sem=0x3000cd16b0 appended=1
MESA: info: udroid Zink ownership-trace submit_pre seq=93 threadToken=0x78b8e7ba11 screen=0x3000069670 queue=0x30000659f0 bs=0x3000caf1c0 batch_id=19 numSubmitInfos=3 acquireWaits=0 fdWaits=1 cmdBuffers=1 signals=1 dmabufExports=1 hasWork=1 hasReordered=0 hasUnsync=0
MESA: info: udroid Zink ownership-trace submit_post seq=94 threadToken=0x78b8e7ba11 screen=0x3000069670 queue=0x30000659f0 bs=0x3000caf1c0 batch_id=19 result=VK_SUCCESS dmabufExports=1 signalSemaphores=1 fdWaitSemaphores=1
MESA: info: udroid Zink ownership-trace import_dmabuf_sem_begin seq=111 threadToken=0x78b8e7b9b9 screen=0x3000069670 res=0x30001dcc40 obj=0x30001dce50 image=0x30001d73b0 bo=0x30001dd250 layout=COLOR_ATTACHMENT_OPTIMAL queue=FOREIGN(4294967293) gfxQueue=0 exportable=1 dt=(nil) dt_idx=4294967295 sem=0x3000cd16b0
MESA: info: udroid Zink ownership-trace import_dmabuf_sem_getfd seq=112 threadToken=0x78b8e7b9b9 screen=0x3000069670 res=0x30001dcc40 sem=0x3000cd16b0 result=VK_SUCCESS syncFileFd=16
MESA: info: udroid Zink ownership-trace import_dmabuf_sem_fd seq=113 threadToken=0x78b8e7b9b9 screen=0x3000069670 res=0x30001dcc40 sem=0x3000cd16b0 syncFileFd=16 dmaBufFd=19 acquireSucceeded=1 isAux=0
MESA: info: udroid Zink ownership-trace import_dmabuf_sem_ioctl seq=114 threadToken=0x78b8e7b9b9 screen=0x3000069670 res=0x30001dcc40 sem=0x3000cd16b0 syncFileFd=16 dmaBufFd=19 ioctlRet=0 errno=0 failed=0
MESA: info: udroid Zink ownership-trace submit_import_dmabuf_sync seq=95 threadToken=0x78b8e7ba11 screen=0x3000069670 bs=0x3000caf1c0 batch_id=19 res=0x30001dcc40 obj=0x30001dce50 image=0x30001d73b0 bo=0x30001dd250 layout=COLOR_ATTACHMENT_OPTIMAL queue=FOREIGN(4294967293) sem=0x3000cd16b0 importOk=0
MESA: info: udroid Zink ownership-trace submit_pre seq=96 threadToken=0x78b8e7ba11 screen=0x3000069670 queue=0x30000659f0 bs=0x3000cd17a0 batch_id=20 numSubmitInfos=2 acquireWaits=0 fdWaits=0 cmdBuffers=1 signals=2 dmabufExports=0 hasWork=1 hasReordered=0 hasUnsync=0
MESA: info: udroid Zink ownership-trace submit_post seq=97 threadToken=0x78b8e7ba11 screen=0x3000069670 queue=0x30000659f0 bs=0x3000cd17a0 batch_id=20 result=VK_SUCCESS dmabufExports=0 signalSemaphores=0 fdWaitSemaphores=0
[fence] frame=18 acquire_fd=19 sequence=create-sync,glFlush,dup-fd,destroy-sync
[present] frame=18 result=0 errno=0 acquire_consumed=19 presentation_fd=16 release_fd=19
[stage] presentation fence
[fence] name=presentation fence fd=16 poll=1 revents=0x1 errno=0
[stage] release fence
[fence] name=release fence fd=19 poll=1 revents=0x1 errno=0
[timing] frame=18/120 serialized=1 diagnostic_not_fps=1 draw_ns=34831 native_fence_ns=14874471 present_ns=1106934 presentation_wait_ns=1244262 release_wait_ns=192220
[frame] sequence=19/120 writer=gradient-draw phase=0.535433 viewport=720x720 gl_error=0x0
[frame] sequence=19/120 stage=native-fence-create-flush-dup
MESA: info: udroid Zink ownership-trace image_barrier_exec seq=58 threadToken=0x78ba94c8d0 res=0x30001dcc40 obj=0x30001dce50 image=0x30001d73b0 bo=0x30001dd250 batch=0x3000cf2a80 batch_id=0 cmdbuf=0x3000d03020 api=sync2 unsync=0 oldLayout=VK_IMAGE_LAYOUT_COLOR_ATTACHMENT_OPTIMAL newLayout=VK_IMAGE_LAYOUT_COLOR_ATTACHMENT_OPTIMAL oldQueue=FOREIGN(4294967293) afterEmitQueue=IGNORED(4294967295) gfxQueue=0 queue_import=1 completed=0 usage_matches=1 exportable=1 dt=(nil) dt_idx=4294967295 flags=0x180 pipeline=0x400
MESA: info: udroid Zink ownership-trace image_barrier_tracking seq=59 threadToken=0x78ba94c8d0 res=0x30001dcc40 obj=0x30001dce50 image=0x30001d73b0 bo=0x30001dd250 batch=0x3000cf2a80 batch_id=0 layout=VK_IMAGE_LAYOUT_COLOR_ATTACHMENT_OPTIMAL queue=IGNORED(4294967295) exportable=1 dt=(nil) dt_idx=4294967295 dt_layout_updated=0 dmabuf_exports_checked=1 found=0 inserted=1 queue_import=1
MESA: info: udroid Zink ownership-trace export_dmabuf_sem_begin seq=115 threadToken=0x78ba94c879 screen=0x3000069670 res=0x30001dcc40 obj=0x30001dce50 image=0x30001d73b0 bo=0x30001dd250 layout=COLOR_ATTACHMENT_OPTIMAL queue=IGNORED(4294967295) gfxQueue=0 exportable=1 dt=(nil) dt_idx=4294967295 is_aux=0
MESA: info: udroid Zink ownership-trace export_dmabuf_sem_result seq=116 threadToken=0x78ba94c879 screen=0x3000069670 res=0x30001dcc40 obj=0x30001dce50 image=0x30001d73b0 bo=0x30001dd250 layout=COLOR_ATTACHMENT_OPTIMAL queue=IGNORED(4294967295) fd=16 exportedSyncFd=19 sem=0x3000ceb020 importSemaphoreSuccess=1
MESA: info: udroid Zink ownership-trace image_barrier_queue_import_sem seq=60 threadToken=0x78ba94c8d0 res=0x30001dcc40 child=0x30001dcc40 obj=0x30001dce50 image=0x30001d73b0 bo=0x30001dd250 batch=0x3000cf2a80 batch_id=0 sem=0x3000ceb020 appended=1
MESA: info: udroid Zink ownership-trace release_barrier seq=98 threadToken=0x78ba94c8d1 screen=0x3000069670 bs=0x3000cf2a80 batch_id=0 api=sync2 tableCmdPipelineBarrier2NonNull=1 res=0x30001dcc40 obj=0x30001dce50 image=0x30001d73b0 bo=0x30001dd250 oldLayout=COLOR_ATTACHMENT_OPTIMAL newLayout=COLOR_ATTACHMENT_OPTIMAL oldQueue=IGNORED(4294967295) srcQueue=gfx(0) dstQueue=FOREIGN(4294967293) exportable=1 dt=(nil) dt_idx=4294967295
MESA: info: udroid Zink ownership-trace release_signal_sem seq=99 threadToken=0x78ba94c8d1 screen=0x3000069670 bs=0x3000cf2a80 batch_id=0 res=0x30001dcc40 obj=0x30001dce50 image=0x30001d73b0 bo=0x30001dd250 layout=COLOR_ATTACHMENT_OPTIMAL queue=FOREIGN(4294967293) sem=0x3000d13ab0 appended=1
MESA: info: udroid Zink ownership-trace submit_pre seq=100 threadToken=0x78b8e7ba11 screen=0x3000069670 queue=0x30000659f0 bs=0x3000cf2a80 batch_id=21 numSubmitInfos=3 acquireWaits=0 fdWaits=1 cmdBuffers=1 signals=2 dmabufExports=1 hasWork=1 hasReordered=0 hasUnsync=0
MESA: info: udroid Zink ownership-trace submit_post seq=101 threadToken=0x78b8e7ba11 screen=0x3000069670 queue=0x30000659f0 bs=0x3000cf2a80 batch_id=21 result=VK_SUCCESS dmabufExports=1 signalSemaphores=1 fdWaitSemaphores=1
MESA: info: udroid Zink ownership-trace import_dmabuf_sem_begin seq=117 threadToken=0x78b8e7b9b9 screen=0x3000069670 res=0x30001dcc40 obj=0x30001dce50 image=0x30001d73b0 bo=0x30001dd250 layout=COLOR_ATTACHMENT_OPTIMAL queue=FOREIGN(4294967293) gfxQueue=0 exportable=1 dt=(nil) dt_idx=4294967295 sem=0x3000d13ab0
MESA: info: udroid Zink ownership-trace import_dmabuf_sem_getfd seq=118 threadToken=0x78b8e7b9b9 screen=0x3000069670 res=0x30001dcc40 sem=0x3000d13ab0 result=VK_SUCCESS syncFileFd=16
MESA: info: udroid Zink ownership-trace import_dmabuf_sem_fd seq=119 threadToken=0x78b8e7b9b9 screen=0x3000069670 res=0x30001dcc40 sem=0x3000d13ab0 syncFileFd=16 dmaBufFd=19 acquireSucceeded=1 isAux=0
MESA: info: udroid Zink ownership-trace import_dmabuf_sem_ioctl seq=120 threadToken=0x78b8e7b9b9 screen=0x3000069670 res=0x30001dcc40 sem=0x3000d13ab0 syncFileFd=16 dmaBufFd=19 ioctlRet=0 errno=0 failed=0
MESA: info: udroid Zink ownership-trace submit_import_dmabuf_sync seq=102 threadToken=0x78b8e7ba11 screen=0x3000069670 bs=0x3000cf2a80 batch_id=21 res=0x30001dcc40 obj=0x30001dce50 image=0x30001d73b0 bo=0x30001dd250 layout=COLOR_ATTACHMENT_OPTIMAL queue=FOREIGN(4294967293) sem=0x3000d13ab0 importOk=0
[fence] frame=19 acquire_fd=19 sequence=create-sync,glFlush,dup-fd,destroy-sync
[present] frame=19 result=0 errno=0 acquire_consumed=19 presentation_fd=16 release_fd=19
[stage] presentation fence
[fence] name=presentation fence fd=16 poll=1 revents=0x1 errno=0
[stage] release fence
[fence] name=release fence fd=19 poll=1 revents=0x1 errno=0
[timing] frame=19/120 serialized=1 diagnostic_not_fps=1 draw_ns=37191 native_fence_ns=9766235 present_ns=310546 presentation_wait_ns=1643718 release_wait_ns=200358
[frame] sequence=20/120 writer=gradient-draw phase=0.826772 viewport=720x720 gl_error=0x0
[frame] sequence=20/120 stage=native-fence-create-flush-dup
MESA: info: udroid Zink ownership-trace image_barrier_exec seq=61 threadToken=0x78ba94c8d0 res=0x30001dcc40 obj=0x30001dce50 image=0x30001d73b0 bo=0x30001dd250 batch=0x3000d13bd0 batch_id=0 cmdbuf=0x3000d24390 api=sync2 unsync=0 oldLayout=VK_IMAGE_LAYOUT_COLOR_ATTACHMENT_OPTIMAL newLayout=VK_IMAGE_LAYOUT_COLOR_ATTACHMENT_OPTIMAL oldQueue=FOREIGN(4294967293) afterEmitQueue=IGNORED(4294967295) gfxQueue=0 queue_import=1 completed=0 usage_matches=1 exportable=1 dt=(nil) dt_idx=4294967295 flags=0x180 pipeline=0x400
MESA: info: udroid Zink ownership-trace image_barrier_tracking seq=62 threadToken=0x78ba94c8d0 res=0x30001dcc40 obj=0x30001dce50 image=0x30001d73b0 bo=0x30001dd250 batch=0x3000d13bd0 batch_id=0 layout=VK_IMAGE_LAYOUT_COLOR_ATTACHMENT_OPTIMAL queue=IGNORED(4294967295) exportable=1 dt=(nil) dt_idx=4294967295 dt_layout_updated=0 dmabuf_exports_checked=1 found=0 inserted=1 queue_import=1
MESA: info: udroid Zink ownership-trace export_dmabuf_sem_begin seq=121 threadToken=0x78ba94c879 screen=0x3000069670 res=0x30001dcc40 obj=0x30001dce50 image=0x30001d73b0 bo=0x30001dd250 layout=COLOR_ATTACHMENT_OPTIMAL queue=IGNORED(4294967295) gfxQueue=0 exportable=1 dt=(nil) dt_idx=4294967295 is_aux=0
MESA: info: udroid Zink ownership-trace export_dmabuf_sem_result seq=122 threadToken=0x78ba94c879 screen=0x3000069670 res=0x30001dcc40 obj=0x30001dce50 image=0x30001d73b0 bo=0x30001dd250 layout=COLOR_ATTACHMENT_OPTIMAL queue=IGNORED(4294967295) fd=16 exportedSyncFd=19 sem=0x3000d2a5a0 importSemaphoreSuccess=1
MESA: info: udroid Zink ownership-trace image_barrier_queue_import_sem seq=63 threadToken=0x78ba94c8d0 res=0x30001dcc40 child=0x30001dcc40 obj=0x30001dce50 image=0x30001d73b0 bo=0x30001dd250 batch=0x3000d13bd0 batch_id=0 sem=0x3000d2a5a0 appended=1
MESA: info: udroid Zink ownership-trace release_barrier seq=103 threadToken=0x78ba94c8d1 screen=0x3000069670 bs=0x3000d13bd0 batch_id=0 api=sync2 tableCmdPipelineBarrier2NonNull=1 res=0x30001dcc40 obj=0x30001dce50 image=0x30001d73b0 bo=0x30001dd250 oldLayout=COLOR_ATTACHMENT_OPTIMAL newLayout=COLOR_ATTACHMENT_OPTIMAL oldQueue=IGNORED(4294967295) srcQueue=gfx(0) dstQueue=FOREIGN(4294967293) exportable=1 dt=(nil) dt_idx=4294967295
MESA: info: udroid Zink ownership-trace release_signal_sem seq=104 threadToken=0x78ba94c8d1 screen=0x3000069670 bs=0x3000d13bd0 batch_id=0 res=0x30001dcc40 obj=0x30001dce50 image=0x30001d73b0 bo=0x30001dd250 layout=COLOR_ATTACHMENT_OPTIMAL queue=FOREIGN(4294967293) sem=0x3000d35fb0 appended=1
MESA: info: udroid Zink ownership-trace submit_pre seq=105 threadToken=0x78b8e7ba11 screen=0x3000069670 queue=0x30000659f0 bs=0x3000d13bd0 batch_id=22 numSubmitInfos=3 acquireWaits=0 fdWaits=1 cmdBuffers=1 signals=2 dmabufExports=1 hasWork=1 hasReordered=0 hasUnsync=0
MESA: info: udroid Zink ownership-trace submit_post seq=106 threadToken=0x78b8e7ba11 screen=0x3000069670 queue=0x30000659f0 bs=0x3000d13bd0 batch_id=22 result=VK_SUCCESS dmabufExports=1 signalSemaphores=1 fdWaitSemaphores=1
MESA: info: udroid Zink ownership-trace import_dmabuf_sem_begin seq=123 threadToken=0x78b8e7b9b9 screen=0x3000069670 res=0x30001dcc40 obj=0x30001dce50 image=0x30001d73b0 bo=0x30001dd250 layout=COLOR_ATTACHMENT_OPTIMAL queue=FOREIGN(4294967293) gfxQueue=0 exportable=1 dt=(nil) dt_idx=4294967295 sem=0x3000d35fb0
MESA: info: udroid Zink ownership-trace import_dmabuf_sem_getfd seq=124 threadToken=0x78b8e7b9b9 screen=0x3000069670 res=0x30001dcc40 sem=0x3000d35fb0 result=VK_SUCCESS syncFileFd=16
MESA: info: udroid Zink ownership-trace import_dmabuf_sem_fd seq=125 threadToken=0x78b8e7b9b9 screen=0x3000069670 res=0x30001dcc40 sem=0x3000d35fb0 syncFileFd=16 dmaBufFd=19 acquireSucceeded=1 isAux=0
MESA: info: udroid Zink ownership-trace import_dmabuf_sem_ioctl seq=126 threadToken=0x78b8e7b9b9 screen=0x3000069670 res=0x30001dcc40 sem=0x3000d35fb0 syncFileFd=16 dmaBufFd=19 ioctlRet=0 errno=0 failed=0
MESA: info: udroid Zink ownership-trace submit_import_dmabuf_sync seq=107 threadToken=0x78b8e7ba11 screen=0x3000069670 bs=0x3000d13bd0 batch_id=22 res=0x30001dcc40 obj=0x30001dce50 image=0x30001d73b0 bo=0x30001dd250 layout=COLOR_ATTACHMENT_OPTIMAL queue=FOREIGN(4294967293) sem=0x3000d35fb0 importOk=0
[fence] frame=20 acquire_fd=19 sequence=create-sync,glFlush,dup-fd,destroy-sync
[present] frame=20 result=0 errno=0 acquire_consumed=19 presentation_fd=16 release_fd=19
[stage] presentation fence
[fence] name=presentation fence fd=16 poll=1 revents=0x1 errno=0
[stage] release fence
[fence] name=release fence fd=19 poll=1 revents=0x1 errno=0
[timing] frame=20/120 serialized=1 diagnostic_not_fps=1 draw_ns=27507 native_fence_ns=11522542 present_ns=351685 presentation_wait_ns=1655721 release_wait_ns=155721
[frame] sequence=21/120 writer=gradient-draw phase=0.118110 viewport=720x720 gl_error=0x0
[frame] sequence=21/120 stage=native-fence-create-flush-dup
MESA: info: udroid Zink ownership-trace image_barrier_exec seq=64 threadToken=0x78ba94c8d0 res=0x30001dcc40 obj=0x30001dce50 image=0x30001d73b0 bo=0x30001dd250 batch=0x3000d360d0 batch_id=0 cmdbuf=0x3000d46890 api=sync2 unsync=0 oldLayout=VK_IMAGE_LAYOUT_COLOR_ATTACHMENT_OPTIMAL newLayout=VK_IMAGE_LAYOUT_COLOR_ATTACHMENT_OPTIMAL oldQueue=FOREIGN(4294967293) afterEmitQueue=IGNORED(4294967295) gfxQueue=0 queue_import=1 completed=0 usage_matches=1 exportable=1 dt=(nil) dt_idx=4294967295 flags=0x180 pipeline=0x400
MESA: info: udroid Zink ownership-trace image_barrier_tracking seq=65 threadToken=0x78ba94c8d0 res=0x30001dcc40 obj=0x30001dce50 image=0x30001d73b0 bo=0x30001dd250 batch=0x3000d360d0 batch_id=0 layout=VK_IMAGE_LAYOUT_COLOR_ATTACHMENT_OPTIMAL queue=IGNORED(4294967295) exportable=1 dt=(nil) dt_idx=4294967295 dt_layout_updated=0 dmabuf_exports_checked=1 found=0 inserted=1 queue_import=1
MESA: info: udroid Zink ownership-trace export_dmabuf_sem_begin seq=127 threadToken=0x78ba94c879 screen=0x3000069670 res=0x30001dcc40 obj=0x30001dce50 image=0x30001d73b0 bo=0x30001dd250 layout=COLOR_ATTACHMENT_OPTIMAL queue=IGNORED(4294967295) gfxQueue=0 exportable=1 dt=(nil) dt_idx=4294967295 is_aux=0
MESA: info: udroid Zink ownership-trace export_dmabuf_sem_result seq=128 threadToken=0x78ba94c879 screen=0x3000069670 res=0x30001dcc40 obj=0x30001dce50 image=0x30001d73b0 bo=0x30001dd250 layout=COLOR_ATTACHMENT_OPTIMAL queue=IGNORED(4294967295) fd=16 exportedSyncFd=19 sem=0x3000d4cc80 importSemaphoreSuccess=1
MESA: info: udroid Zink ownership-trace image_barrier_queue_import_sem seq=66 threadToken=0x78ba94c8d0 res=0x30001dcc40 child=0x30001dcc40 obj=0x30001dce50 image=0x30001d73b0 bo=0x30001dd250 batch=0x3000d360d0 batch_id=0 sem=0x3000d4cc80 appended=1
MESA: info: udroid Zink ownership-trace release_barrier seq=108 threadToken=0x78ba94c8d1 screen=0x3000069670 bs=0x3000d360d0 batch_id=0 api=sync2 tableCmdPipelineBarrier2NonNull=1 res=0x30001dcc40 obj=0x30001dce50 image=0x30001d73b0 bo=0x30001dd250 oldLayout=COLOR_ATTACHMENT_OPTIMAL newLayout=COLOR_ATTACHMENT_OPTIMAL oldQueue=IGNORED(4294967295) srcQueue=gfx(0) dstQueue=FOREIGN(4294967293) exportable=1 dt=(nil) dt_idx=4294967295
MESA: info: udroid Zink ownership-trace release_signal_sem seq=109 threadToken=0x78ba94c8d1 screen=0x3000069670 bs=0x3000d360d0 batch_id=0 res=0x30001dcc40 obj=0x30001dce50 image=0x30001d73b0 bo=0x30001dd250 layout=COLOR_ATTACHMENT_OPTIMAL queue=FOREIGN(4294967293) sem=0x3000d58680 appended=1
MESA: info: udroid Zink ownership-trace submit_pre seq=110 threadToken=0x78b8e7ba11 screen=0x3000069670 queue=0x30000659f0 bs=0x3000d360d0 batch_id=23 numSubmitInfos=3 acquireWaits=0 fdWaits=1 cmdBuffers=1 signals=2 dmabufExports=1 hasWork=1 hasReordered=0 hasUnsync=0
MESA: info: udroid Zink ownership-trace submit_post seq=111 threadToken=0x78b8e7ba11 screen=0x3000069670 queue=0x30000659f0 bs=0x3000d360d0 batch_id=23 result=VK_SUCCESS dmabufExports=1 signalSemaphores=1 fdWaitSemaphores=1
MESA: info: udroid Zink ownership-trace submit_import_dmabuf_sync seq=112 threadToken=0x78b8e7ba11 screen=0x3000069670 bs=0x3000d360d0 batch_id=23 res=0x30001dcc40 obj=0x30001dce50 image=0x30001d73b0 bo=0x30001dd250 layout=COLOR_ATTACHMENT_OPTIMAL queue=FOREIGN(4294967293) sem=0x3000d58680 importOk=0
[fence] frame=21 acquire_fd=19 sequence=create-sync,glFlush,dup-fd,destroy-sync
[present] frame=21 result=0 errno=0 acquire_consumed=19 presentation_fd=16 release_fd=19
[stage] presentation fence
[fence] name=presentation fence fd=16 poll=1 revents=0x1 errno=0
[stage] release fence
[fence] name=release fence fd=19 poll=1 revents=0x1 errno=0
[timing] frame=21/120 serialized=1 diagnostic_not_fps=1 draw_ns=25797 native_fence_ns=8214681 present_ns=445475 presentation_wait_ns=972656 release_wait_ns=337687
[frame] sequence=22/120 writer=gradient-draw phase=0.409449 viewport=720x720 gl_error=0x0
[frame] sequence=22/120 stage=native-fence-create-flush-dup
MESA: info: udroid Zink ownership-trace image_barrier_exec seq=67 threadToken=0x78ba94c8d0 res=0x30001dcc40 obj=0x30001dce50 image=0x30001d73b0 bo=0x30001dd250 batch=0x3000d587a0 batch_id=0 cmdbuf=0x3000d68f60 api=sync2 unsync=0 oldLayout=VK_IMAGE_LAYOUT_COLOR_ATTACHMENT_OPTIMAL newLayout=VK_IMAGE_LAYOUT_COLOR_ATTACHMENT_OPTIMAL oldQueue=FOREIGN(4294967293) afterEmitQueue=IGNORED(4294967295) gfxQueue=0 queue_import=1 completed=0 usage_matches=1 exportable=1 dt=(nil) dt_idx=4294967295 flags=0x180 pipeline=0x400
MESA: info: udroid Zink ownership-trace image_barrier_tracking seq=68 threadToken=0x78ba94c8d0 res=0x30001dcc40 obj=0x30001dce50 image=0x30001d73b0 bo=0x30001dd250 batch=0x3000d587a0 batch_id=0 layout=VK_IMAGE_LAYOUT_COLOR_ATTACHMENT_OPTIMAL queue=IGNORED(4294967295) exportable=1 dt=(nil) dt_idx=4294967295 dt_layout_updated=0 dmabuf_exports_checked=1 found=0 inserted=1 queue_import=1
MESA: info: udroid Zink ownership-trace image_barrier_queue_import_sem seq=69 threadToken=0x78ba94c8d0 res=0x30001dcc40 child=0x30001dcc40 obj=0x30001dce50 image=0x30001d73b0 bo=0x30001dd250 batch=0x3000d587a0 batch_id=0 sem=0x3000d6f350 appended=1
MESA: info: udroid Zink ownership-trace release_barrier seq=113 threadToken=0x78ba94c8d1 screen=0x3000069670 bs=0x3000d587a0 batch_id=0 api=sync2 tableCmdPipelineBarrier2NonNull=1 res=0x30001dcc40 obj=0x30001dce50 image=0x30001d73b0 bo=0x30001dd250 oldLayout=COLOR_ATTACHMENT_OPTIMAL newLayout=COLOR_ATTACHMENT_OPTIMAL oldQueue=IGNORED(4294967295) srcQueue=gfx(0) dstQueue=FOREIGN(4294967293) exportable=1 dt=(nil) dt_idx=4294967295
MESA: info: udroid Zink ownership-trace release_signal_sem seq=114 threadToken=0x78ba94c8d1 screen=0x3000069670 bs=0x3000d587a0 batch_id=0 res=0x30001dcc40 obj=0x30001dce50 image=0x30001d73b0 bo=0x30001dd250 layout=COLOR_ATTACHMENT_OPTIMAL queue=FOREIGN(4294967293) sem=0x3000d7ad50 appended=1
MESA: info: udroid Zink ownership-trace submit_pre seq=115 threadToken=0x78b8e7ba11 screen=0x3000069670 queue=0x30000659f0 bs=0x3000d587a0 batch_id=24 numSubmitInfos=3 acquireWaits=0 fdWaits=1 cmdBuffers=1 signals=2 dmabufExports=1 hasWork=1 hasReordered=0 hasUnsync=0
MESA: info: udroid Zink ownership-trace submit_post seq=116 threadToken=0x78b8e7ba11 screen=0x3000069670 queue=0x30000659f0 bs=0x3000d587a0 batch_id=24 result=VK_SUCCESS dmabufExports=1 signalSemaphores=1 fdWaitSemaphores=1
MESA: info: udroid Zink ownership-trace submit_import_dmabuf_sync seq=117 threadToken=0x78b8e7ba11 screen=0x3000069670 bs=0x3000d587a0 batch_id=24 res=0x30001dcc40 obj=0x30001dce50 image=0x30001d73b0 bo=0x30001dd250 layout=COLOR_ATTACHMENT_OPTIMAL queue=FOREIGN(4294967293) sem=0x3000d7ad50 importOk=0
[fence] frame=22 acquire_fd=19 sequence=create-sync,glFlush,dup-fd,destroy-sync
[present] frame=22 result=0 errno=0 acquire_consumed=19 presentation_fd=16 release_fd=19
[stage] presentation fence
[fence] name=presentation fence fd=16 poll=1 revents=0x1 errno=0
[stage] release fence
[fence] name=release fence fd=19 poll=1 revents=0x1 errno=0
[timing] frame=22/120 serialized=1 diagnostic_not_fps=1 draw_ns=26734 native_fence_ns=7557007 present_ns=646850 presentation_wait_ns=730021 release_wait_ns=321412
[frame] sequence=23/120 writer=gradient-draw phase=0.700787 viewport=720x720 gl_error=0x0
[frame] sequence=23/120 stage=native-fence-create-flush-dup
MESA: info: udroid Zink ownership-trace image_barrier_exec seq=70 threadToken=0x78ba94c8d0 res=0x30001dcc40 obj=0x30001dce50 image=0x30001d73b0 bo=0x30001dd250 batch=0x3000d7ae70 batch_id=0 cmdbuf=0x3000d8b630 api=sync2 unsync=0 oldLayout=VK_IMAGE_LAYOUT_COLOR_ATTACHMENT_OPTIMAL newLayout=VK_IMAGE_LAYOUT_COLOR_ATTACHMENT_OPTIMAL oldQueue=FOREIGN(4294967293) afterEmitQueue=IGNORED(4294967295) gfxQueue=0 queue_import=1 completed=0 usage_matches=1 exportable=1 dt=(nil) dt_idx=4294967295 flags=0x180 pipeline=0x400
MESA: info: udroid Zink ownership-trace image_barrier_tracking seq=71 threadToken=0x78ba94c8d0 res=0x30001dcc40 obj=0x30001dce50 image=0x30001d73b0 bo=0x30001dd250 batch=0x3000d7ae70 batch_id=0 layout=VK_IMAGE_LAYOUT_COLOR_ATTACHMENT_OPTIMAL queue=IGNORED(4294967295) exportable=1 dt=(nil) dt_idx=4294967295 dt_layout_updated=0 dmabuf_exports_checked=1 found=0 inserted=1 queue_import=1
MESA: info: udroid Zink ownership-trace image_barrier_queue_import_sem seq=72 threadToken=0x78ba94c8d0 res=0x30001dcc40 child=0x30001dcc40 obj=0x30001dce50 image=0x30001d73b0 bo=0x30001dd250 batch=0x3000d7ae70 batch_id=0 sem=0x3000d91a20 appended=1
MESA: info: udroid Zink ownership-trace release_barrier seq=118 threadToken=0x78ba94c8d1 screen=0x3000069670 bs=0x3000d7ae70 batch_id=0 api=sync2 tableCmdPipelineBarrier2NonNull=1 res=0x30001dcc40 obj=0x30001dce50 image=0x30001d73b0 bo=0x30001dd250 oldLayout=COLOR_ATTACHMENT_OPTIMAL newLayout=COLOR_ATTACHMENT_OPTIMAL oldQueue=IGNORED(4294967295) srcQueue=gfx(0) dstQueue=FOREIGN(4294967293) exportable=1 dt=(nil) dt_idx=4294967295
MESA: info: udroid Zink ownership-trace release_signal_sem seq=119 threadToken=0x78ba94c8d1 screen=0x3000069670 bs=0x3000d7ae70 batch_id=0 res=0x30001dcc40 obj=0x30001dce50 image=0x30001d73b0 bo=0x30001dd250 layout=COLOR_ATTACHMENT_OPTIMAL queue=FOREIGN(4294967293) sem=0x3000d9d420 appended=1
MESA: info: udroid Zink ownership-trace submit_pre seq=120 threadToken=0x78b8e7ba11 screen=0x3000069670 queue=0x30000659f0 bs=0x3000d7ae70 batch_id=25 numSubmitInfos=3 acquireWaits=0 fdWaits=1 cmdBuffers=1 signals=2 dmabufExports=1 hasWork=1 hasReordered=0 hasUnsync=0
MESA: info: udroid Zink ownership-trace submit_post seq=121 threadToken=0x78b8e7ba11 screen=0x3000069670 queue=0x30000659f0 bs=0x3000d7ae70 batch_id=25 result=VK_SUCCESS dmabufExports=1 signalSemaphores=1 fdWaitSemaphores=1
MESA: info: udroid Zink ownership-trace submit_import_dmabuf_sync seq=122 threadToken=0x78b8e7ba11 screen=0x3000069670 bs=0x3000d7ae70 batch_id=25 res=0x30001dcc40 obj=0x30001dce50 image=0x30001d73b0 bo=0x30001dd250 layout=COLOR_ATTACHMENT_OPTIMAL queue=FOREIGN(4294967293) sem=0x3000d9d420 importOk=0
[fence] frame=23 acquire_fd=19 sequence=create-sync,glFlush,dup-fd,destroy-sync
[present] frame=23 result=0 errno=0 acquire_consumed=19 presentation_fd=16 release_fd=19
[stage] presentation fence
[fence] name=presentation fence fd=16 poll=1 revents=0x1 errno=0
[stage] release fence
[fence] name=release fence fd=19 poll=1 revents=0x1 errno=0
[timing] frame=23/120 serialized=1 diagnostic_not_fps=1 draw_ns=25269 native_fence_ns=7439087 present_ns=314331 presentation_wait_ns=1181112 release_wait_ns=231201
[frame] sequence=24/120 writer=gradient-draw phase=0.992126 viewport=720x720 gl_error=0x0
[frame] sequence=24/120 stage=native-fence-create-flush-dup
MESA: info: udroid Zink ownership-trace image_barrier_exec seq=73 threadToken=0x78ba94c8d0 res=0x30001dcc40 obj=0x30001dce50 image=0x30001d73b0 bo=0x30001dd250 batch=0x3000d9d540 batch_id=0 cmdbuf=0x3000dadd00 api=sync2 unsync=0 oldLayout=VK_IMAGE_LAYOUT_COLOR_ATTACHMENT_OPTIMAL newLayout=VK_IMAGE_LAYOUT_COLOR_ATTACHMENT_OPTIMAL oldQueue=FOREIGN(4294967293) afterEmitQueue=IGNORED(4294967295) gfxQueue=0 queue_import=1 completed=0 usage_matches=1 exportable=1 dt=(nil) dt_idx=4294967295 flags=0x180 pipeline=0x400
MESA: info: udroid Zink ownership-trace image_barrier_tracking seq=74 threadToken=0x78ba94c8d0 res=0x30001dcc40 obj=0x30001dce50 image=0x30001d73b0 bo=0x30001dd250 batch=0x3000d9d540 batch_id=0 layout=VK_IMAGE_LAYOUT_COLOR_ATTACHMENT_OPTIMAL queue=IGNORED(4294967295) exportable=1 dt=(nil) dt_idx=4294967295 dt_layout_updated=0 dmabuf_exports_checked=1 found=0 inserted=1 queue_import=1
MESA: info: udroid Zink ownership-trace image_barrier_queue_import_sem seq=75 threadToken=0x78ba94c8d0 res=0x30001dcc40 child=0x30001dcc40 obj=0x30001dce50 image=0x30001d73b0 bo=0x30001dd250 batch=0x3000d9d540 batch_id=0 sem=0x3000db40f0 appended=1
MESA: info: udroid Zink ownership-trace release_barrier seq=123 threadToken=0x78ba94c8d1 screen=0x3000069670 bs=0x3000d9d540 batch_id=0 api=sync2 tableCmdPipelineBarrier2NonNull=1 res=0x30001dcc40 obj=0x30001dce50 image=0x30001d73b0 bo=0x30001dd250 oldLayout=COLOR_ATTACHMENT_OPTIMAL newLayout=COLOR_ATTACHMENT_OPTIMAL oldQueue=IGNORED(4294967295) srcQueue=gfx(0) dstQueue=FOREIGN(4294967293) exportable=1 dt=(nil) dt_idx=4294967295
MESA: info: udroid Zink ownership-trace release_signal_sem seq=124 threadToken=0x78ba94c8d1 screen=0x3000069670 bs=0x3000d9d540 batch_id=0 res=0x30001dcc40 obj=0x30001dce50 image=0x30001d73b0 bo=0x30001dd250 layout=COLOR_ATTACHMENT_OPTIMAL queue=FOREIGN(4294967293) sem=0x3000dbfaf0 appended=1
MESA: info: udroid Zink ownership-trace submit_pre seq=125 threadToken=0x78b8e7ba11 screen=0x3000069670 queue=0x30000659f0 bs=0x3000d9d540 batch_id=26 numSubmitInfos=3 acquireWaits=0 fdWaits=1 cmdBuffers=1 signals=2 dmabufExports=1 hasWork=1 hasReordered=0 hasUnsync=0
MESA: info: udroid Zink ownership-trace submit_post seq=126 threadToken=0x78b8e7ba11 screen=0x3000069670 queue=0x30000659f0 bs=0x3000d9d540 batch_id=26 result=VK_SUCCESS dmabufExports=1 signalSemaphores=1 fdWaitSemaphores=1
MESA: info: udroid Zink ownership-trace submit_import_dmabuf_sync seq=127 threadToken=0x78b8e7ba11 screen=0x3000069670 bs=0x3000d9d540 batch_id=26 res=0x30001dcc40 obj=0x30001dce50 image=0x30001d73b0 bo=0x30001dd250 layout=COLOR_ATTACHMENT_OPTIMAL queue=FOREIGN(4294967293) sem=0x3000dbfaf0 importOk=0
[fence] frame=24 acquire_fd=19 sequence=create-sync,glFlush,dup-fd,destroy-sync
[present] frame=24 result=0 errno=0 acquire_consumed=19 presentation_fd=16 release_fd=19
[stage] presentation fence
[fence] name=presentation fence fd=16 poll=1 revents=0x1 errno=0
[stage] release fence
[fence] name=release fence fd=19 poll=1 revents=0x1 errno=0
[timing] frame=24/120 serialized=1 diagnostic_not_fps=1 draw_ns=25350 native_fence_ns=6872802 present_ns=717041 presentation_wait_ns=873413 release_wait_ns=197957
[frame] sequence=25/120 writer=gradient-draw phase=0.283465 viewport=720x720 gl_error=0x0
[frame] sequence=25/120 stage=native-fence-create-flush-dup
MESA: info: udroid Zink ownership-trace image_barrier_exec seq=76 threadToken=0x78ba94c8d0 res=0x30001dcc40 obj=0x30001dce50 image=0x30001d73b0 bo=0x30001dd250 batch=0x3000dbfc10 batch_id=0 cmdbuf=0x3000dd03d0 api=sync2 unsync=0 oldLayout=VK_IMAGE_LAYOUT_COLOR_ATTACHMENT_OPTIMAL newLayout=VK_IMAGE_LAYOUT_COLOR_ATTACHMENT_OPTIMAL oldQueue=FOREIGN(4294967293) afterEmitQueue=IGNORED(4294967295) gfxQueue=0 queue_import=1 completed=0 usage_matches=1 exportable=1 dt=(nil) dt_idx=4294967295 flags=0x180 pipeline=0x400
MESA: info: udroid Zink ownership-trace image_barrier_tracking seq=77 threadToken=0x78ba94c8d0 res=0x30001dcc40 obj=0x30001dce50 image=0x30001d73b0 bo=0x30001dd250 batch=0x3000dbfc10 batch_id=0 layout=VK_IMAGE_LAYOUT_COLOR_ATTACHMENT_OPTIMAL queue=IGNORED(4294967295) exportable=1 dt=(nil) dt_idx=4294967295 dt_layout_updated=0 dmabuf_exports_checked=1 found=0 inserted=1 queue_import=1
MESA: info: udroid Zink ownership-trace image_barrier_queue_import_sem seq=78 threadToken=0x78ba94c8d0 res=0x30001dcc40 child=0x30001dcc40 obj=0x30001dce50 image=0x30001d73b0 bo=0x30001dd250 batch=0x3000dbfc10 batch_id=0 sem=0x3000dd67c0 appended=1
MESA: info: udroid Zink ownership-trace release_barrier seq=128 threadToken=0x78ba94c8d1 screen=0x3000069670 bs=0x3000dbfc10 batch_id=0 api=sync2 tableCmdPipelineBarrier2NonNull=1 res=0x30001dcc40 obj=0x30001dce50 image=0x30001d73b0 bo=0x30001dd250 oldLayout=COLOR_ATTACHMENT_OPTIMAL newLayout=COLOR_ATTACHMENT_OPTIMAL oldQueue=IGNORED(4294967295) srcQueue=gfx(0) dstQueue=FOREIGN(4294967293) exportable=1 dt=(nil) dt_idx=4294967295
[fence] frame=25 acquire_fd=19 sequence=create-sync,glFlush,dup-fd,destroy-sync
[present] frame=25 result=0 errno=0 acquire_consumed=19 presentation_fd=16 release_fd=19
[stage] presentation fence
[fence] name=presentation fence fd=16 poll=1 revents=0x1 errno=0
[stage] release fence
[fence] name=release fence fd=19 poll=1 revents=0x1 errno=0
[timing] frame=25/120 serialized=1 diagnostic_not_fps=1 draw_ns=34139 native_fence_ns=16179647 present_ns=304240 presentation_wait_ns=1537923 release_wait_ns=143148
[frame] sequence=26/120 writer=gradient-draw phase=0.574803 viewport=720x720 gl_error=0x0
[frame] sequence=26/120 stage=native-fence-create-flush-dup
MESA: info: udroid Zink ownership-trace image_barrier_exec seq=79 threadToken=0x78ba94c8d0 res=0x30001dcc40 obj=0x30001dce50 image=0x30001d73b0 bo=0x30001dd250 batch=0x30001148f0 batch_id=0 cmdbuf=0x3000124e90 api=sync2 unsync=0 oldLayout=VK_IMAGE_LAYOUT_COLOR_ATTACHMENT_OPTIMAL newLayout=VK_IMAGE_LAYOUT_COLOR_ATTACHMENT_OPTIMAL oldQueue=FOREIGN(4294967293) afterEmitQueue=IGNORED(4294967295) gfxQueue=0 queue_import=1 completed=0 usage_matches=1 exportable=1 dt=(nil) dt_idx=4294967295 flags=0x180 pipeline=0x400
MESA: info: udroid Zink ownership-trace image_barrier_tracking seq=80 threadToken=0x78ba94c8d0 res=0x30001dcc40 obj=0x30001dce50 image=0x30001d73b0 bo=0x30001dd250 batch=0x30001148f0 batch_id=0 layout=VK_IMAGE_LAYOUT_COLOR_ATTACHMENT_OPTIMAL queue=IGNORED(4294967295) exportable=1 dt=(nil) dt_idx=4294967295 dt_layout_updated=0 dmabuf_exports_checked=1 found=0 inserted=1 queue_import=1
MESA: info: udroid Zink ownership-trace image_barrier_queue_import_sem seq=81 threadToken=0x78ba94c8d0 res=0x30001dcc40 child=0x30001dcc40 obj=0x30001dce50 image=0x30001d73b0 bo=0x30001dd250 batch=0x30001148f0 batch_id=0 sem=0x3000dbfaf0 appended=1
[fence] frame=26 acquire_fd=19 sequence=create-sync,glFlush,dup-fd,destroy-sync
[present] frame=26 result=0 errno=0 acquire_consumed=19 presentation_fd=16 release_fd=19
[stage] presentation fence
[fence] name=presentation fence fd=16 poll=1 revents=0x1 errno=0
[stage] release fence
[fence] name=release fence fd=19 poll=1 revents=0x1 errno=0
[timing] frame=26/120 serialized=1 diagnostic_not_fps=1 draw_ns=34058 native_fence_ns=3663453 present_ns=289266 presentation_wait_ns=2029948 release_wait_ns=187866
[frame] sequence=27/120 writer=gradient-draw phase=0.866142 viewport=720x720 gl_error=0x0
[frame] sequence=27/120 stage=native-fence-create-flush-dup
MESA: info: udroid Zink ownership-trace image_barrier_exec seq=82 threadToken=0x78ba94c8d0 res=0x30001dcc40 obj=0x30001dce50 image=0x30001d73b0 bo=0x30001dd250 batch=0x30000c6db0 batch_id=0 cmdbuf=0x30000d7620 api=sync2 unsync=0 oldLayout=VK_IMAGE_LAYOUT_COLOR_ATTACHMENT_OPTIMAL newLayout=VK_IMAGE_LAYOUT_COLOR_ATTACHMENT_OPTIMAL oldQueue=FOREIGN(4294967293) afterEmitQueue=IGNORED(4294967295) gfxQueue=0 queue_import=1 completed=0 usage_matches=1 exportable=1 dt=(nil) dt_idx=4294967295 flags=0x180 pipeline=0x400
MESA: info: udroid Zink ownership-trace image_barrier_tracking seq=83 threadToken=0x78ba94c8d0 res=0x30001dcc40 obj=0x30001dce50 image=0x30001d73b0 bo=0x30001dd250 batch=0x30000c6db0 batch_id=0 layout=VK_IMAGE_LAYOUT_COLOR_ATTACHMENT_OPTIMAL queue=IGNORED(4294967295) exportable=1 dt=(nil) dt_idx=4294967295 dt_layout_updated=0 dmabuf_exports_checked=1 found=0 inserted=1 queue_import=1
MESA: info: udroid Zink ownership-trace image_barrier_queue_import_sem seq=84 threadToken=0x78ba94c8d0 res=0x30001dcc40 child=0x30001dcc40 obj=0x30001dce50 image=0x30001d73b0 bo=0x30001dd250 batch=0x30000c6db0 batch_id=0 sem=0x3000d9d420 appended=1
[fence] frame=27 acquire_fd=19 sequence=create-sync,glFlush,dup-fd,destroy-sync
[present] frame=27 result=0 errno=0 acquire_consumed=19 presentation_fd=16 release_fd=19
[stage] presentation fence
[fence] name=presentation fence fd=16 poll=1 revents=0x1 errno=0
[stage] release fence
[fence] name=release fence fd=19 poll=1 revents=0x1 errno=0
[timing] frame=27/120 serialized=1 diagnostic_not_fps=1 draw_ns=35075 native_fence_ns=4307821 present_ns=773437 presentation_wait_ns=728963 release_wait_ns=385701
[frame] sequence=28/120 writer=gradient-draw phase=0.157480 viewport=720x720 gl_error=0x0
[frame] sequence=28/120 stage=native-fence-create-flush-dup
MESA: info: udroid Zink ownership-trace image_barrier_exec seq=85 threadToken=0x78ba94c8d0 res=0x30001dcc40 obj=0x30001dce50 image=0x30001d73b0 bo=0x30001dd250 batch=0x30000e21c0 batch_id=0 cmdbuf=0x30000f2760 api=sync2 unsync=0 oldLayout=VK_IMAGE_LAYOUT_COLOR_ATTACHMENT_OPTIMAL newLayout=VK_IMAGE_LAYOUT_COLOR_ATTACHMENT_OPTIMAL oldQueue=FOREIGN(4294967293) afterEmitQueue=IGNORED(4294967295) gfxQueue=0 queue_import=1 completed=0 usage_matches=1 exportable=1 dt=(nil) dt_idx=4294967295 flags=0x180 pipeline=0x400
MESA: info: udroid Zink ownership-trace image_barrier_tracking seq=86 threadToken=0x78ba94c8d0 res=0x30001dcc40 obj=0x30001dce50 image=0x30001d73b0 bo=0x30001dd250 batch=0x30000e21c0 batch_id=0 layout=VK_IMAGE_LAYOUT_COLOR_ATTACHMENT_OPTIMAL queue=IGNORED(4294967295) exportable=1 dt=(nil) dt_idx=4294967295 dt_layout_updated=0 dmabuf_exports_checked=1 found=0 inserted=1 queue_import=1
MESA: info: udroid Zink ownership-trace image_barrier_queue_import_sem seq=87 threadToken=0x78ba94c8d0 res=0x30001dcc40 child=0x30001dcc40 obj=0x30001dce50 image=0x30001d73b0 bo=0x30001dd250 batch=0x30000e21c0 batch_id=0 sem=0x3000d7ad50 appended=1
[fence] frame=28 acquire_fd=19 sequence=create-sync,glFlush,dup-fd,destroy-sync
[present] frame=28 result=0 errno=0 acquire_consumed=19 presentation_fd=16 release_fd=19
[stage] presentation fence
[fence] name=presentation fence fd=16 poll=1 revents=0x1 errno=0
[stage] release fence
[fence] name=release fence fd=19 poll=1 revents=0x1 errno=0
[timing] frame=28/120 serialized=1 diagnostic_not_fps=1 draw_ns=30273 native_fence_ns=4735962 present_ns=374186 presentation_wait_ns=1458781 release_wait_ns=266072
[frame] sequence=29/120 writer=gradient-draw phase=0.448819 viewport=720x720 gl_error=0x0
[frame] sequence=29/120 stage=native-fence-create-flush-dup
MESA: info: udroid Zink ownership-trace image_barrier_exec seq=88 threadToken=0x78ba94c8d0 res=0x30001dcc40 obj=0x30001dce50 image=0x30001d73b0 bo=0x30001dd250 batch=0x30000fad80 batch_id=0 cmdbuf=0x300010b320 api=sync2 unsync=0 oldLayout=VK_IMAGE_LAYOUT_COLOR_ATTACHMENT_OPTIMAL newLayout=VK_IMAGE_LAYOUT_COLOR_ATTACHMENT_OPTIMAL oldQueue=FOREIGN(4294967293) afterEmitQueue=IGNORED(4294967295) gfxQueue=0 queue_import=1 completed=0 usage_matches=1 exportable=1 dt=(nil) dt_idx=4294967295 flags=0x180 pipeline=0x400
MESA: info: udroid Zink ownership-trace image_barrier_tracking seq=89 threadToken=0x78ba94c8d0 res=0x30001dcc40 obj=0x30001dce50 image=0x30001d73b0 bo=0x30001dd250 batch=0x30000fad80 batch_id=0 layout=VK_IMAGE_LAYOUT_COLOR_ATTACHMENT_OPTIMAL queue=IGNORED(4294967295) exportable=1 dt=(nil) dt_idx=4294967295 dt_layout_updated=0 dmabuf_exports_checked=1 found=0 inserted=1 queue_import=1
MESA: info: udroid Zink ownership-trace image_barrier_queue_import_sem seq=90 threadToken=0x78ba94c8d0 res=0x30001dcc40 child=0x30001dcc40 obj=0x30001dce50 image=0x30001d73b0 bo=0x30001dd250 batch=0x30000fad80 batch_id=0 sem=0x3000d58680 appended=1
[fence] frame=29 acquire_fd=19 sequence=create-sync,glFlush,dup-fd,destroy-sync
[present] frame=29 result=0 errno=0 acquire_consumed=19 presentation_fd=16 release_fd=19
[stage] presentation fence
[fence] name=presentation fence fd=16 poll=1 revents=0x1 errno=0
[stage] release fence
[fence] name=release fence fd=19 poll=1 revents=0x1 errno=0
[timing] frame=29/120 serialized=1 diagnostic_not_fps=1 draw_ns=31005 native_fence_ns=3674723 present_ns=815959 presentation_wait_ns=137289 release_wait_ns=2413981
[frame] sequence=30/120 writer=gradient-draw phase=0.740157 viewport=720x720 gl_error=0x0
[frame] sequence=30/120 stage=native-fence-create-flush-dup
MESA: info: udroid Zink ownership-trace image_barrier_exec seq=91 threadToken=0x78ba94c8d0 res=0x30001dcc40 obj=0x30001dce50 image=0x30001d73b0 bo=0x30001dd250 batch=0x3000ac8b60 batch_id=0 cmdbuf=0x3000ac43f0 api=sync2 unsync=0 oldLayout=VK_IMAGE_LAYOUT_COLOR_ATTACHMENT_OPTIMAL newLayout=VK_IMAGE_LAYOUT_COLOR_ATTACHMENT_OPTIMAL oldQueue=FOREIGN(4294967293) afterEmitQueue=IGNORED(4294967295) gfxQueue=0 queue_import=1 completed=0 usage_matches=1 exportable=1 dt=(nil) dt_idx=4294967295 flags=0x180 pipeline=0x400
MESA: info: udroid Zink ownership-trace image_barrier_tracking seq=92 threadToken=0x78ba94c8d0 res=0x30001dcc40 obj=0x30001dce50 image=0x30001d73b0 bo=0x30001dd250 batch=0x3000ac8b60 batch_id=0 layout=VK_IMAGE_LAYOUT_COLOR_ATTACHMENT_OPTIMAL queue=IGNORED(4294967295) exportable=1 dt=(nil) dt_idx=4294967295 dt_layout_updated=0 dmabuf_exports_checked=1 found=0 inserted=1 queue_import=1
MESA: info: udroid Zink ownership-trace image_barrier_queue_import_sem seq=93 threadToken=0x78ba94c8d0 res=0x30001dcc40 child=0x30001dcc40 obj=0x30001dce50 image=0x30001d73b0 bo=0x30001dd250 batch=0x3000ac8b60 batch_id=0 sem=0x3000d35fb0 appended=1
[fence] frame=30 acquire_fd=19 sequence=create-sync,glFlush,dup-fd,destroy-sync
[present] frame=30 result=0 errno=0 acquire_consumed=19 presentation_fd=16 release_fd=19
[stage] presentation fence
[fence] name=presentation fence fd=16 poll=1 revents=0x1 errno=0
[stage] release fence
[fence] name=release fence fd=19 poll=1 revents=0x1 errno=0
[timing] frame=30/120 serialized=1 diagnostic_not_fps=1 draw_ns=38005 native_fence_ns=4318400 present_ns=387898 presentation_wait_ns=1253459 release_wait_ns=318970
[frame] sequence=31/120 writer=gradient-draw phase=0.031496 viewport=720x720 gl_error=0x0
[frame] sequence=31/120 stage=native-fence-create-flush-dup
MESA: info: udroid Zink ownership-trace image_barrier_exec seq=94 threadToken=0x78ba94c8d0 res=0x30001dcc40 obj=0x30001dce50 image=0x30001d73b0 bo=0x30001dd250 batch=0x3000ae6a30 batch_id=0 cmdbuf=0x3000af7050 api=sync2 unsync=0 oldLayout=VK_IMAGE_LAYOUT_COLOR_ATTACHMENT_OPTIMAL newLayout=VK_IMAGE_LAYOUT_COLOR_ATTACHMENT_OPTIMAL oldQueue=FOREIGN(4294967293) afterEmitQueue=IGNORED(4294967295) gfxQueue=0 queue_import=1 completed=0 usage_matches=1 exportable=1 dt=(nil) dt_idx=4294967295 flags=0x180 pipeline=0x400
MESA: info: udroid Zink ownership-trace image_barrier_tracking seq=95 threadToken=0x78ba94c8d0 res=0x30001dcc40 obj=0x30001dce50 image=0x30001d73b0 bo=0x30001dd250 batch=0x3000ae6a30 batch_id=0 layout=VK_IMAGE_LAYOUT_COLOR_ATTACHMENT_OPTIMAL queue=IGNORED(4294967295) exportable=1 dt=(nil) dt_idx=4294967295 dt_layout_updated=0 dmabuf_exports_checked=1 found=0 inserted=1 queue_import=1
MESA: info: udroid Zink ownership-trace image_barrier_queue_import_sem seq=96 threadToken=0x78ba94c8d0 res=0x30001dcc40 child=0x30001dcc40 obj=0x30001dce50 image=0x30001d73b0 bo=0x30001dd250 batch=0x3000ae6a30 batch_id=0 sem=0x3000d13ab0 appended=1
[fence] frame=31 acquire_fd=19 sequence=create-sync,glFlush,dup-fd,destroy-sync
[present] frame=31 result=0 errno=0 acquire_consumed=19 presentation_fd=16 release_fd=19
[stage] presentation fence
[fence] name=presentation fence fd=16 poll=1 revents=0x1 errno=0
[stage] release fence
[fence] name=release fence fd=19 poll=1 revents=0x1 errno=0
[timing] frame=31/120 serialized=1 diagnostic_not_fps=1 draw_ns=37842 native_fence_ns=6047404 present_ns=398722 presentation_wait_ns=845337 release_wait_ns=255331
[frame] sequence=32/120 writer=gradient-draw phase=0.322835 viewport=720x720 gl_error=0x0
[frame] sequence=32/120 stage=native-fence-create-flush-dup
MESA: info: udroid Zink ownership-trace image_barrier_exec seq=97 threadToken=0x78ba94c8d0 res=0x30001dcc40 obj=0x30001dce50 image=0x30001d73b0 bo=0x30001dd250 batch=0x3000b11580 batch_id=0 cmdbuf=0x3000b21ba0 api=sync2 unsync=0 oldLayout=VK_IMAGE_LAYOUT_COLOR_ATTACHMENT_OPTIMAL newLayout=VK_IMAGE_LAYOUT_COLOR_ATTACHMENT_OPTIMAL oldQueue=FOREIGN(4294967293) afterEmitQueue=IGNORED(4294967295) gfxQueue=0 queue_import=1 completed=0 usage_matches=1 exportable=1 dt=(nil) dt_idx=4294967295 flags=0x180 pipeline=0x400
MESA: info: udroid Zink ownership-trace image_barrier_tracking seq=98 threadToken=0x78ba94c8d0 res=0x30001dcc40 obj=0x30001dce50 image=0x30001d73b0 bo=0x30001dd250 batch=0x3000b11580 batch_id=0 layout=VK_IMAGE_LAYOUT_COLOR_ATTACHMENT_OPTIMAL queue=IGNORED(4294967295) exportable=1 dt=(nil) dt_idx=4294967295 dt_layout_updated=0 dmabuf_exports_checked=1 found=0 inserted=1 queue_import=1
MESA: info: udroid Zink ownership-trace image_barrier_queue_import_sem seq=99 threadToken=0x78ba94c8d0 res=0x30001dcc40 child=0x30001dcc40 obj=0x30001dce50 image=0x30001d73b0 bo=0x30001dd250 batch=0x3000b11580 batch_id=0 sem=0x3000cd16b0 appended=1
[fence] frame=32 acquire_fd=19 sequence=create-sync,glFlush,dup-fd,destroy-sync
[present] frame=32 result=0 errno=0 acquire_consumed=19 presentation_fd=16 release_fd=19
[stage] presentation fence
[fence] name=presentation fence fd=16 poll=1 revents=0x1 errno=0
[stage] release fence
[fence] name=release fence fd=19 poll=1 revents=0x1 errno=0
[timing] frame=32/120 serialized=1 diagnostic_not_fps=1 draw_ns=180582 native_fence_ns=5107504 present_ns=526042 presentation_wait_ns=1659139 release_wait_ns=211181
[frame] sequence=33/120 writer=gradient-draw phase=0.614173 viewport=720x720 gl_error=0x0
[frame] sequence=33/120 stage=native-fence-create-flush-dup
MESA: info: udroid Zink ownership-trace image_barrier_exec seq=100 threadToken=0x78ba94c8d0 res=0x30001dcc40 obj=0x30001dce50 image=0x30001d73b0 bo=0x30001dd250 batch=0x3000b33800 batch_id=0 cmdbuf=0x3000b43ef0 api=sync2 unsync=0 oldLayout=VK_IMAGE_LAYOUT_COLOR_ATTACHMENT_OPTIMAL newLayout=VK_IMAGE_LAYOUT_COLOR_ATTACHMENT_OPTIMAL oldQueue=FOREIGN(4294967293) afterEmitQueue=IGNORED(4294967295) gfxQueue=0 queue_import=1 completed=0 usage_matches=1 exportable=1 dt=(nil) dt_idx=4294967295 flags=0x180 pipeline=0x400
MESA: info: udroid Zink ownership-trace image_barrier_tracking seq=101 threadToken=0x78ba94c8d0 res=0x30001dcc40 obj=0x30001dce50 image=0x30001d73b0 bo=0x30001dd250 batch=0x3000b33800 batch_id=0 layout=VK_IMAGE_LAYOUT_COLOR_ATTACHMENT_OPTIMAL queue=IGNORED(4294967295) exportable=1 dt=(nil) dt_idx=4294967295 dt_layout_updated=0 dmabuf_exports_checked=1 found=0 inserted=1 queue_import=1
MESA: info: udroid Zink ownership-trace image_barrier_queue_import_sem seq=102 threadToken=0x78ba94c8d0 res=0x30001dcc40 child=0x30001dcc40 obj=0x30001dce50 image=0x30001d73b0 bo=0x30001dd250 batch=0x3000b33800 batch_id=0 sem=0x3000caf0a0 appended=1
[fence] frame=33 acquire_fd=19 sequence=create-sync,glFlush,dup-fd,destroy-sync
[present] frame=33 result=0 errno=0 acquire_consumed=19 presentation_fd=16 release_fd=19
[stage] presentation fence
[fence] name=presentation fence fd=16 poll=1 revents=0x1 errno=0
[stage] release fence
[fence] name=release fence fd=19 poll=1 revents=0x1 errno=0
[timing] frame=33/120 serialized=1 diagnostic_not_fps=1 draw_ns=38900 native_fence_ns=7473022 present_ns=1047567 presentation_wait_ns=889323 release_wait_ns=541626
[frame] sequence=34/120 writer=gradient-draw phase=0.905512 viewport=720x720 gl_error=0x0
[frame] sequence=34/120 stage=native-fence-create-flush-dup
MESA: info: udroid Zink ownership-trace image_barrier_exec seq=103 threadToken=0x78ba94c8d0 res=0x30001dcc40 obj=0x30001dce50 image=0x30001d73b0 bo=0x30001dd250 batch=0x3000b55e00 batch_id=0 cmdbuf=0x3000b665c0 api=sync2 unsync=0 oldLayout=VK_IMAGE_LAYOUT_COLOR_ATTACHMENT_OPTIMAL newLayout=VK_IMAGE_LAYOUT_COLOR_ATTACHMENT_OPTIMAL oldQueue=FOREIGN(4294967293) afterEmitQueue=IGNORED(4294967295) gfxQueue=0 queue_import=1 completed=0 usage_matches=1 exportable=1 dt=(nil) dt_idx=4294967295 flags=0x180 pipeline=0x400
MESA: info: udroid Zink ownership-trace image_barrier_tracking seq=104 threadToken=0x78ba94c8d0 res=0x30001dcc40 obj=0x30001dce50 image=0x30001d73b0 bo=0x30001dd250 batch=0x3000b55e00 batch_id=0 layout=VK_IMAGE_LAYOUT_COLOR_ATTACHMENT_OPTIMAL queue=IGNORED(4294967295) exportable=1 dt=(nil) dt_idx=4294967295 dt_layout_updated=0 dmabuf_exports_checked=1 found=0 inserted=1 queue_import=1
MESA: info: udroid Zink ownership-trace image_barrier_queue_import_sem seq=105 threadToken=0x78ba94c8d0 res=0x30001dcc40 child=0x30001dcc40 obj=0x30001dce50 image=0x30001d73b0 bo=0x30001dd250 batch=0x3000b55e00 batch_id=0 sem=0x3000c8c9d0 appended=1
[fence] frame=34 acquire_fd=19 sequence=create-sync,glFlush,dup-fd,destroy-sync
[present] frame=34 result=0 errno=0 acquire_consumed=19 presentation_fd=16 release_fd=19
[stage] presentation fence
[fence] name=presentation fence fd=16 poll=1 revents=0x1 errno=0
[stage] release fence
[fence] name=release fence fd=19 poll=1 revents=0x1 errno=0
[timing] frame=34/120 serialized=1 diagnostic_not_fps=1 draw_ns=246012 native_fence_ns=4780925 present_ns=212687 presentation_wait_ns=1266398 release_wait_ns=336019
[frame] sequence=35/120 writer=gradient-draw phase=0.196850 viewport=720x720 gl_error=0x0
[frame] sequence=35/120 stage=native-fence-create-flush-dup
MESA: info: udroid Zink ownership-trace image_barrier_exec seq=106 threadToken=0x78ba94c8d0 res=0x30001dcc40 obj=0x30001dce50 image=0x30001d73b0 bo=0x30001dd250 batch=0x3000b784d0 batch_id=0 cmdbuf=0x3000b88c90 api=sync2 unsync=0 oldLayout=VK_IMAGE_LAYOUT_COLOR_ATTACHMENT_OPTIMAL newLayout=VK_IMAGE_LAYOUT_COLOR_ATTACHMENT_OPTIMAL oldQueue=FOREIGN(4294967293) afterEmitQueue=IGNORED(4294967295) gfxQueue=0 queue_import=1 completed=0 usage_matches=1 exportable=1 dt=(nil) dt_idx=4294967295 flags=0x180 pipeline=0x400
MESA: info: udroid Zink ownership-trace image_barrier_tracking seq=107 threadToken=0x78ba94c8d0 res=0x30001dcc40 obj=0x30001dce50 image=0x30001d73b0 bo=0x30001dd250 batch=0x3000b784d0 batch_id=0 layout=VK_IMAGE_LAYOUT_COLOR_ATTACHMENT_OPTIMAL queue=IGNORED(4294967295) exportable=1 dt=(nil) dt_idx=4294967295 dt_layout_updated=0 dmabuf_exports_checked=1 found=0 inserted=1 queue_import=1
MESA: info: udroid Zink ownership-trace image_barrier_queue_import_sem seq=108 threadToken=0x78ba94c8d0 res=0x30001dcc40 child=0x30001dcc40 obj=0x30001dce50 image=0x30001d73b0 bo=0x30001dd250 batch=0x3000b784d0 batch_id=0 sem=0x3000c6a300 appended=1
[fence] frame=35 acquire_fd=19 sequence=create-sync,glFlush,dup-fd,destroy-sync
[present] frame=35 result=0 errno=0 acquire_consumed=19 presentation_fd=16 release_fd=19
[stage] presentation fence
[fence] name=presentation fence fd=16 poll=1 revents=0x1 errno=0
[stage] release fence
[fence] name=release fence fd=19 poll=1 revents=0x1 errno=0
[timing] frame=35/120 serialized=1 diagnostic_not_fps=1 draw_ns=62622 native_fence_ns=5377889 present_ns=448893 presentation_wait_ns=1330933 release_wait_ns=534424
[frame] sequence=36/120 writer=gradient-draw phase=0.488189 viewport=720x720 gl_error=0x0
[frame] sequence=36/120 stage=native-fence-create-flush-dup
MESA: info: udroid Zink ownership-trace image_barrier_exec seq=109 threadToken=0x78ba94c8d0 res=0x30001dcc40 obj=0x30001dce50 image=0x30001d73b0 bo=0x30001dd250 batch=0x3000b9af60 batch_id=0 cmdbuf=0x3000bab720 api=sync2 unsync=0 oldLayout=VK_IMAGE_LAYOUT_COLOR_ATTACHMENT_OPTIMAL newLayout=VK_IMAGE_LAYOUT_COLOR_ATTACHMENT_OPTIMAL oldQueue=FOREIGN(4294967293) afterEmitQueue=IGNORED(4294967295) gfxQueue=0 queue_import=1 completed=0 usage_matches=1 exportable=1 dt=(nil) dt_idx=4294967295 flags=0x180 pipeline=0x400
MESA: info: udroid Zink ownership-trace image_barrier_tracking seq=110 threadToken=0x78ba94c8d0 res=0x30001dcc40 obj=0x30001dce50 image=0x30001d73b0 bo=0x30001dd250 batch=0x3000b9af60 batch_id=0 layout=VK_IMAGE_LAYOUT_COLOR_ATTACHMENT_OPTIMAL queue=IGNORED(4294967295) exportable=1 dt=(nil) dt_idx=4294967295 dt_layout_updated=0 dmabuf_exports_checked=1 found=0 inserted=1 queue_import=1
MESA: info: udroid Zink ownership-trace image_barrier_queue_import_sem seq=111 threadToken=0x78ba94c8d0 res=0x30001dcc40 child=0x30001dcc40 obj=0x30001dce50 image=0x30001d73b0 bo=0x30001dd250 batch=0x3000b9af60 batch_id=0 sem=0x3000c47c30 appended=1
[fence] frame=36 acquire_fd=19 sequence=create-sync,glFlush,dup-fd,destroy-sync
[present] frame=36 result=0 errno=0 acquire_consumed=19 presentation_fd=16 release_fd=19
[stage] presentation fence
[fence] name=presentation fence fd=16 poll=1 revents=0x1 errno=0
[stage] release fence
[fence] name=release fence fd=19 poll=1 revents=0x1 errno=0
[timing] frame=36/120 serialized=1 diagnostic_not_fps=1 draw_ns=38859 native_fence_ns=6001913 present_ns=776082 presentation_wait_ns=1199300 release_wait_ns=277507
[frame] sequence=37/120 writer=gradient-draw phase=0.779528 viewport=720x720 gl_error=0x0
[frame] sequence=37/120 stage=native-fence-create-flush-dup
MESA: info: udroid Zink ownership-trace image_barrier_exec seq=112 threadToken=0x78ba94c8d0 res=0x30001dcc40 obj=0x30001dce50 image=0x30001d73b0 bo=0x30001dd250 batch=0x3000bbd630 batch_id=0 cmdbuf=0x3000bcddf0 api=sync2 unsync=0 oldLayout=VK_IMAGE_LAYOUT_COLOR_ATTACHMENT_OPTIMAL newLayout=VK_IMAGE_LAYOUT_COLOR_ATTACHMENT_OPTIMAL oldQueue=FOREIGN(4294967293) afterEmitQueue=IGNORED(4294967295) gfxQueue=0 queue_import=1 completed=0 usage_matches=1 exportable=1 dt=(nil) dt_idx=4294967295 flags=0x180 pipeline=0x400
MESA: info: udroid Zink ownership-trace image_barrier_tracking seq=113 threadToken=0x78ba94c8d0 res=0x30001dcc40 obj=0x30001dce50 image=0x30001d73b0 bo=0x30001dd250 batch=0x3000bbd630 batch_id=0 layout=VK_IMAGE_LAYOUT_COLOR_ATTACHMENT_OPTIMAL queue=IGNORED(4294967295) exportable=1 dt=(nil) dt_idx=4294967295 dt_layout_updated=0 dmabuf_exports_checked=1 found=0 inserted=1 queue_import=1
MESA: info: udroid Zink ownership-trace image_barrier_queue_import_sem seq=114 threadToken=0x78ba94c8d0 res=0x30001dcc40 child=0x30001dcc40 obj=0x30001dce50 image=0x30001d73b0 bo=0x30001dd250 batch=0x3000bbd630 batch_id=0 sem=0x3000c25190 appended=1
[fence] frame=37 acquire_fd=19 sequence=create-sync,glFlush,dup-fd,destroy-sync
[present] frame=37 result=0 errno=0 acquire_consumed=19 presentation_fd=16 release_fd=19
[stage] presentation fence
[fence] name=presentation fence fd=16 poll=1 revents=0x1 errno=0
[stage] release fence
[fence] name=release fence fd=19 poll=1 revents=0x1 errno=0
[timing] frame=37/120 serialized=1 diagnostic_not_fps=1 draw_ns=264526 native_fence_ns=6855835 present_ns=879924 presentation_wait_ns=1020020 release_wait_ns=525187
[frame] sequence=38/120 writer=gradient-draw phase=0.070866 viewport=720x720 gl_error=0x0
[frame] sequence=38/120 stage=native-fence-create-flush-dup
MESA: info: udroid Zink ownership-trace image_barrier_exec seq=115 threadToken=0x78ba94c8d0 res=0x30001dcc40 obj=0x30001dce50 image=0x30001d73b0 bo=0x30001dd250 batch=0x3000bdfd00 batch_id=0 cmdbuf=0x3000bf04c0 api=sync2 unsync=0 oldLayout=VK_IMAGE_LAYOUT_COLOR_ATTACHMENT_OPTIMAL newLayout=VK_IMAGE_LAYOUT_COLOR_ATTACHMENT_OPTIMAL oldQueue=FOREIGN(4294967293) afterEmitQueue=IGNORED(4294967295) gfxQueue=0 queue_import=1 completed=0 usage_matches=1 exportable=1 dt=(nil) dt_idx=4294967295 flags=0x180 pipeline=0x400
MESA: info: udroid Zink ownership-trace image_barrier_tracking seq=116 threadToken=0x78ba94c8d0 res=0x30001dcc40 obj=0x30001dce50 image=0x30001d73b0 bo=0x30001dd250 batch=0x3000bdfd00 batch_id=0 layout=VK_IMAGE_LAYOUT_COLOR_ATTACHMENT_OPTIMAL queue=IGNORED(4294967295) exportable=1 dt=(nil) dt_idx=4294967295 dt_layout_updated=0 dmabuf_exports_checked=1 found=0 inserted=1 queue_import=1
MESA: info: udroid Zink ownership-trace image_barrier_queue_import_sem seq=117 threadToken=0x78ba94c8d0 res=0x30001dcc40 child=0x30001dcc40 obj=0x30001dce50 image=0x30001d73b0 bo=0x30001dd250 batch=0x3000bdfd00 batch_id=0 sem=0x3000c02ac0 appended=1
[fence] frame=38 acquire_fd=19 sequence=create-sync,glFlush,dup-fd,destroy-sync
[present] frame=38 result=0 errno=0 acquire_consumed=19 presentation_fd=16 release_fd=19
[stage] presentation fence
[fence] name=presentation fence fd=16 poll=1 revents=0x1 errno=0
[stage] release fence
[fence] name=release fence fd=19 poll=1 revents=0x1 errno=0
[timing] frame=38/120 serialized=1 diagnostic_not_fps=1 draw_ns=76457 native_fence_ns=8269328 present_ns=794475 presentation_wait_ns=1431233 release_wait_ns=423421
[frame] sequence=39/120 writer=gradient-draw phase=0.362205 viewport=720x720 gl_error=0x0
[frame] sequence=39/120 stage=native-fence-create-flush-dup
MESA: info: udroid Zink ownership-trace image_barrier_exec seq=118 threadToken=0x78ba94c8d0 res=0x30001dcc40 obj=0x30001dce50 image=0x30001d73b0 bo=0x30001dd250 batch=0x3000c252b0 batch_id=0 cmdbuf=0x3000c35c50 api=sync2 unsync=0 oldLayout=VK_IMAGE_LAYOUT_COLOR_ATTACHMENT_OPTIMAL newLayout=VK_IMAGE_LAYOUT_COLOR_ATTACHMENT_OPTIMAL oldQueue=FOREIGN(4294967293) afterEmitQueue=IGNORED(4294967295) gfxQueue=0 queue_import=1 completed=0 usage_matches=1 exportable=1 dt=(nil) dt_idx=4294967295 flags=0x180 pipeline=0x400
MESA: info: udroid Zink ownership-trace image_barrier_tracking seq=119 threadToken=0x78ba94c8d0 res=0x30001dcc40 obj=0x30001dce50 image=0x30001d73b0 bo=0x30001dd250 batch=0x3000c252b0 batch_id=0 layout=VK_IMAGE_LAYOUT_COLOR_ATTACHMENT_OPTIMAL queue=IGNORED(4294967295) exportable=1 dt=(nil) dt_idx=4294967295 dt_layout_updated=0 dmabuf_exports_checked=1 found=0 inserted=1 queue_import=1
MESA: info: udroid Zink ownership-trace image_barrier_queue_import_sem seq=120 threadToken=0x78ba94c8d0 res=0x30001dcc40 child=0x30001dcc40 obj=0x30001dce50 image=0x30001d73b0 bo=0x30001dd250 batch=0x3000c252b0 batch_id=0 sem=0x3000bdfbe0 appended=1
[fence] frame=39 acquire_fd=19 sequence=create-sync,glFlush,dup-fd,destroy-sync
[present] frame=39 result=0 errno=0 acquire_consumed=19 presentation_fd=16 release_fd=19
[stage] presentation fence
[fence] name=presentation fence fd=16 poll=1 revents=0x1 errno=0
[stage] release fence
[fence] name=release fence fd=19 poll=1 revents=0x1 errno=0
[timing] frame=39/120 serialized=1 diagnostic_not_fps=1 draw_ns=45532 native_fence_ns=6905844 present_ns=450846 presentation_wait_ns=1388916 release_wait_ns=524903
[frame] sequence=40/120 writer=gradient-draw phase=0.653543 viewport=720x720 gl_error=0x0
[frame] sequence=40/120 stage=native-fence-create-flush-dup
MESA: info: udroid Zink ownership-trace image_barrier_exec seq=121 threadToken=0x78ba94c8d0 res=0x30001dcc40 obj=0x30001dce50 image=0x30001d73b0 bo=0x30001dd250 batch=0x3000c47d50 batch_id=0 cmdbuf=0x3000c58510 api=sync2 unsync=0 oldLayout=VK_IMAGE_LAYOUT_COLOR_ATTACHMENT_OPTIMAL newLayout=VK_IMAGE_LAYOUT_COLOR_ATTACHMENT_OPTIMAL oldQueue=FOREIGN(4294967293) afterEmitQueue=IGNORED(4294967295) gfxQueue=0 queue_import=1 completed=0 usage_matches=1 exportable=1 dt=(nil) dt_idx=4294967295 flags=0x180 pipeline=0x400
MESA: info: udroid Zink ownership-trace image_barrier_tracking seq=122 threadToken=0x78ba94c8d0 res=0x30001dcc40 obj=0x30001dce50 image=0x30001d73b0 bo=0x30001dd250 batch=0x3000c47d50 batch_id=0 layout=VK_IMAGE_LAYOUT_COLOR_ATTACHMENT_OPTIMAL queue=IGNORED(4294967295) exportable=1 dt=(nil) dt_idx=4294967295 dt_layout_updated=0 dmabuf_exports_checked=1 found=0 inserted=1 queue_import=1
MESA: info: udroid Zink ownership-trace image_barrier_queue_import_sem seq=123 threadToken=0x78ba94c8d0 res=0x30001dcc40 child=0x30001dcc40 obj=0x30001dce50 image=0x30001d73b0 bo=0x30001dd250 batch=0x3000c47d50 batch_id=0 sem=0x3000bbd510 appended=1
[fence] frame=40 acquire_fd=19 sequence=create-sync,glFlush,dup-fd,destroy-sync
[present] frame=40 result=0 errno=0 acquire_consumed=19 presentation_fd=16 release_fd=19
[stage] presentation fence
[fence] name=presentation fence fd=16 poll=1 revents=0x1 errno=0
[stage] release fence
[fence] name=release fence fd=19 poll=1 revents=0x1 errno=0
[timing] frame=40/120 serialized=1 diagnostic_not_fps=1 draw_ns=85530 native_fence_ns=5793905 present_ns=624878 presentation_wait_ns=1444173 release_wait_ns=230876
[frame] sequence=41/120 writer=gradient-draw phase=0.944882 viewport=720x720 gl_error=0x0
[frame] sequence=41/120 stage=native-fence-create-flush-dup
MESA: info: udroid Zink ownership-trace image_barrier_exec seq=124 threadToken=0x78ba94c8d0 res=0x30001dcc40 obj=0x30001dce50 image=0x30001d73b0 bo=0x30001dd250 batch=0x3000c6a420 batch_id=0 cmdbuf=0x3000c7abe0 api=sync2 unsync=0 oldLayout=VK_IMAGE_LAYOUT_COLOR_ATTACHMENT_OPTIMAL newLayout=VK_IMAGE_LAYOUT_COLOR_ATTACHMENT_OPTIMAL oldQueue=FOREIGN(4294967293) afterEmitQueue=IGNORED(4294967295) gfxQueue=0 queue_import=1 completed=0 usage_matches=1 exportable=1 dt=(nil) dt_idx=4294967295 flags=0x180 pipeline=0x400
MESA: info: udroid Zink ownership-trace image_barrier_tracking seq=125 threadToken=0x78ba94c8d0 res=0x30001dcc40 obj=0x30001dce50 image=0x30001d73b0 bo=0x30001dd250 batch=0x3000c6a420 batch_id=0 layout=VK_IMAGE_LAYOUT_COLOR_ATTACHMENT_OPTIMAL queue=IGNORED(4294967295) exportable=1 dt=(nil) dt_idx=4294967295 dt_layout_updated=0 dmabuf_exports_checked=1 found=0 inserted=1 queue_import=1
MESA: info: udroid Zink ownership-trace image_barrier_queue_import_sem seq=126 threadToken=0x78ba94c8d0 res=0x30001dcc40 child=0x30001dcc40 obj=0x30001dce50 image=0x30001d73b0 bo=0x30001dd250 batch=0x3000c6a420 batch_id=0 sem=0x3000b9ae40 appended=1
[fence] frame=41 acquire_fd=19 sequence=create-sync,glFlush,dup-fd,destroy-sync
[present] frame=41 result=0 errno=0 acquire_consumed=19 presentation_fd=16 release_fd=19
[stage] presentation fence
[fence] name=presentation fence fd=16 poll=1 revents=0x1 errno=0
[stage] release fence
[fence] name=release fence fd=19 poll=1 revents=0x1 errno=0
[timing] frame=41/120 serialized=1 diagnostic_not_fps=1 draw_ns=40731 native_fence_ns=4720419 present_ns=504842 presentation_wait_ns=2234253 release_wait_ns=376994
[frame] sequence=42/120 writer=gradient-draw phase=0.236220 viewport=720x720 gl_error=0x0
[frame] sequence=42/120 stage=native-fence-create-flush-dup
MESA: info: udroid Zink ownership-trace image_barrier_exec seq=127 threadToken=0x78ba94c8d0 res=0x30001dcc40 obj=0x30001dce50 image=0x30001d73b0 bo=0x30001dd250 batch=0x3000c8caf0 batch_id=0 cmdbuf=0x3000c9d2b0 api=sync2 unsync=0 oldLayout=VK_IMAGE_LAYOUT_COLOR_ATTACHMENT_OPTIMAL newLayout=VK_IMAGE_LAYOUT_COLOR_ATTACHMENT_OPTIMAL oldQueue=FOREIGN(4294967293) afterEmitQueue=IGNORED(4294967295) gfxQueue=0 queue_import=1 completed=0 usage_matches=1 exportable=1 dt=(nil) dt_idx=4294967295 flags=0x180 pipeline=0x400
MESA: info: udroid Zink ownership-trace image_barrier_tracking seq=128 threadToken=0x78ba94c8d0 res=0x30001dcc40 obj=0x30001dce50 image=0x30001d73b0 bo=0x30001dd250 batch=0x3000c8caf0 batch_id=0 layout=VK_IMAGE_LAYOUT_COLOR_ATTACHMENT_OPTIMAL queue=IGNORED(4294967295) exportable=1 dt=(nil) dt_idx=4294967295 dt_layout_updated=0 dmabuf_exports_checked=1 found=0 inserted=1 queue_import=1
[fence] frame=42 acquire_fd=19 sequence=create-sync,glFlush,dup-fd,destroy-sync
[present] frame=42 result=0 errno=0 acquire_consumed=19 presentation_fd=16 release_fd=19
[stage] presentation fence
[fence] name=presentation fence fd=16 poll=1 revents=0x1 errno=0
[stage] release fence
[fence] name=release fence fd=19 poll=1 revents=0x1 errno=0
[timing] frame=42/120 serialized=1 diagnostic_not_fps=1 draw_ns=56966 native_fence_ns=6107544 present_ns=539266 presentation_wait_ns=1489828 release_wait_ns=171997
[frame] sequence=43/120 writer=gradient-draw phase=0.527559 viewport=720x720 gl_error=0x0
[frame] sequence=43/120 stage=native-fence-create-flush-dup
[fence] frame=43 acquire_fd=19 sequence=create-sync,glFlush,dup-fd,destroy-sync
[present] frame=43 result=0 errno=0 acquire_consumed=19 presentation_fd=16 release_fd=19
[stage] presentation fence
[fence] name=presentation fence fd=16 poll=1 revents=0x1 errno=0
[stage] release fence
[fence] name=release fence fd=19 poll=1 revents=0x1 errno=0
[timing] frame=43/120 serialized=1 diagnostic_not_fps=1 draw_ns=39225 native_fence_ns=5572916 present_ns=559530 presentation_wait_ns=1376790 release_wait_ns=778157
[frame] sequence=44/120 writer=gradient-draw phase=0.818898 viewport=720x720 gl_error=0x0
[frame] sequence=44/120 stage=native-fence-create-flush-dup
[fence] frame=44 acquire_fd=19 sequence=create-sync,glFlush,dup-fd,destroy-sync
[present] frame=44 result=0 errno=0 acquire_consumed=19 presentation_fd=16 release_fd=19
[stage] presentation fence
[fence] name=presentation fence fd=16 poll=1 revents=0x1 errno=0
[stage] release fence
[fence] name=release fence fd=19 poll=1 revents=0x1 errno=0
[timing] frame=44/120 serialized=1 diagnostic_not_fps=1 draw_ns=42155 native_fence_ns=5649089 present_ns=486816 presentation_wait_ns=1380208 release_wait_ns=214315
[frame] sequence=45/120 writer=gradient-draw phase=0.110236 viewport=720x720 gl_error=0x0
[frame] sequence=45/120 stage=native-fence-create-flush-dup
[fence] frame=45 acquire_fd=19 sequence=create-sync,glFlush,dup-fd,destroy-sync
[present] frame=45 result=0 errno=0 acquire_consumed=19 presentation_fd=16 release_fd=19
[stage] presentation fence
[fence] name=presentation fence fd=16 poll=1 revents=0x1 errno=0
[stage] release fence
[fence] name=release fence fd=19 poll=1 revents=0x1 errno=0
[timing] frame=45/120 serialized=1 diagnostic_not_fps=1 draw_ns=42399 native_fence_ns=4842366 present_ns=459107 presentation_wait_ns=1375651 release_wait_ns=302856
[frame] sequence=46/120 writer=gradient-draw phase=0.401575 viewport=720x720 gl_error=0x0
[frame] sequence=46/120 stage=native-fence-create-flush-dup
[fence] frame=46 acquire_fd=19 sequence=create-sync,glFlush,dup-fd,destroy-sync
[present] frame=46 result=0 errno=0 acquire_consumed=19 presentation_fd=16 release_fd=19
[stage] presentation fence
[fence] name=presentation fence fd=16 poll=1 revents=0x1 errno=0
[stage] release fence
[fence] name=release fence fd=19 poll=1 revents=0x1 errno=0
[timing] frame=46/120 serialized=1 diagnostic_not_fps=1 draw_ns=86711 native_fence_ns=5696940 present_ns=642212 presentation_wait_ns=1393433 release_wait_ns=288208
[frame] sequence=47/120 writer=gradient-draw phase=0.692913 viewport=720x720 gl_error=0x0
[frame] sequence=47/120 stage=native-fence-create-flush-dup
[fence] frame=47 acquire_fd=19 sequence=create-sync,glFlush,dup-fd,destroy-sync
[present] frame=47 result=0 errno=0 acquire_consumed=19 presentation_fd=16 release_fd=19
[stage] presentation fence
[fence] name=presentation fence fd=16 poll=1 revents=0x1 errno=0
[stage] release fence
[fence] name=release fence fd=19 poll=1 revents=0x1 errno=0
[timing] frame=47/120 serialized=1 diagnostic_not_fps=1 draw_ns=35401 native_fence_ns=5235962 present_ns=647705 presentation_wait_ns=1902384 release_wait_ns=845215
[frame] sequence=48/120 writer=gradient-draw phase=0.984252 viewport=720x720 gl_error=0x0
[frame] sequence=48/120 stage=native-fence-create-flush-dup
[fence] frame=48 acquire_fd=19 sequence=create-sync,glFlush,dup-fd,destroy-sync
[present] frame=48 result=0 errno=0 acquire_consumed=19 presentation_fd=16 release_fd=19
[stage] presentation fence
[fence] name=presentation fence fd=16 poll=1 revents=0x1 errno=0
[stage] release fence
[fence] name=release fence fd=19 poll=1 revents=0x1 errno=0
[timing] frame=48/120 serialized=1 diagnostic_not_fps=1 draw_ns=115845 native_fence_ns=7655843 present_ns=910725 presentation_wait_ns=1900310 release_wait_ns=1064575
[frame] sequence=49/120 writer=gradient-draw phase=0.275591 viewport=720x720 gl_error=0x0
[frame] sequence=49/120 stage=native-fence-create-flush-dup
[fence] frame=49 acquire_fd=19 sequence=create-sync,glFlush,dup-fd,destroy-sync
[present] frame=49 result=0 errno=0 acquire_consumed=19 presentation_fd=16 release_fd=19
[stage] presentation fence
[fence] name=presentation fence fd=16 poll=1 revents=0x1 errno=0
[stage] release fence
[fence] name=release fence fd=19 poll=1 revents=0x1 errno=0
[timing] frame=49/120 serialized=1 diagnostic_not_fps=1 draw_ns=57657 native_fence_ns=7534017 present_ns=725952 presentation_wait_ns=1983562 release_wait_ns=765015
[frame] sequence=50/120 writer=gradient-draw phase=0.566929 viewport=720x720 gl_error=0x0
[frame] sequence=50/120 stage=native-fence-create-flush-dup
[fence] frame=50 acquire_fd=19 sequence=create-sync,glFlush,dup-fd,destroy-sync
[present] frame=50 result=0 errno=0 acquire_consumed=19 presentation_fd=16 release_fd=19
[stage] presentation fence
[fence] name=presentation fence fd=16 poll=1 revents=0x1 errno=0
[stage] release fence
[fence] name=release fence fd=19 poll=1 revents=0x1 errno=0
[timing] frame=50/120 serialized=1 diagnostic_not_fps=1 draw_ns=101521 native_fence_ns=41990072 present_ns=1022705 presentation_wait_ns=2780803 release_wait_ns=554769
[frame] sequence=51/120 writer=gradient-draw phase=0.858268 viewport=720x720 gl_error=0x0
[frame] sequence=51/120 stage=native-fence-create-flush-dup
[fence] frame=51 acquire_fd=19 sequence=create-sync,glFlush,dup-fd,destroy-sync
[present] frame=51 result=0 errno=0 acquire_consumed=19 presentation_fd=16 release_fd=19
[stage] presentation fence
[fence] name=presentation fence fd=16 poll=1 revents=0x1 errno=0
[stage] release fence
[fence] name=release fence fd=19 poll=1 revents=0x1 errno=0
[timing] frame=51/120 serialized=1 diagnostic_not_fps=1 draw_ns=202637 native_fence_ns=6621175 present_ns=905111 presentation_wait_ns=2528524 release_wait_ns=991821
[frame] sequence=52/120 writer=gradient-draw phase=0.149606 viewport=720x720 gl_error=0x0
[frame] sequence=52/120 stage=native-fence-create-flush-dup
[fence] frame=52 acquire_fd=19 sequence=create-sync,glFlush,dup-fd,destroy-sync
[present] frame=52 result=0 errno=0 acquire_consumed=19 presentation_fd=16 release_fd=19
[stage] presentation fence
[fence] name=presentation fence fd=16 poll=1 revents=0x1 errno=0
[stage] release fence
[fence] name=release fence fd=19 poll=1 revents=0x1 errno=0
[timing] frame=52/120 serialized=1 diagnostic_not_fps=1 draw_ns=53752 native_fence_ns=9226155 present_ns=1277059 presentation_wait_ns=8461548 release_wait_ns=608846
[frame] sequence=53/120 writer=gradient-draw phase=0.440945 viewport=720x720 gl_error=0x0
[frame] sequence=53/120 stage=native-fence-create-flush-dup
[fence] frame=53 acquire_fd=19 sequence=create-sync,glFlush,dup-fd,destroy-sync
[present] frame=53 result=0 errno=0 acquire_consumed=19 presentation_fd=16 release_fd=19
[stage] presentation fence
[fence] name=presentation fence fd=16 poll=1 revents=0x1 errno=0
[stage] release fence
[fence] name=release fence fd=19 poll=1 revents=0x1 errno=0
[timing] frame=53/120 serialized=1 diagnostic_not_fps=1 draw_ns=159668 native_fence_ns=15469361 present_ns=1149821 presentation_wait_ns=2963338 release_wait_ns=782634
[frame] sequence=54/120 writer=gradient-draw phase=0.732283 viewport=720x720 gl_error=0x0
[frame] sequence=54/120 stage=native-fence-create-flush-dup
[fence] frame=54 acquire_fd=19 sequence=create-sync,glFlush,dup-fd,destroy-sync
[present] frame=54 result=0 errno=0 acquire_consumed=19 presentation_fd=16 release_fd=19
[stage] presentation fence
[fence] name=presentation fence fd=16 poll=1 revents=0x1 errno=0
[stage] release fence
[fence] name=release fence fd=19 poll=1 revents=0x1 errno=0
[timing] frame=54/120 serialized=1 diagnostic_not_fps=1 draw_ns=53589 native_fence_ns=9957601 present_ns=1313151 presentation_wait_ns=3701131 release_wait_ns=929200
[frame] sequence=55/120 writer=gradient-draw phase=0.023622 viewport=720x720 gl_error=0x0
[frame] sequence=55/120 stage=native-fence-create-flush-dup
[fence] frame=55 acquire_fd=19 sequence=create-sync,glFlush,dup-fd,destroy-sync
[present] frame=55 result=0 errno=0 acquire_consumed=19 presentation_fd=16 release_fd=19
[stage] presentation fence
[fence] name=presentation fence fd=16 poll=1 revents=0x1 errno=0
[stage] release fence
[fence] name=release fence fd=19 poll=1 revents=0x1 errno=0
[timing] frame=55/120 serialized=1 diagnostic_not_fps=1 draw_ns=56681 native_fence_ns=9506429 present_ns=1310099 presentation_wait_ns=3704590 release_wait_ns=851562
[frame] sequence=56/120 writer=gradient-draw phase=0.314961 viewport=720x720 gl_error=0x0
[frame] sequence=56/120 stage=native-fence-create-flush-dup
[fence] frame=56 acquire_fd=19 sequence=create-sync,glFlush,dup-fd,destroy-sync
[present] frame=56 result=0 errno=0 acquire_consumed=19 presentation_fd=16 release_fd=19
[stage] presentation fence
[fence] name=presentation fence fd=16 poll=1 revents=0x1 errno=0
[stage] release fence
[fence] name=release fence fd=19 poll=1 revents=0x1 errno=0
[timing] frame=56/120 serialized=1 diagnostic_not_fps=1 draw_ns=54891 native_fence_ns=10323812 present_ns=1678548 presentation_wait_ns=2098795 release_wait_ns=1878825
[frame] sequence=57/120 writer=gradient-draw phase=0.606299 viewport=720x720 gl_error=0x0
[frame] sequence=57/120 stage=native-fence-create-flush-dup
[fence] frame=57 acquire_fd=19 sequence=create-sync,glFlush,dup-fd,destroy-sync
[present] frame=57 result=0 errno=0 acquire_consumed=19 presentation_fd=16 release_fd=19
[stage] presentation fence
[fence] name=presentation fence fd=16 poll=1 revents=0x1 errno=0
[stage] release fence
[fence] name=release fence fd=19 poll=1 revents=0x1 errno=0
[timing] frame=57/120 serialized=1 diagnostic_not_fps=1 draw_ns=64737 native_fence_ns=10034831 present_ns=2012574 presentation_wait_ns=2198527 release_wait_ns=427083
[frame] sequence=58/120 writer=gradient-draw phase=0.897638 viewport=720x720 gl_error=0x0
[frame] sequence=58/120 stage=native-fence-create-flush-dup
[fence] frame=58 acquire_fd=19 sequence=create-sync,glFlush,dup-fd,destroy-sync
[present] frame=58 result=0 errno=0 acquire_consumed=19 presentation_fd=16 release_fd=19
[stage] presentation fence
[fence] name=presentation fence fd=16 poll=1 revents=0x1 errno=0
[stage] release fence
[fence] name=release fence fd=19 poll=1 revents=0x1 errno=0
[timing] frame=58/120 serialized=1 diagnostic_not_fps=1 draw_ns=62826 native_fence_ns=12488484 present_ns=1165568 presentation_wait_ns=3131022 release_wait_ns=593668
[frame] sequence=59/120 writer=gradient-draw phase=0.188976 viewport=720x720 gl_error=0x0
[frame] sequence=59/120 stage=native-fence-create-flush-dup
[fence] frame=59 acquire_fd=19 sequence=create-sync,glFlush,dup-fd,destroy-sync
[present] frame=59 result=0 errno=0 acquire_consumed=19 presentation_fd=16 release_fd=19
[stage] presentation fence
[fence] name=presentation fence fd=16 poll=1 revents=0x1 errno=0
[stage] release fence
[fence] name=release fence fd=19 poll=1 revents=0x1 errno=0
[timing] frame=59/120 serialized=1 diagnostic_not_fps=1 draw_ns=321289 native_fence_ns=9244832 present_ns=1173502 presentation_wait_ns=3153850 release_wait_ns=1026367
[frame] sequence=60/120 writer=gradient-draw phase=0.480315 viewport=720x720 gl_error=0x0
[frame] sequence=60/120 stage=native-fence-create-flush-dup
[fence] frame=60 acquire_fd=19 sequence=create-sync,glFlush,dup-fd,destroy-sync
[present] frame=60 result=0 errno=0 acquire_consumed=19 presentation_fd=16 release_fd=19
[stage] presentation fence
[fence] name=presentation fence fd=16 poll=1 revents=0x1 errno=0
[stage] release fence
[fence] name=release fence fd=19 poll=1 revents=0x1 errno=0
[timing] frame=60/120 serialized=1 diagnostic_not_fps=1 draw_ns=53833 native_fence_ns=9297363 present_ns=1059204 presentation_wait_ns=2811767 release_wait_ns=647990
[frame] sequence=61/120 writer=gradient-draw phase=0.771654 viewport=720x720 gl_error=0x0
[frame] sequence=61/120 stage=native-fence-create-flush-dup
[fence] frame=61 acquire_fd=19 sequence=create-sync,glFlush,dup-fd,destroy-sync
[present] frame=61 result=0 errno=0 acquire_consumed=19 presentation_fd=16 release_fd=19
[stage] presentation fence
[fence] name=presentation fence fd=16 poll=1 revents=0x1 errno=0
[stage] release fence
[fence] name=release fence fd=19 poll=1 revents=0x1 errno=0
[timing] frame=61/120 serialized=1 diagnostic_not_fps=1 draw_ns=92081 native_fence_ns=9636230 present_ns=1609334 presentation_wait_ns=4329956 release_wait_ns=217001
[frame] sequence=62/120 writer=gradient-draw phase=0.062992 viewport=720x720 gl_error=0x0
[frame] sequence=62/120 stage=native-fence-create-flush-dup
[fence] frame=62 acquire_fd=19 sequence=create-sync,glFlush,dup-fd,destroy-sync
[present] frame=62 result=0 errno=0 acquire_consumed=19 presentation_fd=16 release_fd=19
[stage] presentation fence
[fence] name=presentation fence fd=16 poll=1 revents=0x1 errno=0
[stage] release fence
[fence] name=release fence fd=19 poll=1 revents=0x1 errno=0
[timing] frame=62/120 serialized=1 diagnostic_not_fps=1 draw_ns=53874 native_fence_ns=12152466 present_ns=2070638 presentation_wait_ns=1557251 release_wait_ns=286621
[frame] sequence=63/120 writer=gradient-draw phase=0.354331 viewport=720x720 gl_error=0x0
[frame] sequence=63/120 stage=native-fence-create-flush-dup
[fence] frame=63 acquire_fd=19 sequence=create-sync,glFlush,dup-fd,destroy-sync
[present] frame=63 result=0 errno=0 acquire_consumed=19 presentation_fd=16 release_fd=19
[stage] presentation fence
[fence] name=presentation fence fd=16 poll=1 revents=0x1 errno=0
[stage] release fence
[fence] name=release fence fd=19 poll=1 revents=0x1 errno=0
[timing] frame=63/120 serialized=1 diagnostic_not_fps=1 draw_ns=49804 native_fence_ns=10499389 present_ns=1648397 presentation_wait_ns=2038249 release_wait_ns=508749
[frame] sequence=64/120 writer=gradient-draw phase=0.645669 viewport=720x720 gl_error=0x0
[frame] sequence=64/120 stage=native-fence-create-flush-dup
[fence] frame=64 acquire_fd=19 sequence=create-sync,glFlush,dup-fd,destroy-sync
[present] frame=64 result=0 errno=0 acquire_consumed=19 presentation_fd=16 release_fd=19
[stage] presentation fence
[fence] name=presentation fence fd=16 poll=1 revents=0x1 errno=0
[stage] release fence
[fence] name=release fence fd=19 poll=1 revents=0x1 errno=0
[timing] frame=64/120 serialized=1 diagnostic_not_fps=1 draw_ns=44759 native_fence_ns=13898031 present_ns=3288818 presentation_wait_ns=1150228 release_wait_ns=417888
[frame] sequence=65/120 writer=gradient-draw phase=0.937008 viewport=720x720 gl_error=0x0
[frame] sequence=65/120 stage=native-fence-create-flush-dup
[fence] frame=65 acquire_fd=19 sequence=create-sync,glFlush,dup-fd,destroy-sync
[present] frame=65 result=0 errno=0 acquire_consumed=19 presentation_fd=16 release_fd=19
[stage] presentation fence
[fence] name=presentation fence fd=16 poll=1 revents=0x1 errno=0
[stage] release fence
[fence] name=release fence fd=19 poll=1 revents=0x1 errno=0
[timing] frame=65/120 serialized=1 diagnostic_not_fps=1 draw_ns=56600 native_fence_ns=6811157 present_ns=1485514 presentation_wait_ns=1908732 release_wait_ns=996785
[frame] sequence=66/120 writer=gradient-draw phase=0.228346 viewport=720x720 gl_error=0x0
[frame] sequence=66/120 stage=native-fence-create-flush-dup
[fence] frame=66 acquire_fd=19 sequence=create-sync,glFlush,dup-fd,destroy-sync
[present] frame=66 result=0 errno=0 acquire_consumed=19 presentation_fd=16 release_fd=19
[stage] presentation fence
[fence] name=presentation fence fd=16 poll=1 revents=0x1 errno=0
[stage] release fence
[fence] name=release fence fd=19 poll=1 revents=0x1 errno=0
[timing] frame=66/120 serialized=1 diagnostic_not_fps=1 draw_ns=49072 native_fence_ns=12129883 present_ns=2268107 presentation_wait_ns=1453450 release_wait_ns=447103
[frame] sequence=67/120 writer=gradient-draw phase=0.519685 viewport=720x720 gl_error=0x0
[frame] sequence=67/120 stage=native-fence-create-flush-dup
[fence] frame=67 acquire_fd=19 sequence=create-sync,glFlush,dup-fd,destroy-sync
[present] frame=67 result=0 errno=0 acquire_consumed=19 presentation_fd=16 release_fd=19
[stage] presentation fence
[fence] name=presentation fence fd=16 poll=1 revents=0x1 errno=0
[stage] release fence
[fence] name=release fence fd=19 poll=1 revents=0x1 errno=0
[timing] frame=67/120 serialized=1 diagnostic_not_fps=1 draw_ns=58472 native_fence_ns=9359049 present_ns=1048055 presentation_wait_ns=3520223 release_wait_ns=479737
[frame] sequence=68/120 writer=gradient-draw phase=0.811024 viewport=720x720 gl_error=0x0
[frame] sequence=68/120 stage=native-fence-create-flush-dup
[fence] frame=68 acquire_fd=19 sequence=create-sync,glFlush,dup-fd,destroy-sync
[present] frame=68 result=0 errno=0 acquire_consumed=19 presentation_fd=16 release_fd=19
[stage] presentation fence
[fence] name=presentation fence fd=16 poll=1 revents=0x1 errno=0
[stage] release fence
[fence] name=release fence fd=19 poll=1 revents=0x1 errno=0
[timing] frame=68/120 serialized=1 diagnostic_not_fps=1 draw_ns=50008 native_fence_ns=14518066 present_ns=1678344 presentation_wait_ns=1621094 release_wait_ns=218343
[frame] sequence=69/120 writer=gradient-draw phase=0.102362 viewport=720x720 gl_error=0x0
[frame] sequence=69/120 stage=native-fence-create-flush-dup
[fence] frame=69 acquire_fd=19 sequence=create-sync,glFlush,dup-fd,destroy-sync
[present] frame=69 result=0 errno=0 acquire_consumed=19 presentation_fd=16 release_fd=19
[stage] presentation fence
[fence] name=presentation fence fd=16 poll=1 revents=0x1 errno=0
[stage] release fence
[fence] name=release fence fd=19 poll=1 revents=0x1 errno=0
[timing] frame=69/120 serialized=1 diagnostic_not_fps=1 draw_ns=51717 native_fence_ns=6025635 present_ns=909464 presentation_wait_ns=1115764 release_wait_ns=1119873
[frame] sequence=70/120 writer=gradient-draw phase=0.393701 viewport=720x720 gl_error=0x0
[frame] sequence=70/120 stage=native-fence-create-flush-dup
[fence] frame=70 acquire_fd=19 sequence=create-sync,glFlush,dup-fd,destroy-sync
[present] frame=70 result=0 errno=0 acquire_consumed=19 presentation_fd=16 release_fd=19
[stage] presentation fence
[fence] name=presentation fence fd=16 poll=1 revents=0x1 errno=0
[stage] release fence
[fence] name=release fence fd=19 poll=1 revents=0x1 errno=0
[timing] frame=70/120 serialized=1 diagnostic_not_fps=1 draw_ns=41341 native_fence_ns=13868205 present_ns=2001627 presentation_wait_ns=2080159 release_wait_ns=1427246
[frame] sequence=71/120 writer=gradient-draw phase=0.685039 viewport=720x720 gl_error=0x0
[frame] sequence=71/120 stage=native-fence-create-flush-dup
[fence] frame=71 acquire_fd=19 sequence=create-sync,glFlush,dup-fd,destroy-sync
[present] frame=71 result=0 errno=0 acquire_consumed=19 presentation_fd=16 release_fd=19
[stage] presentation fence
[fence] name=presentation fence fd=16 poll=1 revents=0x1 errno=0
[stage] release fence
[fence] name=release fence fd=19 poll=1 revents=0x1 errno=0
[timing] frame=71/120 serialized=1 diagnostic_not_fps=1 draw_ns=44840 native_fence_ns=10800537 present_ns=1749186 presentation_wait_ns=1203857 release_wait_ns=642130
[frame] sequence=72/120 writer=gradient-draw phase=0.976378 viewport=720x720 gl_error=0x0
[frame] sequence=72/120 stage=native-fence-create-flush-dup
[fence] frame=72 acquire_fd=19 sequence=create-sync,glFlush,dup-fd,destroy-sync
[present] frame=72 result=0 errno=0 acquire_consumed=19 presentation_fd=16 release_fd=19
[stage] presentation fence
[fence] name=presentation fence fd=16 poll=1 revents=0x1 errno=0
[stage] release fence
[fence] name=release fence fd=19 poll=1 revents=0x1 errno=0
[timing] frame=72/120 serialized=1 diagnostic_not_fps=1 draw_ns=33813 native_fence_ns=10134929 present_ns=784301 presentation_wait_ns=813843 release_wait_ns=471110
[frame] sequence=73/120 writer=gradient-draw phase=0.267717 viewport=720x720 gl_error=0x0
[frame] sequence=73/120 stage=native-fence-create-flush-dup
[fence] frame=73 acquire_fd=19 sequence=create-sync,glFlush,dup-fd,destroy-sync
[present] frame=73 result=0 errno=0 acquire_consumed=19 presentation_fd=16 release_fd=19
[stage] presentation fence
[fence] name=presentation fence fd=16 poll=1 revents=0x1 errno=0
[stage] release fence
[fence] name=release fence fd=19 poll=1 revents=0x1 errno=0
[timing] frame=73/120 serialized=1 diagnostic_not_fps=1 draw_ns=25716 native_fence_ns=6851522 present_ns=789225 presentation_wait_ns=1457194 release_wait_ns=138427
[frame] sequence=74/120 writer=gradient-draw phase=0.559055 viewport=720x720 gl_error=0x0
[frame] sequence=74/120 stage=native-fence-create-flush-dup
[fence] frame=74 acquire_fd=19 sequence=create-sync,glFlush,dup-fd,destroy-sync
[present] frame=74 result=0 errno=0 acquire_consumed=19 presentation_fd=16 release_fd=19
[stage] presentation fence
[fence] name=presentation fence fd=16 poll=1 revents=0x1 errno=0
[stage] release fence
[fence] name=release fence fd=19 poll=1 revents=0x1 errno=0
[timing] frame=74/120 serialized=1 diagnostic_not_fps=1 draw_ns=34993 native_fence_ns=6659830 present_ns=874389 presentation_wait_ns=973430 release_wait_ns=590128
[frame] sequence=75/120 writer=gradient-draw phase=0.850394 viewport=720x720 gl_error=0x0
[frame] sequence=75/120 stage=native-fence-create-flush-dup
[fence] frame=75 acquire_fd=19 sequence=create-sync,glFlush,dup-fd,destroy-sync
[present] frame=75 result=0 errno=0 acquire_consumed=19 presentation_fd=16 release_fd=19
[stage] presentation fence
[fence] name=presentation fence fd=16 poll=1 revents=0x1 errno=0
[stage] release fence
[fence] name=release fence fd=19 poll=1 revents=0x1 errno=0
[timing] frame=75/120 serialized=1 diagnostic_not_fps=1 draw_ns=37801 native_fence_ns=26230957 present_ns=1192464 presentation_wait_ns=1526937 release_wait_ns=104451
[frame] sequence=76/120 writer=gradient-draw phase=0.141732 viewport=720x720 gl_error=0x0
[frame] sequence=76/120 stage=native-fence-create-flush-dup
[fence] frame=76 acquire_fd=19 sequence=create-sync,glFlush,dup-fd,destroy-sync
[present] frame=76 result=0 errno=0 acquire_consumed=19 presentation_fd=16 release_fd=19
[stage] presentation fence
[fence] name=presentation fence fd=16 poll=1 revents=0x1 errno=0
[stage] release fence
[fence] name=release fence fd=19 poll=1 revents=0x1 errno=0
[timing] frame=76/120 serialized=1 diagnostic_not_fps=1 draw_ns=49805 native_fence_ns=5982829 present_ns=1197428 presentation_wait_ns=1666463 release_wait_ns=202799
[frame] sequence=77/120 writer=gradient-draw phase=0.433071 viewport=720x720 gl_error=0x0
[frame] sequence=77/120 stage=native-fence-create-flush-dup
[fence] frame=77 acquire_fd=19 sequence=create-sync,glFlush,dup-fd,destroy-sync
[present] frame=77 result=0 errno=0 acquire_consumed=19 presentation_fd=16 release_fd=19
[stage] presentation fence
[fence] name=presentation fence fd=16 poll=1 revents=0x1 errno=0
[stage] release fence
[fence] name=release fence fd=19 poll=1 revents=0x1 errno=0
[timing] frame=77/120 serialized=1 diagnostic_not_fps=1 draw_ns=35360 native_fence_ns=5421142 present_ns=1100952 presentation_wait_ns=1300618 release_wait_ns=503093
[frame] sequence=78/120 writer=gradient-draw phase=0.724409 viewport=720x720 gl_error=0x0
[frame] sequence=78/120 stage=native-fence-create-flush-dup
[fence] frame=78 acquire_fd=19 sequence=create-sync,glFlush,dup-fd,destroy-sync
[present] frame=78 result=0 errno=0 acquire_consumed=19 presentation_fd=16 release_fd=19
[stage] presentation fence
[fence] name=presentation fence fd=16 poll=1 revents=0x1 errno=0
[stage] release fence
[fence] name=release fence fd=19 poll=1 revents=0x1 errno=0
[timing] frame=78/120 serialized=1 diagnostic_not_fps=1 draw_ns=34668 native_fence_ns=5192016 present_ns=1265096 presentation_wait_ns=1121053 release_wait_ns=240356
[frame] sequence=79/120 writer=gradient-draw phase=0.015748 viewport=720x720 gl_error=0x0
[frame] sequence=79/120 stage=native-fence-create-flush-dup
[fence] frame=79 acquire_fd=19 sequence=create-sync,glFlush,dup-fd,destroy-sync
[present] frame=79 result=0 errno=0 acquire_consumed=19 presentation_fd=16 release_fd=19
[stage] presentation fence
[fence] name=presentation fence fd=16 poll=1 revents=0x1 errno=0
[stage] release fence
[fence] name=release fence fd=19 poll=1 revents=0x1 errno=0
[timing] frame=79/120 serialized=1 diagnostic_not_fps=1 draw_ns=35889 native_fence_ns=8502848 present_ns=1977376 presentation_wait_ns=1861044 release_wait_ns=490194
[frame] sequence=80/120 writer=gradient-draw phase=0.307087 viewport=720x720 gl_error=0x0
[frame] sequence=80/120 stage=native-fence-create-flush-dup
[fence] frame=80 acquire_fd=19 sequence=create-sync,glFlush,dup-fd,destroy-sync
[present] frame=80 result=0 errno=0 acquire_consumed=19 presentation_fd=16 release_fd=19
[stage] presentation fence
[fence] name=presentation fence fd=16 poll=1 revents=0x1 errno=0
[stage] release fence
[fence] name=release fence fd=19 poll=1 revents=0x1 errno=0
[timing] frame=80/120 serialized=1 diagnostic_not_fps=1 draw_ns=44800 native_fence_ns=14016520 present_ns=949056 presentation_wait_ns=1410075 release_wait_ns=213257
[frame] sequence=81/120 writer=gradient-draw phase=0.598425 viewport=720x720 gl_error=0x0
[frame] sequence=81/120 stage=native-fence-create-flush-dup
[fence] frame=81 acquire_fd=19 sequence=create-sync,glFlush,dup-fd,destroy-sync
[present] frame=81 result=0 errno=0 acquire_consumed=19 presentation_fd=16 release_fd=19
[stage] presentation fence
[fence] name=presentation fence fd=16 poll=1 revents=0x1 errno=0
[stage] release fence
[fence] name=release fence fd=19 poll=1 revents=0x1 errno=0
[timing] frame=81/120 serialized=1 diagnostic_not_fps=1 draw_ns=104777 native_fence_ns=8761190 present_ns=1836914 presentation_wait_ns=1687093 release_wait_ns=246623
[frame] sequence=82/120 writer=gradient-draw phase=0.889764 viewport=720x720 gl_error=0x0
[frame] sequence=82/120 stage=native-fence-create-flush-dup
[fence] frame=82 acquire_fd=19 sequence=create-sync,glFlush,dup-fd,destroy-sync
[present] frame=82 result=0 errno=0 acquire_consumed=19 presentation_fd=16 release_fd=19
[stage] presentation fence
[fence] name=presentation fence fd=16 poll=1 revents=0x1 errno=0
[stage] release fence
[fence] name=release fence fd=19 poll=1 revents=0x1 errno=0
[timing] frame=82/120 serialized=1 diagnostic_not_fps=1 draw_ns=91797 native_fence_ns=8093261 present_ns=1676228 presentation_wait_ns=1515991 release_wait_ns=445882
[frame] sequence=83/120 writer=gradient-draw phase=0.181102 viewport=720x720 gl_error=0x0
[frame] sequence=83/120 stage=native-fence-create-flush-dup
[fence] frame=83 acquire_fd=19 sequence=create-sync,glFlush,dup-fd,destroy-sync
[present] frame=83 result=0 errno=0 acquire_consumed=19 presentation_fd=16 release_fd=19
[stage] presentation fence
[fence] name=presentation fence fd=16 poll=1 revents=0x1 errno=0
[stage] release fence
[fence] name=release fence fd=19 poll=1 revents=0x1 errno=0
[timing] frame=83/120 serialized=1 diagnostic_not_fps=1 draw_ns=88297 native_fence_ns=5171915 present_ns=838176 presentation_wait_ns=940593 release_wait_ns=443400
[frame] sequence=84/120 writer=gradient-draw phase=0.472441 viewport=720x720 gl_error=0x0
[frame] sequence=84/120 stage=native-fence-create-flush-dup
[fence] frame=84 acquire_fd=19 sequence=create-sync,glFlush,dup-fd,destroy-sync
[present] frame=84 result=0 errno=0 acquire_consumed=19 presentation_fd=16 release_fd=19
[stage] presentation fence
[fence] name=presentation fence fd=16 poll=1 revents=0x1 errno=0
[stage] release fence
[fence] name=release fence fd=19 poll=1 revents=0x1 errno=0
[timing] frame=84/120 serialized=1 diagnostic_not_fps=1 draw_ns=32756 native_fence_ns=7379802 present_ns=1283285 presentation_wait_ns=904989 release_wait_ns=253377
[frame] sequence=85/120 writer=gradient-draw phase=0.763780 viewport=720x720 gl_error=0x0
[frame] sequence=85/120 stage=native-fence-create-flush-dup
[fence] frame=85 acquire_fd=19 sequence=create-sync,glFlush,dup-fd,destroy-sync
[present] frame=85 result=0 errno=0 acquire_consumed=19 presentation_fd=16 release_fd=19
[stage] presentation fence
[fence] name=presentation fence fd=16 poll=1 revents=0x1 errno=0
[stage] release fence
[fence] name=release fence fd=19 poll=1 revents=0x1 errno=0
[timing] frame=85/120 serialized=1 diagnostic_not_fps=1 draw_ns=46509 native_fence_ns=4677491 present_ns=943766 presentation_wait_ns=1110148 release_wait_ns=343018
[frame] sequence=86/120 writer=gradient-draw phase=0.055118 viewport=720x720 gl_error=0x0
[frame] sequence=86/120 stage=native-fence-create-flush-dup
[fence] frame=86 acquire_fd=19 sequence=create-sync,glFlush,dup-fd,destroy-sync
[present] frame=86 result=0 errno=0 acquire_consumed=19 presentation_fd=16 release_fd=19
[stage] presentation fence
[fence] name=presentation fence fd=16 poll=1 revents=0x1 errno=0
[stage] release fence
[fence] name=release fence fd=19 poll=1 revents=0x1 errno=0
[timing] frame=86/120 serialized=1 diagnostic_not_fps=1 draw_ns=68116 native_fence_ns=4178263 present_ns=1708781 presentation_wait_ns=625651 release_wait_ns=185547
[frame] sequence=87/120 writer=gradient-draw phase=0.346457 viewport=720x720 gl_error=0x0
[frame] sequence=87/120 stage=native-fence-create-flush-dup
[fence] frame=87 acquire_fd=19 sequence=create-sync,glFlush,dup-fd,destroy-sync
[present] frame=87 result=0 errno=0 acquire_consumed=19 presentation_fd=16 release_fd=19
[stage] presentation fence
[fence] name=presentation fence fd=16 poll=1 revents=0x1 errno=0
[stage] release fence
[fence] name=release fence fd=19 poll=1 revents=0x1 errno=0
[timing] frame=87/120 serialized=1 diagnostic_not_fps=1 draw_ns=26205 native_fence_ns=4356731 present_ns=1141602 presentation_wait_ns=1056153 release_wait_ns=289714
[frame] sequence=88/120 writer=gradient-draw phase=0.637795 viewport=720x720 gl_error=0x0
[frame] sequence=88/120 stage=native-fence-create-flush-dup
[fence] frame=88 acquire_fd=19 sequence=create-sync,glFlush,dup-fd,destroy-sync
[present] frame=88 result=0 errno=0 acquire_consumed=19 presentation_fd=16 release_fd=19
[stage] presentation fence
[fence] name=presentation fence fd=16 poll=1 revents=0x1 errno=0
[stage] release fence
[fence] name=release fence fd=19 poll=1 revents=0x1 errno=0
[timing] frame=88/120 serialized=1 diagnostic_not_fps=1 draw_ns=29174 native_fence_ns=5504313 present_ns=1328491 presentation_wait_ns=960246 release_wait_ns=400431
[frame] sequence=89/120 writer=gradient-draw phase=0.929134 viewport=720x720 gl_error=0x0
[frame] sequence=89/120 stage=native-fence-create-flush-dup
[fence] frame=89 acquire_fd=19 sequence=create-sync,glFlush,dup-fd,destroy-sync
[present] frame=89 result=0 errno=0 acquire_consumed=19 presentation_fd=16 release_fd=19
[stage] presentation fence
[fence] name=presentation fence fd=16 poll=1 revents=0x1 errno=0
[stage] release fence
[fence] name=release fence fd=19 poll=1 revents=0x1 errno=0
[timing] frame=89/120 serialized=1 diagnostic_not_fps=1 draw_ns=28931 native_fence_ns=7118693 present_ns=1540527 presentation_wait_ns=1229695 release_wait_ns=234700
[frame] sequence=90/120 writer=gradient-draw phase=0.220472 viewport=720x720 gl_error=0x0
[frame] sequence=90/120 stage=native-fence-create-flush-dup
[fence] frame=90 acquire_fd=19 sequence=create-sync,glFlush,dup-fd,destroy-sync
[present] frame=90 result=0 errno=0 acquire_consumed=19 presentation_fd=16 release_fd=19
[stage] presentation fence
[fence] name=presentation fence fd=16 poll=1 revents=0x1 errno=0
[stage] release fence
[fence] name=release fence fd=19 poll=1 revents=0x1 errno=0
[timing] frame=90/120 serialized=1 diagnostic_not_fps=1 draw_ns=29582 native_fence_ns=3207153 present_ns=1055339 presentation_wait_ns=945435 release_wait_ns=405070
[frame] sequence=91/120 writer=gradient-draw phase=0.511811 viewport=720x720 gl_error=0x0
[frame] sequence=91/120 stage=native-fence-create-flush-dup
[fence] frame=91 acquire_fd=19 sequence=create-sync,glFlush,dup-fd,destroy-sync
[present] frame=91 result=0 errno=0 acquire_consumed=19 presentation_fd=16 release_fd=19
[stage] presentation fence
[fence] name=presentation fence fd=16 poll=1 revents=0x1 errno=0
[stage] release fence
[fence] name=release fence fd=19 poll=1 revents=0x1 errno=0
[timing] frame=91/120 serialized=1 diagnostic_not_fps=1 draw_ns=287394 native_fence_ns=6975952 present_ns=1175659 presentation_wait_ns=1155029 release_wait_ns=198446
[frame] sequence=92/120 writer=gradient-draw phase=0.803150 viewport=720x720 gl_error=0x0
[frame] sequence=92/120 stage=native-fence-create-flush-dup
[fence] frame=92 acquire_fd=19 sequence=create-sync,glFlush,dup-fd,destroy-sync
[present] frame=92 result=0 errno=0 acquire_consumed=19 presentation_fd=16 release_fd=19
[stage] presentation fence
[fence] name=presentation fence fd=16 poll=1 revents=0x1 errno=0
[stage] release fence
[fence] name=release fence fd=19 poll=1 revents=0x1 errno=0
[timing] frame=92/120 serialized=1 diagnostic_not_fps=1 draw_ns=43946 native_fence_ns=4714193 present_ns=1136759 presentation_wait_ns=844482 release_wait_ns=329631
[frame] sequence=93/120 writer=gradient-draw phase=0.094488 viewport=720x720 gl_error=0x0
[frame] sequence=93/120 stage=native-fence-create-flush-dup
[fence] frame=93 acquire_fd=19 sequence=create-sync,glFlush,dup-fd,destroy-sync
[present] frame=93 result=0 errno=0 acquire_consumed=19 presentation_fd=16 release_fd=19
[stage] presentation fence
[fence] name=presentation fence fd=16 poll=1 revents=0x1 errno=0
[stage] release fence
[fence] name=release fence fd=19 poll=1 revents=0x1 errno=0
[timing] frame=93/120 serialized=1 diagnostic_not_fps=1 draw_ns=40120 native_fence_ns=4180420 present_ns=547607 presentation_wait_ns=2196900 release_wait_ns=217529
[frame] sequence=94/120 writer=gradient-draw phase=0.385827 viewport=720x720 gl_error=0x0
[frame] sequence=94/120 stage=native-fence-create-flush-dup
[fence] frame=94 acquire_fd=19 sequence=create-sync,glFlush,dup-fd,destroy-sync
[present] frame=94 result=0 errno=0 acquire_consumed=19 presentation_fd=16 release_fd=19
[stage] presentation fence
[fence] name=presentation fence fd=16 poll=1 revents=0x1 errno=0
[stage] release fence
[fence] name=release fence fd=19 poll=1 revents=0x1 errno=0
[timing] frame=94/120 serialized=1 diagnostic_not_fps=1 draw_ns=128173 native_fence_ns=4644450 present_ns=692098 presentation_wait_ns=1619303 release_wait_ns=210531
[frame] sequence=95/120 writer=gradient-draw phase=0.677165 viewport=720x720 gl_error=0x0
[frame] sequence=95/120 stage=native-fence-create-flush-dup
[fence] frame=95 acquire_fd=19 sequence=create-sync,glFlush,dup-fd,destroy-sync
[present] frame=95 result=0 errno=0 acquire_consumed=19 presentation_fd=16 release_fd=19
[stage] presentation fence
[fence] name=presentation fence fd=16 poll=1 revents=0x1 errno=0
[stage] release fence
[fence] name=release fence fd=19 poll=1 revents=0x1 errno=0
[timing] frame=95/120 serialized=1 diagnostic_not_fps=1 draw_ns=33162 native_fence_ns=4639851 present_ns=533122 presentation_wait_ns=1729411 release_wait_ns=196452
[frame] sequence=96/120 writer=gradient-draw phase=0.968504 viewport=720x720 gl_error=0x0
[frame] sequence=96/120 stage=native-fence-create-flush-dup
[fence] frame=96 acquire_fd=19 sequence=create-sync,glFlush,dup-fd,destroy-sync
[present] frame=96 result=0 errno=0 acquire_consumed=19 presentation_fd=16 release_fd=19
[stage] presentation fence
[fence] name=presentation fence fd=16 poll=1 revents=0x1 errno=0
[stage] release fence
[fence] name=release fence fd=19 poll=1 revents=0x1 errno=0
[timing] frame=96/120 serialized=1 diagnostic_not_fps=1 draw_ns=36011 native_fence_ns=5042562 present_ns=1322184 presentation_wait_ns=1238973 release_wait_ns=291057
[frame] sequence=97/120 writer=gradient-draw phase=0.259843 viewport=720x720 gl_error=0x0
[frame] sequence=97/120 stage=native-fence-create-flush-dup
[fence] frame=97 acquire_fd=19 sequence=create-sync,glFlush,dup-fd,destroy-sync
[present] frame=97 result=0 errno=0 acquire_consumed=19 presentation_fd=16 release_fd=19
[stage] presentation fence
[fence] name=presentation fence fd=16 poll=1 revents=0x1 errno=0
[stage] release fence
[fence] name=release fence fd=19 poll=1 revents=0x1 errno=0
[timing] frame=97/120 serialized=1 diagnostic_not_fps=1 draw_ns=44352 native_fence_ns=6941651 present_ns=940837 presentation_wait_ns=1804403 release_wait_ns=371744
[frame] sequence=98/120 writer=gradient-draw phase=0.551181 viewport=720x720 gl_error=0x0
[frame] sequence=98/120 stage=native-fence-create-flush-dup
[fence] frame=98 acquire_fd=19 sequence=create-sync,glFlush,dup-fd,destroy-sync
[present] frame=98 result=0 errno=0 acquire_consumed=19 presentation_fd=16 release_fd=19
[stage] presentation fence
[fence] name=presentation fence fd=16 poll=1 revents=0x1 errno=0
[stage] release fence
[fence] name=release fence fd=19 poll=1 revents=0x1 errno=0
[timing] frame=98/120 serialized=1 diagnostic_not_fps=1 draw_ns=80200 native_fence_ns=8547811 present_ns=798625 presentation_wait_ns=1745117 release_wait_ns=727905
[frame] sequence=99/120 writer=gradient-draw phase=0.842520 viewport=720x720 gl_error=0x0
[frame] sequence=99/120 stage=native-fence-create-flush-dup
[fence] frame=99 acquire_fd=19 sequence=create-sync,glFlush,dup-fd,destroy-sync
[present] frame=99 result=0 errno=0 acquire_consumed=19 presentation_fd=16 release_fd=19
[stage] presentation fence
[fence] name=presentation fence fd=16 poll=1 revents=0x1 errno=0
[stage] release fence
[fence] name=release fence fd=19 poll=1 revents=0x1 errno=0
[timing] frame=99/120 serialized=1 diagnostic_not_fps=1 draw_ns=36255 native_fence_ns=50366577 present_ns=1278279 presentation_wait_ns=7907308 release_wait_ns=442627
[frame] sequence=100/120 writer=gradient-draw phase=0.133858 viewport=720x720 gl_error=0x0
[frame] sequence=100/120 stage=native-fence-create-flush-dup
[fence] frame=100 acquire_fd=19 sequence=create-sync,glFlush,dup-fd,destroy-sync
[present] frame=100 result=0 errno=0 acquire_consumed=19 presentation_fd=16 release_fd=19
[stage] presentation fence
[fence] name=presentation fence fd=16 poll=1 revents=0x1 errno=0
[stage] release fence
[fence] name=release fence fd=19 poll=1 revents=0x1 errno=0
[timing] frame=100/120 serialized=1 diagnostic_not_fps=1 draw_ns=53141 native_fence_ns=11615397 present_ns=1737142 presentation_wait_ns=2010783 release_wait_ns=448283
[frame] sequence=101/120 writer=gradient-draw phase=0.425197 viewport=720x720 gl_error=0x0
[frame] sequence=101/120 stage=native-fence-create-flush-dup
[fence] frame=101 acquire_fd=19 sequence=create-sync,glFlush,dup-fd,destroy-sync
[present] frame=101 result=0 errno=0 acquire_consumed=19 presentation_fd=16 release_fd=19
[stage] presentation fence
[fence] name=presentation fence fd=16 poll=1 revents=0x1 errno=0
[stage] release fence
[fence] name=release fence fd=19 poll=1 revents=0x1 errno=0
[timing] frame=101/120 serialized=1 diagnostic_not_fps=1 draw_ns=51798 native_fence_ns=9416463 present_ns=1139038 presentation_wait_ns=3377727 release_wait_ns=875244
[frame] sequence=102/120 writer=gradient-draw phase=0.716535 viewport=720x720 gl_error=0x0
[frame] sequence=102/120 stage=native-fence-create-flush-dup
[fence] frame=102 acquire_fd=19 sequence=create-sync,glFlush,dup-fd,destroy-sync
[present] frame=102 result=0 errno=0 acquire_consumed=19 presentation_fd=16 release_fd=19
[stage] presentation fence
[fence] name=presentation fence fd=16 poll=1 revents=0x1 errno=0
[stage] release fence
[fence] name=release fence fd=19 poll=1 revents=0x1 errno=0
[timing] frame=102/120 serialized=1 diagnostic_not_fps=1 draw_ns=299845 native_fence_ns=11810262 present_ns=1087199 presentation_wait_ns=3458781 release_wait_ns=549235
[frame] sequence=103/120 writer=gradient-draw phase=0.007874 viewport=720x720 gl_error=0x0
[frame] sequence=103/120 stage=native-fence-create-flush-dup
[fence] frame=103 acquire_fd=19 sequence=create-sync,glFlush,dup-fd,destroy-sync
[present] frame=103 result=0 errno=0 acquire_consumed=19 presentation_fd=16 release_fd=19
[stage] presentation fence
[fence] name=presentation fence fd=16 poll=1 revents=0x1 errno=0
[stage] release fence
[fence] name=release fence fd=19 poll=1 revents=0x1 errno=0
[timing] frame=103/120 serialized=1 diagnostic_not_fps=1 draw_ns=52368 native_fence_ns=9537028 present_ns=1022542 presentation_wait_ns=3596314 release_wait_ns=2055908
[frame] sequence=104/120 writer=gradient-draw phase=0.299213 viewport=720x720 gl_error=0x0
[frame] sequence=104/120 stage=native-fence-create-flush-dup
[fence] frame=104 acquire_fd=19 sequence=create-sync,glFlush,dup-fd,destroy-sync
[present] frame=104 result=0 errno=0 acquire_consumed=19 presentation_fd=16 release_fd=19
[stage] presentation fence
[fence] name=presentation fence fd=16 poll=1 revents=0x1 errno=0
[stage] release fence
[fence] name=release fence fd=19 poll=1 revents=0x1 errno=0
[timing] frame=104/120 serialized=1 diagnostic_not_fps=1 draw_ns=55420 native_fence_ns=11981568 present_ns=1142700 presentation_wait_ns=3041585 release_wait_ns=971150
[frame] sequence=105/120 writer=gradient-draw phase=0.590551 viewport=720x720 gl_error=0x0
[frame] sequence=105/120 stage=native-fence-create-flush-dup
[fence] frame=105 acquire_fd=19 sequence=create-sync,glFlush,dup-fd,destroy-sync
[present] frame=105 result=0 errno=0 acquire_consumed=19 presentation_fd=16 release_fd=19
[stage] presentation fence
[fence] name=presentation fence fd=16 poll=1 revents=0x1 errno=0
[stage] release fence
[fence] name=release fence fd=19 poll=1 revents=0x1 errno=0
[timing] frame=105/120 serialized=1 diagnostic_not_fps=1 draw_ns=51229 native_fence_ns=14892090 present_ns=2080891 presentation_wait_ns=2120931 release_wait_ns=393392
[frame] sequence=106/120 writer=gradient-draw phase=0.881890 viewport=720x720 gl_error=0x0
[frame] sequence=106/120 stage=native-fence-create-flush-dup
[fence] frame=106 acquire_fd=19 sequence=create-sync,glFlush,dup-fd,destroy-sync
[present] frame=106 result=0 errno=0 acquire_consumed=19 presentation_fd=16 release_fd=19
[stage] presentation fence
[fence] name=presentation fence fd=16 poll=1 revents=0x1 errno=0
[stage] release fence
[fence] name=release fence fd=19 poll=1 revents=0x1 errno=0
[timing] frame=106/120 serialized=1 diagnostic_not_fps=1 draw_ns=192302 native_fence_ns=11889445 present_ns=1031657 presentation_wait_ns=3601563 release_wait_ns=267945
[frame] sequence=107/120 writer=gradient-draw phase=0.173228 viewport=720x720 gl_error=0x0
[frame] sequence=107/120 stage=native-fence-create-flush-dup
[fence] frame=107 acquire_fd=19 sequence=create-sync,glFlush,dup-fd,destroy-sync
[present] frame=107 result=0 errno=0 acquire_consumed=19 presentation_fd=16 release_fd=19
[stage] presentation fence
[fence] name=presentation fence fd=16 poll=1 revents=0x1 errno=0
[stage] release fence
[fence] name=release fence fd=19 poll=1 revents=0x1 errno=0
[timing] frame=107/120 serialized=1 diagnostic_not_fps=1 draw_ns=89111 native_fence_ns=9366130 present_ns=2459595 presentation_wait_ns=1849202 release_wait_ns=566122
[frame] sequence=108/120 writer=gradient-draw phase=0.464567 viewport=720x720 gl_error=0x0
[frame] sequence=108/120 stage=native-fence-create-flush-dup
[fence] frame=108 acquire_fd=19 sequence=create-sync,glFlush,dup-fd,destroy-sync
[present] frame=108 result=0 errno=0 acquire_consumed=19 presentation_fd=16 release_fd=19
[stage] presentation fence
[fence] name=presentation fence fd=16 poll=1 revents=0x1 errno=0
[stage] release fence
[fence] name=release fence fd=19 poll=1 revents=0x1 errno=0
[timing] frame=108/120 serialized=1 diagnostic_not_fps=1 draw_ns=54768 native_fence_ns=10171997 present_ns=1400269 presentation_wait_ns=2555298 release_wait_ns=596679
[frame] sequence=109/120 writer=gradient-draw phase=0.755906 viewport=720x720 gl_error=0x0
[frame] sequence=109/120 stage=native-fence-create-flush-dup
[fence] frame=109 acquire_fd=19 sequence=create-sync,glFlush,dup-fd,destroy-sync
[present] frame=109 result=0 errno=0 acquire_consumed=19 presentation_fd=16 release_fd=19
[stage] presentation fence
[fence] name=presentation fence fd=16 poll=1 revents=0x1 errno=0
[stage] release fence
[fence] name=release fence fd=19 poll=1 revents=0x1 errno=0
[timing] frame=109/120 serialized=1 diagnostic_not_fps=1 draw_ns=144328 native_fence_ns=12618205 present_ns=1549641 presentation_wait_ns=3171306 release_wait_ns=434530
[frame] sequence=110/120 writer=gradient-draw phase=0.047244 viewport=720x720 gl_error=0x0
[frame] sequence=110/120 stage=native-fence-create-flush-dup
[fence] frame=110 acquire_fd=19 sequence=create-sync,glFlush,dup-fd,destroy-sync
[present] frame=110 result=0 errno=0 acquire_consumed=19 presentation_fd=16 release_fd=19
[stage] presentation fence
[fence] name=presentation fence fd=16 poll=1 revents=0x1 errno=0
[stage] release fence
[fence] name=release fence fd=19 poll=1 revents=0x1 errno=0
[timing] frame=110/120 serialized=1 diagnostic_not_fps=1 draw_ns=265380 native_fence_ns=16774373 present_ns=1321533 presentation_wait_ns=6366821 release_wait_ns=389689
[frame] sequence=111/120 writer=gradient-draw phase=0.338583 viewport=720x720 gl_error=0x0
[frame] sequence=111/120 stage=native-fence-create-flush-dup
[fence] frame=111 acquire_fd=19 sequence=create-sync,glFlush,dup-fd,destroy-sync
[present] frame=111 result=0 errno=0 acquire_consumed=19 presentation_fd=16 release_fd=19
[stage] presentation fence
[fence] name=presentation fence fd=16 poll=1 revents=0x1 errno=0
[stage] release fence
[fence] name=release fence fd=19 poll=1 revents=0x1 errno=0
[timing] frame=111/120 serialized=1 diagnostic_not_fps=1 draw_ns=57495 native_fence_ns=12579631 present_ns=2608317 presentation_wait_ns=2343262 release_wait_ns=515014
[frame] sequence=112/120 writer=gradient-draw phase=0.629921 viewport=720x720 gl_error=0x0
[frame] sequence=112/120 stage=native-fence-create-flush-dup
[fence] frame=112 acquire_fd=19 sequence=create-sync,glFlush,dup-fd,destroy-sync
[present] frame=112 result=0 errno=0 acquire_consumed=19 presentation_fd=16 release_fd=19
[stage] presentation fence
[fence] name=presentation fence fd=16 poll=1 revents=0x1 errno=0
[stage] release fence
[fence] name=release fence fd=19 poll=1 revents=0x1 errno=0
[timing] frame=112/120 serialized=1 diagnostic_not_fps=1 draw_ns=51717 native_fence_ns=11787842 present_ns=2431397 presentation_wait_ns=2458211 release_wait_ns=877482
[frame] sequence=113/120 writer=gradient-draw phase=0.921260 viewport=720x720 gl_error=0x0
[frame] sequence=113/120 stage=native-fence-create-flush-dup
[fence] frame=113 acquire_fd=19 sequence=create-sync,glFlush,dup-fd,destroy-sync
[present] frame=113 result=0 errno=0 acquire_consumed=19 presentation_fd=16 release_fd=19
[stage] presentation fence
[fence] name=presentation fence fd=16 poll=1 revents=0x1 errno=0
[stage] release fence
[fence] name=release fence fd=19 poll=1 revents=0x1 errno=0
[timing] frame=113/120 serialized=1 diagnostic_not_fps=1 draw_ns=39672 native_fence_ns=10922648 present_ns=1677246 presentation_wait_ns=4018636 release_wait_ns=920491
[frame] sequence=114/120 writer=gradient-draw phase=0.212598 viewport=720x720 gl_error=0x0
[frame] sequence=114/120 stage=native-fence-create-flush-dup
[fence] frame=114 acquire_fd=19 sequence=create-sync,glFlush,dup-fd,destroy-sync
[present] frame=114 result=0 errno=0 acquire_consumed=19 presentation_fd=16 release_fd=19
[stage] presentation fence
[fence] name=presentation fence fd=16 poll=1 revents=0x1 errno=0
[stage] release fence
[fence] name=release fence fd=19 poll=1 revents=0x1 errno=0
[timing] frame=114/120 serialized=1 diagnostic_not_fps=1 draw_ns=75602 native_fence_ns=13309570 present_ns=1346679 presentation_wait_ns=3740967 release_wait_ns=504191
[frame] sequence=115/120 writer=gradient-draw phase=0.503937 viewport=720x720 gl_error=0x0
[frame] sequence=115/120 stage=native-fence-create-flush-dup
[fence] frame=115 acquire_fd=19 sequence=create-sync,glFlush,dup-fd,destroy-sync
[present] frame=115 result=0 errno=0 acquire_consumed=19 presentation_fd=16 release_fd=19
[stage] presentation fence
[fence] name=presentation fence fd=16 poll=1 revents=0x1 errno=0
[stage] release fence
[fence] name=release fence fd=19 poll=1 revents=0x1 errno=0
[timing] frame=115/120 serialized=1 diagnostic_not_fps=1 draw_ns=82194 native_fence_ns=13110636 present_ns=2618327 presentation_wait_ns=4601319 release_wait_ns=607340
[frame] sequence=116/120 writer=gradient-draw phase=0.795276 viewport=720x720 gl_error=0x0
[frame] sequence=116/120 stage=native-fence-create-flush-dup
[fence] frame=116 acquire_fd=19 sequence=create-sync,glFlush,dup-fd,destroy-sync
[present] frame=116 result=0 errno=0 acquire_consumed=19 presentation_fd=16 release_fd=19
[stage] presentation fence
[fence] name=presentation fence fd=16 poll=1 revents=0x1 errno=0
[stage] release fence
[fence] name=release fence fd=19 poll=1 revents=0x1 errno=0
[timing] frame=116/120 serialized=1 diagnostic_not_fps=1 draw_ns=72143 native_fence_ns=13661377 present_ns=1410075 presentation_wait_ns=3654948 release_wait_ns=932007
[frame] sequence=117/120 writer=gradient-draw phase=0.086614 viewport=720x720 gl_error=0x0
[frame] sequence=117/120 stage=native-fence-create-flush-dup
[fence] frame=117 acquire_fd=19 sequence=create-sync,glFlush,dup-fd,destroy-sync
[present] frame=117 result=0 errno=0 acquire_consumed=19 presentation_fd=16 release_fd=19
[stage] presentation fence
[fence] name=presentation fence fd=16 poll=1 revents=0x1 errno=0
[stage] release fence
[fence] name=release fence fd=19 poll=1 revents=0x1 errno=0
[timing] frame=117/120 serialized=1 diagnostic_not_fps=1 draw_ns=84920 native_fence_ns=11746623 present_ns=1547974 presentation_wait_ns=3836792 release_wait_ns=944092
[frame] sequence=118/120 writer=gradient-draw phase=0.377953 viewport=720x720 gl_error=0x0
[frame] sequence=118/120 stage=native-fence-create-flush-dup
[fence] frame=118 acquire_fd=19 sequence=create-sync,glFlush,dup-fd,destroy-sync
[present] frame=118 result=0 errno=0 acquire_consumed=19 presentation_fd=16 release_fd=19
[stage] presentation fence
[fence] name=presentation fence fd=16 poll=1 revents=0x1 errno=0
[stage] release fence
[fence] name=release fence fd=19 poll=1 revents=0x1 errno=0
[timing] frame=118/120 serialized=1 diagnostic_not_fps=1 draw_ns=204346 native_fence_ns=13400920 present_ns=1485352 presentation_wait_ns=4609334 release_wait_ns=747925
[frame] sequence=119/120 writer=gradient-draw phase=0.669291 viewport=720x720 gl_error=0x0
[frame] sequence=119/120 stage=native-fence-create-flush-dup
[fence] frame=119 acquire_fd=19 sequence=create-sync,glFlush,dup-fd,destroy-sync
[present] frame=119 result=0 errno=0 acquire_consumed=19 presentation_fd=16 release_fd=19
[stage] presentation fence
[fence] name=presentation fence fd=16 poll=1 revents=0x1 errno=0
[hold] keeping final frame alive 15 seconds
[stage] release fence
[fence] name=release fence fd=19 poll=1 revents=0x1 errno=0
[timing] frame=119/120 serialized=1 diagnostic_not_fps=1 draw_ns=211345 native_fence_ns=12241659 present_ns=2196858 presentation_wait_ns=2766032 release_wait_ns=2470785
[timing-total] frames=120 serialized=1 diagnostic_not_fps=1 hold_excluded=1 draw_ns=10728549 native_fence_ns=1166722417 present_ns=128705229 presentation_wait_ns=239724494 release_wait_ns=69592934
[pass] GBM/EGL 120 spatial-gradient frame(s) presented backend=gfxstream renderer=zink Vulkan 1.4(Virtio-GPU GFXStream (Mali-G78) (Driver Unknown)) ownership=EGL-writer->external-presenter
