WARNING: debug protocol has been enabled. This is a potential denial-of-service attack vector and information leak.
MESA: info: virtgpu backend not enabling VIRTGPU_KUMQUAT_PARAM_CREATE_GUEST_HANDLE
MESA: info: udroid gfxstream-caps protocol=1 async-submit=1 aux-command-memory=0 queue-submit-with-commands=1 no-render-control=1
MESA: info: udroid gfxstream-caps protocol=1 async-submit=1 aux-command-memory=0 queue-submit-with-commands=1 no-render-control=1
MESA: info: udroid gfxstream-caps protocol=1 async-submit=1 aux-command-memory=0 queue-submit-with-commands=1 no-render-control=1
MESA: info: udroid gfxstream-caps protocol=1 async-submit=1 aux-command-memory=0 queue-submit-with-commands=1 no-render-control=1
WARNING: Some incorrect rendering might occur because the selected Vulkan device (Virtio-GPU GFXStream (Mali-G78)) doesn't support base Zink requirements: feats.features.fillModeNonSolid feats.features.shaderClipDistance 
gfxstream-gbm: transport type=5 peer_uid=10337 kernel_uid=10337 valid=1
MESA: info: udroid gfxstream-caps protocol=1 async-submit=1 aux-command-memory=0 queue-submit-with-commands=1 no-render-control=1
MESA: info: udroid gfxstream-caps protocol=1 async-submit=1 aux-command-memory=0 queue-submit-with-commands=1 no-render-control=1
MESA: info: udroid gfxstream-caps protocol=1 async-submit=1 aux-command-memory=0 queue-submit-with-commands=1 no-render-control=1
gfxstream-gbm: Vulkan allocator initialized
MESA: info: udroid gfxstream-caps protocol=1 async-submit=1 aux-command-memory=0 queue-submit-with-commands=1 no-render-control=1
MESA: info: udroid gfxstream-caps protocol=1 async-submit=1 aux-command-memory=0 queue-submit-with-commands=1 no-render-control=1
KUMQUAT_GUEST host-allocation-send resource=5 allocationSize=2073600
KUMQUAT_GUEST host-allocation-return result=0
MESA: info: udroid Zink ownership-trace from_handle_begin seq=1 threadToken=0x70859a1b28 pscreen=0x300005f410 templ=0x7fec885b70 target=2 format=198 bind=0xa flags=0x0 width=720 height=720 usage=0x2 whandle=0x7fec885c60 type=2 handle=17 stride=2880 offset=0 format=198 modifier=0x0 plane=0
KUMQUAT_GUEST ffi-import-call fd=19 size=2073600
KUMQUAT_GUEST import-send context=1 720x720 fourcc=0x34324241
KUMQUAT_GUEST import-await-response
KUMQUAT_GUEST import-response-count=1
KUMQUAT_GUEST import-response resource=5 handle_type=0x2
KUMQUAT_GUEST import-complete bo=4 resource=5
KUMQUAT_GUEST ffi-import-return result=0 bo=4 resource=5
KUMQUAT_GUEST host-allocation-send resource=5 allocationSize=0
KUMQUAT_GUEST host-allocation-return result=0
MESA: info: udroid Zink ownership-trace from_handle_result seq=2 threadToken=0x70859a1b28 pscreen=0x300005f410 pres=0x3000a9a700 res=0x3000a9a700 obj=0x3000a9a8f0 image=0x3000a9abd0 bo=0x3000a9ad30 queue=FOREIGN(4294967293) gfxQueue=0 layout=PREINITIALIZED exportable=1 dt=(nil) dt_idx=4294967295 dmabuf=1 linear=0 swapchain=0 modifier=0x0 modifier_count=1 created=1
KUMQUAT_GUEST ffi-import-call fd=21 size=2109440
KUMQUAT_GUEST import-send context=1 720x720 fourcc=0x34324241
KUMQUAT_GUEST import-await-response
KUMQUAT_GUEST import-response-count=1
KUMQUAT_GUEST import-response resource=5 handle_type=0x2
KUMQUAT_GUEST import-complete bo=5 resource=5
KUMQUAT_GUEST ffi-import-return result=0 bo=5 resource=5
KUMQUAT_GUEST host-allocation-send resource=5 allocationSize=2109440
KUMQUAT_GUEST host-allocation-return result=0
KUMQUAT_GUEST host-allocation-send resource=7 allocationSize=2073600
KUMQUAT_GUEST host-allocation-return result=0
MESA: info: udroid Zink ownership-trace from_handle_begin seq=3 threadToken=0x70859a1b28 pscreen=0x300005f410 templ=0x7fec885b70 target=2 format=198 bind=0xa flags=0x0 width=720 height=720 usage=0x2 whandle=0x7fec885c60 type=2 handle=24 stride=2880 offset=0 format=198 modifier=0x0 plane=0
KUMQUAT_GUEST ffi-import-call fd=26 size=2073600
KUMQUAT_GUEST import-send context=1 720x720 fourcc=0x34324241
KUMQUAT_GUEST import-await-response
KUMQUAT_GUEST import-response-count=1
KUMQUAT_GUEST import-response resource=7 handle_type=0x2
KUMQUAT_GUEST import-complete bo=7 resource=7
KUMQUAT_GUEST ffi-import-return result=0 bo=7 resource=7
KUMQUAT_GUEST host-allocation-send resource=7 allocationSize=0
KUMQUAT_GUEST host-allocation-return result=0
MESA: info: udroid Zink ownership-trace from_handle_result seq=4 threadToken=0x70859a1b28 pscreen=0x300005f410 pres=0x3000a9fc00 res=0x3000a9fc00 obj=0x3000a9fdf0 image=0x3000a9fbd0 bo=0x3000aa0220 queue=FOREIGN(4294967293) gfxQueue=0 layout=PREINITIALIZED exportable=1 dt=(nil) dt_idx=4294967295 dmabuf=1 linear=0 swapchain=0 modifier=0x0 modifier_count=1 created=1
KUMQUAT_GUEST ffi-import-call fd=28 size=2109440
KUMQUAT_GUEST import-send context=1 720x720 fourcc=0x34324241
KUMQUAT_GUEST import-await-response
KUMQUAT_GUEST import-response-count=1
KUMQUAT_GUEST import-response resource=7 handle_type=0x2
KUMQUAT_GUEST import-complete bo=8 resource=7
KUMQUAT_GUEST ffi-import-return result=0 bo=8 resource=7
KUMQUAT_GUEST host-allocation-send resource=7 allocationSize=2109440
KUMQUAT_GUEST host-allocation-return result=0
KUMQUAT_GUEST host-allocation-send resource=9 allocationSize=2073600
KUMQUAT_GUEST host-allocation-return result=0
MESA: info: udroid Zink ownership-trace from_handle_begin seq=5 threadToken=0x70859a1b28 pscreen=0x300005f410 templ=0x7fec885b70 target=2 format=198 bind=0xa flags=0x0 width=720 height=720 usage=0x2 whandle=0x7fec885c60 type=2 handle=31 stride=2880 offset=0 format=198 modifier=0x0 plane=0
KUMQUAT_GUEST ffi-import-call fd=33 size=2073600
KUMQUAT_GUEST import-send context=1 720x720 fourcc=0x34324241
KUMQUAT_GUEST import-await-response
KUMQUAT_GUEST import-response-count=1
KUMQUAT_GUEST import-response resource=9 handle_type=0x2
KUMQUAT_GUEST import-complete bo=10 resource=9
KUMQUAT_GUEST ffi-import-return result=0 bo=10 resource=9
KUMQUAT_GUEST host-allocation-send resource=9 allocationSize=0
KUMQUAT_GUEST host-allocation-return result=0
MESA: info: udroid Zink ownership-trace from_handle_result seq=6 threadToken=0x70859a1b28 pscreen=0x300005f410 pres=0x3000aa1180 res=0x3000aa1180 obj=0x3000aa1370 image=0x3000aa1150 bo=0x3000aa1780 queue=FOREIGN(4294967293) gfxQueue=0 layout=PREINITIALIZED exportable=1 dt=(nil) dt_idx=4294967295 dmabuf=1 linear=0 swapchain=0 modifier=0x0 modifier_count=1 created=1
KUMQUAT_GUEST ffi-import-call fd=35 size=2109440
KUMQUAT_GUEST import-send context=1 720x720 fourcc=0x34324241
KUMQUAT_GUEST import-await-response
KUMQUAT_GUEST import-response-count=1
KUMQUAT_GUEST import-response resource=9 handle_type=0x2
KUMQUAT_GUEST import-complete bo=11 resource=9
KUMQUAT_GUEST ffi-import-return result=0 bo=11 resource=9
KUMQUAT_GUEST host-allocation-send resource=9 allocationSize=2109440
KUMQUAT_GUEST host-allocation-return result=0
KUMQUAT_GUEST host-allocation-send resource=11 allocationSize=2073600
KUMQUAT_GUEST host-allocation-return result=0
MESA: info: udroid Zink ownership-trace from_handle_begin seq=7 threadToken=0x70859a1b28 pscreen=0x300005f410 templ=0x7fec885b70 target=2 format=198 bind=0xa flags=0x0 width=720 height=720 usage=0x2 whandle=0x7fec885c60 type=2 handle=38 stride=2880 offset=0 format=198 modifier=0x0 plane=0
KUMQUAT_GUEST ffi-import-call fd=40 size=2073600
KUMQUAT_GUEST import-send context=1 720x720 fourcc=0x34324241
KUMQUAT_GUEST import-await-response
KUMQUAT_GUEST import-response-count=1
KUMQUAT_GUEST import-response resource=11 handle_type=0x2
KUMQUAT_GUEST import-complete bo=13 resource=11
KUMQUAT_GUEST ffi-import-return result=0 bo=13 resource=11
KUMQUAT_GUEST host-allocation-send resource=11 allocationSize=0
KUMQUAT_GUEST host-allocation-return result=0
MESA: info: udroid Zink ownership-trace from_handle_result seq=8 threadToken=0x70859a1b28 pscreen=0x300005f410 pres=0x3000aa30c0 res=0x3000aa30c0 obj=0x3000aa32b0 image=0x3000aa3590 bo=0x3000aa36f0 queue=FOREIGN(4294967293) gfxQueue=0 layout=PREINITIALIZED exportable=1 dt=(nil) dt_idx=4294967295 dmabuf=1 linear=0 swapchain=0 modifier=0x0 modifier_count=1 created=1
KUMQUAT_GUEST ffi-import-call fd=42 size=2109440
KUMQUAT_GUEST import-send context=1 720x720 fourcc=0x34324241
KUMQUAT_GUEST import-await-response
KUMQUAT_GUEST import-response-count=1
KUMQUAT_GUEST import-response resource=11 handle_type=0x2
KUMQUAT_GUEST import-complete bo=14 resource=11
KUMQUAT_GUEST ffi-import-return result=0 bo=14 resource=11
KUMQUAT_GUEST host-allocation-send resource=11 allocationSize=2109440
KUMQUAT_GUEST host-allocation-return result=0
KUMQUAT_GUEST host-allocation-send resource=13 allocationSize=2073600
KUMQUAT_GUEST host-allocation-return result=0
MESA: info: udroid Zink ownership-trace from_handle_begin seq=9 threadToken=0x70859a1b28 pscreen=0x300005f410 templ=0x7fec885b70 target=2 format=198 bind=0xa flags=0x0 width=720 height=720 usage=0x2 whandle=0x7fec885c60 type=2 handle=45 stride=2880 offset=0 format=198 modifier=0x0 plane=0
KUMQUAT_GUEST ffi-import-call fd=47 size=2073600
KUMQUAT_GUEST import-send context=1 720x720 fourcc=0x34324241
KUMQUAT_GUEST import-await-response
KUMQUAT_GUEST import-response-count=1
KUMQUAT_GUEST import-response resource=13 handle_type=0x2
KUMQUAT_GUEST import-complete bo=16 resource=13
KUMQUAT_GUEST ffi-import-return result=0 bo=16 resource=13
KUMQUAT_GUEST host-allocation-send resource=13 allocationSize=0
KUMQUAT_GUEST host-allocation-return result=0
MESA: info: udroid Zink ownership-trace from_handle_result seq=10 threadToken=0x70859a1b28 pscreen=0x300005f410 pres=0x3000aa4800 res=0x3000aa4800 obj=0x3000aa49f0 image=0x3000aa4cd0 bo=0x3000aa4e30 queue=FOREIGN(4294967293) gfxQueue=0 layout=PREINITIALIZED exportable=1 dt=(nil) dt_idx=4294967295 dmabuf=1 linear=0 swapchain=0 modifier=0x0 modifier_count=1 created=1
KUMQUAT_GUEST ffi-import-call fd=49 size=2109440
KUMQUAT_GUEST import-send context=1 720x720 fourcc=0x34324241
KUMQUAT_GUEST import-await-response
KUMQUAT_GUEST import-response-count=1
KUMQUAT_GUEST import-response resource=13 handle_type=0x2
KUMQUAT_GUEST import-complete bo=17 resource=13
KUMQUAT_GUEST ffi-import-return result=0 bo=17 resource=13
KUMQUAT_GUEST host-allocation-send resource=13 allocationSize=2109440
KUMQUAT_GUEST host-allocation-return result=0
KUMQUAT_GUEST host-allocation-send resource=15 allocationSize=2073600
KUMQUAT_GUEST host-allocation-return result=0
MESA: info: udroid Zink ownership-trace from_handle_begin seq=11 threadToken=0x70859a1b28 pscreen=0x300005f410 templ=0x7fec885b70 target=2 format=198 bind=0xa flags=0x0 width=720 height=720 usage=0x2 whandle=0x7fec885c60 type=2 handle=52 stride=2880 offset=0 format=198 modifier=0x0 plane=0
KUMQUAT_GUEST ffi-import-call fd=54 size=2073600
KUMQUAT_GUEST import-send context=1 720x720 fourcc=0x34324241
KUMQUAT_GUEST import-await-response
KUMQUAT_GUEST import-response-count=1
KUMQUAT_GUEST import-response resource=15 handle_type=0x2
KUMQUAT_GUEST import-complete bo=19 resource=15
KUMQUAT_GUEST ffi-import-return result=0 bo=19 resource=15
KUMQUAT_GUEST host-allocation-send resource=15 allocationSize=0
KUMQUAT_GUEST host-allocation-return result=0
MESA: info: udroid Zink ownership-trace from_handle_result seq=12 threadToken=0x70859a1b28 pscreen=0x300005f410 pres=0x3000aa5d80 res=0x3000aa5d80 obj=0x3000aa5f70 image=0x3000aa6250 bo=0x3000aa63b0 queue=FOREIGN(4294967293) gfxQueue=0 layout=PREINITIALIZED exportable=1 dt=(nil) dt_idx=4294967295 dmabuf=1 linear=0 swapchain=0 modifier=0x0 modifier_count=1 created=1
KUMQUAT_GUEST ffi-import-call fd=56 size=2109440
KUMQUAT_GUEST import-send context=1 720x720 fourcc=0x34324241
KUMQUAT_GUEST import-await-response
KUMQUAT_GUEST import-response-count=1
KUMQUAT_GUEST import-response resource=15 handle_type=0x2
KUMQUAT_GUEST import-complete bo=20 resource=15
KUMQUAT_GUEST ffi-import-return result=0 bo=20 resource=15
KUMQUAT_GUEST host-allocation-send resource=15 allocationSize=2109440
KUMQUAT_GUEST host-allocation-return result=0
MESA: info: udroid Zink ownership-trace image_barrier_exec seq=1 threadToken=0x70859a1b80 res=0x3000a9a700 obj=0x3000a9a8f0 image=0x3000a9abd0 bo=0x3000a9ad30 batch=0x3000130400 batch_id=0 cmdbuf=0x3000142150 api=sync2 unsync=0 oldLayout=VK_IMAGE_LAYOUT_PREINITIALIZED newLayout=VK_IMAGE_LAYOUT_COLOR_ATTACHMENT_OPTIMAL oldQueue=FOREIGN(4294967293) afterEmitQueue=IGNORED(4294967295) gfxQueue=0 queue_import=1 completed=0 usage_matches=1 exportable=1 dt=(nil) dt_idx=4294967295 flags=0x180 pipeline=0x400
MESA: info: udroid Zink ownership-trace image_barrier_tracking seq=2 threadToken=0x70859a1b80 res=0x3000a9a700 obj=0x3000a9a8f0 image=0x3000a9abd0 bo=0x3000a9ad30 batch=0x3000130400 batch_id=0 layout=VK_IMAGE_LAYOUT_COLOR_ATTACHMENT_OPTIMAL queue=IGNORED(4294967295) exportable=1 dt=(nil) dt_idx=4294967295 dt_layout_updated=0 dmabuf_exports_checked=1 found=0 inserted=1 queue_import=1
MESA: info: udroid Zink ownership-trace barrier2_dispatch site=zink_screen_export_dmabuf_semaphore threadToken=0x70859a1b29 screen=0x300005f410 dev=0x3000094f90 tableCmdPipelineBarrier2=0x708235fbc0 rawCore=0x708235fbc0 rawKHR=0x708235fbc0 tableNull=0 rawCoreNull=0 rawKHRNull=0 tableEqCore=1 tableEqKHR=1 rawCoreSelected=1 haveKHRSynchronization2=1
MESA: info: udroid Zink ownership-trace export_dmabuf_sem_begin seq=1 threadToken=0x70859a1b29 screen=0x300005f410 res=0x3000a9a700 obj=0x3000a9a8f0 image=0x3000a9abd0 bo=0x3000a9ad30 layout=COLOR_ATTACHMENT_OPTIMAL queue=IGNORED(4294967295) gfxQueue=0 exportable=1 dt=(nil) dt_idx=4294967295 is_aux=0
MESA: info: udroid Zink ownership-trace export_dmabuf_sem_result seq=2 threadToken=0x70859a1b29 screen=0x300005f410 res=0x3000a9a700 obj=0x3000a9a8f0 image=0x3000a9abd0 bo=0x3000a9ad30 layout=COLOR_ATTACHMENT_OPTIMAL queue=IGNORED(4294967295) fd=65 exportedSyncFd=66 sem=0x3000ab5360 importSemaphoreSuccess=1
MESA: info: udroid Zink ownership-trace image_barrier_queue_import_sem seq=3 threadToken=0x70859a1b80 res=0x3000a9a700 child=0x3000a9a700 obj=0x3000a9a8f0 image=0x3000a9abd0 bo=0x3000a9ad30 batch=0x3000130400 batch_id=0 sem=0x3000ab5360 appended=1
MESA: info: udroid Zink ownership-trace barrier2_dispatch site=zink_end_batch_dmabuf_release threadToken=0x70859a1b81 screen=0x300005f410 dev=0x3000094f90 tableCmdPipelineBarrier2=0x708235fbc0 rawCore=0x708235fbc0 rawKHR=0x708235fbc0 tableNull=0 rawCoreNull=0 rawKHRNull=0 tableEqCore=1 tableEqKHR=1 rawCoreSelected=1 haveKHRSynchronization2=1
MESA: info: udroid Zink ownership-trace release_barrier seq=1 threadToken=0x70859a1b81 screen=0x300005f410 bs=0x3000130400 batch_id=0 api=sync2 tableCmdPipelineBarrier2NonNull=1 res=0x3000a9a700 obj=0x3000a9a8f0 image=0x3000a9abd0 bo=0x3000a9ad30 oldLayout=COLOR_ATTACHMENT_OPTIMAL newLayout=COLOR_ATTACHMENT_OPTIMAL oldQueue=IGNORED(4294967295) srcQueue=gfx(0) dstQueue=FOREIGN(4294967293) exportable=1 dt=(nil) dt_idx=4294967295
MESA: info: udroid Zink ownership-trace release_signal_sem seq=2 threadToken=0x70859a1b81 screen=0x300005f410 bs=0x3000130400 batch_id=0 res=0x3000a9a700 obj=0x3000a9a8f0 image=0x3000a9abd0 bo=0x3000a9ad30 layout=COLOR_ATTACHMENT_OPTIMAL queue=FOREIGN(4294967293) sem=0x3000ad0b70 appended=1
MESA: info: udroid Zink ownership-trace submit_pre seq=3 threadToken=0x708213bb41 screen=0x300005f410 queue=0x3000075390 bs=0x3000130400 batch_id=1 numSubmitInfos=3 acquireWaits=0 fdWaits=1 cmdBuffers=2 signals=2 dmabufExports=1 hasWork=1 hasReordered=1 hasUnsync=0
MESA: info: udroid gfxstream-submit caps nativeSync=1 fencePassing=1 externalSync=1
MESA: info: udroid Zink ownership-trace submit_post seq=4 threadToken=0x708213bb41 screen=0x300005f410 queue=0x3000075390 bs=0x3000130400 batch_id=1 result=VK_SUCCESS dmabufExports=1 signalSemaphores=1 fdWaitSemaphores=1
MESA: info: udroid Zink ownership-trace import_dmabuf_sem_begin seq=3 threadToken=0x708213bae9 screen=0x300005f410 res=0x3000a9a700 obj=0x3000a9a8f0 image=0x3000a9abd0 bo=0x3000a9ad30 layout=COLOR_ATTACHMENT_OPTIMAL queue=FOREIGN(4294967293) gfxQueue=0 exportable=1 dt=(nil) dt_idx=4294967295 sem=0x3000ad0b70
MESA: info: udroid Zink ownership-trace import_dmabuf_sem_getfd seq=4 threadToken=0x708213bae9 screen=0x300005f410 res=0x3000a9a700 sem=0x3000ad0b70 result=VK_SUCCESS syncFileFd=66
MESA: info: udroid Zink ownership-trace import_dmabuf_sem_fd seq=5 threadToken=0x708213bae9 screen=0x300005f410 res=0x3000a9a700 sem=0x3000ad0b70 syncFileFd=66 dmaBufFd=69 acquireSucceeded=1 isAux=0
MESA: info: udroid Zink ownership-trace import_dmabuf_sem_ioctl seq=6 threadToken=0x708213bae9 screen=0x300005f410 res=0x3000a9a700 sem=0x3000ad0b70 syncFileFd=66 dmaBufFd=69 ioctlRet=0 errno=0 failed=0
MESA: info: udroid Zink ownership-trace submit_import_dmabuf_sync seq=5 threadToken=0x708213bb41 screen=0x300005f410 bs=0x3000130400 batch_id=1 res=0x3000a9a700 obj=0x3000a9a8f0 image=0x3000a9abd0 bo=0x3000a9ad30 layout=COLOR_ATTACHMENT_OPTIMAL queue=FOREIGN(4294967293) sem=0x3000ad0b70 importOk=0
MESA: info: udroid Zink ownership-trace image_barrier_exec seq=4 threadToken=0x70859a1b80 res=0x3000a9fc00 obj=0x3000a9fdf0 image=0x3000a9fbd0 bo=0x3000aa0220 batch=0x30000e28c0 batch_id=0 cmdbuf=0x30000f48e0 api=sync2 unsync=0 oldLayout=VK_IMAGE_LAYOUT_PREINITIALIZED newLayout=VK_IMAGE_LAYOUT_COLOR_ATTACHMENT_OPTIMAL oldQueue=FOREIGN(4294967293) afterEmitQueue=IGNORED(4294967295) gfxQueue=0 queue_import=1 completed=0 usage_matches=1 exportable=1 dt=(nil) dt_idx=4294967295 flags=0x180 pipeline=0x400
MESA: info: udroid Zink ownership-trace image_barrier_tracking seq=5 threadToken=0x70859a1b80 res=0x3000a9fc00 obj=0x3000a9fdf0 image=0x3000a9fbd0 bo=0x3000aa0220 batch=0x30000e28c0 batch_id=0 layout=VK_IMAGE_LAYOUT_COLOR_ATTACHMENT_OPTIMAL queue=IGNORED(4294967295) exportable=1 dt=(nil) dt_idx=4294967295 dt_layout_updated=0 dmabuf_exports_checked=1 found=0 inserted=1 queue_import=1
MESA: info: udroid Zink ownership-trace export_dmabuf_sem_begin seq=7 threadToken=0x70859a1b29 screen=0x300005f410 res=0x3000a9fc00 obj=0x3000a9fdf0 image=0x3000a9fbd0 bo=0x3000aa0220 layout=COLOR_ATTACHMENT_OPTIMAL queue=IGNORED(4294967295) gfxQueue=0 exportable=1 dt=(nil) dt_idx=4294967295 is_aux=0
MESA: info: udroid Zink ownership-trace export_dmabuf_sem_result seq=8 threadToken=0x70859a1b29 screen=0x300005f410 res=0x3000a9fc00 obj=0x3000a9fdf0 image=0x3000a9fbd0 bo=0x3000aa0220 layout=COLOR_ATTACHMENT_OPTIMAL queue=IGNORED(4294967295) fd=66 exportedSyncFd=69 sem=0x3000acff70 importSemaphoreSuccess=1
MESA: info: udroid Zink ownership-trace image_barrier_queue_import_sem seq=6 threadToken=0x70859a1b80 res=0x3000a9fc00 child=0x3000a9fc00 obj=0x3000a9fdf0 image=0x3000a9fbd0 bo=0x3000aa0220 batch=0x30000e28c0 batch_id=0 sem=0x3000acff70 appended=1
MESA: info: udroid Zink ownership-trace release_barrier seq=6 threadToken=0x70859a1b81 screen=0x300005f410 bs=0x30000e28c0 batch_id=0 api=sync2 tableCmdPipelineBarrier2NonNull=1 res=0x3000a9fc00 obj=0x3000a9fdf0 image=0x3000a9fbd0 bo=0x3000aa0220 oldLayout=COLOR_ATTACHMENT_OPTIMAL newLayout=COLOR_ATTACHMENT_OPTIMAL oldQueue=IGNORED(4294967295) srcQueue=gfx(0) dstQueue=FOREIGN(4294967293) exportable=1 dt=(nil) dt_idx=4294967295
MESA: info: udroid Zink ownership-trace release_signal_sem seq=7 threadToken=0x70859a1b81 screen=0x300005f410 bs=0x30000e28c0 batch_id=0 res=0x3000a9fc00 obj=0x3000a9fdf0 image=0x3000a9fbd0 bo=0x3000aa0220 layout=COLOR_ATTACHMENT_OPTIMAL queue=FOREIGN(4294967293) sem=0x3000ac9c50 appended=1
MESA: info: udroid Zink ownership-trace submit_pre seq=8 threadToken=0x708213bb41 screen=0x300005f410 queue=0x3000075390 bs=0x30000e28c0 batch_id=2 numSubmitInfos=3 acquireWaits=0 fdWaits=1 cmdBuffers=2 signals=2 dmabufExports=1 hasWork=1 hasReordered=1 hasUnsync=0
MESA: info: udroid Zink ownership-trace submit_post seq=9 threadToken=0x708213bb41 screen=0x300005f410 queue=0x3000075390 bs=0x30000e28c0 batch_id=2 result=VK_SUCCESS dmabufExports=1 signalSemaphores=1 fdWaitSemaphores=1
MESA: info: udroid Zink ownership-trace import_dmabuf_sem_begin seq=9 threadToken=0x708213bae9 screen=0x300005f410 res=0x3000a9fc00 obj=0x3000a9fdf0 image=0x3000a9fbd0 bo=0x3000aa0220 layout=COLOR_ATTACHMENT_OPTIMAL queue=FOREIGN(4294967293) gfxQueue=0 exportable=1 dt=(nil) dt_idx=4294967295 sem=0x3000ac9c50
MESA: info: udroid Zink ownership-trace import_dmabuf_sem_getfd seq=10 threadToken=0x708213bae9 screen=0x300005f410 res=0x3000a9fc00 sem=0x3000ac9c50 result=VK_SUCCESS syncFileFd=66
MESA: info: udroid Zink ownership-trace import_dmabuf_sem_fd seq=11 threadToken=0x708213bae9 screen=0x300005f410 res=0x3000a9fc00 sem=0x3000ac9c50 syncFileFd=66 dmaBufFd=69 acquireSucceeded=1 isAux=0
MESA: info: udroid Zink ownership-trace import_dmabuf_sem_ioctl seq=12 threadToken=0x708213bae9 screen=0x300005f410 res=0x3000a9fc00 sem=0x3000ac9c50 syncFileFd=66 dmaBufFd=69 ioctlRet=0 errno=0 failed=0
MESA: info: udroid Zink ownership-trace submit_import_dmabuf_sync seq=10 threadToken=0x708213bb41 screen=0x300005f410 bs=0x30000e28c0 batch_id=2 res=0x3000a9fc00 obj=0x3000a9fdf0 image=0x3000a9fbd0 bo=0x3000aa0220 layout=COLOR_ATTACHMENT_OPTIMAL queue=FOREIGN(4294967293) sem=0x3000ac9c50 importOk=0
could not load cursor 'dnd-copy'
could not load cursor 'dnd-copy'
could not load cursor 'dnd-none'
could not load cursor 'dnd-none'
MESA: info: udroid Zink ownership-trace image_barrier_exec seq=7 threadToken=0x70859a1b80 res=0x3000aa1180 obj=0x3000aa1370 image=0x3000aa1150 bo=0x3000aa1780 batch=0x30000fdcd0 batch_id=0 cmdbuf=0x300010fa20 api=sync2 unsync=0 oldLayout=VK_IMAGE_LAYOUT_PREINITIALIZED newLayout=VK_IMAGE_LAYOUT_COLOR_ATTACHMENT_OPTIMAL oldQueue=FOREIGN(4294967293) afterEmitQueue=IGNORED(4294967295) gfxQueue=0 queue_import=1 completed=0 usage_matches=1 exportable=1 dt=(nil) dt_idx=4294967295 flags=0x180 pipeline=0x400
MESA: info: udroid Zink ownership-trace image_barrier_tracking seq=8 threadToken=0x70859a1b80 res=0x3000aa1180 obj=0x3000aa1370 image=0x3000aa1150 bo=0x3000aa1780 batch=0x30000fdcd0 batch_id=0 layout=VK_IMAGE_LAYOUT_COLOR_ATTACHMENT_OPTIMAL queue=IGNORED(4294967295) exportable=1 dt=(nil) dt_idx=4294967295 dt_layout_updated=0 dmabuf_exports_checked=1 found=0 inserted=1 queue_import=1
MESA: info: udroid Zink ownership-trace export_dmabuf_sem_begin seq=13 threadToken=0x70859a1b29 screen=0x300005f410 res=0x3000aa1180 obj=0x3000aa1370 image=0x3000aa1150 bo=0x3000aa1780 layout=COLOR_ATTACHMENT_OPTIMAL queue=IGNORED(4294967295) gfxQueue=0 exportable=1 dt=(nil) dt_idx=4294967295 is_aux=0
MESA: info: udroid Zink ownership-trace export_dmabuf_sem_result seq=14 threadToken=0x70859a1b29 screen=0x300005f410 res=0x3000aa1180 obj=0x3000aa1370 image=0x3000aa1150 bo=0x3000aa1780 layout=COLOR_ATTACHMENT_OPTIMAL queue=IGNORED(4294967295) fd=66 exportedSyncFd=71 sem=0x3000a815d0 importSemaphoreSuccess=1
MESA: info: udroid Zink ownership-trace image_barrier_queue_import_sem seq=9 threadToken=0x70859a1b80 res=0x3000aa1180 child=0x3000aa1180 obj=0x3000aa1370 image=0x3000aa1150 bo=0x3000aa1780 batch=0x30000fdcd0 batch_id=0 sem=0x3000a815d0 appended=1
MESA: info: udroid Zink ownership-trace release_barrier seq=11 threadToken=0x70859a1b81 screen=0x300005f410 bs=0x30000fdcd0 batch_id=0 api=sync2 tableCmdPipelineBarrier2NonNull=1 res=0x3000aa1180 obj=0x3000aa1370 image=0x3000aa1150 bo=0x3000aa1780 oldLayout=COLOR_ATTACHMENT_OPTIMAL newLayout=COLOR_ATTACHMENT_OPTIMAL oldQueue=IGNORED(4294967295) srcQueue=gfx(0) dstQueue=FOREIGN(4294967293) exportable=1 dt=(nil) dt_idx=4294967295
MESA: info: udroid Zink ownership-trace release_signal_sem seq=12 threadToken=0x70859a1b81 screen=0x300005f410 bs=0x30000fdcd0 batch_id=0 res=0x3000aa1180 obj=0x3000aa1370 image=0x3000aa1150 bo=0x3000aa1780 layout=COLOR_ATTACHMENT_OPTIMAL queue=FOREIGN(4294967293) sem=0x3000a84150 appended=1
MESA: info: udroid Zink ownership-trace submit_pre seq=13 threadToken=0x708213bb41 screen=0x300005f410 queue=0x3000075390 bs=0x30000fdcd0 batch_id=3 numSubmitInfos=3 acquireWaits=0 fdWaits=1 cmdBuffers=2 signals=2 dmabufExports=1 hasWork=1 hasReordered=1 hasUnsync=0
MESA: info: udroid Zink ownership-trace submit_post seq=14 threadToken=0x708213bb41 screen=0x300005f410 queue=0x3000075390 bs=0x30000fdcd0 batch_id=3 result=VK_SUCCESS dmabufExports=1 signalSemaphores=1 fdWaitSemaphores=1
MESA: info: udroid Zink ownership-trace import_dmabuf_sem_begin seq=15 threadToken=0x708213bae9 screen=0x300005f410 res=0x3000aa1180 obj=0x3000aa1370 image=0x3000aa1150 bo=0x3000aa1780 layout=COLOR_ATTACHMENT_OPTIMAL queue=FOREIGN(4294967293) gfxQueue=0 exportable=1 dt=(nil) dt_idx=4294967295 sem=0x3000a84150
MESA: info: udroid Zink ownership-trace import_dmabuf_sem_getfd seq=16 threadToken=0x708213bae9 screen=0x300005f410 res=0x3000aa1180 sem=0x3000a84150 result=VK_SUCCESS syncFileFd=66
MESA: info: udroid Zink ownership-trace import_dmabuf_sem_fd seq=17 threadToken=0x708213bae9 screen=0x300005f410 res=0x3000aa1180 sem=0x3000a84150 syncFileFd=66 dmaBufFd=71 acquireSucceeded=1 isAux=0
MESA: info: udroid Zink ownership-trace import_dmabuf_sem_ioctl seq=18 threadToken=0x708213bae9 screen=0x300005f410 res=0x3000aa1180 sem=0x3000a84150 syncFileFd=66 dmaBufFd=71 ioctlRet=0 errno=0 failed=0
MESA: info: udroid Zink ownership-trace submit_import_dmabuf_sync seq=15 threadToken=0x708213bb41 screen=0x300005f410 bs=0x30000fdcd0 batch_id=3 res=0x3000aa1180 obj=0x3000aa1370 image=0x3000aa1150 bo=0x3000aa1780 layout=COLOR_ATTACHMENT_OPTIMAL queue=FOREIGN(4294967293) sem=0x3000a84150 importOk=0
MESA: info: udroid Zink ownership-trace image_barrier_exec seq=10 threadToken=0x70859a1b80 res=0x3000aa30c0 obj=0x3000aa32b0 image=0x3000aa3590 bo=0x3000aa36f0 batch=0x3000116890 batch_id=0 cmdbuf=0x30001285e0 api=sync2 unsync=0 oldLayout=VK_IMAGE_LAYOUT_PREINITIALIZED newLayout=VK_IMAGE_LAYOUT_COLOR_ATTACHMENT_OPTIMAL oldQueue=FOREIGN(4294967293) afterEmitQueue=IGNORED(4294967295) gfxQueue=0 queue_import=1 completed=0 usage_matches=1 exportable=1 dt=(nil) dt_idx=4294967295 flags=0x180 pipeline=0x400
MESA: info: udroid Zink ownership-trace image_barrier_tracking seq=11 threadToken=0x70859a1b80 res=0x3000aa30c0 obj=0x3000aa32b0 image=0x3000aa3590 bo=0x3000aa36f0 batch=0x3000116890 batch_id=0 layout=VK_IMAGE_LAYOUT_COLOR_ATTACHMENT_OPTIMAL queue=IGNORED(4294967295) exportable=1 dt=(nil) dt_idx=4294967295 dt_layout_updated=0 dmabuf_exports_checked=1 found=0 inserted=1 queue_import=1
MESA: info: udroid Zink ownership-trace export_dmabuf_sem_begin seq=19 threadToken=0x70859a1b29 screen=0x300005f410 res=0x3000aa30c0 obj=0x3000aa32b0 image=0x3000aa3590 bo=0x3000aa36f0 layout=COLOR_ATTACHMENT_OPTIMAL queue=IGNORED(4294967295) gfxQueue=0 exportable=1 dt=(nil) dt_idx=4294967295 is_aux=0
MESA: info: udroid Zink ownership-trace export_dmabuf_sem_result seq=20 threadToken=0x70859a1b29 screen=0x300005f410 res=0x3000aa30c0 obj=0x3000aa32b0 image=0x3000aa3590 bo=0x3000aa36f0 layout=COLOR_ATTACHMENT_OPTIMAL queue=IGNORED(4294967295) fd=66 exportedSyncFd=71 sem=0x3000a87780 importSemaphoreSuccess=1
MESA: info: udroid Zink ownership-trace image_barrier_queue_import_sem seq=12 threadToken=0x70859a1b80 res=0x3000aa30c0 child=0x3000aa30c0 obj=0x3000aa32b0 image=0x3000aa3590 bo=0x3000aa36f0 batch=0x3000116890 batch_id=0 sem=0x3000a87780 appended=1
MESA: info: udroid Zink ownership-trace release_barrier seq=16 threadToken=0x70859a1b81 screen=0x300005f410 bs=0x3000116890 batch_id=0 api=sync2 tableCmdPipelineBarrier2NonNull=1 res=0x3000aa30c0 obj=0x3000aa32b0 image=0x3000aa3590 bo=0x3000aa36f0 oldLayout=COLOR_ATTACHMENT_OPTIMAL newLayout=COLOR_ATTACHMENT_OPTIMAL oldQueue=IGNORED(4294967295) srcQueue=gfx(0) dstQueue=FOREIGN(4294967293) exportable=1 dt=(nil) dt_idx=4294967295
MESA: info: udroid Zink ownership-trace release_signal_sem seq=17 threadToken=0x70859a1b81 screen=0x300005f410 bs=0x3000116890 batch_id=0 res=0x3000aa30c0 obj=0x3000aa32b0 image=0x3000aa3590 bo=0x3000aa36f0 layout=COLOR_ATTACHMENT_OPTIMAL queue=FOREIGN(4294967293) sem=0x3000a8a0a0 appended=1
MESA: info: udroid Zink ownership-trace submit_pre seq=18 threadToken=0x708213bb41 screen=0x300005f410 queue=0x3000075390 bs=0x3000116890 batch_id=4 numSubmitInfos=3 acquireWaits=0 fdWaits=1 cmdBuffers=2 signals=2 dmabufExports=1 hasWork=1 hasReordered=1 hasUnsync=0
MESA: info: udroid Zink ownership-trace submit_post seq=19 threadToken=0x708213bb41 screen=0x300005f410 queue=0x3000075390 bs=0x3000116890 batch_id=4 result=VK_SUCCESS dmabufExports=1 signalSemaphores=1 fdWaitSemaphores=1
MESA: info: udroid Zink ownership-trace import_dmabuf_sem_begin seq=21 threadToken=0x708213bae9 screen=0x300005f410 res=0x3000aa30c0 obj=0x3000aa32b0 image=0x3000aa3590 bo=0x3000aa36f0 layout=COLOR_ATTACHMENT_OPTIMAL queue=FOREIGN(4294967293) gfxQueue=0 exportable=1 dt=(nil) dt_idx=4294967295 sem=0x3000a8a0a0
MESA: info: udroid Zink ownership-trace import_dmabuf_sem_getfd seq=22 threadToken=0x708213bae9 screen=0x300005f410 res=0x3000aa30c0 sem=0x3000a8a0a0 result=VK_SUCCESS syncFileFd=66
MESA: info: udroid Zink ownership-trace import_dmabuf_sem_fd seq=23 threadToken=0x708213bae9 screen=0x300005f410 res=0x3000aa30c0 sem=0x3000a8a0a0 syncFileFd=66 dmaBufFd=71 acquireSucceeded=1 isAux=0
MESA: info: udroid Zink ownership-trace import_dmabuf_sem_ioctl seq=24 threadToken=0x708213bae9 screen=0x300005f410 res=0x3000aa30c0 sem=0x3000a8a0a0 syncFileFd=66 dmaBufFd=71 ioctlRet=0 errno=0 failed=0
MESA: info: udroid Zink ownership-trace submit_import_dmabuf_sync seq=20 threadToken=0x708213bb41 screen=0x300005f410 bs=0x3000116890 batch_id=4 res=0x3000aa30c0 obj=0x3000aa32b0 image=0x3000aa3590 bo=0x3000aa36f0 layout=COLOR_ATTACHMENT_OPTIMAL queue=FOREIGN(4294967293) sem=0x3000a8a0a0 importOk=0
MESA: info: udroid Zink ownership-trace image_barrier_exec seq=13 threadToken=0x70859a1b80 res=0x3000aa4800 obj=0x3000aa49f0 image=0x3000aa4cd0 bo=0x3000aa4e30 batch=0x3000adc5f0 batch_id=0 cmdbuf=0x3000a8bb60 api=sync2 unsync=0 oldLayout=VK_IMAGE_LAYOUT_PREINITIALIZED newLayout=VK_IMAGE_LAYOUT_COLOR_ATTACHMENT_OPTIMAL oldQueue=FOREIGN(4294967293) afterEmitQueue=IGNORED(4294967295) gfxQueue=0 queue_import=1 completed=0 usage_matches=1 exportable=1 dt=(nil) dt_idx=4294967295 flags=0x180 pipeline=0x400
MESA: info: udroid Zink ownership-trace image_barrier_tracking seq=14 threadToken=0x70859a1b80 res=0x3000aa4800 obj=0x3000aa49f0 image=0x3000aa4cd0 bo=0x3000aa4e30 batch=0x3000adc5f0 batch_id=0 layout=VK_IMAGE_LAYOUT_COLOR_ATTACHMENT_OPTIMAL queue=IGNORED(4294967295) exportable=1 dt=(nil) dt_idx=4294967295 dt_layout_updated=0 dmabuf_exports_checked=1 found=0 inserted=1 queue_import=1
MESA: info: udroid Zink ownership-trace export_dmabuf_sem_begin seq=25 threadToken=0x70859a1b29 screen=0x300005f410 res=0x3000aa4800 obj=0x3000aa49f0 image=0x3000aa4cd0 bo=0x3000aa4e30 layout=COLOR_ATTACHMENT_OPTIMAL queue=IGNORED(4294967295) gfxQueue=0 exportable=1 dt=(nil) dt_idx=4294967295 is_aux=0
MESA: info: udroid Zink ownership-trace export_dmabuf_sem_result seq=26 threadToken=0x70859a1b29 screen=0x300005f410 res=0x3000aa4800 obj=0x3000aa49f0 image=0x3000aa4cd0 bo=0x3000aa4e30 layout=COLOR_ATTACHMENT_OPTIMAL queue=IGNORED(4294967295) fd=66 exportedSyncFd=71 sem=0x3000aef460 importSemaphoreSuccess=1
MESA: info: udroid Zink ownership-trace image_barrier_queue_import_sem seq=15 threadToken=0x70859a1b80 res=0x3000aa4800 child=0x3000aa4800 obj=0x3000aa49f0 image=0x3000aa4cd0 bo=0x3000aa4e30 batch=0x3000adc5f0 batch_id=0 sem=0x3000aef460 appended=1
MESA: info: udroid Zink ownership-trace release_barrier seq=21 threadToken=0x70859a1b81 screen=0x300005f410 bs=0x3000adc5f0 batch_id=0 api=sync2 tableCmdPipelineBarrier2NonNull=1 res=0x3000aa4800 obj=0x3000aa49f0 image=0x3000aa4cd0 bo=0x3000aa4e30 oldLayout=COLOR_ATTACHMENT_OPTIMAL newLayout=COLOR_ATTACHMENT_OPTIMAL oldQueue=IGNORED(4294967295) srcQueue=gfx(0) dstQueue=FOREIGN(4294967293) exportable=1 dt=(nil) dt_idx=4294967295
MESA: info: udroid Zink ownership-trace release_signal_sem seq=22 threadToken=0x70859a1b81 screen=0x300005f410 bs=0x3000adc5f0 batch_id=0 res=0x3000aa4800 obj=0x3000aa49f0 image=0x3000aa4cd0 bo=0x3000aa4e30 layout=COLOR_ATTACHMENT_OPTIMAL queue=FOREIGN(4294967293) sem=0x3000af7cc0 appended=1
MESA: info: udroid Zink ownership-trace submit_pre seq=23 threadToken=0x708213bb41 screen=0x300005f410 queue=0x3000075390 bs=0x3000adc5f0 batch_id=5 numSubmitInfos=3 acquireWaits=0 fdWaits=1 cmdBuffers=2 signals=2 dmabufExports=1 hasWork=1 hasReordered=1 hasUnsync=0
MESA: info: udroid Zink ownership-trace submit_post seq=24 threadToken=0x708213bb41 screen=0x300005f410 queue=0x3000075390 bs=0x3000adc5f0 batch_id=5 result=VK_SUCCESS dmabufExports=1 signalSemaphores=1 fdWaitSemaphores=1
MESA: info: udroid Zink ownership-trace import_dmabuf_sem_begin seq=27 threadToken=0x708213bae9 screen=0x300005f410 res=0x3000aa4800 obj=0x3000aa49f0 image=0x3000aa4cd0 bo=0x3000aa4e30 layout=COLOR_ATTACHMENT_OPTIMAL queue=FOREIGN(4294967293) gfxQueue=0 exportable=1 dt=(nil) dt_idx=4294967295 sem=0x3000af7cc0
MESA: info: udroid Zink ownership-trace import_dmabuf_sem_getfd seq=28 threadToken=0x708213bae9 screen=0x300005f410 res=0x3000aa4800 sem=0x3000af7cc0 result=VK_SUCCESS syncFileFd=66
MESA: info: udroid Zink ownership-trace import_dmabuf_sem_fd seq=29 threadToken=0x708213bae9 screen=0x300005f410 res=0x3000aa4800 sem=0x3000af7cc0 syncFileFd=66 dmaBufFd=71 acquireSucceeded=1 isAux=0
MESA: info: udroid Zink ownership-trace import_dmabuf_sem_ioctl seq=30 threadToken=0x708213bae9 screen=0x300005f410 res=0x3000aa4800 sem=0x3000af7cc0 syncFileFd=66 dmaBufFd=71 ioctlRet=0 errno=0 failed=0
MESA: info: udroid Zink ownership-trace submit_import_dmabuf_sync seq=25 threadToken=0x708213bb41 screen=0x300005f410 bs=0x3000adc5f0 batch_id=5 res=0x3000aa4800 obj=0x3000aa49f0 image=0x3000aa4cd0 bo=0x3000aa4e30 layout=COLOR_ATTACHMENT_OPTIMAL queue=FOREIGN(4294967293) sem=0x3000af7cc0 importOk=0
MESA: info: udroid Zink ownership-trace image_barrier_exec seq=16 threadToken=0x70859a1b80 res=0x3000aa5d80 obj=0x3000aa5f70 image=0x3000aa6250 bo=0x3000aa63b0 batch=0x3000af7de0 batch_id=0 cmdbuf=0x3000b09d50 api=sync2 unsync=0 oldLayout=VK_IMAGE_LAYOUT_PREINITIALIZED newLayout=VK_IMAGE_LAYOUT_COLOR_ATTACHMENT_OPTIMAL oldQueue=FOREIGN(4294967293) afterEmitQueue=IGNORED(4294967295) gfxQueue=0 queue_import=1 completed=0 usage_matches=1 exportable=1 dt=(nil) dt_idx=4294967295 flags=0x180 pipeline=0x400
MESA: info: udroid Zink ownership-trace image_barrier_tracking seq=17 threadToken=0x70859a1b80 res=0x3000aa5d80 obj=0x3000aa5f70 image=0x3000aa6250 bo=0x3000aa63b0 batch=0x3000af7de0 batch_id=0 layout=VK_IMAGE_LAYOUT_COLOR_ATTACHMENT_OPTIMAL queue=IGNORED(4294967295) exportable=1 dt=(nil) dt_idx=4294967295 dt_layout_updated=0 dmabuf_exports_checked=1 found=0 inserted=1 queue_import=1
MESA: info: udroid Zink ownership-trace export_dmabuf_sem_begin seq=31 threadToken=0x70859a1b29 screen=0x300005f410 res=0x3000aa5d80 obj=0x3000aa5f70 image=0x3000aa6250 bo=0x3000aa63b0 layout=COLOR_ATTACHMENT_OPTIMAL queue=IGNORED(4294967295) gfxQueue=0 exportable=1 dt=(nil) dt_idx=4294967295 is_aux=0
MESA: info: udroid Zink ownership-trace export_dmabuf_sem_result seq=32 threadToken=0x70859a1b29 screen=0x300005f410 res=0x3000aa5d80 obj=0x3000aa5f70 image=0x3000aa6250 bo=0x3000aa63b0 layout=COLOR_ATTACHMENT_OPTIMAL queue=IGNORED(4294967295) fd=66 exportedSyncFd=71 sem=0x3000b0e8a0 importSemaphoreSuccess=1
MESA: info: udroid Zink ownership-trace image_barrier_queue_import_sem seq=18 threadToken=0x70859a1b80 res=0x3000aa5d80 child=0x3000aa5d80 obj=0x3000aa5f70 image=0x3000aa6250 bo=0x3000aa63b0 batch=0x3000af7de0 batch_id=0 sem=0x3000b0e8a0 appended=1
MESA: info: udroid Zink ownership-trace release_barrier seq=26 threadToken=0x70859a1b81 screen=0x300005f410 bs=0x3000af7de0 batch_id=0 api=sync2 tableCmdPipelineBarrier2NonNull=1 res=0x3000aa5d80 obj=0x3000aa5f70 image=0x3000aa6250 bo=0x3000aa63b0 oldLayout=COLOR_ATTACHMENT_OPTIMAL newLayout=COLOR_ATTACHMENT_OPTIMAL oldQueue=IGNORED(4294967295) srcQueue=gfx(0) dstQueue=FOREIGN(4294967293) exportable=1 dt=(nil) dt_idx=4294967295
MESA: info: udroid Zink ownership-trace release_signal_sem seq=27 threadToken=0x70859a1b81 screen=0x300005f410 bs=0x3000af7de0 batch_id=0 res=0x3000aa5d80 obj=0x3000aa5f70 image=0x3000aa6250 bo=0x3000aa63b0 layout=COLOR_ATTACHMENT_OPTIMAL queue=FOREIGN(4294967293) sem=0x3000b17540 appended=1
MESA: info: udroid Zink ownership-trace submit_pre seq=28 threadToken=0x708213bb41 screen=0x300005f410 queue=0x3000075390 bs=0x3000af7de0 batch_id=6 numSubmitInfos=3 acquireWaits=0 fdWaits=1 cmdBuffers=2 signals=2 dmabufExports=1 hasWork=1 hasReordered=1 hasUnsync=0
MESA: info: udroid Zink ownership-trace submit_post seq=29 threadToken=0x708213bb41 screen=0x300005f410 queue=0x3000075390 bs=0x3000af7de0 batch_id=6 result=VK_SUCCESS dmabufExports=1 signalSemaphores=1 fdWaitSemaphores=1
MESA: info: udroid Zink ownership-trace import_dmabuf_sem_begin seq=33 threadToken=0x708213bae9 screen=0x300005f410 res=0x3000aa5d80 obj=0x3000aa5f70 image=0x3000aa6250 bo=0x3000aa63b0 layout=COLOR_ATTACHMENT_OPTIMAL queue=FOREIGN(4294967293) gfxQueue=0 exportable=1 dt=(nil) dt_idx=4294967295 sem=0x3000b17540
MESA: info: udroid Zink ownership-trace import_dmabuf_sem_getfd seq=34 threadToken=0x708213bae9 screen=0x300005f410 res=0x3000aa5d80 sem=0x3000b17540 result=VK_SUCCESS syncFileFd=66
MESA: info: udroid Zink ownership-trace import_dmabuf_sem_fd seq=35 threadToken=0x708213bae9 screen=0x300005f410 res=0x3000aa5d80 sem=0x3000b17540 syncFileFd=66 dmaBufFd=71 acquireSucceeded=1 isAux=0
MESA: info: udroid Zink ownership-trace import_dmabuf_sem_ioctl seq=36 threadToken=0x708213bae9 screen=0x300005f410 res=0x3000aa5d80 sem=0x3000b17540 syncFileFd=66 dmaBufFd=71 ioctlRet=0 errno=0 failed=0
MESA: info: udroid Zink ownership-trace submit_import_dmabuf_sync seq=30 threadToken=0x708213bb41 screen=0x300005f410 bs=0x3000af7de0 batch_id=6 res=0x3000aa5d80 obj=0x3000aa5f70 image=0x3000aa6250 bo=0x3000aa63b0 layout=COLOR_ATTACHMENT_OPTIMAL queue=FOREIGN(4294967293) sem=0x3000b17540 importOk=0
MESA: info: udroid Zink ownership-trace image_barrier_exec seq=19 threadToken=0x70859a1b80 res=0x3000a9a700 obj=0x3000a9a8f0 image=0x3000a9abd0 bo=0x3000a9ad30 batch=0x3000b17660 batch_id=0 cmdbuf=0x3000b27e20 api=sync2 unsync=0 oldLayout=VK_IMAGE_LAYOUT_COLOR_ATTACHMENT_OPTIMAL newLayout=VK_IMAGE_LAYOUT_COLOR_ATTACHMENT_OPTIMAL oldQueue=FOREIGN(4294967293) afterEmitQueue=IGNORED(4294967295) gfxQueue=0 queue_import=1 completed=0 usage_matches=1 exportable=1 dt=(nil) dt_idx=4294967295 flags=0x180 pipeline=0x400
MESA: info: udroid Zink ownership-trace image_barrier_tracking seq=20 threadToken=0x70859a1b80 res=0x3000a9a700 obj=0x3000a9a8f0 image=0x3000a9abd0 bo=0x3000a9ad30 batch=0x3000b17660 batch_id=0 layout=VK_IMAGE_LAYOUT_COLOR_ATTACHMENT_OPTIMAL queue=IGNORED(4294967295) exportable=1 dt=(nil) dt_idx=4294967295 dt_layout_updated=0 dmabuf_exports_checked=1 found=0 inserted=1 queue_import=1
MESA: info: udroid Zink ownership-trace export_dmabuf_sem_begin seq=37 threadToken=0x70859a1b29 screen=0x300005f410 res=0x3000a9a700 obj=0x3000a9a8f0 image=0x3000a9abd0 bo=0x3000a9ad30 layout=COLOR_ATTACHMENT_OPTIMAL queue=IGNORED(4294967295) gfxQueue=0 exportable=1 dt=(nil) dt_idx=4294967295 is_aux=0
MESA: info: udroid Zink ownership-trace export_dmabuf_sem_result seq=38 threadToken=0x70859a1b29 screen=0x300005f410 res=0x3000a9a700 obj=0x3000a9a8f0 image=0x3000a9abd0 bo=0x3000a9ad30 layout=COLOR_ATTACHMENT_OPTIMAL queue=IGNORED(4294967295) fd=66 exportedSyncFd=71 sem=0x30000f8cb0 importSemaphoreSuccess=1
MESA: info: udroid Zink ownership-trace image_barrier_queue_import_sem seq=21 threadToken=0x70859a1b80 res=0x3000a9a700 child=0x3000a9a700 obj=0x3000a9a8f0 image=0x3000a9abd0 bo=0x3000a9ad30 batch=0x3000b17660 batch_id=0 sem=0x30000f8cb0 appended=1
MESA: info: udroid Zink ownership-trace release_barrier seq=31 threadToken=0x70859a1b81 screen=0x300005f410 bs=0x3000b17660 batch_id=0 api=sync2 tableCmdPipelineBarrier2NonNull=1 res=0x3000a9a700 obj=0x3000a9a8f0 image=0x3000a9abd0 bo=0x3000a9ad30 oldLayout=COLOR_ATTACHMENT_OPTIMAL newLayout=COLOR_ATTACHMENT_OPTIMAL oldQueue=IGNORED(4294967295) srcQueue=gfx(0) dstQueue=FOREIGN(4294967293) exportable=1 dt=(nil) dt_idx=4294967295
MESA: info: udroid Zink ownership-trace release_signal_sem seq=32 threadToken=0x70859a1b81 screen=0x300005f410 bs=0x3000b17660 batch_id=0 res=0x3000a9a700 obj=0x3000a9a8f0 image=0x3000a9abd0 bo=0x3000a9ad30 layout=COLOR_ATTACHMENT_OPTIMAL queue=FOREIGN(4294967293) sem=0x3000b366c0 appended=1
MESA: info: udroid Zink ownership-trace submit_pre seq=33 threadToken=0x708213bb41 screen=0x300005f410 queue=0x3000075390 bs=0x3000b17660 batch_id=7 numSubmitInfos=3 acquireWaits=0 fdWaits=1 cmdBuffers=1 signals=2 dmabufExports=1 hasWork=1 hasReordered=0 hasUnsync=0
MESA: info: udroid Zink ownership-trace submit_post seq=34 threadToken=0x708213bb41 screen=0x300005f410 queue=0x3000075390 bs=0x3000b17660 batch_id=7 result=VK_SUCCESS dmabufExports=1 signalSemaphores=1 fdWaitSemaphores=1
MESA: info: udroid Zink ownership-trace import_dmabuf_sem_begin seq=39 threadToken=0x708213bae9 screen=0x300005f410 res=0x3000a9a700 obj=0x3000a9a8f0 image=0x3000a9abd0 bo=0x3000a9ad30 layout=COLOR_ATTACHMENT_OPTIMAL queue=FOREIGN(4294967293) gfxQueue=0 exportable=1 dt=(nil) dt_idx=4294967295 sem=0x3000b366c0
MESA: info: udroid Zink ownership-trace import_dmabuf_sem_getfd seq=40 threadToken=0x708213bae9 screen=0x300005f410 res=0x3000a9a700 sem=0x3000b366c0 result=VK_SUCCESS syncFileFd=66
MESA: info: udroid Zink ownership-trace import_dmabuf_sem_fd seq=41 threadToken=0x708213bae9 screen=0x300005f410 res=0x3000a9a700 sem=0x3000b366c0 syncFileFd=66 dmaBufFd=71 acquireSucceeded=1 isAux=0
MESA: info: udroid Zink ownership-trace import_dmabuf_sem_ioctl seq=42 threadToken=0x708213bae9 screen=0x300005f410 res=0x3000a9a700 sem=0x3000b366c0 syncFileFd=66 dmaBufFd=71 ioctlRet=0 errno=0 failed=0
MESA: info: udroid Zink ownership-trace submit_import_dmabuf_sync seq=35 threadToken=0x708213bb41 screen=0x300005f410 bs=0x3000b17660 batch_id=7 res=0x3000a9a700 obj=0x3000a9a8f0 image=0x3000a9abd0 bo=0x3000a9ad30 layout=COLOR_ATTACHMENT_OPTIMAL queue=FOREIGN(4294967293) sem=0x3000b366c0 importOk=0
MESA: info: udroid Zink ownership-trace image_barrier_exec seq=22 threadToken=0x70859a1b80 res=0x3000a9fc00 obj=0x3000a9fdf0 image=0x3000a9fbd0 bo=0x3000aa0220 batch=0x3000b367e0 batch_id=0 cmdbuf=0x3000b46fa0 api=sync2 unsync=0 oldLayout=VK_IMAGE_LAYOUT_COLOR_ATTACHMENT_OPTIMAL newLayout=VK_IMAGE_LAYOUT_COLOR_ATTACHMENT_OPTIMAL oldQueue=FOREIGN(4294967293) afterEmitQueue=IGNORED(4294967295) gfxQueue=0 queue_import=1 completed=0 usage_matches=1 exportable=1 dt=(nil) dt_idx=4294967295 flags=0x180 pipeline=0x400
MESA: info: udroid Zink ownership-trace image_barrier_tracking seq=23 threadToken=0x70859a1b80 res=0x3000a9fc00 obj=0x3000a9fdf0 image=0x3000a9fbd0 bo=0x3000aa0220 batch=0x3000b367e0 batch_id=0 layout=VK_IMAGE_LAYOUT_COLOR_ATTACHMENT_OPTIMAL queue=IGNORED(4294967295) exportable=1 dt=(nil) dt_idx=4294967295 dt_layout_updated=0 dmabuf_exports_checked=1 found=0 inserted=1 queue_import=1
MESA: info: udroid Zink ownership-trace export_dmabuf_sem_begin seq=43 threadToken=0x70859a1b29 screen=0x300005f410 res=0x3000a9fc00 obj=0x3000a9fdf0 image=0x3000a9fbd0 bo=0x3000aa0220 layout=COLOR_ATTACHMENT_OPTIMAL queue=IGNORED(4294967295) gfxQueue=0 exportable=1 dt=(nil) dt_idx=4294967295 is_aux=0
MESA: info: udroid Zink ownership-trace export_dmabuf_sem_result seq=44 threadToken=0x70859a1b29 screen=0x300005f410 res=0x3000a9fc00 obj=0x3000a9fdf0 image=0x3000a9fbd0 bo=0x3000aa0220 layout=COLOR_ATTACHMENT_OPTIMAL queue=IGNORED(4294967295) fd=66 exportedSyncFd=71 sem=0x3000b4d560 importSemaphoreSuccess=1
MESA: info: udroid Zink ownership-trace image_barrier_queue_import_sem seq=24 threadToken=0x70859a1b80 res=0x3000a9fc00 child=0x3000a9fc00 obj=0x3000a9fdf0 image=0x3000a9fbd0 bo=0x3000aa0220 batch=0x3000b367e0 batch_id=0 sem=0x3000b4d560 appended=1
MESA: info: udroid Zink ownership-trace release_barrier seq=36 threadToken=0x70859a1b81 screen=0x300005f410 bs=0x3000b367e0 batch_id=0 api=sync2 tableCmdPipelineBarrier2NonNull=1 res=0x3000a9fc00 obj=0x3000a9fdf0 image=0x3000a9fbd0 bo=0x3000aa0220 oldLayout=COLOR_ATTACHMENT_OPTIMAL newLayout=COLOR_ATTACHMENT_OPTIMAL oldQueue=IGNORED(4294967295) srcQueue=gfx(0) dstQueue=FOREIGN(4294967293) exportable=1 dt=(nil) dt_idx=4294967295
MESA: info: udroid Zink ownership-trace release_signal_sem seq=37 threadToken=0x70859a1b81 screen=0x300005f410 bs=0x3000b367e0 batch_id=0 res=0x3000a9fc00 obj=0x3000a9fdf0 image=0x3000a9fbd0 bo=0x3000aa0220 layout=COLOR_ATTACHMENT_OPTIMAL queue=FOREIGN(4294967293) sem=0x3000b58e40 appended=1
MESA: info: udroid Zink ownership-trace submit_pre seq=38 threadToken=0x708213bb41 screen=0x300005f410 queue=0x3000075390 bs=0x3000b367e0 batch_id=8 numSubmitInfos=3 acquireWaits=0 fdWaits=1 cmdBuffers=1 signals=2 dmabufExports=1 hasWork=1 hasReordered=0 hasUnsync=0
MESA: info: udroid Zink ownership-trace submit_post seq=39 threadToken=0x708213bb41 screen=0x300005f410 queue=0x3000075390 bs=0x3000b367e0 batch_id=8 result=VK_SUCCESS dmabufExports=1 signalSemaphores=1 fdWaitSemaphores=1
MESA: info: udroid Zink ownership-trace import_dmabuf_sem_begin seq=45 threadToken=0x708213bae9 screen=0x300005f410 res=0x3000a9fc00 obj=0x3000a9fdf0 image=0x3000a9fbd0 bo=0x3000aa0220 layout=COLOR_ATTACHMENT_OPTIMAL queue=FOREIGN(4294967293) gfxQueue=0 exportable=1 dt=(nil) dt_idx=4294967295 sem=0x3000b58e40
MESA: info: udroid Zink ownership-trace import_dmabuf_sem_getfd seq=46 threadToken=0x708213bae9 screen=0x300005f410 res=0x3000a9fc00 sem=0x3000b58e40 result=VK_SUCCESS syncFileFd=66
MESA: info: udroid Zink ownership-trace import_dmabuf_sem_fd seq=47 threadToken=0x708213bae9 screen=0x300005f410 res=0x3000a9fc00 sem=0x3000b58e40 syncFileFd=66 dmaBufFd=71 acquireSucceeded=1 isAux=0
MESA: info: udroid Zink ownership-trace import_dmabuf_sem_ioctl seq=48 threadToken=0x708213bae9 screen=0x300005f410 res=0x3000a9fc00 sem=0x3000b58e40 syncFileFd=66 dmaBufFd=71 ioctlRet=0 errno=0 failed=0
MESA: info: udroid Zink ownership-trace submit_import_dmabuf_sync seq=40 threadToken=0x708213bb41 screen=0x300005f410 bs=0x3000b367e0 batch_id=8 res=0x3000a9fc00 obj=0x3000a9fdf0 image=0x3000a9fbd0 bo=0x3000aa0220 layout=COLOR_ATTACHMENT_OPTIMAL queue=FOREIGN(4294967293) sem=0x3000b58e40 importOk=0
MESA: info: udroid Zink ownership-trace image_barrier_exec seq=25 threadToken=0x70859a1b80 res=0x3000aa1180 obj=0x3000aa1370 image=0x3000aa1150 bo=0x3000aa1780 batch=0x3000b58f60 batch_id=0 cmdbuf=0x3000b69720 api=sync2 unsync=0 oldLayout=VK_IMAGE_LAYOUT_COLOR_ATTACHMENT_OPTIMAL newLayout=VK_IMAGE_LAYOUT_COLOR_ATTACHMENT_OPTIMAL oldQueue=FOREIGN(4294967293) afterEmitQueue=IGNORED(4294967295) gfxQueue=0 queue_import=1 completed=0 usage_matches=1 exportable=1 dt=(nil) dt_idx=4294967295 flags=0x180 pipeline=0x400
MESA: info: udroid Zink ownership-trace image_barrier_tracking seq=26 threadToken=0x70859a1b80 res=0x3000aa1180 obj=0x3000aa1370 image=0x3000aa1150 bo=0x3000aa1780 batch=0x3000b58f60 batch_id=0 layout=VK_IMAGE_LAYOUT_COLOR_ATTACHMENT_OPTIMAL queue=IGNORED(4294967295) exportable=1 dt=(nil) dt_idx=4294967295 dt_layout_updated=0 dmabuf_exports_checked=1 found=0 inserted=1 queue_import=1
MESA: info: udroid Zink ownership-trace export_dmabuf_sem_begin seq=49 threadToken=0x70859a1b29 screen=0x300005f410 res=0x3000aa1180 obj=0x3000aa1370 image=0x3000aa1150 bo=0x3000aa1780 layout=COLOR_ATTACHMENT_OPTIMAL queue=IGNORED(4294967295) gfxQueue=0 exportable=1 dt=(nil) dt_idx=4294967295 is_aux=0
MESA: info: udroid Zink ownership-trace export_dmabuf_sem_result seq=50 threadToken=0x70859a1b29 screen=0x300005f410 res=0x3000aa1180 obj=0x3000aa1370 image=0x3000aa1150 bo=0x3000aa1780 layout=COLOR_ATTACHMENT_OPTIMAL queue=IGNORED(4294967295) fd=66 exportedSyncFd=71 sem=0x3000b6fce0 importSemaphoreSuccess=1
MESA: info: udroid Zink ownership-trace image_barrier_queue_import_sem seq=27 threadToken=0x70859a1b80 res=0x3000aa1180 child=0x3000aa1180 obj=0x3000aa1370 image=0x3000aa1150 bo=0x3000aa1780 batch=0x3000b58f60 batch_id=0 sem=0x3000b6fce0 appended=1
MESA: info: udroid Zink ownership-trace release_barrier seq=41 threadToken=0x70859a1b81 screen=0x300005f410 bs=0x3000b58f60 batch_id=0 api=sync2 tableCmdPipelineBarrier2NonNull=1 res=0x3000aa1180 obj=0x3000aa1370 image=0x3000aa1150 bo=0x3000aa1780 oldLayout=COLOR_ATTACHMENT_OPTIMAL newLayout=COLOR_ATTACHMENT_OPTIMAL oldQueue=IGNORED(4294967295) srcQueue=gfx(0) dstQueue=FOREIGN(4294967293) exportable=1 dt=(nil) dt_idx=4294967295
MESA: info: udroid Zink ownership-trace release_signal_sem seq=42 threadToken=0x70859a1b81 screen=0x300005f410 bs=0x3000b58f60 batch_id=0 res=0x3000aa1180 obj=0x3000aa1370 image=0x3000aa1150 bo=0x3000aa1780 layout=COLOR_ATTACHMENT_OPTIMAL queue=FOREIGN(4294967293) sem=0x3000b7b5c0 appended=1
MESA: info: udroid Zink ownership-trace submit_pre seq=43 threadToken=0x708213bb41 screen=0x300005f410 queue=0x3000075390 bs=0x3000b58f60 batch_id=9 numSubmitInfos=3 acquireWaits=0 fdWaits=1 cmdBuffers=1 signals=2 dmabufExports=1 hasWork=1 hasReordered=0 hasUnsync=0
MESA: info: udroid Zink ownership-trace submit_post seq=44 threadToken=0x708213bb41 screen=0x300005f410 queue=0x3000075390 bs=0x3000b58f60 batch_id=9 result=VK_SUCCESS dmabufExports=1 signalSemaphores=1 fdWaitSemaphores=1
MESA: info: udroid Zink ownership-trace import_dmabuf_sem_begin seq=51 threadToken=0x708213bae9 screen=0x300005f410 res=0x3000aa1180 obj=0x3000aa1370 image=0x3000aa1150 bo=0x3000aa1780 layout=COLOR_ATTACHMENT_OPTIMAL queue=FOREIGN(4294967293) gfxQueue=0 exportable=1 dt=(nil) dt_idx=4294967295 sem=0x3000b7b5c0
MESA: info: udroid Zink ownership-trace import_dmabuf_sem_getfd seq=52 threadToken=0x708213bae9 screen=0x300005f410 res=0x3000aa1180 sem=0x3000b7b5c0 result=VK_SUCCESS syncFileFd=66
MESA: info: udroid Zink ownership-trace import_dmabuf_sem_fd seq=53 threadToken=0x708213bae9 screen=0x300005f410 res=0x3000aa1180 sem=0x3000b7b5c0 syncFileFd=66 dmaBufFd=71 acquireSucceeded=1 isAux=0
MESA: info: udroid Zink ownership-trace import_dmabuf_sem_ioctl seq=54 threadToken=0x708213bae9 screen=0x300005f410 res=0x3000aa1180 sem=0x3000b7b5c0 syncFileFd=66 dmaBufFd=71 ioctlRet=0 errno=0 failed=0
MESA: info: udroid Zink ownership-trace submit_import_dmabuf_sync seq=45 threadToken=0x708213bb41 screen=0x300005f410 bs=0x3000b58f60 batch_id=9 res=0x3000aa1180 obj=0x3000aa1370 image=0x3000aa1150 bo=0x3000aa1780 layout=COLOR_ATTACHMENT_OPTIMAL queue=FOREIGN(4294967293) sem=0x3000b7b5c0 importOk=0
MESA: info: udroid Zink ownership-trace image_barrier_exec seq=28 threadToken=0x70859a1b80 res=0x3000aa30c0 obj=0x3000aa32b0 image=0x3000aa3590 bo=0x3000aa36f0 batch=0x3000b7b6e0 batch_id=0 cmdbuf=0x3000b8bea0 api=sync2 unsync=0 oldLayout=VK_IMAGE_LAYOUT_COLOR_ATTACHMENT_OPTIMAL newLayout=VK_IMAGE_LAYOUT_COLOR_ATTACHMENT_OPTIMAL oldQueue=FOREIGN(4294967293) afterEmitQueue=IGNORED(4294967295) gfxQueue=0 queue_import=1 completed=0 usage_matches=1 exportable=1 dt=(nil) dt_idx=4294967295 flags=0x180 pipeline=0x400
MESA: info: udroid Zink ownership-trace image_barrier_tracking seq=29 threadToken=0x70859a1b80 res=0x3000aa30c0 obj=0x3000aa32b0 image=0x3000aa3590 bo=0x3000aa36f0 batch=0x3000b7b6e0 batch_id=0 layout=VK_IMAGE_LAYOUT_COLOR_ATTACHMENT_OPTIMAL queue=IGNORED(4294967295) exportable=1 dt=(nil) dt_idx=4294967295 dt_layout_updated=0 dmabuf_exports_checked=1 found=0 inserted=1 queue_import=1
MESA: info: udroid Zink ownership-trace export_dmabuf_sem_begin seq=55 threadToken=0x70859a1b29 screen=0x300005f410 res=0x3000aa30c0 obj=0x3000aa32b0 image=0x3000aa3590 bo=0x3000aa36f0 layout=COLOR_ATTACHMENT_OPTIMAL queue=IGNORED(4294967295) gfxQueue=0 exportable=1 dt=(nil) dt_idx=4294967295 is_aux=0
MESA: info: udroid Zink ownership-trace export_dmabuf_sem_result seq=56 threadToken=0x70859a1b29 screen=0x300005f410 res=0x3000aa30c0 obj=0x3000aa32b0 image=0x3000aa3590 bo=0x3000aa36f0 layout=COLOR_ATTACHMENT_OPTIMAL queue=IGNORED(4294967295) fd=66 exportedSyncFd=71 sem=0x3000b92640 importSemaphoreSuccess=1
MESA: info: udroid Zink ownership-trace image_barrier_queue_import_sem seq=30 threadToken=0x70859a1b80 res=0x3000aa30c0 child=0x3000aa30c0 obj=0x3000aa32b0 image=0x3000aa3590 bo=0x3000aa36f0 batch=0x3000b7b6e0 batch_id=0 sem=0x3000b92640 appended=1
MESA: info: udroid Zink ownership-trace release_barrier seq=46 threadToken=0x70859a1b81 screen=0x300005f410 bs=0x3000b7b6e0 batch_id=0 api=sync2 tableCmdPipelineBarrier2NonNull=1 res=0x3000aa30c0 obj=0x3000aa32b0 image=0x3000aa3590 bo=0x3000aa36f0 oldLayout=COLOR_ATTACHMENT_OPTIMAL newLayout=COLOR_ATTACHMENT_OPTIMAL oldQueue=IGNORED(4294967295) srcQueue=gfx(0) dstQueue=FOREIGN(4294967293) exportable=1 dt=(nil) dt_idx=4294967295
MESA: info: udroid Zink ownership-trace release_signal_sem seq=47 threadToken=0x70859a1b81 screen=0x300005f410 bs=0x3000b7b6e0 batch_id=0 res=0x3000aa30c0 obj=0x3000aa32b0 image=0x3000aa3590 bo=0x3000aa36f0 layout=COLOR_ATTACHMENT_OPTIMAL queue=FOREIGN(4294967293) sem=0x3000b9e100 appended=1
MESA: info: udroid Zink ownership-trace submit_pre seq=48 threadToken=0x708213bb41 screen=0x300005f410 queue=0x3000075390 bs=0x3000b7b6e0 batch_id=10 numSubmitInfos=3 acquireWaits=0 fdWaits=1 cmdBuffers=1 signals=2 dmabufExports=1 hasWork=1 hasReordered=0 hasUnsync=0
MESA: info: udroid Zink ownership-trace submit_post seq=49 threadToken=0x708213bb41 screen=0x300005f410 queue=0x3000075390 bs=0x3000b7b6e0 batch_id=10 result=VK_SUCCESS dmabufExports=1 signalSemaphores=1 fdWaitSemaphores=1
MESA: info: udroid Zink ownership-trace import_dmabuf_sem_begin seq=57 threadToken=0x708213bae9 screen=0x300005f410 res=0x3000aa30c0 obj=0x3000aa32b0 image=0x3000aa3590 bo=0x3000aa36f0 layout=COLOR_ATTACHMENT_OPTIMAL queue=FOREIGN(4294967293) gfxQueue=0 exportable=1 dt=(nil) dt_idx=4294967295 sem=0x3000b9e100
MESA: info: udroid Zink ownership-trace import_dmabuf_sem_getfd seq=58 threadToken=0x708213bae9 screen=0x300005f410 res=0x3000aa30c0 sem=0x3000b9e100 result=VK_SUCCESS syncFileFd=66
MESA: info: udroid Zink ownership-trace import_dmabuf_sem_fd seq=59 threadToken=0x708213bae9 screen=0x300005f410 res=0x3000aa30c0 sem=0x3000b9e100 syncFileFd=66 dmaBufFd=71 acquireSucceeded=1 isAux=0
MESA: info: udroid Zink ownership-trace import_dmabuf_sem_ioctl seq=60 threadToken=0x708213bae9 screen=0x300005f410 res=0x3000aa30c0 sem=0x3000b9e100 syncFileFd=66 dmaBufFd=71 ioctlRet=0 errno=0 failed=0
MESA: info: udroid Zink ownership-trace submit_import_dmabuf_sync seq=50 threadToken=0x708213bb41 screen=0x300005f410 bs=0x3000b7b6e0 batch_id=10 res=0x3000aa30c0 obj=0x3000aa32b0 image=0x3000aa3590 bo=0x3000aa36f0 layout=COLOR_ATTACHMENT_OPTIMAL queue=FOREIGN(4294967293) sem=0x3000b9e100 importOk=0
MESA: info: udroid Zink ownership-trace image_barrier_exec seq=31 threadToken=0x70859a1b80 res=0x3000aa4800 obj=0x3000aa49f0 image=0x3000aa4cd0 bo=0x3000aa4e30 batch=0x3000b9e220 batch_id=0 cmdbuf=0x3000bae9e0 api=sync2 unsync=0 oldLayout=VK_IMAGE_LAYOUT_COLOR_ATTACHMENT_OPTIMAL newLayout=VK_IMAGE_LAYOUT_COLOR_ATTACHMENT_OPTIMAL oldQueue=FOREIGN(4294967293) afterEmitQueue=IGNORED(4294967295) gfxQueue=0 queue_import=1 completed=0 usage_matches=1 exportable=1 dt=(nil) dt_idx=4294967295 flags=0x180 pipeline=0x400
MESA: info: udroid Zink ownership-trace image_barrier_tracking seq=32 threadToken=0x70859a1b80 res=0x3000aa4800 obj=0x3000aa49f0 image=0x3000aa4cd0 bo=0x3000aa4e30 batch=0x3000b9e220 batch_id=0 layout=VK_IMAGE_LAYOUT_COLOR_ATTACHMENT_OPTIMAL queue=IGNORED(4294967295) exportable=1 dt=(nil) dt_idx=4294967295 dt_layout_updated=0 dmabuf_exports_checked=1 found=0 inserted=1 queue_import=1
MESA: info: udroid Zink ownership-trace export_dmabuf_sem_begin seq=61 threadToken=0x70859a1b29 screen=0x300005f410 res=0x3000aa4800 obj=0x3000aa49f0 image=0x3000aa4cd0 bo=0x3000aa4e30 layout=COLOR_ATTACHMENT_OPTIMAL queue=IGNORED(4294967295) gfxQueue=0 exportable=1 dt=(nil) dt_idx=4294967295 is_aux=0
MESA: info: udroid Zink ownership-trace export_dmabuf_sem_result seq=62 threadToken=0x70859a1b29 screen=0x300005f410 res=0x3000aa4800 obj=0x3000aa49f0 image=0x3000aa4cd0 bo=0x3000aa4e30 layout=COLOR_ATTACHMENT_OPTIMAL queue=IGNORED(4294967295) fd=66 exportedSyncFd=71 sem=0x3000bb4fa0 importSemaphoreSuccess=1
MESA: info: udroid Zink ownership-trace image_barrier_queue_import_sem seq=33 threadToken=0x70859a1b80 res=0x3000aa4800 child=0x3000aa4800 obj=0x3000aa49f0 image=0x3000aa4cd0 bo=0x3000aa4e30 batch=0x3000b9e220 batch_id=0 sem=0x3000bb4fa0 appended=1
MESA: info: udroid Zink ownership-trace release_barrier seq=51 threadToken=0x70859a1b81 screen=0x300005f410 bs=0x3000b9e220 batch_id=0 api=sync2 tableCmdPipelineBarrier2NonNull=1 res=0x3000aa4800 obj=0x3000aa49f0 image=0x3000aa4cd0 bo=0x3000aa4e30 oldLayout=COLOR_ATTACHMENT_OPTIMAL newLayout=COLOR_ATTACHMENT_OPTIMAL oldQueue=IGNORED(4294967295) srcQueue=gfx(0) dstQueue=FOREIGN(4294967293) exportable=1 dt=(nil) dt_idx=4294967295
MESA: info: udroid Zink ownership-trace release_signal_sem seq=52 threadToken=0x70859a1b81 screen=0x300005f410 bs=0x3000b9e220 batch_id=0 res=0x3000aa4800 obj=0x3000aa49f0 image=0x3000aa4cd0 bo=0x3000aa4e30 layout=COLOR_ATTACHMENT_OPTIMAL queue=FOREIGN(4294967293) sem=0x3000bc0880 appended=1
MESA: info: udroid Zink ownership-trace submit_pre seq=53 threadToken=0x708213bb41 screen=0x300005f410 queue=0x3000075390 bs=0x3000b9e220 batch_id=11 numSubmitInfos=3 acquireWaits=0 fdWaits=1 cmdBuffers=1 signals=2 dmabufExports=1 hasWork=1 hasReordered=0 hasUnsync=0
MESA: info: udroid Zink ownership-trace submit_post seq=54 threadToken=0x708213bb41 screen=0x300005f410 queue=0x3000075390 bs=0x3000b9e220 batch_id=11 result=VK_SUCCESS dmabufExports=1 signalSemaphores=1 fdWaitSemaphores=1
MESA: info: udroid Zink ownership-trace import_dmabuf_sem_begin seq=63 threadToken=0x708213bae9 screen=0x300005f410 res=0x3000aa4800 obj=0x3000aa49f0 image=0x3000aa4cd0 bo=0x3000aa4e30 layout=COLOR_ATTACHMENT_OPTIMAL queue=FOREIGN(4294967293) gfxQueue=0 exportable=1 dt=(nil) dt_idx=4294967295 sem=0x3000bc0880
MESA: info: udroid Zink ownership-trace import_dmabuf_sem_getfd seq=64 threadToken=0x708213bae9 screen=0x300005f410 res=0x3000aa4800 sem=0x3000bc0880 result=VK_SUCCESS syncFileFd=66
MESA: info: udroid Zink ownership-trace import_dmabuf_sem_fd seq=65 threadToken=0x708213bae9 screen=0x300005f410 res=0x3000aa4800 sem=0x3000bc0880 syncFileFd=66 dmaBufFd=71 acquireSucceeded=1 isAux=0
MESA: info: udroid Zink ownership-trace import_dmabuf_sem_ioctl seq=66 threadToken=0x708213bae9 screen=0x300005f410 res=0x3000aa4800 sem=0x3000bc0880 syncFileFd=66 dmaBufFd=71 ioctlRet=0 errno=0 failed=0
MESA: info: udroid Zink ownership-trace submit_import_dmabuf_sync seq=55 threadToken=0x708213bb41 screen=0x300005f410 bs=0x3000b9e220 batch_id=11 res=0x3000aa4800 obj=0x3000aa49f0 image=0x3000aa4cd0 bo=0x3000aa4e30 layout=COLOR_ATTACHMENT_OPTIMAL queue=FOREIGN(4294967293) sem=0x3000bc0880 importOk=0
MESA: info: udroid Zink ownership-trace image_barrier_exec seq=34 threadToken=0x70859a1b80 res=0x3000aa5d80 obj=0x3000aa5f70 image=0x3000aa6250 bo=0x3000aa63b0 batch=0x3000bc09a0 batch_id=0 cmdbuf=0x3000bd1160 api=sync2 unsync=0 oldLayout=VK_IMAGE_LAYOUT_COLOR_ATTACHMENT_OPTIMAL newLayout=VK_IMAGE_LAYOUT_COLOR_ATTACHMENT_OPTIMAL oldQueue=FOREIGN(4294967293) afterEmitQueue=IGNORED(4294967295) gfxQueue=0 queue_import=1 completed=0 usage_matches=1 exportable=1 dt=(nil) dt_idx=4294967295 flags=0x180 pipeline=0x400
MESA: info: udroid Zink ownership-trace image_barrier_tracking seq=35 threadToken=0x70859a1b80 res=0x3000aa5d80 obj=0x3000aa5f70 image=0x3000aa6250 bo=0x3000aa63b0 batch=0x3000bc09a0 batch_id=0 layout=VK_IMAGE_LAYOUT_COLOR_ATTACHMENT_OPTIMAL queue=IGNORED(4294967295) exportable=1 dt=(nil) dt_idx=4294967295 dt_layout_updated=0 dmabuf_exports_checked=1 found=0 inserted=1 queue_import=1
MESA: info: udroid Zink ownership-trace export_dmabuf_sem_begin seq=67 threadToken=0x70859a1b29 screen=0x300005f410 res=0x3000aa5d80 obj=0x3000aa5f70 image=0x3000aa6250 bo=0x3000aa63b0 layout=COLOR_ATTACHMENT_OPTIMAL queue=IGNORED(4294967295) gfxQueue=0 exportable=1 dt=(nil) dt_idx=4294967295 is_aux=0
MESA: info: udroid Zink ownership-trace export_dmabuf_sem_result seq=68 threadToken=0x70859a1b29 screen=0x300005f410 res=0x3000aa5d80 obj=0x3000aa5f70 image=0x3000aa6250 bo=0x3000aa63b0 layout=COLOR_ATTACHMENT_OPTIMAL queue=IGNORED(4294967295) fd=66 exportedSyncFd=71 sem=0x3000bd7720 importSemaphoreSuccess=1
MESA: info: udroid Zink ownership-trace image_barrier_queue_import_sem seq=36 threadToken=0x70859a1b80 res=0x3000aa5d80 child=0x3000aa5d80 obj=0x3000aa5f70 image=0x3000aa6250 bo=0x3000aa63b0 batch=0x3000bc09a0 batch_id=0 sem=0x3000bd7720 appended=1
MESA: info: udroid Zink ownership-trace release_barrier seq=56 threadToken=0x70859a1b81 screen=0x300005f410 bs=0x3000bc09a0 batch_id=0 api=sync2 tableCmdPipelineBarrier2NonNull=1 res=0x3000aa5d80 obj=0x3000aa5f70 image=0x3000aa6250 bo=0x3000aa63b0 oldLayout=COLOR_ATTACHMENT_OPTIMAL newLayout=COLOR_ATTACHMENT_OPTIMAL oldQueue=IGNORED(4294967295) srcQueue=gfx(0) dstQueue=FOREIGN(4294967293) exportable=1 dt=(nil) dt_idx=4294967295
MESA: info: udroid Zink ownership-trace release_signal_sem seq=57 threadToken=0x70859a1b81 screen=0x300005f410 bs=0x3000bc09a0 batch_id=0 res=0x3000aa5d80 obj=0x3000aa5f70 image=0x3000aa6250 bo=0x3000aa63b0 layout=COLOR_ATTACHMENT_OPTIMAL queue=FOREIGN(4294967293) sem=0x3000be3000 appended=1
MESA: info: udroid Zink ownership-trace submit_pre seq=58 threadToken=0x708213bb41 screen=0x300005f410 queue=0x3000075390 bs=0x3000bc09a0 batch_id=12 numSubmitInfos=3 acquireWaits=0 fdWaits=1 cmdBuffers=1 signals=2 dmabufExports=1 hasWork=1 hasReordered=0 hasUnsync=0
MESA: info: udroid Zink ownership-trace submit_post seq=59 threadToken=0x708213bb41 screen=0x300005f410 queue=0x3000075390 bs=0x3000bc09a0 batch_id=12 result=VK_SUCCESS dmabufExports=1 signalSemaphores=1 fdWaitSemaphores=1
MESA: info: udroid Zink ownership-trace import_dmabuf_sem_begin seq=69 threadToken=0x708213bae9 screen=0x300005f410 res=0x3000aa5d80 obj=0x3000aa5f70 image=0x3000aa6250 bo=0x3000aa63b0 layout=COLOR_ATTACHMENT_OPTIMAL queue=FOREIGN(4294967293) gfxQueue=0 exportable=1 dt=(nil) dt_idx=4294967295 sem=0x3000be3000
MESA: info: udroid Zink ownership-trace import_dmabuf_sem_getfd seq=70 threadToken=0x708213bae9 screen=0x300005f410 res=0x3000aa5d80 sem=0x3000be3000 result=VK_SUCCESS syncFileFd=66
MESA: info: udroid Zink ownership-trace import_dmabuf_sem_fd seq=71 threadToken=0x708213bae9 screen=0x300005f410 res=0x3000aa5d80 sem=0x3000be3000 syncFileFd=66 dmaBufFd=71 acquireSucceeded=1 isAux=0
MESA: info: udroid Zink ownership-trace import_dmabuf_sem_ioctl seq=72 threadToken=0x708213bae9 screen=0x300005f410 res=0x3000aa5d80 sem=0x3000be3000 syncFileFd=66 dmaBufFd=71 ioctlRet=0 errno=0 failed=0
MESA: info: udroid Zink ownership-trace submit_import_dmabuf_sync seq=60 threadToken=0x708213bb41 screen=0x300005f410 bs=0x3000bc09a0 batch_id=12 res=0x3000aa5d80 obj=0x3000aa5f70 image=0x3000aa6250 bo=0x3000aa63b0 layout=COLOR_ATTACHMENT_OPTIMAL queue=FOREIGN(4294967293) sem=0x3000be3000 importOk=0
MESA: info: udroid Zink ownership-trace image_barrier_exec seq=37 threadToken=0x70859a1b80 res=0x3000a9a700 obj=0x3000a9a8f0 image=0x3000a9abd0 bo=0x3000a9ad30 batch=0x3000be3120 batch_id=0 cmdbuf=0x3000bf38e0 api=sync2 unsync=0 oldLayout=VK_IMAGE_LAYOUT_COLOR_ATTACHMENT_OPTIMAL newLayout=VK_IMAGE_LAYOUT_COLOR_ATTACHMENT_OPTIMAL oldQueue=FOREIGN(4294967293) afterEmitQueue=IGNORED(4294967295) gfxQueue=0 queue_import=1 completed=0 usage_matches=1 exportable=1 dt=(nil) dt_idx=4294967295 flags=0x180 pipeline=0x400
MESA: info: udroid Zink ownership-trace image_barrier_tracking seq=38 threadToken=0x70859a1b80 res=0x3000a9a700 obj=0x3000a9a8f0 image=0x3000a9abd0 bo=0x3000a9ad30 batch=0x3000be3120 batch_id=0 layout=VK_IMAGE_LAYOUT_COLOR_ATTACHMENT_OPTIMAL queue=IGNORED(4294967295) exportable=1 dt=(nil) dt_idx=4294967295 dt_layout_updated=0 dmabuf_exports_checked=1 found=0 inserted=1 queue_import=1
MESA: info: udroid Zink ownership-trace export_dmabuf_sem_begin seq=73 threadToken=0x70859a1b29 screen=0x300005f410 res=0x3000a9a700 obj=0x3000a9a8f0 image=0x3000a9abd0 bo=0x3000a9ad30 layout=COLOR_ATTACHMENT_OPTIMAL queue=IGNORED(4294967295) gfxQueue=0 exportable=1 dt=(nil) dt_idx=4294967295 is_aux=0
MESA: info: udroid Zink ownership-trace export_dmabuf_sem_result seq=74 threadToken=0x70859a1b29 screen=0x300005f410 res=0x3000a9a700 obj=0x3000a9a8f0 image=0x3000a9abd0 bo=0x3000a9ad30 layout=COLOR_ATTACHMENT_OPTIMAL queue=IGNORED(4294967295) fd=66 exportedSyncFd=71 sem=0x3000bf9ea0 importSemaphoreSuccess=1
MESA: info: udroid Zink ownership-trace image_barrier_queue_import_sem seq=39 threadToken=0x70859a1b80 res=0x3000a9a700 child=0x3000a9a700 obj=0x3000a9a8f0 image=0x3000a9abd0 bo=0x3000a9ad30 batch=0x3000be3120 batch_id=0 sem=0x3000bf9ea0 appended=1
MESA: info: udroid Zink ownership-trace release_barrier seq=61 threadToken=0x70859a1b81 screen=0x300005f410 bs=0x3000be3120 batch_id=0 api=sync2 tableCmdPipelineBarrier2NonNull=1 res=0x3000a9a700 obj=0x3000a9a8f0 image=0x3000a9abd0 bo=0x3000a9ad30 oldLayout=COLOR_ATTACHMENT_OPTIMAL newLayout=COLOR_ATTACHMENT_OPTIMAL oldQueue=IGNORED(4294967295) srcQueue=gfx(0) dstQueue=FOREIGN(4294967293) exportable=1 dt=(nil) dt_idx=4294967295
MESA: info: udroid Zink ownership-trace release_signal_sem seq=62 threadToken=0x70859a1b81 screen=0x300005f410 bs=0x3000be3120 batch_id=0 res=0x3000a9a700 obj=0x3000a9a8f0 image=0x3000a9abd0 bo=0x3000a9ad30 layout=COLOR_ATTACHMENT_OPTIMAL queue=FOREIGN(4294967293) sem=0x3000c05f90 appended=1
MESA: info: udroid Zink ownership-trace submit_pre seq=63 threadToken=0x708213bb41 screen=0x300005f410 queue=0x3000075390 bs=0x3000be3120 batch_id=13 numSubmitInfos=3 acquireWaits=0 fdWaits=1 cmdBuffers=1 signals=2 dmabufExports=1 hasWork=1 hasReordered=0 hasUnsync=0
MESA: info: udroid Zink ownership-trace submit_post seq=64 threadToken=0x708213bb41 screen=0x300005f410 queue=0x3000075390 bs=0x3000be3120 batch_id=13 result=VK_SUCCESS dmabufExports=1 signalSemaphores=1 fdWaitSemaphores=1
MESA: info: udroid Zink ownership-trace import_dmabuf_sem_begin seq=75 threadToken=0x708213bae9 screen=0x300005f410 res=0x3000a9a700 obj=0x3000a9a8f0 image=0x3000a9abd0 bo=0x3000a9ad30 layout=COLOR_ATTACHMENT_OPTIMAL queue=FOREIGN(4294967293) gfxQueue=0 exportable=1 dt=(nil) dt_idx=4294967295 sem=0x3000c05f90
MESA: info: udroid Zink ownership-trace import_dmabuf_sem_getfd seq=76 threadToken=0x708213bae9 screen=0x300005f410 res=0x3000a9a700 sem=0x3000c05f90 result=VK_SUCCESS syncFileFd=66
MESA: info: udroid Zink ownership-trace import_dmabuf_sem_fd seq=77 threadToken=0x708213bae9 screen=0x300005f410 res=0x3000a9a700 sem=0x3000c05f90 syncFileFd=66 dmaBufFd=71 acquireSucceeded=1 isAux=0
MESA: info: udroid Zink ownership-trace import_dmabuf_sem_ioctl seq=78 threadToken=0x708213bae9 screen=0x300005f410 res=0x3000a9a700 sem=0x3000c05f90 syncFileFd=66 dmaBufFd=71 ioctlRet=0 errno=0 failed=0
MESA: info: udroid Zink ownership-trace submit_import_dmabuf_sync seq=65 threadToken=0x708213bb41 screen=0x300005f410 bs=0x3000be3120 batch_id=13 res=0x3000a9a700 obj=0x3000a9a8f0 image=0x3000a9abd0 bo=0x3000a9ad30 layout=COLOR_ATTACHMENT_OPTIMAL queue=FOREIGN(4294967293) sem=0x3000c05f90 importOk=0
MESA: info: udroid Zink ownership-trace image_barrier_exec seq=40 threadToken=0x70859a1b80 res=0x3000a9fc00 obj=0x3000a9fdf0 image=0x3000a9fbd0 bo=0x3000aa0220 batch=0x3000c060b0 batch_id=0 cmdbuf=0x3000c16870 api=sync2 unsync=0 oldLayout=VK_IMAGE_LAYOUT_COLOR_ATTACHMENT_OPTIMAL newLayout=VK_IMAGE_LAYOUT_COLOR_ATTACHMENT_OPTIMAL oldQueue=FOREIGN(4294967293) afterEmitQueue=IGNORED(4294967295) gfxQueue=0 queue_import=1 completed=0 usage_matches=1 exportable=1 dt=(nil) dt_idx=4294967295 flags=0x180 pipeline=0x400
MESA: info: udroid Zink ownership-trace image_barrier_tracking seq=41 threadToken=0x70859a1b80 res=0x3000a9fc00 obj=0x3000a9fdf0 image=0x3000a9fbd0 bo=0x3000aa0220 batch=0x3000c060b0 batch_id=0 layout=VK_IMAGE_LAYOUT_COLOR_ATTACHMENT_OPTIMAL queue=IGNORED(4294967295) exportable=1 dt=(nil) dt_idx=4294967295 dt_layout_updated=0 dmabuf_exports_checked=1 found=0 inserted=1 queue_import=1
MESA: info: udroid Zink ownership-trace export_dmabuf_sem_begin seq=79 threadToken=0x70859a1b29 screen=0x300005f410 res=0x3000a9fc00 obj=0x3000a9fdf0 image=0x3000a9fbd0 bo=0x3000aa0220 layout=COLOR_ATTACHMENT_OPTIMAL queue=IGNORED(4294967295) gfxQueue=0 exportable=1 dt=(nil) dt_idx=4294967295 is_aux=0
MESA: info: udroid Zink ownership-trace export_dmabuf_sem_result seq=80 threadToken=0x70859a1b29 screen=0x300005f410 res=0x3000a9fc00 obj=0x3000a9fdf0 image=0x3000a9fbd0 bo=0x3000aa0220 layout=COLOR_ATTACHMENT_OPTIMAL queue=IGNORED(4294967295) fd=66 exportedSyncFd=71 sem=0x3000c1ce30 importSemaphoreSuccess=1
MESA: info: udroid Zink ownership-trace image_barrier_queue_import_sem seq=42 threadToken=0x70859a1b80 res=0x3000a9fc00 child=0x3000a9fc00 obj=0x3000a9fdf0 image=0x3000a9fbd0 bo=0x3000aa0220 batch=0x3000c060b0 batch_id=0 sem=0x3000c1ce30 appended=1
MESA: info: udroid Zink ownership-trace release_barrier seq=66 threadToken=0x70859a1b81 screen=0x300005f410 bs=0x3000c060b0 batch_id=0 api=sync2 tableCmdPipelineBarrier2NonNull=1 res=0x3000a9fc00 obj=0x3000a9fdf0 image=0x3000a9fbd0 bo=0x3000aa0220 oldLayout=COLOR_ATTACHMENT_OPTIMAL newLayout=COLOR_ATTACHMENT_OPTIMAL oldQueue=IGNORED(4294967295) srcQueue=gfx(0) dstQueue=FOREIGN(4294967293) exportable=1 dt=(nil) dt_idx=4294967295
MESA: info: udroid Zink ownership-trace release_signal_sem seq=67 threadToken=0x70859a1b81 screen=0x300005f410 bs=0x3000c060b0 batch_id=0 res=0x3000a9fc00 obj=0x3000a9fdf0 image=0x3000a9fbd0 bo=0x3000aa0220 layout=COLOR_ATTACHMENT_OPTIMAL queue=FOREIGN(4294967293) sem=0x3000c28710 appended=1
MESA: info: udroid Zink ownership-trace submit_pre seq=68 threadToken=0x708213bb41 screen=0x300005f410 queue=0x3000075390 bs=0x3000c060b0 batch_id=14 numSubmitInfos=3 acquireWaits=0 fdWaits=1 cmdBuffers=1 signals=2 dmabufExports=1 hasWork=1 hasReordered=0 hasUnsync=0
MESA: info: udroid Zink ownership-trace submit_post seq=69 threadToken=0x708213bb41 screen=0x300005f410 queue=0x3000075390 bs=0x3000c060b0 batch_id=14 result=VK_SUCCESS dmabufExports=1 signalSemaphores=1 fdWaitSemaphores=1
MESA: info: udroid Zink ownership-trace import_dmabuf_sem_begin seq=81 threadToken=0x708213bae9 screen=0x300005f410 res=0x3000a9fc00 obj=0x3000a9fdf0 image=0x3000a9fbd0 bo=0x3000aa0220 layout=COLOR_ATTACHMENT_OPTIMAL queue=FOREIGN(4294967293) gfxQueue=0 exportable=1 dt=(nil) dt_idx=4294967295 sem=0x3000c28710
MESA: info: udroid Zink ownership-trace import_dmabuf_sem_getfd seq=82 threadToken=0x708213bae9 screen=0x300005f410 res=0x3000a9fc00 sem=0x3000c28710 result=VK_SUCCESS syncFileFd=66
MESA: info: udroid Zink ownership-trace import_dmabuf_sem_fd seq=83 threadToken=0x708213bae9 screen=0x300005f410 res=0x3000a9fc00 sem=0x3000c28710 syncFileFd=66 dmaBufFd=71 acquireSucceeded=1 isAux=0
MESA: info: udroid Zink ownership-trace import_dmabuf_sem_ioctl seq=84 threadToken=0x708213bae9 screen=0x300005f410 res=0x3000a9fc00 sem=0x3000c28710 syncFileFd=66 dmaBufFd=71 ioctlRet=0 errno=0 failed=0
MESA: info: udroid Zink ownership-trace submit_import_dmabuf_sync seq=70 threadToken=0x708213bb41 screen=0x300005f410 bs=0x3000c060b0 batch_id=14 res=0x3000a9fc00 obj=0x3000a9fdf0 image=0x3000a9fbd0 bo=0x3000aa0220 layout=COLOR_ATTACHMENT_OPTIMAL queue=FOREIGN(4294967293) sem=0x3000c28710 importOk=0
MESA: info: udroid Zink ownership-trace image_barrier_exec seq=43 threadToken=0x70859a1b80 res=0x3000aa1180 obj=0x3000aa1370 image=0x3000aa1150 bo=0x3000aa1780 batch=0x3000c28830 batch_id=0 cmdbuf=0x3000c391d0 api=sync2 unsync=0 oldLayout=VK_IMAGE_LAYOUT_COLOR_ATTACHMENT_OPTIMAL newLayout=VK_IMAGE_LAYOUT_COLOR_ATTACHMENT_OPTIMAL oldQueue=FOREIGN(4294967293) afterEmitQueue=IGNORED(4294967295) gfxQueue=0 queue_import=1 completed=0 usage_matches=1 exportable=1 dt=(nil) dt_idx=4294967295 flags=0x180 pipeline=0x400
MESA: info: udroid Zink ownership-trace image_barrier_tracking seq=44 threadToken=0x70859a1b80 res=0x3000aa1180 obj=0x3000aa1370 image=0x3000aa1150 bo=0x3000aa1780 batch=0x3000c28830 batch_id=0 layout=VK_IMAGE_LAYOUT_COLOR_ATTACHMENT_OPTIMAL queue=IGNORED(4294967295) exportable=1 dt=(nil) dt_idx=4294967295 dt_layout_updated=0 dmabuf_exports_checked=1 found=0 inserted=1 queue_import=1
MESA: info: udroid Zink ownership-trace export_dmabuf_sem_begin seq=85 threadToken=0x70859a1b29 screen=0x300005f410 res=0x3000aa1180 obj=0x3000aa1370 image=0x3000aa1150 bo=0x3000aa1780 layout=COLOR_ATTACHMENT_OPTIMAL queue=IGNORED(4294967295) gfxQueue=0 exportable=1 dt=(nil) dt_idx=4294967295 is_aux=0
MESA: info: udroid Zink ownership-trace export_dmabuf_sem_result seq=86 threadToken=0x70859a1b29 screen=0x300005f410 res=0x3000aa1180 obj=0x3000aa1370 image=0x3000aa1150 bo=0x3000aa1780 layout=COLOR_ATTACHMENT_OPTIMAL queue=IGNORED(4294967295) fd=66 exportedSyncFd=71 sem=0x3000c3f970 importSemaphoreSuccess=1
MESA: info: udroid Zink ownership-trace image_barrier_queue_import_sem seq=45 threadToken=0x70859a1b80 res=0x3000aa1180 child=0x3000aa1180 obj=0x3000aa1370 image=0x3000aa1150 bo=0x3000aa1780 batch=0x3000c28830 batch_id=0 sem=0x3000c3f970 appended=1
MESA: info: udroid Zink ownership-trace release_barrier seq=71 threadToken=0x70859a1b81 screen=0x300005f410 bs=0x3000c28830 batch_id=0 api=sync2 tableCmdPipelineBarrier2NonNull=1 res=0x3000aa1180 obj=0x3000aa1370 image=0x3000aa1150 bo=0x3000aa1780 oldLayout=COLOR_ATTACHMENT_OPTIMAL newLayout=COLOR_ATTACHMENT_OPTIMAL oldQueue=IGNORED(4294967295) srcQueue=gfx(0) dstQueue=FOREIGN(4294967293) exportable=1 dt=(nil) dt_idx=4294967295
MESA: info: udroid Zink ownership-trace release_signal_sem seq=72 threadToken=0x70859a1b81 screen=0x300005f410 bs=0x3000c28830 batch_id=0 res=0x3000aa1180 obj=0x3000aa1370 image=0x3000aa1150 bo=0x3000aa1780 layout=COLOR_ATTACHMENT_OPTIMAL queue=FOREIGN(4294967293) sem=0x3000c4b250 appended=1
MESA: info: udroid Zink ownership-trace submit_pre seq=73 threadToken=0x708213bb41 screen=0x300005f410 queue=0x3000075390 bs=0x3000c28830 batch_id=15 numSubmitInfos=3 acquireWaits=0 fdWaits=1 cmdBuffers=1 signals=2 dmabufExports=1 hasWork=1 hasReordered=0 hasUnsync=0
MESA: info: udroid Zink ownership-trace submit_post seq=74 threadToken=0x708213bb41 screen=0x300005f410 queue=0x3000075390 bs=0x3000c28830 batch_id=15 result=VK_SUCCESS dmabufExports=1 signalSemaphores=1 fdWaitSemaphores=1
MESA: info: udroid Zink ownership-trace import_dmabuf_sem_begin seq=87 threadToken=0x708213bae9 screen=0x300005f410 res=0x3000aa1180 obj=0x3000aa1370 image=0x3000aa1150 bo=0x3000aa1780 layout=COLOR_ATTACHMENT_OPTIMAL queue=FOREIGN(4294967293) gfxQueue=0 exportable=1 dt=(nil) dt_idx=4294967295 sem=0x3000c4b250
MESA: info: udroid Zink ownership-trace import_dmabuf_sem_getfd seq=88 threadToken=0x708213bae9 screen=0x300005f410 res=0x3000aa1180 sem=0x3000c4b250 result=VK_SUCCESS syncFileFd=66
MESA: info: udroid Zink ownership-trace import_dmabuf_sem_fd seq=89 threadToken=0x708213bae9 screen=0x300005f410 res=0x3000aa1180 sem=0x3000c4b250 syncFileFd=66 dmaBufFd=71 acquireSucceeded=1 isAux=0
MESA: info: udroid Zink ownership-trace import_dmabuf_sem_ioctl seq=90 threadToken=0x708213bae9 screen=0x300005f410 res=0x3000aa1180 sem=0x3000c4b250 syncFileFd=66 dmaBufFd=71 ioctlRet=0 errno=0 failed=0
MESA: info: udroid Zink ownership-trace submit_import_dmabuf_sync seq=75 threadToken=0x708213bb41 screen=0x300005f410 bs=0x3000c28830 batch_id=15 res=0x3000aa1180 obj=0x3000aa1370 image=0x3000aa1150 bo=0x3000aa1780 layout=COLOR_ATTACHMENT_OPTIMAL queue=FOREIGN(4294967293) sem=0x3000c4b250 importOk=0
MESA: info: udroid Zink ownership-trace image_barrier_exec seq=46 threadToken=0x70859a1b80 res=0x3000aa30c0 obj=0x3000aa32b0 image=0x3000aa3590 bo=0x3000aa36f0 batch=0x3000c4b370 batch_id=0 cmdbuf=0x3000c5bb30 api=sync2 unsync=0 oldLayout=VK_IMAGE_LAYOUT_COLOR_ATTACHMENT_OPTIMAL newLayout=VK_IMAGE_LAYOUT_COLOR_ATTACHMENT_OPTIMAL oldQueue=FOREIGN(4294967293) afterEmitQueue=IGNORED(4294967295) gfxQueue=0 queue_import=1 completed=0 usage_matches=1 exportable=1 dt=(nil) dt_idx=4294967295 flags=0x180 pipeline=0x400
MESA: info: udroid Zink ownership-trace image_barrier_tracking seq=47 threadToken=0x70859a1b80 res=0x3000aa30c0 obj=0x3000aa32b0 image=0x3000aa3590 bo=0x3000aa36f0 batch=0x3000c4b370 batch_id=0 layout=VK_IMAGE_LAYOUT_COLOR_ATTACHMENT_OPTIMAL queue=IGNORED(4294967295) exportable=1 dt=(nil) dt_idx=4294967295 dt_layout_updated=0 dmabuf_exports_checked=1 found=0 inserted=1 queue_import=1
MESA: info: udroid Zink ownership-trace export_dmabuf_sem_begin seq=91 threadToken=0x70859a1b29 screen=0x300005f410 res=0x3000aa30c0 obj=0x3000aa32b0 image=0x3000aa3590 bo=0x3000aa36f0 layout=COLOR_ATTACHMENT_OPTIMAL queue=IGNORED(4294967295) gfxQueue=0 exportable=1 dt=(nil) dt_idx=4294967295 is_aux=0
MESA: info: udroid Zink ownership-trace export_dmabuf_sem_result seq=92 threadToken=0x70859a1b29 screen=0x300005f410 res=0x3000aa30c0 obj=0x3000aa32b0 image=0x3000aa3590 bo=0x3000aa36f0 layout=COLOR_ATTACHMENT_OPTIMAL queue=IGNORED(4294967295) fd=66 exportedSyncFd=71 sem=0x3000c620f0 importSemaphoreSuccess=1
MESA: info: udroid Zink ownership-trace image_barrier_queue_import_sem seq=48 threadToken=0x70859a1b80 res=0x3000aa30c0 child=0x3000aa30c0 obj=0x3000aa32b0 image=0x3000aa3590 bo=0x3000aa36f0 batch=0x3000c4b370 batch_id=0 sem=0x3000c620f0 appended=1
MESA: info: udroid Zink ownership-trace release_barrier seq=76 threadToken=0x70859a1b81 screen=0x300005f410 bs=0x3000c4b370 batch_id=0 api=sync2 tableCmdPipelineBarrier2NonNull=1 res=0x3000aa30c0 obj=0x3000aa32b0 image=0x3000aa3590 bo=0x3000aa36f0 oldLayout=COLOR_ATTACHMENT_OPTIMAL newLayout=COLOR_ATTACHMENT_OPTIMAL oldQueue=IGNORED(4294967295) srcQueue=gfx(0) dstQueue=FOREIGN(4294967293) exportable=1 dt=(nil) dt_idx=4294967295
MESA: info: udroid Zink ownership-trace release_signal_sem seq=77 threadToken=0x70859a1b81 screen=0x300005f410 bs=0x3000c4b370 batch_id=0 res=0x3000aa30c0 obj=0x3000aa32b0 image=0x3000aa3590 bo=0x3000aa36f0 layout=COLOR_ATTACHMENT_OPTIMAL queue=FOREIGN(4294967293) sem=0x3000c6d9d0 appended=1
MESA: info: udroid Zink ownership-trace submit_pre seq=78 threadToken=0x708213bb41 screen=0x300005f410 queue=0x3000075390 bs=0x3000c4b370 batch_id=16 numSubmitInfos=3 acquireWaits=0 fdWaits=1 cmdBuffers=1 signals=2 dmabufExports=1 hasWork=1 hasReordered=0 hasUnsync=0
MESA: info: udroid Zink ownership-trace submit_post seq=79 threadToken=0x708213bb41 screen=0x300005f410 queue=0x3000075390 bs=0x3000c4b370 batch_id=16 result=VK_SUCCESS dmabufExports=1 signalSemaphores=1 fdWaitSemaphores=1
MESA: info: udroid Zink ownership-trace import_dmabuf_sem_begin seq=93 threadToken=0x708213bae9 screen=0x300005f410 res=0x3000aa30c0 obj=0x3000aa32b0 image=0x3000aa3590 bo=0x3000aa36f0 layout=COLOR_ATTACHMENT_OPTIMAL queue=FOREIGN(4294967293) gfxQueue=0 exportable=1 dt=(nil) dt_idx=4294967295 sem=0x3000c6d9d0
MESA: info: udroid Zink ownership-trace import_dmabuf_sem_getfd seq=94 threadToken=0x708213bae9 screen=0x300005f410 res=0x3000aa30c0 sem=0x3000c6d9d0 result=VK_SUCCESS syncFileFd=66
MESA: info: udroid Zink ownership-trace import_dmabuf_sem_fd seq=95 threadToken=0x708213bae9 screen=0x300005f410 res=0x3000aa30c0 sem=0x3000c6d9d0 syncFileFd=66 dmaBufFd=71 acquireSucceeded=1 isAux=0
MESA: info: udroid Zink ownership-trace import_dmabuf_sem_ioctl seq=96 threadToken=0x708213bae9 screen=0x300005f410 res=0x3000aa30c0 sem=0x3000c6d9d0 syncFileFd=66 dmaBufFd=71 ioctlRet=0 errno=0 failed=0
MESA: info: udroid Zink ownership-trace submit_import_dmabuf_sync seq=80 threadToken=0x708213bb41 screen=0x300005f410 bs=0x3000c4b370 batch_id=16 res=0x3000aa30c0 obj=0x3000aa32b0 image=0x3000aa3590 bo=0x3000aa36f0 layout=COLOR_ATTACHMENT_OPTIMAL queue=FOREIGN(4294967293) sem=0x3000c6d9d0 importOk=0
MESA: info: udroid Zink ownership-trace image_barrier_exec seq=49 threadToken=0x70859a1b80 res=0x3000aa4800 obj=0x3000aa49f0 image=0x3000aa4cd0 bo=0x3000aa4e30 batch=0x3000c6daf0 batch_id=0 cmdbuf=0x3000c7e2b0 api=sync2 unsync=0 oldLayout=VK_IMAGE_LAYOUT_COLOR_ATTACHMENT_OPTIMAL newLayout=VK_IMAGE_LAYOUT_COLOR_ATTACHMENT_OPTIMAL oldQueue=FOREIGN(4294967293) afterEmitQueue=IGNORED(4294967295) gfxQueue=0 queue_import=1 completed=0 usage_matches=1 exportable=1 dt=(nil) dt_idx=4294967295 flags=0x180 pipeline=0x400
MESA: info: udroid Zink ownership-trace image_barrier_tracking seq=50 threadToken=0x70859a1b80 res=0x3000aa4800 obj=0x3000aa49f0 image=0x3000aa4cd0 bo=0x3000aa4e30 batch=0x3000c6daf0 batch_id=0 layout=VK_IMAGE_LAYOUT_COLOR_ATTACHMENT_OPTIMAL queue=IGNORED(4294967295) exportable=1 dt=(nil) dt_idx=4294967295 dt_layout_updated=0 dmabuf_exports_checked=1 found=0 inserted=1 queue_import=1
MESA: info: udroid Zink ownership-trace export_dmabuf_sem_begin seq=97 threadToken=0x70859a1b29 screen=0x300005f410 res=0x3000aa4800 obj=0x3000aa49f0 image=0x3000aa4cd0 bo=0x3000aa4e30 layout=COLOR_ATTACHMENT_OPTIMAL queue=IGNORED(4294967295) gfxQueue=0 exportable=1 dt=(nil) dt_idx=4294967295 is_aux=0
MESA: info: udroid Zink ownership-trace export_dmabuf_sem_result seq=98 threadToken=0x70859a1b29 screen=0x300005f410 res=0x3000aa4800 obj=0x3000aa49f0 image=0x3000aa4cd0 bo=0x3000aa4e30 layout=COLOR_ATTACHMENT_OPTIMAL queue=IGNORED(4294967295) fd=66 exportedSyncFd=71 sem=0x3000c84870 importSemaphoreSuccess=1
MESA: info: udroid Zink ownership-trace image_barrier_queue_import_sem seq=51 threadToken=0x70859a1b80 res=0x3000aa4800 child=0x3000aa4800 obj=0x3000aa49f0 image=0x3000aa4cd0 bo=0x3000aa4e30 batch=0x3000c6daf0 batch_id=0 sem=0x3000c84870 appended=1
MESA: info: udroid Zink ownership-trace release_barrier seq=81 threadToken=0x70859a1b81 screen=0x300005f410 bs=0x3000c6daf0 batch_id=0 api=sync2 tableCmdPipelineBarrier2NonNull=1 res=0x3000aa4800 obj=0x3000aa49f0 image=0x3000aa4cd0 bo=0x3000aa4e30 oldLayout=COLOR_ATTACHMENT_OPTIMAL newLayout=COLOR_ATTACHMENT_OPTIMAL oldQueue=IGNORED(4294967295) srcQueue=gfx(0) dstQueue=FOREIGN(4294967293) exportable=1 dt=(nil) dt_idx=4294967295
MESA: info: udroid Zink ownership-trace release_signal_sem seq=82 threadToken=0x70859a1b81 screen=0x300005f410 bs=0x3000c6daf0 batch_id=0 res=0x3000aa4800 obj=0x3000aa49f0 image=0x3000aa4cd0 bo=0x3000aa4e30 layout=COLOR_ATTACHMENT_OPTIMAL queue=FOREIGN(4294967293) sem=0x3000c90150 appended=1
MESA: info: udroid Zink ownership-trace submit_pre seq=83 threadToken=0x708213bb41 screen=0x300005f410 queue=0x3000075390 bs=0x3000c6daf0 batch_id=17 numSubmitInfos=3 acquireWaits=0 fdWaits=1 cmdBuffers=1 signals=2 dmabufExports=1 hasWork=1 hasReordered=0 hasUnsync=0
MESA: info: udroid Zink ownership-trace submit_post seq=84 threadToken=0x708213bb41 screen=0x300005f410 queue=0x3000075390 bs=0x3000c6daf0 batch_id=17 result=VK_SUCCESS dmabufExports=1 signalSemaphores=1 fdWaitSemaphores=1
MESA: info: udroid Zink ownership-trace import_dmabuf_sem_begin seq=99 threadToken=0x708213bae9 screen=0x300005f410 res=0x3000aa4800 obj=0x3000aa49f0 image=0x3000aa4cd0 bo=0x3000aa4e30 layout=COLOR_ATTACHMENT_OPTIMAL queue=FOREIGN(4294967293) gfxQueue=0 exportable=1 dt=(nil) dt_idx=4294967295 sem=0x3000c90150
MESA: info: udroid Zink ownership-trace import_dmabuf_sem_getfd seq=100 threadToken=0x708213bae9 screen=0x300005f410 res=0x3000aa4800 sem=0x3000c90150 result=VK_SUCCESS syncFileFd=66
MESA: info: udroid Zink ownership-trace import_dmabuf_sem_fd seq=101 threadToken=0x708213bae9 screen=0x300005f410 res=0x3000aa4800 sem=0x3000c90150 syncFileFd=66 dmaBufFd=71 acquireSucceeded=1 isAux=0
MESA: info: udroid Zink ownership-trace import_dmabuf_sem_ioctl seq=102 threadToken=0x708213bae9 screen=0x300005f410 res=0x3000aa4800 sem=0x3000c90150 syncFileFd=66 dmaBufFd=71 ioctlRet=0 errno=0 failed=0
MESA: info: udroid Zink ownership-trace submit_import_dmabuf_sync seq=85 threadToken=0x708213bb41 screen=0x300005f410 bs=0x3000c6daf0 batch_id=17 res=0x3000aa4800 obj=0x3000aa49f0 image=0x3000aa4cd0 bo=0x3000aa4e30 layout=COLOR_ATTACHMENT_OPTIMAL queue=FOREIGN(4294967293) sem=0x3000c90150 importOk=0
MESA: info: udroid Zink ownership-trace image_barrier_exec seq=52 threadToken=0x70859a1b80 res=0x3000aa5d80 obj=0x3000aa5f70 image=0x3000aa6250 bo=0x3000aa63b0 batch=0x3000c90270 batch_id=0 cmdbuf=0x3000ca0a30 api=sync2 unsync=0 oldLayout=VK_IMAGE_LAYOUT_COLOR_ATTACHMENT_OPTIMAL newLayout=VK_IMAGE_LAYOUT_COLOR_ATTACHMENT_OPTIMAL oldQueue=FOREIGN(4294967293) afterEmitQueue=IGNORED(4294967295) gfxQueue=0 queue_import=1 completed=0 usage_matches=1 exportable=1 dt=(nil) dt_idx=4294967295 flags=0x180 pipeline=0x400
MESA: info: udroid Zink ownership-trace image_barrier_tracking seq=53 threadToken=0x70859a1b80 res=0x3000aa5d80 obj=0x3000aa5f70 image=0x3000aa6250 bo=0x3000aa63b0 batch=0x3000c90270 batch_id=0 layout=VK_IMAGE_LAYOUT_COLOR_ATTACHMENT_OPTIMAL queue=IGNORED(4294967295) exportable=1 dt=(nil) dt_idx=4294967295 dt_layout_updated=0 dmabuf_exports_checked=1 found=0 inserted=1 queue_import=1
MESA: info: udroid Zink ownership-trace export_dmabuf_sem_begin seq=103 threadToken=0x70859a1b29 screen=0x300005f410 res=0x3000aa5d80 obj=0x3000aa5f70 image=0x3000aa6250 bo=0x3000aa63b0 layout=COLOR_ATTACHMENT_OPTIMAL queue=IGNORED(4294967295) gfxQueue=0 exportable=1 dt=(nil) dt_idx=4294967295 is_aux=0
MESA: info: udroid Zink ownership-trace export_dmabuf_sem_result seq=104 threadToken=0x70859a1b29 screen=0x300005f410 res=0x3000aa5d80 obj=0x3000aa5f70 image=0x3000aa6250 bo=0x3000aa63b0 layout=COLOR_ATTACHMENT_OPTIMAL queue=IGNORED(4294967295) fd=66 exportedSyncFd=71 sem=0x3000ca6ff0 importSemaphoreSuccess=1
MESA: info: udroid Zink ownership-trace image_barrier_queue_import_sem seq=54 threadToken=0x70859a1b80 res=0x3000aa5d80 child=0x3000aa5d80 obj=0x3000aa5f70 image=0x3000aa6250 bo=0x3000aa63b0 batch=0x3000c90270 batch_id=0 sem=0x3000ca6ff0 appended=1
MESA: info: udroid Zink ownership-trace release_barrier seq=86 threadToken=0x70859a1b81 screen=0x300005f410 bs=0x3000c90270 batch_id=0 api=sync2 tableCmdPipelineBarrier2NonNull=1 res=0x3000aa5d80 obj=0x3000aa5f70 image=0x3000aa6250 bo=0x3000aa63b0 oldLayout=COLOR_ATTACHMENT_OPTIMAL newLayout=COLOR_ATTACHMENT_OPTIMAL oldQueue=IGNORED(4294967295) srcQueue=gfx(0) dstQueue=FOREIGN(4294967293) exportable=1 dt=(nil) dt_idx=4294967295
MESA: info: udroid Zink ownership-trace release_signal_sem seq=87 threadToken=0x70859a1b81 screen=0x300005f410 bs=0x3000c90270 batch_id=0 res=0x3000aa5d80 obj=0x3000aa5f70 image=0x3000aa6250 bo=0x3000aa63b0 layout=COLOR_ATTACHMENT_OPTIMAL queue=FOREIGN(4294967293) sem=0x3000cb28d0 appended=1
MESA: info: udroid Zink ownership-trace submit_pre seq=88 threadToken=0x708213bb41 screen=0x300005f410 queue=0x3000075390 bs=0x3000c90270 batch_id=18 numSubmitInfos=3 acquireWaits=0 fdWaits=1 cmdBuffers=1 signals=2 dmabufExports=1 hasWork=1 hasReordered=0 hasUnsync=0
MESA: info: udroid Zink ownership-trace submit_post seq=89 threadToken=0x708213bb41 screen=0x300005f410 queue=0x3000075390 bs=0x3000c90270 batch_id=18 result=VK_SUCCESS dmabufExports=1 signalSemaphores=1 fdWaitSemaphores=1
MESA: info: udroid Zink ownership-trace import_dmabuf_sem_begin seq=105 threadToken=0x708213bae9 screen=0x300005f410 res=0x3000aa5d80 obj=0x3000aa5f70 image=0x3000aa6250 bo=0x3000aa63b0 layout=COLOR_ATTACHMENT_OPTIMAL queue=FOREIGN(4294967293) gfxQueue=0 exportable=1 dt=(nil) dt_idx=4294967295 sem=0x3000cb28d0
MESA: info: udroid Zink ownership-trace import_dmabuf_sem_getfd seq=106 threadToken=0x708213bae9 screen=0x300005f410 res=0x3000aa5d80 sem=0x3000cb28d0 result=VK_SUCCESS syncFileFd=66
MESA: info: udroid Zink ownership-trace import_dmabuf_sem_fd seq=107 threadToken=0x708213bae9 screen=0x300005f410 res=0x3000aa5d80 sem=0x3000cb28d0 syncFileFd=66 dmaBufFd=71 acquireSucceeded=1 isAux=0
MESA: info: udroid Zink ownership-trace import_dmabuf_sem_ioctl seq=108 threadToken=0x708213bae9 screen=0x300005f410 res=0x3000aa5d80 sem=0x3000cb28d0 syncFileFd=66 dmaBufFd=71 ioctlRet=0 errno=0 failed=0
MESA: info: udroid Zink ownership-trace submit_import_dmabuf_sync seq=90 threadToken=0x708213bb41 screen=0x300005f410 bs=0x3000c90270 batch_id=18 res=0x3000aa5d80 obj=0x3000aa5f70 image=0x3000aa6250 bo=0x3000aa63b0 layout=COLOR_ATTACHMENT_OPTIMAL queue=FOREIGN(4294967293) sem=0x3000cb28d0 importOk=0
MESA: info: udroid Zink ownership-trace image_barrier_exec seq=55 threadToken=0x70859a1b80 res=0x3000a9a700 obj=0x3000a9a8f0 image=0x3000a9abd0 bo=0x3000a9ad30 batch=0x3000cb29f0 batch_id=0 cmdbuf=0x3000cc31b0 api=sync2 unsync=0 oldLayout=VK_IMAGE_LAYOUT_COLOR_ATTACHMENT_OPTIMAL newLayout=VK_IMAGE_LAYOUT_COLOR_ATTACHMENT_OPTIMAL oldQueue=FOREIGN(4294967293) afterEmitQueue=IGNORED(4294967295) gfxQueue=0 queue_import=1 completed=0 usage_matches=1 exportable=1 dt=(nil) dt_idx=4294967295 flags=0x180 pipeline=0x400
MESA: info: udroid Zink ownership-trace image_barrier_tracking seq=56 threadToken=0x70859a1b80 res=0x3000a9a700 obj=0x3000a9a8f0 image=0x3000a9abd0 bo=0x3000a9ad30 batch=0x3000cb29f0 batch_id=0 layout=VK_IMAGE_LAYOUT_COLOR_ATTACHMENT_OPTIMAL queue=IGNORED(4294967295) exportable=1 dt=(nil) dt_idx=4294967295 dt_layout_updated=0 dmabuf_exports_checked=1 found=0 inserted=1 queue_import=1
MESA: info: udroid Zink ownership-trace export_dmabuf_sem_begin seq=109 threadToken=0x70859a1b29 screen=0x300005f410 res=0x3000a9a700 obj=0x3000a9a8f0 image=0x3000a9abd0 bo=0x3000a9ad30 layout=COLOR_ATTACHMENT_OPTIMAL queue=IGNORED(4294967295) gfxQueue=0 exportable=1 dt=(nil) dt_idx=4294967295 is_aux=0
MESA: info: udroid Zink ownership-trace export_dmabuf_sem_result seq=110 threadToken=0x70859a1b29 screen=0x300005f410 res=0x3000a9a700 obj=0x3000a9a8f0 image=0x3000a9abd0 bo=0x3000a9ad30 layout=COLOR_ATTACHMENT_OPTIMAL queue=IGNORED(4294967295) fd=66 exportedSyncFd=71 sem=0x3000cc9770 importSemaphoreSuccess=1
MESA: info: udroid Zink ownership-trace image_barrier_queue_import_sem seq=57 threadToken=0x70859a1b80 res=0x3000a9a700 child=0x3000a9a700 obj=0x3000a9a8f0 image=0x3000a9abd0 bo=0x3000a9ad30 batch=0x3000cb29f0 batch_id=0 sem=0x3000cc9770 appended=1
MESA: info: udroid Zink ownership-trace release_barrier seq=91 threadToken=0x70859a1b81 screen=0x300005f410 bs=0x3000cb29f0 batch_id=0 api=sync2 tableCmdPipelineBarrier2NonNull=1 res=0x3000a9a700 obj=0x3000a9a8f0 image=0x3000a9abd0 bo=0x3000a9ad30 oldLayout=COLOR_ATTACHMENT_OPTIMAL newLayout=COLOR_ATTACHMENT_OPTIMAL oldQueue=IGNORED(4294967295) srcQueue=gfx(0) dstQueue=FOREIGN(4294967293) exportable=1 dt=(nil) dt_idx=4294967295
MESA: info: udroid Zink ownership-trace release_signal_sem seq=92 threadToken=0x70859a1b81 screen=0x300005f410 bs=0x3000cb29f0 batch_id=0 res=0x3000a9a700 obj=0x3000a9a8f0 image=0x3000a9abd0 bo=0x3000a9ad30 layout=COLOR_ATTACHMENT_OPTIMAL queue=FOREIGN(4294967293) sem=0x3000cd4f90 appended=1
MESA: info: udroid Zink ownership-trace submit_pre seq=93 threadToken=0x708213bb41 screen=0x300005f410 queue=0x3000075390 bs=0x3000cb29f0 batch_id=19 numSubmitInfos=3 acquireWaits=0 fdWaits=1 cmdBuffers=1 signals=1 dmabufExports=1 hasWork=1 hasReordered=0 hasUnsync=0
MESA: info: udroid Zink ownership-trace submit_post seq=94 threadToken=0x708213bb41 screen=0x300005f410 queue=0x3000075390 bs=0x3000cb29f0 batch_id=19 result=VK_SUCCESS dmabufExports=1 signalSemaphores=1 fdWaitSemaphores=1
MESA: info: udroid Zink ownership-trace import_dmabuf_sem_begin seq=111 threadToken=0x708213bae9 screen=0x300005f410 res=0x3000a9a700 obj=0x3000a9a8f0 image=0x3000a9abd0 bo=0x3000a9ad30 layout=COLOR_ATTACHMENT_OPTIMAL queue=FOREIGN(4294967293) gfxQueue=0 exportable=1 dt=(nil) dt_idx=4294967295 sem=0x3000cd4f90
MESA: info: udroid Zink ownership-trace import_dmabuf_sem_getfd seq=112 threadToken=0x708213bae9 screen=0x300005f410 res=0x3000a9a700 sem=0x3000cd4f90 result=VK_SUCCESS syncFileFd=66
MESA: info: udroid Zink ownership-trace import_dmabuf_sem_fd seq=113 threadToken=0x708213bae9 screen=0x300005f410 res=0x3000a9a700 sem=0x3000cd4f90 syncFileFd=66 dmaBufFd=71 acquireSucceeded=1 isAux=0
MESA: info: udroid Zink ownership-trace import_dmabuf_sem_ioctl seq=114 threadToken=0x708213bae9 screen=0x300005f410 res=0x3000a9a700 sem=0x3000cd4f90 syncFileFd=66 dmaBufFd=71 ioctlRet=0 errno=0 failed=0
MESA: info: udroid Zink ownership-trace submit_import_dmabuf_sync seq=95 threadToken=0x708213bb41 screen=0x300005f410 bs=0x3000cb29f0 batch_id=19 res=0x3000a9a700 obj=0x3000a9a8f0 image=0x3000a9abd0 bo=0x3000a9ad30 layout=COLOR_ATTACHMENT_OPTIMAL queue=FOREIGN(4294967293) sem=0x3000cd4f90 importOk=0
MESA: info: udroid Zink ownership-trace submit_pre seq=96 threadToken=0x708213bb41 screen=0x300005f410 queue=0x3000075390 bs=0x3000cd5080 batch_id=20 numSubmitInfos=2 acquireWaits=0 fdWaits=0 cmdBuffers=1 signals=2 dmabufExports=0 hasWork=1 hasReordered=0 hasUnsync=0
MESA: info: udroid Zink ownership-trace submit_post seq=97 threadToken=0x708213bb41 screen=0x300005f410 queue=0x3000075390 bs=0x3000cd5080 batch_id=20 result=VK_SUCCESS dmabufExports=0 signalSemaphores=0 fdWaitSemaphores=0
MESA: info: udroid Zink ownership-trace image_barrier_exec seq=58 threadToken=0x70859a1b80 res=0x3000a9fc00 obj=0x3000a9fdf0 image=0x3000a9fbd0 bo=0x3000aa0220 batch=0x3000cf6360 batch_id=0 cmdbuf=0x3000d06900 api=sync2 unsync=0 oldLayout=VK_IMAGE_LAYOUT_COLOR_ATTACHMENT_OPTIMAL newLayout=VK_IMAGE_LAYOUT_COLOR_ATTACHMENT_OPTIMAL oldQueue=FOREIGN(4294967293) afterEmitQueue=IGNORED(4294967295) gfxQueue=0 queue_import=1 completed=0 usage_matches=1 exportable=1 dt=(nil) dt_idx=4294967295 flags=0x180 pipeline=0x400
MESA: info: udroid Zink ownership-trace image_barrier_tracking seq=59 threadToken=0x70859a1b80 res=0x3000a9fc00 obj=0x3000a9fdf0 image=0x3000a9fbd0 bo=0x3000aa0220 batch=0x3000cf6360 batch_id=0 layout=VK_IMAGE_LAYOUT_COLOR_ATTACHMENT_OPTIMAL queue=IGNORED(4294967295) exportable=1 dt=(nil) dt_idx=4294967295 dt_layout_updated=0 dmabuf_exports_checked=1 found=0 inserted=1 queue_import=1
MESA: info: udroid Zink ownership-trace export_dmabuf_sem_begin seq=115 threadToken=0x70859a1b29 screen=0x300005f410 res=0x3000a9fc00 obj=0x3000a9fdf0 image=0x3000a9fbd0 bo=0x3000aa0220 layout=COLOR_ATTACHMENT_OPTIMAL queue=IGNORED(4294967295) gfxQueue=0 exportable=1 dt=(nil) dt_idx=4294967295 is_aux=0
MESA: info: udroid Zink ownership-trace export_dmabuf_sem_result seq=116 threadToken=0x70859a1b29 screen=0x300005f410 res=0x3000a9fc00 obj=0x3000a9fdf0 image=0x3000a9fbd0 bo=0x3000aa0220 layout=COLOR_ATTACHMENT_OPTIMAL queue=IGNORED(4294967295) fd=66 exportedSyncFd=71 sem=0x3000ceead0 importSemaphoreSuccess=1
MESA: info: udroid Zink ownership-trace image_barrier_queue_import_sem seq=60 threadToken=0x70859a1b80 res=0x3000a9fc00 child=0x3000a9fc00 obj=0x3000a9fdf0 image=0x3000a9fbd0 bo=0x3000aa0220 batch=0x3000cf6360 batch_id=0 sem=0x3000ceead0 appended=1
MESA: info: udroid Zink ownership-trace release_barrier seq=98 threadToken=0x70859a1b81 screen=0x300005f410 bs=0x3000cf6360 batch_id=0 api=sync2 tableCmdPipelineBarrier2NonNull=1 res=0x3000a9fc00 obj=0x3000a9fdf0 image=0x3000a9fbd0 bo=0x3000aa0220 oldLayout=COLOR_ATTACHMENT_OPTIMAL newLayout=COLOR_ATTACHMENT_OPTIMAL oldQueue=IGNORED(4294967295) srcQueue=gfx(0) dstQueue=FOREIGN(4294967293) exportable=1 dt=(nil) dt_idx=4294967295
MESA: info: udroid Zink ownership-trace release_signal_sem seq=99 threadToken=0x70859a1b81 screen=0x300005f410 bs=0x3000cf6360 batch_id=0 res=0x3000a9fc00 obj=0x3000a9fdf0 image=0x3000a9fbd0 bo=0x3000aa0220 layout=COLOR_ATTACHMENT_OPTIMAL queue=FOREIGN(4294967293) sem=0x3000d17430 appended=1
MESA: info: udroid Zink ownership-trace submit_pre seq=100 threadToken=0x708213bb41 screen=0x300005f410 queue=0x3000075390 bs=0x3000cf6360 batch_id=21 numSubmitInfos=3 acquireWaits=0 fdWaits=1 cmdBuffers=1 signals=2 dmabufExports=1 hasWork=1 hasReordered=0 hasUnsync=0
MESA: info: udroid Zink ownership-trace submit_post seq=101 threadToken=0x708213bb41 screen=0x300005f410 queue=0x3000075390 bs=0x3000cf6360 batch_id=21 result=VK_SUCCESS dmabufExports=1 signalSemaphores=1 fdWaitSemaphores=1
MESA: info: udroid Zink ownership-trace import_dmabuf_sem_begin seq=117 threadToken=0x708213bae9 screen=0x300005f410 res=0x3000a9fc00 obj=0x3000a9fdf0 image=0x3000a9fbd0 bo=0x3000aa0220 layout=COLOR_ATTACHMENT_OPTIMAL queue=FOREIGN(4294967293) gfxQueue=0 exportable=1 dt=(nil) dt_idx=4294967295 sem=0x3000d17430
MESA: info: udroid Zink ownership-trace import_dmabuf_sem_getfd seq=118 threadToken=0x708213bae9 screen=0x300005f410 res=0x3000a9fc00 sem=0x3000d17430 result=VK_SUCCESS syncFileFd=66
MESA: info: udroid Zink ownership-trace import_dmabuf_sem_fd seq=119 threadToken=0x708213bae9 screen=0x300005f410 res=0x3000a9fc00 sem=0x3000d17430 syncFileFd=66 dmaBufFd=71 acquireSucceeded=1 isAux=0
MESA: info: udroid Zink ownership-trace import_dmabuf_sem_ioctl seq=120 threadToken=0x708213bae9 screen=0x300005f410 res=0x3000a9fc00 sem=0x3000d17430 syncFileFd=66 dmaBufFd=71 ioctlRet=0 errno=0 failed=0
MESA: info: udroid Zink ownership-trace submit_import_dmabuf_sync seq=102 threadToken=0x708213bb41 screen=0x300005f410 bs=0x3000cf6360 batch_id=21 res=0x3000a9fc00 obj=0x3000a9fdf0 image=0x3000a9fbd0 bo=0x3000aa0220 layout=COLOR_ATTACHMENT_OPTIMAL queue=FOREIGN(4294967293) sem=0x3000d17430 importOk=0
MESA: info: udroid Zink ownership-trace image_barrier_exec seq=61 threadToken=0x70859a1b80 res=0x3000aa1180 obj=0x3000aa1370 image=0x3000aa1150 bo=0x3000aa1780 batch=0x3000d17550 batch_id=0 cmdbuf=0x3000d27d10 api=sync2 unsync=0 oldLayout=VK_IMAGE_LAYOUT_COLOR_ATTACHMENT_OPTIMAL newLayout=VK_IMAGE_LAYOUT_COLOR_ATTACHMENT_OPTIMAL oldQueue=FOREIGN(4294967293) afterEmitQueue=IGNORED(4294967295) gfxQueue=0 queue_import=1 completed=0 usage_matches=1 exportable=1 dt=(nil) dt_idx=4294967295 flags=0x180 pipeline=0x400
MESA: info: udroid Zink ownership-trace image_barrier_tracking seq=62 threadToken=0x70859a1b80 res=0x3000aa1180 obj=0x3000aa1370 image=0x3000aa1150 bo=0x3000aa1780 batch=0x3000d17550 batch_id=0 layout=VK_IMAGE_LAYOUT_COLOR_ATTACHMENT_OPTIMAL queue=IGNORED(4294967295) exportable=1 dt=(nil) dt_idx=4294967295 dt_layout_updated=0 dmabuf_exports_checked=1 found=0 inserted=1 queue_import=1
MESA: info: udroid Zink ownership-trace export_dmabuf_sem_begin seq=121 threadToken=0x70859a1b29 screen=0x300005f410 res=0x3000aa1180 obj=0x3000aa1370 image=0x3000aa1150 bo=0x3000aa1780 layout=COLOR_ATTACHMENT_OPTIMAL queue=IGNORED(4294967295) gfxQueue=0 exportable=1 dt=(nil) dt_idx=4294967295 is_aux=0
MESA: info: udroid Zink ownership-trace export_dmabuf_sem_result seq=122 threadToken=0x70859a1b29 screen=0x300005f410 res=0x3000aa1180 obj=0x3000aa1370 image=0x3000aa1150 bo=0x3000aa1780 layout=COLOR_ATTACHMENT_OPTIMAL queue=IGNORED(4294967295) fd=66 exportedSyncFd=71 sem=0x3000d2e0f0 importSemaphoreSuccess=1
MESA: info: udroid Zink ownership-trace image_barrier_queue_import_sem seq=63 threadToken=0x70859a1b80 res=0x3000aa1180 child=0x3000aa1180 obj=0x3000aa1370 image=0x3000aa1150 bo=0x3000aa1780 batch=0x3000d17550 batch_id=0 sem=0x3000d2e0f0 appended=1
MESA: info: udroid Zink ownership-trace release_barrier seq=103 threadToken=0x70859a1b81 screen=0x300005f410 bs=0x3000d17550 batch_id=0 api=sync2 tableCmdPipelineBarrier2NonNull=1 res=0x3000aa1180 obj=0x3000aa1370 image=0x3000aa1150 bo=0x3000aa1780 oldLayout=COLOR_ATTACHMENT_OPTIMAL newLayout=COLOR_ATTACHMENT_OPTIMAL oldQueue=IGNORED(4294967295) srcQueue=gfx(0) dstQueue=FOREIGN(4294967293) exportable=1 dt=(nil) dt_idx=4294967295
MESA: info: udroid Zink ownership-trace release_signal_sem seq=104 threadToken=0x70859a1b81 screen=0x300005f410 bs=0x3000d17550 batch_id=0 res=0x3000aa1180 obj=0x3000aa1370 image=0x3000aa1150 bo=0x3000aa1780 layout=COLOR_ATTACHMENT_OPTIMAL queue=FOREIGN(4294967293) sem=0x3000d399e0 appended=1
MESA: info: udroid Zink ownership-trace submit_pre seq=105 threadToken=0x708213bb41 screen=0x300005f410 queue=0x3000075390 bs=0x3000d17550 batch_id=22 numSubmitInfos=3 acquireWaits=0 fdWaits=1 cmdBuffers=1 signals=2 dmabufExports=1 hasWork=1 hasReordered=0 hasUnsync=0
MESA: info: udroid Zink ownership-trace submit_post seq=106 threadToken=0x708213bb41 screen=0x300005f410 queue=0x3000075390 bs=0x3000d17550 batch_id=22 result=VK_SUCCESS dmabufExports=1 signalSemaphores=1 fdWaitSemaphores=1
MESA: info: udroid Zink ownership-trace import_dmabuf_sem_begin seq=123 threadToken=0x708213bae9 screen=0x300005f410 res=0x3000aa1180 obj=0x3000aa1370 image=0x3000aa1150 bo=0x3000aa1780 layout=COLOR_ATTACHMENT_OPTIMAL queue=FOREIGN(4294967293) gfxQueue=0 exportable=1 dt=(nil) dt_idx=4294967295 sem=0x3000d399e0
MESA: info: udroid Zink ownership-trace import_dmabuf_sem_getfd seq=124 threadToken=0x708213bae9 screen=0x300005f410 res=0x3000aa1180 sem=0x3000d399e0 result=VK_SUCCESS syncFileFd=66
MESA: info: udroid Zink ownership-trace import_dmabuf_sem_fd seq=125 threadToken=0x708213bae9 screen=0x300005f410 res=0x3000aa1180 sem=0x3000d399e0 syncFileFd=66 dmaBufFd=71 acquireSucceeded=1 isAux=0
MESA: info: udroid Zink ownership-trace import_dmabuf_sem_ioctl seq=126 threadToken=0x708213bae9 screen=0x300005f410 res=0x3000aa1180 sem=0x3000d399e0 syncFileFd=66 dmaBufFd=71 ioctlRet=0 errno=0 failed=0
MESA: info: udroid Zink ownership-trace submit_import_dmabuf_sync seq=107 threadToken=0x708213bb41 screen=0x300005f410 bs=0x3000d17550 batch_id=22 res=0x3000aa1180 obj=0x3000aa1370 image=0x3000aa1150 bo=0x3000aa1780 layout=COLOR_ATTACHMENT_OPTIMAL queue=FOREIGN(4294967293) sem=0x3000d399e0 importOk=0
MESA: info: udroid Zink ownership-trace image_barrier_exec seq=64 threadToken=0x70859a1b80 res=0x3000aa30c0 obj=0x3000aa32b0 image=0x3000aa3590 bo=0x3000aa36f0 batch=0x3000d39ad0 batch_id=0 cmdbuf=0x3000d4a290 api=sync2 unsync=0 oldLayout=VK_IMAGE_LAYOUT_COLOR_ATTACHMENT_OPTIMAL newLayout=VK_IMAGE_LAYOUT_COLOR_ATTACHMENT_OPTIMAL oldQueue=FOREIGN(4294967293) afterEmitQueue=IGNORED(4294967295) gfxQueue=0 queue_import=1 completed=0 usage_matches=1 exportable=1 dt=(nil) dt_idx=4294967295 flags=0x180 pipeline=0x400
MESA: info: udroid Zink ownership-trace image_barrier_tracking seq=65 threadToken=0x70859a1b80 res=0x3000aa30c0 obj=0x3000aa32b0 image=0x3000aa3590 bo=0x3000aa36f0 batch=0x3000d39ad0 batch_id=0 layout=VK_IMAGE_LAYOUT_COLOR_ATTACHMENT_OPTIMAL queue=IGNORED(4294967295) exportable=1 dt=(nil) dt_idx=4294967295 dt_layout_updated=0 dmabuf_exports_checked=1 found=0 inserted=1 queue_import=1
MESA: info: udroid Zink ownership-trace export_dmabuf_sem_begin seq=127 threadToken=0x70859a1b29 screen=0x300005f410 res=0x3000aa30c0 obj=0x3000aa32b0 image=0x3000aa3590 bo=0x3000aa36f0 layout=COLOR_ATTACHMENT_OPTIMAL queue=IGNORED(4294967295) gfxQueue=0 exportable=1 dt=(nil) dt_idx=4294967295 is_aux=0
MESA: info: udroid Zink ownership-trace export_dmabuf_sem_result seq=128 threadToken=0x70859a1b29 screen=0x300005f410 res=0x3000aa30c0 obj=0x3000aa32b0 image=0x3000aa3590 bo=0x3000aa36f0 layout=COLOR_ATTACHMENT_OPTIMAL queue=IGNORED(4294967295) fd=66 exportedSyncFd=71 sem=0x3000d50850 importSemaphoreSuccess=1
MESA: info: udroid Zink ownership-trace image_barrier_queue_import_sem seq=66 threadToken=0x70859a1b80 res=0x3000aa30c0 child=0x3000aa30c0 obj=0x3000aa32b0 image=0x3000aa3590 bo=0x3000aa36f0 batch=0x3000d39ad0 batch_id=0 sem=0x3000d50850 appended=1
MESA: info: udroid Zink ownership-trace release_barrier seq=108 threadToken=0x70859a1b81 screen=0x300005f410 bs=0x3000d39ad0 batch_id=0 api=sync2 tableCmdPipelineBarrier2NonNull=1 res=0x3000aa30c0 obj=0x3000aa32b0 image=0x3000aa3590 bo=0x3000aa36f0 oldLayout=COLOR_ATTACHMENT_OPTIMAL newLayout=COLOR_ATTACHMENT_OPTIMAL oldQueue=IGNORED(4294967295) srcQueue=gfx(0) dstQueue=FOREIGN(4294967293) exportable=1 dt=(nil) dt_idx=4294967295
MESA: info: udroid Zink ownership-trace release_signal_sem seq=109 threadToken=0x70859a1b81 screen=0x300005f410 bs=0x3000d39ad0 batch_id=0 res=0x3000aa30c0 obj=0x3000aa32b0 image=0x3000aa3590 bo=0x3000aa36f0 layout=COLOR_ATTACHMENT_OPTIMAL queue=FOREIGN(4294967293) sem=0x3000d5c130 appended=1
MESA: info: udroid Zink ownership-trace submit_pre seq=110 threadToken=0x708213bb41 screen=0x300005f410 queue=0x3000075390 bs=0x3000d39ad0 batch_id=23 numSubmitInfos=3 acquireWaits=0 fdWaits=1 cmdBuffers=1 signals=2 dmabufExports=1 hasWork=1 hasReordered=0 hasUnsync=0
MESA: info: udroid Zink ownership-trace submit_post seq=111 threadToken=0x708213bb41 screen=0x300005f410 queue=0x3000075390 bs=0x3000d39ad0 batch_id=23 result=VK_SUCCESS dmabufExports=1 signalSemaphores=1 fdWaitSemaphores=1
MESA: info: udroid Zink ownership-trace submit_import_dmabuf_sync seq=112 threadToken=0x708213bb41 screen=0x300005f410 bs=0x3000d39ad0 batch_id=23 res=0x3000aa30c0 obj=0x3000aa32b0 image=0x3000aa3590 bo=0x3000aa36f0 layout=COLOR_ATTACHMENT_OPTIMAL queue=FOREIGN(4294967293) sem=0x3000d5c130 importOk=0
MESA: info: udroid Zink ownership-trace image_barrier_exec seq=67 threadToken=0x70859a1b80 res=0x3000aa4800 obj=0x3000aa49f0 image=0x3000aa4cd0 bo=0x3000aa4e30 batch=0x3000d5c250 batch_id=0 cmdbuf=0x3000d6ca10 api=sync2 unsync=0 oldLayout=VK_IMAGE_LAYOUT_COLOR_ATTACHMENT_OPTIMAL newLayout=VK_IMAGE_LAYOUT_COLOR_ATTACHMENT_OPTIMAL oldQueue=FOREIGN(4294967293) afterEmitQueue=IGNORED(4294967295) gfxQueue=0 queue_import=1 completed=0 usage_matches=1 exportable=1 dt=(nil) dt_idx=4294967295 flags=0x180 pipeline=0x400
MESA: info: udroid Zink ownership-trace image_barrier_tracking seq=68 threadToken=0x70859a1b80 res=0x3000aa4800 obj=0x3000aa49f0 image=0x3000aa4cd0 bo=0x3000aa4e30 batch=0x3000d5c250 batch_id=0 layout=VK_IMAGE_LAYOUT_COLOR_ATTACHMENT_OPTIMAL queue=IGNORED(4294967295) exportable=1 dt=(nil) dt_idx=4294967295 dt_layout_updated=0 dmabuf_exports_checked=1 found=0 inserted=1 queue_import=1
MESA: info: udroid Zink ownership-trace image_barrier_queue_import_sem seq=69 threadToken=0x70859a1b80 res=0x3000aa4800 child=0x3000aa4800 obj=0x3000aa49f0 image=0x3000aa4cd0 bo=0x3000aa4e30 batch=0x3000d5c250 batch_id=0 sem=0x3000d72fd0 appended=1
MESA: info: udroid Zink ownership-trace release_barrier seq=113 threadToken=0x70859a1b81 screen=0x300005f410 bs=0x3000d5c250 batch_id=0 api=sync2 tableCmdPipelineBarrier2NonNull=1 res=0x3000aa4800 obj=0x3000aa49f0 image=0x3000aa4cd0 bo=0x3000aa4e30 oldLayout=COLOR_ATTACHMENT_OPTIMAL newLayout=COLOR_ATTACHMENT_OPTIMAL oldQueue=IGNORED(4294967295) srcQueue=gfx(0) dstQueue=FOREIGN(4294967293) exportable=1 dt=(nil) dt_idx=4294967295
MESA: info: udroid Zink ownership-trace release_signal_sem seq=114 threadToken=0x70859a1b81 screen=0x300005f410 bs=0x3000d5c250 batch_id=0 res=0x3000aa4800 obj=0x3000aa49f0 image=0x3000aa4cd0 bo=0x3000aa4e30 layout=COLOR_ATTACHMENT_OPTIMAL queue=FOREIGN(4294967293) sem=0x3000d7e8b0 appended=1
MESA: info: udroid Zink ownership-trace submit_pre seq=115 threadToken=0x708213bb41 screen=0x300005f410 queue=0x3000075390 bs=0x3000d5c250 batch_id=24 numSubmitInfos=3 acquireWaits=0 fdWaits=1 cmdBuffers=1 signals=2 dmabufExports=1 hasWork=1 hasReordered=0 hasUnsync=0
MESA: info: udroid Zink ownership-trace submit_post seq=116 threadToken=0x708213bb41 screen=0x300005f410 queue=0x3000075390 bs=0x3000d5c250 batch_id=24 result=VK_SUCCESS dmabufExports=1 signalSemaphores=1 fdWaitSemaphores=1
MESA: info: udroid Zink ownership-trace submit_import_dmabuf_sync seq=117 threadToken=0x708213bb41 screen=0x300005f410 bs=0x3000d5c250 batch_id=24 res=0x3000aa4800 obj=0x3000aa49f0 image=0x3000aa4cd0 bo=0x3000aa4e30 layout=COLOR_ATTACHMENT_OPTIMAL queue=FOREIGN(4294967293) sem=0x3000d7e8b0 importOk=0
MESA: info: udroid Zink ownership-trace image_barrier_exec seq=70 threadToken=0x70859a1b80 res=0x3000aa5d80 obj=0x3000aa5f70 image=0x3000aa6250 bo=0x3000aa63b0 batch=0x3000d7e9d0 batch_id=0 cmdbuf=0x3000d8f190 api=sync2 unsync=0 oldLayout=VK_IMAGE_LAYOUT_COLOR_ATTACHMENT_OPTIMAL newLayout=VK_IMAGE_LAYOUT_COLOR_ATTACHMENT_OPTIMAL oldQueue=FOREIGN(4294967293) afterEmitQueue=IGNORED(4294967295) gfxQueue=0 queue_import=1 completed=0 usage_matches=1 exportable=1 dt=(nil) dt_idx=4294967295 flags=0x180 pipeline=0x400
MESA: info: udroid Zink ownership-trace image_barrier_tracking seq=71 threadToken=0x70859a1b80 res=0x3000aa5d80 obj=0x3000aa5f70 image=0x3000aa6250 bo=0x3000aa63b0 batch=0x3000d7e9d0 batch_id=0 layout=VK_IMAGE_LAYOUT_COLOR_ATTACHMENT_OPTIMAL queue=IGNORED(4294967295) exportable=1 dt=(nil) dt_idx=4294967295 dt_layout_updated=0 dmabuf_exports_checked=1 found=0 inserted=1 queue_import=1
MESA: info: udroid Zink ownership-trace image_barrier_queue_import_sem seq=72 threadToken=0x70859a1b80 res=0x3000aa5d80 child=0x3000aa5d80 obj=0x3000aa5f70 image=0x3000aa6250 bo=0x3000aa63b0 batch=0x3000d7e9d0 batch_id=0 sem=0x3000d95750 appended=1
MESA: info: udroid Zink ownership-trace release_barrier seq=118 threadToken=0x70859a1b81 screen=0x300005f410 bs=0x3000d7e9d0 batch_id=0 api=sync2 tableCmdPipelineBarrier2NonNull=1 res=0x3000aa5d80 obj=0x3000aa5f70 image=0x3000aa6250 bo=0x3000aa63b0 oldLayout=COLOR_ATTACHMENT_OPTIMAL newLayout=COLOR_ATTACHMENT_OPTIMAL oldQueue=IGNORED(4294967295) srcQueue=gfx(0) dstQueue=FOREIGN(4294967293) exportable=1 dt=(nil) dt_idx=4294967295
MESA: info: udroid Zink ownership-trace release_signal_sem seq=119 threadToken=0x70859a1b81 screen=0x300005f410 bs=0x3000d7e9d0 batch_id=0 res=0x3000aa5d80 obj=0x3000aa5f70 image=0x3000aa6250 bo=0x3000aa63b0 layout=COLOR_ATTACHMENT_OPTIMAL queue=FOREIGN(4294967293) sem=0x3000da1030 appended=1
MESA: info: udroid Zink ownership-trace submit_pre seq=120 threadToken=0x708213bb41 screen=0x300005f410 queue=0x3000075390 bs=0x3000d7e9d0 batch_id=25 numSubmitInfos=3 acquireWaits=0 fdWaits=1 cmdBuffers=1 signals=2 dmabufExports=1 hasWork=1 hasReordered=0 hasUnsync=0
MESA: info: udroid Zink ownership-trace submit_post seq=121 threadToken=0x708213bb41 screen=0x300005f410 queue=0x3000075390 bs=0x3000d7e9d0 batch_id=25 result=VK_SUCCESS dmabufExports=1 signalSemaphores=1 fdWaitSemaphores=1
MESA: info: udroid Zink ownership-trace submit_import_dmabuf_sync seq=122 threadToken=0x708213bb41 screen=0x300005f410 bs=0x3000d7e9d0 batch_id=25 res=0x3000aa5d80 obj=0x3000aa5f70 image=0x3000aa6250 bo=0x3000aa63b0 layout=COLOR_ATTACHMENT_OPTIMAL queue=FOREIGN(4294967293) sem=0x3000da1030 importOk=0
MESA: info: udroid Zink ownership-trace image_barrier_exec seq=73 threadToken=0x70859a1b80 res=0x3000a9a700 obj=0x3000a9a8f0 image=0x3000a9abd0 bo=0x3000a9ad30 batch=0x3000da1150 batch_id=0 cmdbuf=0x3000db1910 api=sync2 unsync=0 oldLayout=VK_IMAGE_LAYOUT_COLOR_ATTACHMENT_OPTIMAL newLayout=VK_IMAGE_LAYOUT_COLOR_ATTACHMENT_OPTIMAL oldQueue=FOREIGN(4294967293) afterEmitQueue=IGNORED(4294967295) gfxQueue=0 queue_import=1 completed=0 usage_matches=1 exportable=1 dt=(nil) dt_idx=4294967295 flags=0x180 pipeline=0x400
MESA: info: udroid Zink ownership-trace image_barrier_tracking seq=74 threadToken=0x70859a1b80 res=0x3000a9a700 obj=0x3000a9a8f0 image=0x3000a9abd0 bo=0x3000a9ad30 batch=0x3000da1150 batch_id=0 layout=VK_IMAGE_LAYOUT_COLOR_ATTACHMENT_OPTIMAL queue=IGNORED(4294967295) exportable=1 dt=(nil) dt_idx=4294967295 dt_layout_updated=0 dmabuf_exports_checked=1 found=0 inserted=1 queue_import=1
MESA: info: udroid Zink ownership-trace image_barrier_queue_import_sem seq=75 threadToken=0x70859a1b80 res=0x3000a9a700 child=0x3000a9a700 obj=0x3000a9a8f0 image=0x3000a9abd0 bo=0x3000a9ad30 batch=0x3000da1150 batch_id=0 sem=0x3000db7ed0 appended=1
MESA: info: udroid Zink ownership-trace release_barrier seq=123 threadToken=0x70859a1b81 screen=0x300005f410 bs=0x3000da1150 batch_id=0 api=sync2 tableCmdPipelineBarrier2NonNull=1 res=0x3000a9a700 obj=0x3000a9a8f0 image=0x3000a9abd0 bo=0x3000a9ad30 oldLayout=COLOR_ATTACHMENT_OPTIMAL newLayout=COLOR_ATTACHMENT_OPTIMAL oldQueue=IGNORED(4294967295) srcQueue=gfx(0) dstQueue=FOREIGN(4294967293) exportable=1 dt=(nil) dt_idx=4294967295
MESA: info: udroid Zink ownership-trace release_signal_sem seq=124 threadToken=0x70859a1b81 screen=0x300005f410 bs=0x3000da1150 batch_id=0 res=0x3000a9a700 obj=0x3000a9a8f0 image=0x3000a9abd0 bo=0x3000a9ad30 layout=COLOR_ATTACHMENT_OPTIMAL queue=FOREIGN(4294967293) sem=0x3000dc37b0 appended=1
MESA: info: udroid Zink ownership-trace submit_pre seq=125 threadToken=0x708213bb41 screen=0x300005f410 queue=0x3000075390 bs=0x3000da1150 batch_id=26 numSubmitInfos=3 acquireWaits=0 fdWaits=1 cmdBuffers=1 signals=2 dmabufExports=1 hasWork=1 hasReordered=0 hasUnsync=0
MESA: info: udroid Zink ownership-trace submit_post seq=126 threadToken=0x708213bb41 screen=0x300005f410 queue=0x3000075390 bs=0x3000da1150 batch_id=26 result=VK_SUCCESS dmabufExports=1 signalSemaphores=1 fdWaitSemaphores=1
MESA: info: udroid Zink ownership-trace submit_import_dmabuf_sync seq=127 threadToken=0x708213bb41 screen=0x300005f410 bs=0x3000da1150 batch_id=26 res=0x3000a9a700 obj=0x3000a9a8f0 image=0x3000a9abd0 bo=0x3000a9ad30 layout=COLOR_ATTACHMENT_OPTIMAL queue=FOREIGN(4294967293) sem=0x3000dc37b0 importOk=0
MESA: info: udroid Zink ownership-trace image_barrier_exec seq=76 threadToken=0x70859a1b80 res=0x3000a9fc00 obj=0x3000a9fdf0 image=0x3000a9fbd0 bo=0x3000aa0220 batch=0x3000dc38d0 batch_id=0 cmdbuf=0x3000dd4090 api=sync2 unsync=0 oldLayout=VK_IMAGE_LAYOUT_COLOR_ATTACHMENT_OPTIMAL newLayout=VK_IMAGE_LAYOUT_COLOR_ATTACHMENT_OPTIMAL oldQueue=FOREIGN(4294967293) afterEmitQueue=IGNORED(4294967295) gfxQueue=0 queue_import=1 completed=0 usage_matches=1 exportable=1 dt=(nil) dt_idx=4294967295 flags=0x180 pipeline=0x400
MESA: info: udroid Zink ownership-trace image_barrier_tracking seq=77 threadToken=0x70859a1b80 res=0x3000a9fc00 obj=0x3000a9fdf0 image=0x3000a9fbd0 bo=0x3000aa0220 batch=0x3000dc38d0 batch_id=0 layout=VK_IMAGE_LAYOUT_COLOR_ATTACHMENT_OPTIMAL queue=IGNORED(4294967295) exportable=1 dt=(nil) dt_idx=4294967295 dt_layout_updated=0 dmabuf_exports_checked=1 found=0 inserted=1 queue_import=1
MESA: info: udroid Zink ownership-trace image_barrier_queue_import_sem seq=78 threadToken=0x70859a1b80 res=0x3000a9fc00 child=0x3000a9fc00 obj=0x3000a9fdf0 image=0x3000a9fbd0 bo=0x3000aa0220 batch=0x3000dc38d0 batch_id=0 sem=0x3000dda650 appended=1
MESA: info: udroid Zink ownership-trace release_barrier seq=128 threadToken=0x70859a1b81 screen=0x300005f410 bs=0x3000dc38d0 batch_id=0 api=sync2 tableCmdPipelineBarrier2NonNull=1 res=0x3000a9fc00 obj=0x3000a9fdf0 image=0x3000a9fbd0 bo=0x3000aa0220 oldLayout=COLOR_ATTACHMENT_OPTIMAL newLayout=COLOR_ATTACHMENT_OPTIMAL oldQueue=IGNORED(4294967295) srcQueue=gfx(0) dstQueue=FOREIGN(4294967293) exportable=1 dt=(nil) dt_idx=4294967295
MESA: info: udroid Zink ownership-trace image_barrier_exec seq=79 threadToken=0x70859a1b80 res=0x3000aa1180 obj=0x3000aa1370 image=0x3000aa1150 bo=0x3000aa1780 batch=0x3000130400 batch_id=0 cmdbuf=0x3000142150 api=sync2 unsync=0 oldLayout=VK_IMAGE_LAYOUT_COLOR_ATTACHMENT_OPTIMAL newLayout=VK_IMAGE_LAYOUT_COLOR_ATTACHMENT_OPTIMAL oldQueue=FOREIGN(4294967293) afterEmitQueue=IGNORED(4294967295) gfxQueue=0 queue_import=1 completed=0 usage_matches=1 exportable=1 dt=(nil) dt_idx=4294967295 flags=0x180 pipeline=0x400
MESA: info: udroid Zink ownership-trace image_barrier_tracking seq=80 threadToken=0x70859a1b80 res=0x3000aa1180 obj=0x3000aa1370 image=0x3000aa1150 bo=0x3000aa1780 batch=0x3000130400 batch_id=0 layout=VK_IMAGE_LAYOUT_COLOR_ATTACHMENT_OPTIMAL queue=IGNORED(4294967295) exportable=1 dt=(nil) dt_idx=4294967295 dt_layout_updated=0 dmabuf_exports_checked=1 found=0 inserted=1 queue_import=1
MESA: info: udroid Zink ownership-trace image_barrier_queue_import_sem seq=81 threadToken=0x70859a1b80 res=0x3000aa1180 child=0x3000aa1180 obj=0x3000aa1370 image=0x3000aa1150 bo=0x3000aa1780 batch=0x3000130400 batch_id=0 sem=0x3000dc37b0 appended=1
MESA: info: udroid Zink ownership-trace image_barrier_exec seq=82 threadToken=0x70859a1b80 res=0x3000aa30c0 obj=0x3000aa32b0 image=0x3000aa3590 bo=0x3000aa36f0 batch=0x30000e28c0 batch_id=0 cmdbuf=0x30000f48e0 api=sync2 unsync=0 oldLayout=VK_IMAGE_LAYOUT_COLOR_ATTACHMENT_OPTIMAL newLayout=VK_IMAGE_LAYOUT_COLOR_ATTACHMENT_OPTIMAL oldQueue=FOREIGN(4294967293) afterEmitQueue=IGNORED(4294967295) gfxQueue=0 queue_import=1 completed=0 usage_matches=1 exportable=1 dt=(nil) dt_idx=4294967295 flags=0x180 pipeline=0x400
MESA: info: udroid Zink ownership-trace image_barrier_tracking seq=83 threadToken=0x70859a1b80 res=0x3000aa30c0 obj=0x3000aa32b0 image=0x3000aa3590 bo=0x3000aa36f0 batch=0x30000e28c0 batch_id=0 layout=VK_IMAGE_LAYOUT_COLOR_ATTACHMENT_OPTIMAL queue=IGNORED(4294967295) exportable=1 dt=(nil) dt_idx=4294967295 dt_layout_updated=0 dmabuf_exports_checked=1 found=0 inserted=1 queue_import=1
MESA: info: udroid Zink ownership-trace image_barrier_queue_import_sem seq=84 threadToken=0x70859a1b80 res=0x3000aa30c0 child=0x3000aa30c0 obj=0x3000aa32b0 image=0x3000aa3590 bo=0x3000aa36f0 batch=0x30000e28c0 batch_id=0 sem=0x3000da1030 appended=1
MESA: info: udroid Zink ownership-trace image_barrier_exec seq=85 threadToken=0x70859a1b80 res=0x3000aa4800 obj=0x3000aa49f0 image=0x3000aa4cd0 bo=0x3000aa4e30 batch=0x30000fdcd0 batch_id=0 cmdbuf=0x300010fa20 api=sync2 unsync=0 oldLayout=VK_IMAGE_LAYOUT_COLOR_ATTACHMENT_OPTIMAL newLayout=VK_IMAGE_LAYOUT_COLOR_ATTACHMENT_OPTIMAL oldQueue=FOREIGN(4294967293) afterEmitQueue=IGNORED(4294967295) gfxQueue=0 queue_import=1 completed=0 usage_matches=1 exportable=1 dt=(nil) dt_idx=4294967295 flags=0x180 pipeline=0x400
MESA: info: udroid Zink ownership-trace image_barrier_tracking seq=86 threadToken=0x70859a1b80 res=0x3000aa4800 obj=0x3000aa49f0 image=0x3000aa4cd0 bo=0x3000aa4e30 batch=0x30000fdcd0 batch_id=0 layout=VK_IMAGE_LAYOUT_COLOR_ATTACHMENT_OPTIMAL queue=IGNORED(4294967295) exportable=1 dt=(nil) dt_idx=4294967295 dt_layout_updated=0 dmabuf_exports_checked=1 found=0 inserted=1 queue_import=1
MESA: info: udroid Zink ownership-trace image_barrier_queue_import_sem seq=87 threadToken=0x70859a1b80 res=0x3000aa4800 child=0x3000aa4800 obj=0x3000aa49f0 image=0x3000aa4cd0 bo=0x3000aa4e30 batch=0x30000fdcd0 batch_id=0 sem=0x3000d7e8b0 appended=1
MESA: info: udroid Zink ownership-trace image_barrier_exec seq=88 threadToken=0x70859a1b80 res=0x3000aa5d80 obj=0x3000aa5f70 image=0x3000aa6250 bo=0x3000aa63b0 batch=0x3000116890 batch_id=0 cmdbuf=0x30001285e0 api=sync2 unsync=0 oldLayout=VK_IMAGE_LAYOUT_COLOR_ATTACHMENT_OPTIMAL newLayout=VK_IMAGE_LAYOUT_COLOR_ATTACHMENT_OPTIMAL oldQueue=FOREIGN(4294967293) afterEmitQueue=IGNORED(4294967295) gfxQueue=0 queue_import=1 completed=0 usage_matches=1 exportable=1 dt=(nil) dt_idx=4294967295 flags=0x180 pipeline=0x400
MESA: info: udroid Zink ownership-trace image_barrier_tracking seq=89 threadToken=0x70859a1b80 res=0x3000aa5d80 obj=0x3000aa5f70 image=0x3000aa6250 bo=0x3000aa63b0 batch=0x3000116890 batch_id=0 layout=VK_IMAGE_LAYOUT_COLOR_ATTACHMENT_OPTIMAL queue=IGNORED(4294967295) exportable=1 dt=(nil) dt_idx=4294967295 dt_layout_updated=0 dmabuf_exports_checked=1 found=0 inserted=1 queue_import=1
MESA: info: udroid Zink ownership-trace image_barrier_queue_import_sem seq=90 threadToken=0x70859a1b80 res=0x3000aa5d80 child=0x3000aa5d80 obj=0x3000aa5f70 image=0x3000aa6250 bo=0x3000aa63b0 batch=0x3000116890 batch_id=0 sem=0x3000d5c130 appended=1
MESA: info: udroid Zink ownership-trace image_barrier_exec seq=91 threadToken=0x70859a1b80 res=0x3000a9a700 obj=0x3000a9a8f0 image=0x3000a9abd0 bo=0x3000a9ad30 batch=0x3000adc5f0 batch_id=0 cmdbuf=0x3000a8bb60 api=sync2 unsync=0 oldLayout=VK_IMAGE_LAYOUT_COLOR_ATTACHMENT_OPTIMAL newLayout=VK_IMAGE_LAYOUT_COLOR_ATTACHMENT_OPTIMAL oldQueue=FOREIGN(4294967293) afterEmitQueue=IGNORED(4294967295) gfxQueue=0 queue_import=1 completed=0 usage_matches=1 exportable=1 dt=(nil) dt_idx=4294967295 flags=0x180 pipeline=0x400
MESA: info: udroid Zink ownership-trace image_barrier_tracking seq=92 threadToken=0x70859a1b80 res=0x3000a9a700 obj=0x3000a9a8f0 image=0x3000a9abd0 bo=0x3000a9ad30 batch=0x3000adc5f0 batch_id=0 layout=VK_IMAGE_LAYOUT_COLOR_ATTACHMENT_OPTIMAL queue=IGNORED(4294967295) exportable=1 dt=(nil) dt_idx=4294967295 dt_layout_updated=0 dmabuf_exports_checked=1 found=0 inserted=1 queue_import=1
MESA: info: udroid Zink ownership-trace image_barrier_queue_import_sem seq=93 threadToken=0x70859a1b80 res=0x3000a9a700 child=0x3000a9a700 obj=0x3000a9a8f0 image=0x3000a9abd0 bo=0x3000a9ad30 batch=0x3000adc5f0 batch_id=0 sem=0x3000d399e0 appended=1
MESA: info: udroid Zink ownership-trace image_barrier_exec seq=94 threadToken=0x70859a1b80 res=0x3000a9fc00 obj=0x3000a9fdf0 image=0x3000a9fbd0 bo=0x3000aa0220 batch=0x3000af7de0 batch_id=0 cmdbuf=0x3000b085a0 api=sync2 unsync=0 oldLayout=VK_IMAGE_LAYOUT_COLOR_ATTACHMENT_OPTIMAL newLayout=VK_IMAGE_LAYOUT_COLOR_ATTACHMENT_OPTIMAL oldQueue=FOREIGN(4294967293) afterEmitQueue=IGNORED(4294967295) gfxQueue=0 queue_import=1 completed=0 usage_matches=1 exportable=1 dt=(nil) dt_idx=4294967295 flags=0x180 pipeline=0x400
MESA: info: udroid Zink ownership-trace image_barrier_tracking seq=95 threadToken=0x70859a1b80 res=0x3000a9fc00 obj=0x3000a9fdf0 image=0x3000a9fbd0 bo=0x3000aa0220 batch=0x3000af7de0 batch_id=0 layout=VK_IMAGE_LAYOUT_COLOR_ATTACHMENT_OPTIMAL queue=IGNORED(4294967295) exportable=1 dt=(nil) dt_idx=4294967295 dt_layout_updated=0 dmabuf_exports_checked=1 found=0 inserted=1 queue_import=1
MESA: info: udroid Zink ownership-trace image_barrier_queue_import_sem seq=96 threadToken=0x70859a1b80 res=0x3000a9fc00 child=0x3000a9fc00 obj=0x3000a9fdf0 image=0x3000a9fbd0 bo=0x3000aa0220 batch=0x3000af7de0 batch_id=0 sem=0x3000d17430 appended=1
MESA: info: udroid Zink ownership-trace image_barrier_exec seq=97 threadToken=0x70859a1b80 res=0x3000aa1180 obj=0x3000aa1370 image=0x3000aa1150 bo=0x3000aa1780 batch=0x3000b17660 batch_id=0 cmdbuf=0x3000b27e20 api=sync2 unsync=0 oldLayout=VK_IMAGE_LAYOUT_COLOR_ATTACHMENT_OPTIMAL newLayout=VK_IMAGE_LAYOUT_COLOR_ATTACHMENT_OPTIMAL oldQueue=FOREIGN(4294967293) afterEmitQueue=IGNORED(4294967295) gfxQueue=0 queue_import=1 completed=0 usage_matches=1 exportable=1 dt=(nil) dt_idx=4294967295 flags=0x180 pipeline=0x400
MESA: info: udroid Zink ownership-trace image_barrier_tracking seq=98 threadToken=0x70859a1b80 res=0x3000aa1180 obj=0x3000aa1370 image=0x3000aa1150 bo=0x3000aa1780 batch=0x3000b17660 batch_id=0 layout=VK_IMAGE_LAYOUT_COLOR_ATTACHMENT_OPTIMAL queue=IGNORED(4294967295) exportable=1 dt=(nil) dt_idx=4294967295 dt_layout_updated=0 dmabuf_exports_checked=1 found=0 inserted=1 queue_import=1
MESA: info: udroid Zink ownership-trace image_barrier_queue_import_sem seq=99 threadToken=0x70859a1b80 res=0x3000aa1180 child=0x3000aa1180 obj=0x3000aa1370 image=0x3000aa1150 bo=0x3000aa1780 batch=0x3000b17660 batch_id=0 sem=0x3000cd4f90 appended=1
MESA: info: udroid Zink ownership-trace image_barrier_exec seq=100 threadToken=0x70859a1b80 res=0x3000aa30c0 obj=0x3000aa32b0 image=0x3000aa3590 bo=0x3000aa36f0 batch=0x3000b367e0 batch_id=0 cmdbuf=0x3000b46fa0 api=sync2 unsync=0 oldLayout=VK_IMAGE_LAYOUT_COLOR_ATTACHMENT_OPTIMAL newLayout=VK_IMAGE_LAYOUT_COLOR_ATTACHMENT_OPTIMAL oldQueue=FOREIGN(4294967293) afterEmitQueue=IGNORED(4294967295) gfxQueue=0 queue_import=1 completed=0 usage_matches=1 exportable=1 dt=(nil) dt_idx=4294967295 flags=0x180 pipeline=0x400
MESA: info: udroid Zink ownership-trace image_barrier_tracking seq=101 threadToken=0x70859a1b80 res=0x3000aa30c0 obj=0x3000aa32b0 image=0x3000aa3590 bo=0x3000aa36f0 batch=0x3000b367e0 batch_id=0 layout=VK_IMAGE_LAYOUT_COLOR_ATTACHMENT_OPTIMAL queue=IGNORED(4294967295) exportable=1 dt=(nil) dt_idx=4294967295 dt_layout_updated=0 dmabuf_exports_checked=1 found=0 inserted=1 queue_import=1
MESA: info: udroid Zink ownership-trace image_barrier_queue_import_sem seq=102 threadToken=0x70859a1b80 res=0x3000aa30c0 child=0x3000aa30c0 obj=0x3000aa32b0 image=0x3000aa3590 bo=0x3000aa36f0 batch=0x3000b367e0 batch_id=0 sem=0x3000cb28d0 appended=1
MESA: info: udroid Zink ownership-trace image_barrier_exec seq=103 threadToken=0x70859a1b80 res=0x3000aa4800 obj=0x3000aa49f0 image=0x3000aa4cd0 bo=0x3000aa4e30 batch=0x3000b58f60 batch_id=0 cmdbuf=0x3000b69720 api=sync2 unsync=0 oldLayout=VK_IMAGE_LAYOUT_COLOR_ATTACHMENT_OPTIMAL newLayout=VK_IMAGE_LAYOUT_COLOR_ATTACHMENT_OPTIMAL oldQueue=FOREIGN(4294967293) afterEmitQueue=IGNORED(4294967295) gfxQueue=0 queue_import=1 completed=0 usage_matches=1 exportable=1 dt=(nil) dt_idx=4294967295 flags=0x180 pipeline=0x400
MESA: info: udroid Zink ownership-trace image_barrier_tracking seq=104 threadToken=0x70859a1b80 res=0x3000aa4800 obj=0x3000aa49f0 image=0x3000aa4cd0 bo=0x3000aa4e30 batch=0x3000b58f60 batch_id=0 layout=VK_IMAGE_LAYOUT_COLOR_ATTACHMENT_OPTIMAL queue=IGNORED(4294967295) exportable=1 dt=(nil) dt_idx=4294967295 dt_layout_updated=0 dmabuf_exports_checked=1 found=0 inserted=1 queue_import=1
MESA: info: udroid Zink ownership-trace image_barrier_queue_import_sem seq=105 threadToken=0x70859a1b80 res=0x3000aa4800 child=0x3000aa4800 obj=0x3000aa49f0 image=0x3000aa4cd0 bo=0x3000aa4e30 batch=0x3000b58f60 batch_id=0 sem=0x3000c90150 appended=1
MESA: info: udroid Zink ownership-trace image_barrier_exec seq=106 threadToken=0x70859a1b80 res=0x3000aa5d80 obj=0x3000aa5f70 image=0x3000aa6250 bo=0x3000aa63b0 batch=0x3000b7b6e0 batch_id=0 cmdbuf=0x3000b8bea0 api=sync2 unsync=0 oldLayout=VK_IMAGE_LAYOUT_COLOR_ATTACHMENT_OPTIMAL newLayout=VK_IMAGE_LAYOUT_COLOR_ATTACHMENT_OPTIMAL oldQueue=FOREIGN(4294967293) afterEmitQueue=IGNORED(4294967295) gfxQueue=0 queue_import=1 completed=0 usage_matches=1 exportable=1 dt=(nil) dt_idx=4294967295 flags=0x180 pipeline=0x400
MESA: info: udroid Zink ownership-trace image_barrier_tracking seq=107 threadToken=0x70859a1b80 res=0x3000aa5d80 obj=0x3000aa5f70 image=0x3000aa6250 bo=0x3000aa63b0 batch=0x3000b7b6e0 batch_id=0 layout=VK_IMAGE_LAYOUT_COLOR_ATTACHMENT_OPTIMAL queue=IGNORED(4294967295) exportable=1 dt=(nil) dt_idx=4294967295 dt_layout_updated=0 dmabuf_exports_checked=1 found=0 inserted=1 queue_import=1
MESA: info: udroid Zink ownership-trace image_barrier_queue_import_sem seq=108 threadToken=0x70859a1b80 res=0x3000aa5d80 child=0x3000aa5d80 obj=0x3000aa5f70 image=0x3000aa6250 bo=0x3000aa63b0 batch=0x3000b7b6e0 batch_id=0 sem=0x3000c6d9d0 appended=1
MESA: info: udroid Zink ownership-trace image_barrier_exec seq=109 threadToken=0x70859a1b80 res=0x3000a9a700 obj=0x3000a9a8f0 image=0x3000a9abd0 bo=0x3000a9ad30 batch=0x3000b9e220 batch_id=0 cmdbuf=0x3000bae9e0 api=sync2 unsync=0 oldLayout=VK_IMAGE_LAYOUT_COLOR_ATTACHMENT_OPTIMAL newLayout=VK_IMAGE_LAYOUT_COLOR_ATTACHMENT_OPTIMAL oldQueue=FOREIGN(4294967293) afterEmitQueue=IGNORED(4294967295) gfxQueue=0 queue_import=1 completed=0 usage_matches=1 exportable=1 dt=(nil) dt_idx=4294967295 flags=0x180 pipeline=0x400
MESA: info: udroid Zink ownership-trace image_barrier_tracking seq=110 threadToken=0x70859a1b80 res=0x3000a9a700 obj=0x3000a9a8f0 image=0x3000a9abd0 bo=0x3000a9ad30 batch=0x3000b9e220 batch_id=0 layout=VK_IMAGE_LAYOUT_COLOR_ATTACHMENT_OPTIMAL queue=IGNORED(4294967295) exportable=1 dt=(nil) dt_idx=4294967295 dt_layout_updated=0 dmabuf_exports_checked=1 found=0 inserted=1 queue_import=1
MESA: info: udroid Zink ownership-trace image_barrier_queue_import_sem seq=111 threadToken=0x70859a1b80 res=0x3000a9a700 child=0x3000a9a700 obj=0x3000a9a8f0 image=0x3000a9abd0 bo=0x3000a9ad30 batch=0x3000b9e220 batch_id=0 sem=0x3000c4b250 appended=1
MESA: info: udroid Zink ownership-trace image_barrier_exec seq=112 threadToken=0x70859a1b80 res=0x3000a9fc00 obj=0x3000a9fdf0 image=0x3000a9fbd0 bo=0x3000aa0220 batch=0x3000bc09a0 batch_id=0 cmdbuf=0x3000bd1160 api=sync2 unsync=0 oldLayout=VK_IMAGE_LAYOUT_COLOR_ATTACHMENT_OPTIMAL newLayout=VK_IMAGE_LAYOUT_COLOR_ATTACHMENT_OPTIMAL oldQueue=FOREIGN(4294967293) afterEmitQueue=IGNORED(4294967295) gfxQueue=0 queue_import=1 completed=0 usage_matches=1 exportable=1 dt=(nil) dt_idx=4294967295 flags=0x180 pipeline=0x400
MESA: info: udroid Zink ownership-trace image_barrier_tracking seq=113 threadToken=0x70859a1b80 res=0x3000a9fc00 obj=0x3000a9fdf0 image=0x3000a9fbd0 bo=0x3000aa0220 batch=0x3000bc09a0 batch_id=0 layout=VK_IMAGE_LAYOUT_COLOR_ATTACHMENT_OPTIMAL queue=IGNORED(4294967295) exportable=1 dt=(nil) dt_idx=4294967295 dt_layout_updated=0 dmabuf_exports_checked=1 found=0 inserted=1 queue_import=1
MESA: info: udroid Zink ownership-trace image_barrier_queue_import_sem seq=114 threadToken=0x70859a1b80 res=0x3000a9fc00 child=0x3000a9fc00 obj=0x3000a9fdf0 image=0x3000a9fbd0 bo=0x3000aa0220 batch=0x3000bc09a0 batch_id=0 sem=0x3000c28710 appended=1
MESA: info: udroid Zink ownership-trace image_barrier_exec seq=115 threadToken=0x70859a1b80 res=0x3000aa1180 obj=0x3000aa1370 image=0x3000aa1150 bo=0x3000aa1780 batch=0x3000be3120 batch_id=0 cmdbuf=0x3000bf38e0 api=sync2 unsync=0 oldLayout=VK_IMAGE_LAYOUT_COLOR_ATTACHMENT_OPTIMAL newLayout=VK_IMAGE_LAYOUT_COLOR_ATTACHMENT_OPTIMAL oldQueue=FOREIGN(4294967293) afterEmitQueue=IGNORED(4294967295) gfxQueue=0 queue_import=1 completed=0 usage_matches=1 exportable=1 dt=(nil) dt_idx=4294967295 flags=0x180 pipeline=0x400
MESA: info: udroid Zink ownership-trace image_barrier_tracking seq=116 threadToken=0x70859a1b80 res=0x3000aa1180 obj=0x3000aa1370 image=0x3000aa1150 bo=0x3000aa1780 batch=0x3000be3120 batch_id=0 layout=VK_IMAGE_LAYOUT_COLOR_ATTACHMENT_OPTIMAL queue=IGNORED(4294967295) exportable=1 dt=(nil) dt_idx=4294967295 dt_layout_updated=0 dmabuf_exports_checked=1 found=0 inserted=1 queue_import=1
MESA: info: udroid Zink ownership-trace image_barrier_queue_import_sem seq=117 threadToken=0x70859a1b80 res=0x3000aa1180 child=0x3000aa1180 obj=0x3000aa1370 image=0x3000aa1150 bo=0x3000aa1780 batch=0x3000be3120 batch_id=0 sem=0x3000c05f90 appended=1
MESA: info: udroid Zink ownership-trace image_barrier_exec seq=118 threadToken=0x70859a1b80 res=0x3000aa30c0 obj=0x3000aa32b0 image=0x3000aa3590 bo=0x3000aa36f0 batch=0x3000c28830 batch_id=0 cmdbuf=0x3000c391d0 api=sync2 unsync=0 oldLayout=VK_IMAGE_LAYOUT_COLOR_ATTACHMENT_OPTIMAL newLayout=VK_IMAGE_LAYOUT_COLOR_ATTACHMENT_OPTIMAL oldQueue=FOREIGN(4294967293) afterEmitQueue=IGNORED(4294967295) gfxQueue=0 queue_import=1 completed=0 usage_matches=1 exportable=1 dt=(nil) dt_idx=4294967295 flags=0x180 pipeline=0x400
MESA: info: udroid Zink ownership-trace image_barrier_tracking seq=119 threadToken=0x70859a1b80 res=0x3000aa30c0 obj=0x3000aa32b0 image=0x3000aa3590 bo=0x3000aa36f0 batch=0x3000c28830 batch_id=0 layout=VK_IMAGE_LAYOUT_COLOR_ATTACHMENT_OPTIMAL queue=IGNORED(4294967295) exportable=1 dt=(nil) dt_idx=4294967295 dt_layout_updated=0 dmabuf_exports_checked=1 found=0 inserted=1 queue_import=1
MESA: info: udroid Zink ownership-trace image_barrier_queue_import_sem seq=120 threadToken=0x70859a1b80 res=0x3000aa30c0 child=0x3000aa30c0 obj=0x3000aa32b0 image=0x3000aa3590 bo=0x3000aa36f0 batch=0x3000c28830 batch_id=0 sem=0x3000be3000 appended=1
MESA: info: udroid Zink ownership-trace image_barrier_exec seq=121 threadToken=0x70859a1b80 res=0x3000aa4800 obj=0x3000aa49f0 image=0x3000aa4cd0 bo=0x3000aa4e30 batch=0x3000c4b370 batch_id=0 cmdbuf=0x3000c5bb30 api=sync2 unsync=0 oldLayout=VK_IMAGE_LAYOUT_COLOR_ATTACHMENT_OPTIMAL newLayout=VK_IMAGE_LAYOUT_COLOR_ATTACHMENT_OPTIMAL oldQueue=FOREIGN(4294967293) afterEmitQueue=IGNORED(4294967295) gfxQueue=0 queue_import=1 completed=0 usage_matches=1 exportable=1 dt=(nil) dt_idx=4294967295 flags=0x180 pipeline=0x400
MESA: info: udroid Zink ownership-trace image_barrier_tracking seq=122 threadToken=0x70859a1b80 res=0x3000aa4800 obj=0x3000aa49f0 image=0x3000aa4cd0 bo=0x3000aa4e30 batch=0x3000c4b370 batch_id=0 layout=VK_IMAGE_LAYOUT_COLOR_ATTACHMENT_OPTIMAL queue=IGNORED(4294967295) exportable=1 dt=(nil) dt_idx=4294967295 dt_layout_updated=0 dmabuf_exports_checked=1 found=0 inserted=1 queue_import=1
MESA: info: udroid Zink ownership-trace image_barrier_queue_import_sem seq=123 threadToken=0x70859a1b80 res=0x3000aa4800 child=0x3000aa4800 obj=0x3000aa49f0 image=0x3000aa4cd0 bo=0x3000aa4e30 batch=0x3000c4b370 batch_id=0 sem=0x3000bc0880 appended=1
MESA: info: udroid Zink ownership-trace image_barrier_exec seq=124 threadToken=0x70859a1b80 res=0x3000aa5d80 obj=0x3000aa5f70 image=0x3000aa6250 bo=0x3000aa63b0 batch=0x3000c6daf0 batch_id=0 cmdbuf=0x3000c7e2b0 api=sync2 unsync=0 oldLayout=VK_IMAGE_LAYOUT_COLOR_ATTACHMENT_OPTIMAL newLayout=VK_IMAGE_LAYOUT_COLOR_ATTACHMENT_OPTIMAL oldQueue=FOREIGN(4294967293) afterEmitQueue=IGNORED(4294967295) gfxQueue=0 queue_import=1 completed=0 usage_matches=1 exportable=1 dt=(nil) dt_idx=4294967295 flags=0x180 pipeline=0x400
MESA: info: udroid Zink ownership-trace image_barrier_tracking seq=125 threadToken=0x70859a1b80 res=0x3000aa5d80 obj=0x3000aa5f70 image=0x3000aa6250 bo=0x3000aa63b0 batch=0x3000c6daf0 batch_id=0 layout=VK_IMAGE_LAYOUT_COLOR_ATTACHMENT_OPTIMAL queue=IGNORED(4294967295) exportable=1 dt=(nil) dt_idx=4294967295 dt_layout_updated=0 dmabuf_exports_checked=1 found=0 inserted=1 queue_import=1
MESA: info: udroid Zink ownership-trace image_barrier_queue_import_sem seq=126 threadToken=0x70859a1b80 res=0x3000aa5d80 child=0x3000aa5d80 obj=0x3000aa5f70 image=0x3000aa6250 bo=0x3000aa63b0 batch=0x3000c6daf0 batch_id=0 sem=0x3000b9e100 appended=1
MESA: info: udroid Zink ownership-trace image_barrier_exec seq=127 threadToken=0x70859a1b80 res=0x3000a9a700 obj=0x3000a9a8f0 image=0x3000a9abd0 bo=0x3000a9ad30 batch=0x3000c90270 batch_id=0 cmdbuf=0x3000ca0a30 api=sync2 unsync=0 oldLayout=VK_IMAGE_LAYOUT_COLOR_ATTACHMENT_OPTIMAL newLayout=VK_IMAGE_LAYOUT_COLOR_ATTACHMENT_OPTIMAL oldQueue=FOREIGN(4294967293) afterEmitQueue=IGNORED(4294967295) gfxQueue=0 queue_import=1 completed=0 usage_matches=1 exportable=1 dt=(nil) dt_idx=4294967295 flags=0x180 pipeline=0x400
MESA: info: udroid Zink ownership-trace image_barrier_tracking seq=128 threadToken=0x70859a1b80 res=0x3000a9a700 obj=0x3000a9a8f0 image=0x3000a9abd0 bo=0x3000a9ad30 batch=0x3000c90270 batch_id=0 layout=VK_IMAGE_LAYOUT_COLOR_ATTACHMENT_OPTIMAL queue=IGNORED(4294967295) exportable=1 dt=(nil) dt_idx=4294967295 dt_layout_updated=0 dmabuf_exports_checked=1 found=0 inserted=1 queue_import=1
MESA: info: udroid gfxstream-submit samples=120 staging-us=1621.7 encode-us=962.6 prepare-us=408.3 submit-us=170.3 post-us=278.4 postLookup-ns=277496.7 postLookup-us=277.497 vkQueueWaitIdle-ns=0.0 vkQueueWaitIdle-us=0.000 vkQueueWaitIdle-called-ns=0.0 vkQueueWaitIdle-called-us=0.000 signalFinalize-ns=0.0 signalFinalize-us=0.000 bytes=905.2 command-buffers=1.22 externalFenceFdReason=0/0.000 post_wait_events=0/0.000 post_wait_sync_fds=0/0.000 waitIdleSubmits=0/0.000 temporarySyncFdWaits=115/0.958 temporarySyncFdConsumes=115/0.958 syncFdWaitErrors=0/0.000 async=1 aux=0
MESA: info: udroid Zink submit count=120 setup-us(avg)=29 end-cmdbuf-us(avg)=10 queue-lock-us(avg)=0 queue-submit-us(avg)=2526 housekeeping-us(avg)=4521 finish-us(avg)=50
MESA: info: udroid Zink sync batch count=120 pre-end-us(avg)=4 end-batch-us(avg)=1849 submit-wait-us(avg)=7338 restart-us(avg)=2441
MESA: info: udroid gfxstream-get-semaphore-fd externalSync samples=120 vkGetSemaphoreGOOGLE-ns=2705314.2 vkGetSemaphoreGOOGLE-us=2705.314 acquireSync-ns=832176.3 acquireSync-us=832.176 vkGetSemaphoreGOOGLEFailures=0 acquireSyncFailures=0
MESA: info: udroid Zink dmabuf-semaphore-import samples=120 GetSemaphoreFdKHR-ns=3552170.8 GetSemaphoreFdKHR-us=3552.171 dmabufFdAcquire-ns=21896.4 dmabufFdAcquire-us=21.896 DMA_BUF_IOCTL_IMPORT_SYNC_FILE-ns=469964.3 DMA_BUF_IOCTL_IMPORT_SYNC_FILE-us=469.964 getSemaphoreFdFailures=0/0.000 dmabufFdAcquireAttempts=120/1.000 dmabufFdAcquireSuccesses=120/1.000 resourceExportAttempts=120/1.000 importSyncFileCalls=120/1.000 importSyncFileFailures=0/0.000
MESA: info: udroid Zink fence flush count=120 prepare-us(avg)=0 semaphore-us(avg)=607 dispatch-us(avg)=11535 fence-setup-us(avg)=4 trailing-wait-us(avg)=0
MESA: info: udroid DRI native-fence create count=120 glthread-us(avg)=1 st-flush-us(avg)=14113
MESA: info: udroid gfxstream-get-semaphore-fd externalSync samples=120 vkGetSemaphoreGOOGLE-ns=702252.2 vkGetSemaphoreGOOGLE-us=702.252 acquireSync-ns=751797.8 acquireSync-us=751.798 vkGetSemaphoreGOOGLEFailures=0 acquireSyncFailures=0
MESA: info: udroid gfxstream-submit samples=120 staging-us=1911.0 encode-us=1189.0 prepare-us=375.2 submit-us=303.0 post-us=328.7 postLookup-ns=327539.8 postLookup-us=327.540 vkQueueWaitIdle-ns=0.0 vkQueueWaitIdle-us=0.000 vkQueueWaitIdle-called-ns=0.0 vkQueueWaitIdle-called-us=0.000 signalFinalize-ns=0.0 signalFinalize-us=0.000 bytes=890.6 command-buffers=1.22 externalFenceFdReason=0/0.000 post_wait_events=0/0.000 post_wait_sync_fds=0/0.000 waitIdleSubmits=0/0.000 temporarySyncFdWaits=114/0.950 temporarySyncFdConsumes=114/0.950 syncFdWaitErrors=0/0.000 async=1 aux=0
MESA: info: udroid Zink submit count=240 setup-us(avg)=17 end-cmdbuf-us(avg)=9 queue-lock-us(avg)=0 queue-submit-us(avg)=2745 housekeeping-us(avg)=4469 finish-us(avg)=27
MESA: info: udroid Zink sync batch count=240 pre-end-us(avg)=5 end-batch-us(avg)=2113 submit-wait-us(avg)=7466 restart-us(avg)=1859
MESA: info: udroid gfxstream-get-semaphore-fd externalSync samples=120 vkGetSemaphoreGOOGLE-ns=2731819.3 vkGetSemaphoreGOOGLE-us=2731.819 acquireSync-ns=915049.5 acquireSync-us=915.049 vkGetSemaphoreGOOGLEFailures=0 acquireSyncFailures=0
MESA: info: udroid Zink dmabuf-semaphore-import samples=120 GetSemaphoreFdKHR-ns=3662658.0 GetSemaphoreFdKHR-us=3662.658 dmabufFdAcquire-ns=25132.6 dmabufFdAcquire-us=25.133 DMA_BUF_IOCTL_IMPORT_SYNC_FILE-ns=467201.4 DMA_BUF_IOCTL_IMPORT_SYNC_FILE-us=467.201 getSemaphoreFdFailures=0/0.000 dmabufFdAcquireAttempts=120/1.000 dmabufFdAcquireSuccesses=120/1.000 resourceExportAttempts=120/1.000 importSyncFileCalls=120/1.000 importSyncFileFailures=0/0.000
MESA: info: udroid Zink fence flush count=240 prepare-us(avg)=0 semaphore-us(avg)=649 dispatch-us(avg)=11302 fence-setup-us(avg)=4 trailing-wait-us(avg)=0
MESA: info: udroid DRI native-fence create count=240 glthread-us(avg)=1 st-flush-us(avg)=13696
MESA: info: udroid gfxstream-get-semaphore-fd externalSync samples=120 vkGetSemaphoreGOOGLE-ns=692258.8 vkGetSemaphoreGOOGLE-us=692.259 acquireSync-ns=870566.1 acquireSync-us=870.566 vkGetSemaphoreGOOGLEFailures=0 acquireSyncFailures=0
MESA: info: udroid gfxstream-submit samples=120 staging-us=1689.8 encode-us=1012.1 prepare-us=334.0 submit-us=334.4 post-us=300.1 postLookup-ns=298875.3 postLookup-us=298.875 vkQueueWaitIdle-ns=0.0 vkQueueWaitIdle-us=0.000 vkQueueWaitIdle-called-ns=0.0 vkQueueWaitIdle-called-us=0.000 signalFinalize-ns=0.0 signalFinalize-us=0.000 bytes=888.2 command-buffers=1.17 externalFenceFdReason=0/0.000 post_wait_events=0/0.000 post_wait_sync_fds=0/0.000 waitIdleSubmits=0/0.000 temporarySyncFdWaits=114/0.950 temporarySyncFdConsumes=114/0.950 syncFdWaitErrors=0/0.000 async=1 aux=0
MESA: info: udroid Zink submit count=360 setup-us(avg)=12 end-cmdbuf-us(avg)=9 queue-lock-us(avg)=0 queue-submit-us(avg)=2734 housekeeping-us(avg)=4478 finish-us(avg)=20
MESA: info: udroid Zink sync batch count=360 pre-end-us(avg)=5 end-batch-us(avg)=2061 submit-wait-us(avg)=7479 restart-us(avg)=1644
MESA: info: udroid gfxstream-get-semaphore-fd externalSync samples=120 vkGetSemaphoreGOOGLE-ns=2703664.1 vkGetSemaphoreGOOGLE-us=2703.664 acquireSync-ns=1006751.2 acquireSync-us=1006.751 vkGetSemaphoreGOOGLEFailures=0 acquireSyncFailures=0
MESA: info: udroid Zink dmabuf-semaphore-import samples=120 GetSemaphoreFdKHR-ns=3726646.5 GetSemaphoreFdKHR-us=3726.647 dmabufFdAcquire-ns=23619.6 dmabufFdAcquire-us=23.620 DMA_BUF_IOCTL_IMPORT_SYNC_FILE-ns=434879.6 DMA_BUF_IOCTL_IMPORT_SYNC_FILE-us=434.880 getSemaphoreFdFailures=0/0.000 dmabufFdAcquireAttempts=120/1.000 dmabufFdAcquireSuccesses=120/1.000 resourceExportAttempts=120/1.000 importSyncFileCalls=120/1.000 importSyncFileFailures=0/0.000
MESA: info: udroid Zink fence flush count=360 prepare-us(avg)=0 semaphore-us(avg)=669 dispatch-us(avg)=11143 fence-setup-us(avg)=4 trailing-wait-us(avg)=0
MESA: info: udroid DRI native-fence create count=360 glthread-us(avg)=1 st-flush-us(avg)=13607
MESA: info: udroid gfxstream-get-semaphore-fd externalSync samples=120 vkGetSemaphoreGOOGLE-ns=559097.7 vkGetSemaphoreGOOGLE-us=559.098 acquireSync-ns=707588.4 acquireSync-us=707.588 vkGetSemaphoreGOOGLEFailures=0 acquireSyncFailures=0
MESA: info: udroid gfxstream-submit samples=120 staging-us=1967.7 encode-us=1231.8 prepare-us=399.5 submit-us=448.5 post-us=316.2 postLookup-ns=315013.2 postLookup-us=315.013 vkQueueWaitIdle-ns=0.0 vkQueueWaitIdle-us=0.000 vkQueueWaitIdle-called-ns=0.0 vkQueueWaitIdle-called-us=0.000 signalFinalize-ns=0.0 signalFinalize-us=0.000 bytes=897.5 command-buffers=1.21 externalFenceFdReason=0/0.000 post_wait_events=0/0.000 post_wait_sync_fds=0/0.000 waitIdleSubmits=0/0.000 temporarySyncFdWaits=115/0.958 temporarySyncFdConsumes=115/0.958 syncFdWaitErrors=0/0.000 async=1 aux=0
MESA: info: udroid Zink submit count=480 setup-us(avg)=10 end-cmdbuf-us(avg)=9 queue-lock-us(avg)=0 queue-submit-us(avg)=2844 housekeeping-us(avg)=4434 finish-us(avg)=16
MESA: info: udroid Zink sync batch count=480 pre-end-us(avg)=5 end-batch-us(avg)=2135 submit-wait-us(avg)=7529 restart-us(avg)=1544
MESA: info: udroid gfxstream-get-semaphore-fd externalSync samples=120 vkGetSemaphoreGOOGLE-ns=2571201.6 vkGetSemaphoreGOOGLE-us=2571.202 acquireSync-ns=936686.2 acquireSync-us=936.686 vkGetSemaphoreGOOGLEFailures=0 acquireSyncFailures=0
MESA: info: udroid Zink dmabuf-semaphore-import samples=120 GetSemaphoreFdKHR-ns=3525578.5 GetSemaphoreFdKHR-us=3525.578 dmabufFdAcquire-ns=22050.0 dmabufFdAcquire-us=22.050 DMA_BUF_IOCTL_IMPORT_SYNC_FILE-ns=471904.8 DMA_BUF_IOCTL_IMPORT_SYNC_FILE-us=471.905 getSemaphoreFdFailures=0/0.000 dmabufFdAcquireAttempts=120/1.000 dmabufFdAcquireSuccesses=120/1.000 resourceExportAttempts=120/1.000 importSyncFileCalls=120/1.000 importSyncFileFailures=0/0.000
MESA: info: udroid Zink fence flush count=480 prepare-us(avg)=0 semaphore-us(avg)=670 dispatch-us(avg)=11253 fence-setup-us(avg)=4 trailing-wait-us(avg)=0
MESA: info: udroid DRI native-fence create count=480 glthread-us(avg)=1 st-flush-us(avg)=13651
MESA: info: udroid gfxstream-get-semaphore-fd externalSync samples=120 vkGetSemaphoreGOOGLE-ns=596029.9 vkGetSemaphoreGOOGLE-us=596.030 acquireSync-ns=777567.6 acquireSync-us=777.568 vkGetSemaphoreGOOGLEFailures=0 acquireSyncFailures=0
MESA: info: udroid gfxstream-submit samples=120 staging-us=1571.9 encode-us=930.8 prepare-us=359.0 submit-us=356.2 post-us=295.5 postLookup-ns=294518.1 postLookup-us=294.518 vkQueueWaitIdle-ns=0.0 vkQueueWaitIdle-us=0.000 vkQueueWaitIdle-called-ns=0.0 vkQueueWaitIdle-called-us=0.000 signalFinalize-ns=0.0 signalFinalize-us=0.000 bytes=888.6 command-buffers=1.18 externalFenceFdReason=0/0.000 post_wait_events=0/0.000 post_wait_sync_fds=0/0.000 waitIdleSubmits=0/0.000 temporarySyncFdWaits=114/0.950 temporarySyncFdConsumes=114/0.950 syncFdWaitErrors=0/0.000 async=1 aux=0
MESA: info: udroid Zink submit count=600 setup-us(avg)=9 end-cmdbuf-us(avg)=8 queue-lock-us(avg)=0 queue-submit-us(avg)=2800 housekeeping-us(avg)=4422 finish-us(avg)=13
MESA: info: udroid Zink sync batch count=600 pre-end-us(avg)=5 end-batch-us(avg)=2143 submit-wait-us(avg)=7495 restart-us(avg)=1507
MESA: info: udroid gfxstream-get-semaphore-fd externalSync samples=120 vkGetSemaphoreGOOGLE-ns=2613672.2 vkGetSemaphoreGOOGLE-us=2613.672 acquireSync-ns=1025593.8 acquireSync-us=1025.594 vkGetSemaphoreGOOGLEFailures=0 acquireSyncFailures=0
MESA: info: udroid Zink dmabuf-semaphore-import samples=120 GetSemaphoreFdKHR-ns=3652682.9 GetSemaphoreFdKHR-us=3652.683 dmabufFdAcquire-ns=25277.4 dmabufFdAcquire-us=25.277 DMA_BUF_IOCTL_IMPORT_SYNC_FILE-ns=475480.2 DMA_BUF_IOCTL_IMPORT_SYNC_FILE-us=475.480 getSemaphoreFdFailures=0/0.000 dmabufFdAcquireAttempts=120/1.000 dmabufFdAcquireSuccesses=120/1.000 resourceExportAttempts=120/1.000 importSyncFileCalls=120/1.000 importSyncFileFailures=0/0.000
MESA: info: udroid Zink fence flush count=600 prepare-us(avg)=0 semaphore-us(avg)=672 dispatch-us(avg)=11069 fence-setup-us(avg)=4 trailing-wait-us(avg)=0
MESA: info: udroid DRI native-fence create count=600 glthread-us(avg)=1 st-flush-us(avg)=13403
MESA: info: udroid gfxstream-get-semaphore-fd externalSync samples=120 vkGetSemaphoreGOOGLE-ns=687929.3 vkGetSemaphoreGOOGLE-us=687.929 acquireSync-ns=834633.4 acquireSync-us=834.633 vkGetSemaphoreGOOGLEFailures=0 acquireSyncFailures=0
MESA: info: udroid gfxstream-submit samples=120 staging-us=1710.1 encode-us=1084.4 prepare-us=344.0 submit-us=339.8 post-us=279.5 postLookup-ns=278503.1 postLookup-us=278.503 vkQueueWaitIdle-ns=0.0 vkQueueWaitIdle-us=0.000 vkQueueWaitIdle-called-ns=0.0 vkQueueWaitIdle-called-us=0.000 signalFinalize-ns=0.0 signalFinalize-us=0.000 bytes=889.8 command-buffers=1.20 externalFenceFdReason=0/0.000 post_wait_events=0/0.000 post_wait_sync_fds=0/0.000 waitIdleSubmits=0/0.000 temporarySyncFdWaits=114/0.950 temporarySyncFdConsumes=114/0.950 syncFdWaitErrors=0/0.000 async=1 aux=0
MESA: info: udroid Zink submit count=720 setup-us(avg)=8 end-cmdbuf-us(avg)=8 queue-lock-us(avg)=0 queue-submit-us(avg)=2786 housekeeping-us(avg)=4374 finish-us(avg)=12
MESA: info: udroid Zink sync batch count=720 pre-end-us(avg)=5 end-batch-us(avg)=2063 submit-wait-us(avg)=7419 restart-us(avg)=1443
MESA: info: udroid gfxstream-get-semaphore-fd externalSync samples=120 vkGetSemaphoreGOOGLE-ns=2374235.0 vkGetSemaphoreGOOGLE-us=2374.235 acquireSync-ns=757721.7 acquireSync-us=757.722 vkGetSemaphoreGOOGLEFailures=0 acquireSyncFailures=0
MESA: info: udroid Zink dmabuf-semaphore-import samples=120 GetSemaphoreFdKHR-ns=3144455.7 GetSemaphoreFdKHR-us=3144.456 dmabufFdAcquire-ns=18930.0 dmabufFdAcquire-us=18.930 DMA_BUF_IOCTL_IMPORT_SYNC_FILE-ns=368891.7 DMA_BUF_IOCTL_IMPORT_SYNC_FILE-us=368.892 getSemaphoreFdFailures=0/0.000 dmabufFdAcquireAttempts=120/1.000 dmabufFdAcquireSuccesses=120/1.000 resourceExportAttempts=120/1.000 importSyncFileCalls=120/1.000 importSyncFileFailures=0/0.000
MESA: info: udroid Zink fence flush count=720 prepare-us(avg)=0 semaphore-us(avg)=675 dispatch-us(avg)=10728 fence-setup-us(avg)=4 trailing-wait-us(avg)=0
MESA: info: udroid DRI native-fence create count=720 glthread-us(avg)=1 st-flush-us(avg)=12998
MESA: info: udroid gfxstream-get-semaphore-fd externalSync samples=120 vkGetSemaphoreGOOGLE-ns=635224.3 vkGetSemaphoreGOOGLE-us=635.224 acquireSync-ns=650749.4 acquireSync-us=650.749 vkGetSemaphoreGOOGLEFailures=0 acquireSyncFailures=0
MESA: info: udroid gfxstream-submit samples=120 staging-us=1327.4 encode-us=798.6 prepare-us=241.1 submit-us=239.5 post-us=321.4 postLookup-ns=320665.5 postLookup-us=320.666 vkQueueWaitIdle-ns=0.0 vkQueueWaitIdle-us=0.000 vkQueueWaitIdle-called-ns=0.0 vkQueueWaitIdle-called-us=0.000 signalFinalize-ns=0.0 signalFinalize-us=0.000 bytes=890.6 command-buffers=1.22 externalFenceFdReason=0/0.000 post_wait_events=0/0.000 post_wait_sync_fds=0/0.000 waitIdleSubmits=0/0.000 temporarySyncFdWaits=114/0.950 temporarySyncFdConsumes=114/0.950 syncFdWaitErrors=0/0.000 async=1 aux=0
MESA: info: udroid Zink submit count=840 setup-us(avg)=7 end-cmdbuf-us(avg)=8 queue-lock-us(avg)=0 queue-submit-us(avg)=2697 housekeeping-us(avg)=4246 finish-us(avg)=11
MESA: info: udroid Zink sync batch count=840 pre-end-us(avg)=5 end-batch-us(avg)=2001 submit-wait-us(avg)=7186 restart-us(avg)=1390
MESA: info: udroid gfxstream-get-semaphore-fd externalSync samples=120 vkGetSemaphoreGOOGLE-ns=2295703.5 vkGetSemaphoreGOOGLE-us=2295.703 acquireSync-ns=940029.2 acquireSync-us=940.029 vkGetSemaphoreGOOGLEFailures=0 acquireSyncFailures=0
MESA: info: udroid Zink dmabuf-semaphore-import samples=120 GetSemaphoreFdKHR-ns=3251302.4 GetSemaphoreFdKHR-us=3251.302 dmabufFdAcquire-ns=21437.5 dmabufFdAcquire-us=21.438 DMA_BUF_IOCTL_IMPORT_SYNC_FILE-ns=401908.3 DMA_BUF_IOCTL_IMPORT_SYNC_FILE-us=401.908 getSemaphoreFdFailures=0/0.000 dmabufFdAcquireAttempts=120/1.000 dmabufFdAcquireSuccesses=120/1.000 resourceExportAttempts=120/1.000 importSyncFileCalls=120/1.000 importSyncFileFailures=0/0.000
MESA: info: udroid Zink fence flush count=840 prepare-us(avg)=1 semaphore-us(avg)=669 dispatch-us(avg)=10474 fence-setup-us(avg)=4 trailing-wait-us(avg)=0
MESA: info: udroid DRI native-fence create count=840 glthread-us(avg)=1 st-flush-us(avg)=12746
MESA: info: udroid gfxstream-get-semaphore-fd externalSync samples=120 vkGetSemaphoreGOOGLE-ns=549735.2 vkGetSemaphoreGOOGLE-us=549.735 acquireSync-ns=668999.9 acquireSync-us=669.000 vkGetSemaphoreGOOGLEFailures=0 acquireSyncFailures=0
MESA: info: udroid gfxstream-submit samples=120 staging-us=1768.4 encode-us=1018.4 prepare-us=368.2 submit-us=371.4 post-us=302.2 postLookup-ns=301123.7 postLookup-us=301.124 vkQueueWaitIdle-ns=0.0 vkQueueWaitIdle-us=0.000 vkQueueWaitIdle-called-ns=0.0 vkQueueWaitIdle-called-us=0.000 signalFinalize-ns=0.0 signalFinalize-us=0.000 bytes=895.5 command-buffers=1.17 externalFenceFdReason=0/0.000 post_wait_events=0/0.000 post_wait_sync_fds=0/0.000 waitIdleSubmits=0/0.000 temporarySyncFdWaits=115/0.958 temporarySyncFdConsumes=115/0.958 syncFdWaitErrors=0/0.000 async=1 aux=0
MESA: info: udroid Zink submit count=960 setup-us(avg)=7 end-cmdbuf-us(avg)=8 queue-lock-us(avg)=0 queue-submit-us(avg)=2717 housekeeping-us(avg)=4256 finish-us(avg)=10
MESA: info: udroid Zink sync batch count=960 pre-end-us(avg)=5 end-batch-us(avg)=1982 submit-wait-us(avg)=7209 restart-us(avg)=1366
MESA: info: udroid gfxstream-get-semaphore-fd externalSync samples=120 vkGetSemaphoreGOOGLE-ns=2591690.0 vkGetSemaphoreGOOGLE-us=2591.690 acquireSync-ns=1031769.8 acquireSync-us=1031.770 vkGetSemaphoreGOOGLEFailures=0 acquireSyncFailures=0
MESA: info: udroid Zink dmabuf-semaphore-import samples=120 GetSemaphoreFdKHR-ns=3640107.1 GetSemaphoreFdKHR-us=3640.107 dmabufFdAcquire-ns=22134.1 dmabufFdAcquire-us=22.134 DMA_BUF_IOCTL_IMPORT_SYNC_FILE-ns=499834.8 DMA_BUF_IOCTL_IMPORT_SYNC_FILE-us=499.835 getSemaphoreFdFailures=0/0.000 dmabufFdAcquireAttempts=120/1.000 dmabufFdAcquireSuccesses=120/1.000 resourceExportAttempts=120/1.000 importSyncFileCalls=120/1.000 importSyncFileFailures=0/0.000
MESA: info: udroid Zink fence flush count=960 prepare-us(avg)=1 semaphore-us(avg)=664 dispatch-us(avg)=10534 fence-setup-us(avg)=4 trailing-wait-us(avg)=0
MESA: info: udroid DRI native-fence create count=960 glthread-us(avg)=1 st-flush-us(avg)=12780
MESA: info: udroid gfxstream-get-semaphore-fd externalSync samples=120 vkGetSemaphoreGOOGLE-ns=597972.3 vkGetSemaphoreGOOGLE-us=597.972 acquireSync-ns=836151.5 acquireSync-us=836.152 vkGetSemaphoreGOOGLEFailures=0 acquireSyncFailures=0
MESA: info: udroid gfxstream-submit samples=120 staging-us=1732.9 encode-us=1040.7 prepare-us=360.3 submit-us=413.8 post-us=300.0 postLookup-ns=298959.0 postLookup-us=298.959 vkQueueWaitIdle-ns=0.0 vkQueueWaitIdle-us=0.000 vkQueueWaitIdle-called-ns=0.0 vkQueueWaitIdle-called-us=0.000 signalFinalize-ns=0.0 signalFinalize-us=0.000 bytes=890.2 command-buffers=1.21 externalFenceFdReason=0/0.000 post_wait_events=0/0.000 post_wait_sync_fds=0/0.000 waitIdleSubmits=0/0.000 temporarySyncFdWaits=114/0.950 temporarySyncFdConsumes=114/0.950 syncFdWaitErrors=0/0.000 async=1 aux=0
MESA: info: udroid Zink submit count=1080 setup-us(avg)=6 end-cmdbuf-us(avg)=8 queue-lock-us(avg)=0 queue-submit-us(avg)=2732 housekeeping-us(avg)=4280 finish-us(avg)=9
MESA: info: udroid Zink sync batch count=1080 pre-end-us(avg)=5 end-batch-us(avg)=2019 submit-wait-us(avg)=7252 restart-us(avg)=1351
MESA: info: udroid gfxstream-get-semaphore-fd externalSync samples=120 vkGetSemaphoreGOOGLE-ns=2234797.5 vkGetSemaphoreGOOGLE-us=2234.798 acquireSync-ns=862701.4 acquireSync-us=862.701 vkGetSemaphoreGOOGLEFailures=0 acquireSyncFailures=0
MESA: info: udroid Zink dmabuf-semaphore-import samples=120 GetSemaphoreFdKHR-ns=3111368.2 GetSemaphoreFdKHR-us=3111.368 dmabufFdAcquire-ns=20349.9 dmabufFdAcquire-us=20.350 DMA_BUF_IOCTL_IMPORT_SYNC_FILE-ns=420505.8 DMA_BUF_IOCTL_IMPORT_SYNC_FILE-us=420.506 getSemaphoreFdFailures=0/0.000 dmabufFdAcquireAttempts=120/1.000 dmabufFdAcquireSuccesses=120/1.000 resourceExportAttempts=120/1.000 importSyncFileCalls=120/1.000 importSyncFileFailures=0/0.000
MESA: info: udroid Zink fence flush count=1080 prepare-us(avg)=0 semaphore-us(avg)=652 dispatch-us(avg)=10499 fence-setup-us(avg)=4 trailing-wait-us(avg)=0
MESA: info: udroid DRI native-fence create count=1080 glthread-us(avg)=1 st-flush-us(avg)=12693
MESA: info: udroid gfxstream-get-semaphore-fd externalSync samples=120 vkGetSemaphoreGOOGLE-ns=562749.3 vkGetSemaphoreGOOGLE-us=562.749 acquireSync-ns=671467.4 acquireSync-us=671.467 vkGetSemaphoreGOOGLEFailures=0 acquireSyncFailures=0
MESA: info: udroid gfxstream-submit samples=120 staging-us=1581.0 encode-us=958.4 prepare-us=315.4 submit-us=283.7 post-us=253.8 postLookup-ns=252883.6 postLookup-us=252.884 vkQueueWaitIdle-ns=0.0 vkQueueWaitIdle-us=0.000 vkQueueWaitIdle-called-ns=0.0 vkQueueWaitIdle-called-us=0.000 signalFinalize-ns=0.0 signalFinalize-us=0.000 bytes=889.4 command-buffers=1.19 externalFenceFdReason=0/0.000 post_wait_events=0/0.000 post_wait_sync_fds=0/0.000 waitIdleSubmits=0/0.000 temporarySyncFdWaits=114/0.950 temporarySyncFdConsumes=114/0.950 syncFdWaitErrors=0/0.000 async=1 aux=0
MESA: info: udroid Zink submit count=1200 setup-us(avg)=6 end-cmdbuf-us(avg)=8 queue-lock-us(avg)=0 queue-submit-us(avg)=2707 housekeeping-us(avg)=4232 finish-us(avg)=9
MESA: info: udroid Zink sync batch count=1200 pre-end-us(avg)=5 end-batch-us(avg)=2037 submit-wait-us(avg)=7188 restart-us(avg)=1318
MESA: info: udroid gfxstream-get-semaphore-fd externalSync samples=120 vkGetSemaphoreGOOGLE-ns=2535055.5 vkGetSemaphoreGOOGLE-us=2535.056 acquireSync-ns=877834.0 acquireSync-us=877.834 vkGetSemaphoreGOOGLEFailures=0 acquireSyncFailures=0
MESA: info: udroid Zink dmabuf-semaphore-import samples=120 GetSemaphoreFdKHR-ns=3430878.0 GetSemaphoreFdKHR-us=3430.878 dmabufFdAcquire-ns=25204.5 dmabufFdAcquire-us=25.204 DMA_BUF_IOCTL_IMPORT_SYNC_FILE-ns=466770.1 DMA_BUF_IOCTL_IMPORT_SYNC_FILE-us=466.770 getSemaphoreFdFailures=0/0.000 dmabufFdAcquireAttempts=120/1.000 dmabufFdAcquireSuccesses=120/1.000 resourceExportAttempts=120/1.000 importSyncFileCalls=120/1.000 importSyncFileFailures=0/0.000
MESA: info: udroid Zink fence flush count=1200 prepare-us(avg)=0 semaphore-us(avg)=663 dispatch-us(avg)=10502 fence-setup-us(avg)=4 trailing-wait-us(avg)=0
MESA: info: udroid DRI native-fence create count=1200 glthread-us(avg)=1 st-flush-us(avg)=12689
MESA: info: udroid gfxstream-get-semaphore-fd externalSync samples=120 vkGetSemaphoreGOOGLE-ns=588068.2 vkGetSemaphoreGOOGLE-us=588.068 acquireSync-ns=743444.2 acquireSync-us=743.444 vkGetSemaphoreGOOGLEFailures=0 acquireSyncFailures=0
MESA: info: udroid gfxstream-submit samples=120 staging-us=1637.3 encode-us=856.7 prepare-us=356.9 submit-us=415.1 post-us=317.9 postLookup-ns=316802.3 postLookup-us=316.802 vkQueueWaitIdle-ns=0.0 vkQueueWaitIdle-us=0.000 vkQueueWaitIdle-called-ns=0.0 vkQueueWaitIdle-called-us=0.000 signalFinalize-ns=0.0 signalFinalize-us=0.000 bytes=896.7 command-buffers=1.19 externalFenceFdReason=0/0.000 post_wait_events=0/0.000 post_wait_sync_fds=0/0.000 waitIdleSubmits=0/0.000 temporarySyncFdWaits=115/0.958 temporarySyncFdConsumes=115/0.958 syncFdWaitErrors=0/0.000 async=1 aux=0
MESA: info: udroid Zink submit count=1320 setup-us(avg)=6 end-cmdbuf-us(avg)=8 queue-lock-us(avg)=0 queue-submit-us(avg)=2713 housekeeping-us(avg)=4226 finish-us(avg)=8
MESA: info: udroid Zink sync batch count=1320 pre-end-us(avg)=5 end-batch-us(avg)=2032 submit-wait-us(avg)=7188 restart-us(avg)=1307
MESA: info: udroid gfxstream-get-semaphore-fd externalSync samples=120 vkGetSemaphoreGOOGLE-ns=2508422.2 vkGetSemaphoreGOOGLE-us=2508.422 acquireSync-ns=913605.1 acquireSync-us=913.605 vkGetSemaphoreGOOGLEFailures=0 acquireSyncFailures=0
MESA: info: udroid Zink dmabuf-semaphore-import samples=120 GetSemaphoreFdKHR-ns=3441168.6 GetSemaphoreFdKHR-us=3441.169 dmabufFdAcquire-ns=21501.3 dmabufFdAcquire-us=21.501 DMA_BUF_IOCTL_IMPORT_SYNC_FILE-ns=405685.1 DMA_BUF_IOCTL_IMPORT_SYNC_FILE-us=405.685 getSemaphoreFdFailures=0/0.000 dmabufFdAcquireAttempts=120/1.000 dmabufFdAcquireSuccesses=120/1.000 resourceExportAttempts=120/1.000 importSyncFileCalls=120/1.000 importSyncFileFailures=0/0.000
MESA: info: udroid Zink fence flush count=1320 prepare-us(avg)=0 semaphore-us(avg)=665 dispatch-us(avg)=10518 fence-setup-us(avg)=4 trailing-wait-us(avg)=0
MESA: info: udroid DRI native-fence create count=1320 glthread-us(avg)=1 st-flush-us(avg)=12682
MESA: info: udroid gfxstream-get-semaphore-fd externalSync samples=120 vkGetSemaphoreGOOGLE-ns=645188.0 vkGetSemaphoreGOOGLE-us=645.188 acquireSync-ns=832218.1 acquireSync-us=832.218 vkGetSemaphoreGOOGLEFailures=0 acquireSyncFailures=0
MESA: info: udroid gfxstream-submit samples=120 staging-us=1412.6 encode-us=783.8 prepare-us=293.6 submit-us=347.8 post-us=267.9 postLookup-ns=267068.5 postLookup-us=267.068 vkQueueWaitIdle-ns=0.0 vkQueueWaitIdle-us=0.000 vkQueueWaitIdle-called-ns=0.0 vkQueueWaitIdle-called-us=0.000 signalFinalize-ns=0.0 signalFinalize-us=0.000 bytes=890.2 command-buffers=1.21 externalFenceFdReason=0/0.000 post_wait_events=0/0.000 post_wait_sync_fds=0/0.000 waitIdleSubmits=0/0.000 temporarySyncFdWaits=114/0.950 temporarySyncFdConsumes=114/0.950 syncFdWaitErrors=0/0.000 async=1 aux=0
MESA: info: udroid Zink submit count=1440 setup-us(avg)=6 end-cmdbuf-us(avg)=8 queue-lock-us(avg)=0 queue-submit-us(avg)=2684 housekeeping-us(avg)=4207 finish-us(avg)=8
MESA: info: udroid Zink sync batch count=1440 pre-end-us(avg)=5 end-batch-us(avg)=2044 submit-wait-us(avg)=7137 restart-us(avg)=1293
MESA: info: udroid gfxstream-get-semaphore-fd externalSync samples=120 vkGetSemaphoreGOOGLE-ns=2459507.6 vkGetSemaphoreGOOGLE-us=2459.508 acquireSync-ns=949911.8 acquireSync-us=949.912 vkGetSemaphoreGOOGLEFailures=0 acquireSyncFailures=0
MESA: info: udroid Zink dmabuf-semaphore-import samples=120 GetSemaphoreFdKHR-ns=3425874.6 GetSemaphoreFdKHR-us=3425.875 dmabufFdAcquire-ns=24140.7 dmabufFdAcquire-us=24.141 DMA_BUF_IOCTL_IMPORT_SYNC_FILE-ns=453240.9 DMA_BUF_IOCTL_IMPORT_SYNC_FILE-us=453.241 getSemaphoreFdFailures=0/0.000 dmabufFdAcquireAttempts=120/1.000 dmabufFdAcquireSuccesses=120/1.000 resourceExportAttempts=120/1.000 importSyncFileCalls=120/1.000 importSyncFileFailures=0/0.000
MESA: info: udroid Zink fence flush count=1440 prepare-us(avg)=0 semaphore-us(avg)=665 dispatch-us(avg)=10525 fence-setup-us(avg)=4 trailing-wait-us(avg)=0
MESA: info: udroid DRI native-fence create count=1440 glthread-us(avg)=1 st-flush-us(avg)=12709
MESA: info: udroid gfxstream-get-semaphore-fd externalSync samples=120 vkGetSemaphoreGOOGLE-ns=679330.1 vkGetSemaphoreGOOGLE-us=679.330 acquireSync-ns=886567.5 acquireSync-us=886.568 vkGetSemaphoreGOOGLEFailures=0 acquireSyncFailures=0
MESA: info: udroid gfxstream-submit samples=120 staging-us=1867.9 encode-us=1144.6 prepare-us=353.6 submit-us=364.0 post-us=372.7 postLookup-ns=371550.1 postLookup-us=371.550 vkQueueWaitIdle-ns=0.0 vkQueueWaitIdle-us=0.000 vkQueueWaitIdle-called-ns=0.0 vkQueueWaitIdle-called-us=0.000 signalFinalize-ns=0.0 signalFinalize-us=0.000 bytes=888.2 command-buffers=1.17 externalFenceFdReason=0/0.000 post_wait_events=0/0.000 post_wait_sync_fds=0/0.000 waitIdleSubmits=0/0.000 temporarySyncFdWaits=114/0.950 temporarySyncFdConsumes=114/0.950 syncFdWaitErrors=0/0.000 async=1 aux=0
MESA: info: udroid Zink submit count=1560 setup-us(avg)=6 end-cmdbuf-us(avg)=8 queue-lock-us(avg)=0 queue-submit-us(avg)=2709 housekeeping-us(avg)=4216 finish-us(avg)=8
MESA: info: udroid Zink sync batch count=1560 pre-end-us(avg)=5 end-batch-us(avg)=2059 submit-wait-us(avg)=7176 restart-us(avg)=1290
MESA: info: udroid gfxstream-get-semaphore-fd externalSync samples=120 vkGetSemaphoreGOOGLE-ns=2603294.5 vkGetSemaphoreGOOGLE-us=2603.295 acquireSync-ns=987687.2 acquireSync-us=987.687 vkGetSemaphoreGOOGLEFailures=0 acquireSyncFailures=0
MESA: info: udroid Zink dmabuf-semaphore-import samples=120 GetSemaphoreFdKHR-ns=3607584.2 GetSemaphoreFdKHR-us=3607.584 dmabufFdAcquire-ns=24454.4 dmabufFdAcquire-us=24.454 DMA_BUF_IOCTL_IMPORT_SYNC_FILE-ns=415883.4 DMA_BUF_IOCTL_IMPORT_SYNC_FILE-us=415.883 getSemaphoreFdFailures=0/0.000 dmabufFdAcquireAttempts=120/1.000 dmabufFdAcquireSuccesses=120/1.000 resourceExportAttempts=120/1.000 importSyncFileCalls=120/1.000 importSyncFileFailures=0/0.000
MESA: info: udroid Zink fence flush count=1560 prepare-us(avg)=0 semaphore-us(avg)=667 dispatch-us(avg)=10525 fence-setup-us(avg)=4 trailing-wait-us(avg)=0
MESA: info: udroid DRI native-fence create count=1560 glthread-us(avg)=1 st-flush-us(avg)=12704
MESA: info: udroid gfxstream-get-semaphore-fd externalSync samples=120 vkGetSemaphoreGOOGLE-ns=755521.3 vkGetSemaphoreGOOGLE-us=755.521 acquireSync-ns=808277.7 acquireSync-us=808.278 vkGetSemaphoreGOOGLEFailures=0 acquireSyncFailures=0
MESA: info: udroid gfxstream-submit samples=120 staging-us=1661.2 encode-us=984.2 prepare-us=339.2 submit-us=335.1 post-us=258.0 postLookup-ns=256909.2 postLookup-us=256.909 vkQueueWaitIdle-ns=0.0 vkQueueWaitIdle-us=0.000 vkQueueWaitIdle-called-ns=0.0 vkQueueWaitIdle-called-us=0.000 signalFinalize-ns=0.0 signalFinalize-us=0.000 bytes=890.2 command-buffers=1.21 externalFenceFdReason=0/0.000 post_wait_events=0/0.000 post_wait_sync_fds=0/0.000 waitIdleSubmits=0/0.000 temporarySyncFdWaits=114/0.950 temporarySyncFdConsumes=114/0.950 syncFdWaitErrors=0/0.000 async=1 aux=0
MESA: info: udroid Zink submit count=1680 setup-us(avg)=6 end-cmdbuf-us(avg)=8 queue-lock-us(avg)=0 queue-submit-us(avg)=2704 housekeeping-us(avg)=4226 finish-us(avg)=8
MESA: info: udroid Zink sync batch count=1680 pre-end-us(avg)=5 end-batch-us(avg)=2072 submit-wait-us(avg)=7180 restart-us(avg)=1284
MESA: info: udroid gfxstream-get-semaphore-fd externalSync samples=120 vkGetSemaphoreGOOGLE-ns=2718018.9 vkGetSemaphoreGOOGLE-us=2718.019 acquireSync-ns=1058856.5 acquireSync-us=1058.856 vkGetSemaphoreGOOGLEFailures=0 acquireSyncFailures=0
MESA: info: udroid Zink dmabuf-semaphore-import samples=120 GetSemaphoreFdKHR-ns=3795358.3 GetSemaphoreFdKHR-us=3795.358 dmabufFdAcquire-ns=24032.3 dmabufFdAcquire-us=24.032 DMA_BUF_IOCTL_IMPORT_SYNC_FILE-ns=466615.5 DMA_BUF_IOCTL_IMPORT_SYNC_FILE-us=466.615 getSemaphoreFdFailures=0/0.000 dmabufFdAcquireAttempts=120/1.000 dmabufFdAcquireSuccesses=120/1.000 resourceExportAttempts=120/1.000 importSyncFileCalls=120/1.000 importSyncFileFailures=0/0.000
MESA: info: udroid Zink fence flush count=1680 prepare-us(avg)=0 semaphore-us(avg)=668 dispatch-us(avg)=10567 fence-setup-us(avg)=4 trailing-wait-us(avg)=0
MESA: info: udroid DRI native-fence create count=1680 glthread-us(avg)=1 st-flush-us(avg)=12738
MESA: info: udroid gfxstream-get-semaphore-fd externalSync samples=120 vkGetSemaphoreGOOGLE-ns=698874.6 vkGetSemaphoreGOOGLE-us=698.875 acquireSync-ns=810067.7 acquireSync-us=810.068 vkGetSemaphoreGOOGLEFailures=0 acquireSyncFailures=0
MESA: info: udroid gfxstream-submit samples=120 staging-us=1708.5 encode-us=964.6 prepare-us=374.2 submit-us=328.0 post-us=330.3 postLookup-ns=329038.5 postLookup-us=329.038 vkQueueWaitIdle-ns=0.0 vkQueueWaitIdle-us=0.000 vkQueueWaitIdle-called-ns=0.0 vkQueueWaitIdle-called-us=0.000 signalFinalize-ns=0.0 signalFinalize-us=0.000 bytes=897.5 command-buffers=1.21 externalFenceFdReason=0/0.000 post_wait_events=0/0.000 post_wait_sync_fds=0/0.000 waitIdleSubmits=0/0.000 temporarySyncFdWaits=115/0.958 temporarySyncFdConsumes=115/0.958 syncFdWaitErrors=0/0.000 async=1 aux=0
MESA: info: udroid Zink submit count=1800 setup-us(avg)=6 end-cmdbuf-us(avg)=8 queue-lock-us(avg)=0 queue-submit-us(avg)=2710 housekeeping-us(avg)=4247 finish-us(avg)=8
MESA: info: udroid Zink sync batch count=1800 pre-end-us(avg)=5 end-batch-us(avg)=2068 submit-wait-us(avg)=7205 restart-us(avg)=1290
MESA: info: udroid gfxstream-get-semaphore-fd externalSync samples=120 vkGetSemaphoreGOOGLE-ns=2551601.2 vkGetSemaphoreGOOGLE-us=2551.601 acquireSync-ns=872093.4 acquireSync-us=872.093 vkGetSemaphoreGOOGLEFailures=0 acquireSyncFailures=0
MESA: info: udroid Zink dmabuf-semaphore-import samples=120 GetSemaphoreFdKHR-ns=3441553.1 GetSemaphoreFdKHR-us=3441.553 dmabufFdAcquire-ns=21824.8 dmabufFdAcquire-us=21.825 DMA_BUF_IOCTL_IMPORT_SYNC_FILE-ns=454550.8 DMA_BUF_IOCTL_IMPORT_SYNC_FILE-us=454.551 getSemaphoreFdFailures=0/0.000 dmabufFdAcquireAttempts=120/1.000 dmabufFdAcquireSuccesses=120/1.000 resourceExportAttempts=120/1.000 importSyncFileCalls=120/1.000 importSyncFileFailures=0/0.000
MESA: info: udroid Zink fence flush count=1800 prepare-us(avg)=0 semaphore-us(avg)=664 dispatch-us(avg)=10587 fence-setup-us(avg)=4 trailing-wait-us(avg)=0
MESA: info: udroid DRI native-fence create count=1800 glthread-us(avg)=1 st-flush-us(avg)=12753
MESA: info: udroid gfxstream-get-semaphore-fd externalSync samples=120 vkGetSemaphoreGOOGLE-ns=719267.4 vkGetSemaphoreGOOGLE-us=719.267 acquireSync-ns=853294.9 acquireSync-us=853.295 vkGetSemaphoreGOOGLEFailures=0 acquireSyncFailures=0
MESA: info: udroid gfxstream-submit samples=120 staging-us=1712.5 encode-us=998.7 prepare-us=341.2 submit-us=391.5 post-us=317.0 postLookup-ns=315821.0 postLookup-us=315.821 vkQueueWaitIdle-ns=0.0 vkQueueWaitIdle-us=0.000 vkQueueWaitIdle-called-ns=0.0 vkQueueWaitIdle-called-us=0.000 signalFinalize-ns=0.0 signalFinalize-us=0.000 bytes=888.6 command-buffers=1.18 externalFenceFdReason=0/0.000 post_wait_events=0/0.000 post_wait_sync_fds=0/0.000 waitIdleSubmits=0/0.000 temporarySyncFdWaits=114/0.950 temporarySyncFdConsumes=114/0.950 syncFdWaitErrors=0/0.000 async=1 aux=0
MESA: info: udroid Zink submit count=1920 setup-us(avg)=5 end-cmdbuf-us(avg)=8 queue-lock-us(avg)=0 queue-submit-us(avg)=2717 housekeeping-us(avg)=4250 finish-us(avg)=7
MESA: info: udroid Zink sync batch count=1920 pre-end-us(avg)=5 end-batch-us(avg)=2068 submit-wait-us(avg)=7211 restart-us(avg)=1292
MESA: info: udroid gfxstream-get-semaphore-fd externalSync samples=120 vkGetSemaphoreGOOGLE-ns=2565122.4 vkGetSemaphoreGOOGLE-us=2565.122 acquireSync-ns=964031.7 acquireSync-us=964.032 vkGetSemaphoreGOOGLEFailures=0 acquireSyncFailures=0
MESA: info: udroid Zink dmabuf-semaphore-import samples=120 GetSemaphoreFdKHR-ns=3543484.2 GetSemaphoreFdKHR-us=3543.484 dmabufFdAcquire-ns=21464.1 dmabufFdAcquire-us=21.464 DMA_BUF_IOCTL_IMPORT_SYNC_FILE-ns=471322.5 DMA_BUF_IOCTL_IMPORT_SYNC_FILE-us=471.323 getSemaphoreFdFailures=0/0.000 dmabufFdAcquireAttempts=120/1.000 dmabufFdAcquireSuccesses=120/1.000 resourceExportAttempts=120/1.000 importSyncFileCalls=120/1.000 importSyncFileFailures=0/0.000
MESA: info: udroid Zink fence flush count=1920 prepare-us(avg)=0 semaphore-us(avg)=667 dispatch-us(avg)=10574 fence-setup-us(avg)=4 trailing-wait-us(avg)=0
MESA: info: udroid DRI native-fence create count=1920 glthread-us(avg)=1 st-flush-us(avg)=12769
MESA: info: udroid gfxstream-get-semaphore-fd externalSync samples=120 vkGetSemaphoreGOOGLE-ns=635482.1 vkGetSemaphoreGOOGLE-us=635.482 acquireSync-ns=894138.6 acquireSync-us=894.139 vkGetSemaphoreGOOGLEFailures=0 acquireSyncFailures=0
MESA: info: udroid gfxstream-submit samples=120 staging-us=1634.4 encode-us=998.3 prepare-us=333.8 submit-us=351.1 post-us=372.9 postLookup-ns=371770.6 postLookup-us=371.771 vkQueueWaitIdle-ns=0.0 vkQueueWaitIdle-us=0.000 vkQueueWaitIdle-called-ns=0.0 vkQueueWaitIdle-called-us=0.000 signalFinalize-ns=0.0 signalFinalize-us=0.000 bytes=890.2 command-buffers=1.21 externalFenceFdReason=0/0.000 post_wait_events=0/0.000 post_wait_sync_fds=0/0.000 waitIdleSubmits=0/0.000 temporarySyncFdWaits=114/0.950 temporarySyncFdConsumes=114/0.950 syncFdWaitErrors=0/0.000 async=1 aux=0
MESA: info: udroid Zink submit count=2040 setup-us(avg)=5 end-cmdbuf-us(avg)=8 queue-lock-us(avg)=0 queue-submit-us(avg)=2718 housekeeping-us(avg)=4262 finish-us(avg)=7
MESA: info: udroid Zink sync batch count=2040 pre-end-us(avg)=5 end-batch-us(avg)=2088 submit-wait-us(avg)=7221 restart-us(avg)=1289
MESA: info: udroid gfxstream-get-semaphore-fd externalSync samples=120 vkGetSemaphoreGOOGLE-ns=2261242.4 vkGetSemaphoreGOOGLE-us=2261.242 acquireSync-ns=752813.4 acquireSync-us=752.813 vkGetSemaphoreGOOGLEFailures=0 acquireSyncFailures=0
MESA: info: udroid Zink dmabuf-semaphore-import samples=120 GetSemaphoreFdKHR-ns=3031198.4 GetSemaphoreFdKHR-us=3031.198 dmabufFdAcquire-ns=20413.2 dmabufFdAcquire-us=20.413 DMA_BUF_IOCTL_IMPORT_SYNC_FILE-ns=398878.0 DMA_BUF_IOCTL_IMPORT_SYNC_FILE-us=398.878 getSemaphoreFdFailures=0/0.000 dmabufFdAcquireAttempts=120/1.000 dmabufFdAcquireSuccesses=120/1.000 resourceExportAttempts=120/1.000 importSyncFileCalls=120/1.000 importSyncFileFailures=0/0.000
MESA: info: udroid Zink fence flush count=2040 prepare-us(avg)=0 semaphore-us(avg)=664 dispatch-us(avg)=10479 fence-setup-us(avg)=4 trailing-wait-us(avg)=0
MESA: info: udroid DRI native-fence create count=2040 glthread-us(avg)=1 st-flush-us(avg)=12648
MESA: info: udroid gfxstream-get-semaphore-fd externalSync samples=120 vkGetSemaphoreGOOGLE-ns=564129.3 vkGetSemaphoreGOOGLE-us=564.129 acquireSync-ns=795980.1 acquireSync-us=795.980 vkGetSemaphoreGOOGLEFailures=0 acquireSyncFailures=0
MESA: info: udroid gfxstream-submit samples=120 staging-us=1322.7 encode-us=757.8 prepare-us=303.4 submit-us=262.0 post-us=284.3 postLookup-ns=283528.4 postLookup-us=283.528 vkQueueWaitIdle-ns=0.0 vkQueueWaitIdle-us=0.000 vkQueueWaitIdle-called-ns=0.0 vkQueueWaitIdle-called-us=0.000 signalFinalize-ns=0.0 signalFinalize-us=0.000 bytes=895.9 command-buffers=1.18 externalFenceFdReason=0/0.000 post_wait_events=0/0.000 post_wait_sync_fds=0/0.000 waitIdleSubmits=0/0.000 temporarySyncFdWaits=115/0.958 temporarySyncFdConsumes=115/0.958 syncFdWaitErrors=0/0.000 async=1 aux=0
MESA: info: udroid Zink submit count=2160 setup-us(avg)=5 end-cmdbuf-us(avg)=8 queue-lock-us(avg)=0 queue-submit-us(avg)=2690 housekeeping-us(avg)=4222 finish-us(avg)=7
MESA: info: udroid Zink sync batch count=2160 pre-end-us(avg)=5 end-batch-us(avg)=2052 submit-wait-us(avg)=7150 restart-us(avg)=1277
MESA: info: udroid gfxstream-get-semaphore-fd externalSync samples=120 vkGetSemaphoreGOOGLE-ns=1596045.9 vkGetSemaphoreGOOGLE-us=1596.046 acquireSync-ns=681838.0 acquireSync-us=681.838 vkGetSemaphoreGOOGLEFailures=0 acquireSyncFailures=0
MESA: info: udroid Zink dmabuf-semaphore-import samples=120 GetSemaphoreFdKHR-ns=2290295.7 GetSemaphoreFdKHR-us=2290.296 dmabufFdAcquire-ns=16044.1 dmabufFdAcquire-us=16.044 DMA_BUF_IOCTL_IMPORT_SYNC_FILE-ns=338858.0 DMA_BUF_IOCTL_IMPORT_SYNC_FILE-us=338.858 getSemaphoreFdFailures=0/0.000 dmabufFdAcquireAttempts=120/1.000 dmabufFdAcquireSuccesses=120/1.000 resourceExportAttempts=120/1.000 importSyncFileCalls=120/1.000 importSyncFileFailures=0/0.000
MESA: info: udroid Zink fence flush count=2160 prepare-us(avg)=0 semaphore-us(avg)=652 dispatch-us(avg)=10304 fence-setup-us(avg)=4 trailing-wait-us(avg)=0
MESA: info: udroid DRI native-fence create count=2160 glthread-us(avg)=1 st-flush-us(avg)=12427
MESA: info: udroid gfxstream-get-semaphore-fd externalSync samples=120 vkGetSemaphoreGOOGLE-ns=357945.7 vkGetSemaphoreGOOGLE-us=357.946 acquireSync-ns=407973.9 acquireSync-us=407.974 vkGetSemaphoreGOOGLEFailures=0 acquireSyncFailures=0
MESA: info: udroid gfxstream-submit samples=120 staging-us=1170.1 encode-us=701.9 prepare-us=209.2 submit-us=325.3 post-us=172.7 postLookup-ns=172162.9 postLookup-us=172.163 vkQueueWaitIdle-ns=0.0 vkQueueWaitIdle-us=0.000 vkQueueWaitIdle-called-ns=0.0 vkQueueWaitIdle-called-us=0.000 signalFinalize-ns=0.0 signalFinalize-us=0.000 bytes=889.8 command-buffers=1.20 externalFenceFdReason=0/0.000 post_wait_events=0/0.000 post_wait_sync_fds=0/0.000 waitIdleSubmits=0/0.000 temporarySyncFdWaits=114/0.950 temporarySyncFdConsumes=114/0.950 syncFdWaitErrors=0/0.000 async=1 aux=0
MESA: info: udroid Zink submit count=2280 setup-us(avg)=5 end-cmdbuf-us(avg)=8 queue-lock-us(avg)=0 queue-submit-us(avg)=2648 housekeeping-us(avg)=4138 finish-us(avg)=7
MESA: info: udroid Zink sync batch count=2280 pre-end-us(avg)=5 end-batch-us(avg)=2004 submit-wait-us(avg)=7020 restart-us(avg)=1257
MESA: info: udroid gfxstream-get-semaphore-fd externalSync samples=120 vkGetSemaphoreGOOGLE-ns=1623280.8 vkGetSemaphoreGOOGLE-us=1623.281 acquireSync-ns=573452.1 acquireSync-us=573.452 vkGetSemaphoreGOOGLEFailures=0 acquireSyncFailures=0
MESA: info: udroid Zink dmabuf-semaphore-import samples=120 GetSemaphoreFdKHR-ns=2207973.9 GetSemaphoreFdKHR-us=2207.974 dmabufFdAcquire-ns=15113.3 dmabufFdAcquire-us=15.113 DMA_BUF_IOCTL_IMPORT_SYNC_FILE-ns=270410.6 DMA_BUF_IOCTL_IMPORT_SYNC_FILE-us=270.411 getSemaphoreFdFailures=0/0.000 dmabufFdAcquireAttempts=120/1.000 dmabufFdAcquireSuccesses=120/1.000 resourceExportAttempts=120/1.000 importSyncFileCalls=120/1.000 importSyncFileFailures=0/0.000
MESA: info: udroid Zink fence flush count=2280 prepare-us(avg)=0 semaphore-us(avg)=636 dispatch-us(avg)=10117 fence-setup-us(avg)=4 trailing-wait-us(avg)=0
MESA: info: udroid DRI native-fence create count=2280 glthread-us(avg)=1 st-flush-us(avg)=12195
MESA: info: udroid gfxstream-get-semaphore-fd externalSync samples=120 vkGetSemaphoreGOOGLE-ns=421936.0 vkGetSemaphoreGOOGLE-us=421.936 acquireSync-ns=455855.0 acquireSync-us=455.855 vkGetSemaphoreGOOGLEFailures=0 acquireSyncFailures=0
MESA: info: udroid gfxstream-submit samples=120 staging-us=1143.9 encode-us=695.2 prepare-us=242.9 submit-us=246.3 post-us=184.7 postLookup-ns=184235.6 postLookup-us=184.236 vkQueueWaitIdle-ns=0.0 vkQueueWaitIdle-us=0.000 vkQueueWaitIdle-called-ns=0.0 vkQueueWaitIdle-called-us=0.000 signalFinalize-ns=0.0 signalFinalize-us=0.000 bytes=890.6 command-buffers=1.22 externalFenceFdReason=0/0.000 post_wait_events=0/0.000 post_wait_sync_fds=0/0.000 waitIdleSubmits=0/0.000 temporarySyncFdWaits=114/0.950 temporarySyncFdConsumes=114/0.950 syncFdWaitErrors=0/0.000 async=1 aux=0
MESA: info: udroid Zink submit count=2400 setup-us(avg)=5 end-cmdbuf-us(avg)=8 queue-lock-us(avg)=0 queue-submit-us(avg)=2608 housekeeping-us(avg)=4065 finish-us(avg)=7
MESA: info: udroid Zink sync batch count=2400 pre-end-us(avg)=5 end-batch-us(avg)=1980 submit-wait-us(avg)=6901 restart-us(avg)=1233
MESA: info: udroid gfxstream-submit samples=120 staging-us=1372.6 encode-us=777.4 prepare-us=303.3 submit-us=305.6 post-us=314.2 postLookup-ns=313218.2 postLookup-us=313.218 vkQueueWaitIdle-ns=0.0 vkQueueWaitIdle-us=0.000 vkQueueWaitIdle-called-ns=0.0 vkQueueWaitIdle-called-us=0.000 signalFinalize-ns=0.0 signalFinalize-us=0.000 bytes=888.2 command-buffers=1.17 externalFenceFdReason=0/0.000 post_wait_events=0/0.000 post_wait_sync_fds=0/0.000 waitIdleSubmits=0/0.000 temporarySyncFdWaits=114/0.950 temporarySyncFdConsumes=114/0.950 syncFdWaitErrors=0/0.000 async=1 aux=0
MESA: info: udroid gfxstream-get-semaphore-fd externalSync samples=120 vkGetSemaphoreGOOGLE-ns=2290269.6 vkGetSemaphoreGOOGLE-us=2290.270 acquireSync-ns=902502.8 acquireSync-us=902.503 vkGetSemaphoreGOOGLEFailures=0 acquireSyncFailures=0
MESA: info: udroid Zink dmabuf-semaphore-import samples=120 GetSemaphoreFdKHR-ns=3206976.3 GetSemaphoreFdKHR-us=3206.976 dmabufFdAcquire-ns=23340.5 dmabufFdAcquire-us=23.340 DMA_BUF_IOCTL_IMPORT_SYNC_FILE-ns=456919.3 DMA_BUF_IOCTL_IMPORT_SYNC_FILE-us=456.919 getSemaphoreFdFailures=0/0.000 dmabufFdAcquireAttempts=120/1.000 dmabufFdAcquireSuccesses=120/1.000 resourceExportAttempts=120/1.000 importSyncFileCalls=120/1.000 importSyncFileFailures=0/0.000
MESA: info: udroid Zink submit count=2520 setup-us(avg)=5 end-cmdbuf-us(avg)=8 queue-lock-us(avg)=0 queue-submit-us(avg)=2595 housekeeping-us(avg)=4060 finish-us(avg)=6
MESA: info: udroid Zink sync batch count=2520 pre-end-us(avg)=5 end-batch-us(avg)=1972 submit-wait-us(avg)=6885 restart-us(avg)=1231
MESA: info: udroid Zink fence flush count=2400 prepare-us(avg)=0 semaphore-us(avg)=633 dispatch-us(avg)=10065 fence-setup-us(avg)=4 trailing-wait-us(avg)=0
MESA: info: udroid DRI native-fence create count=2400 glthread-us(avg)=1 st-flush-us(avg)=12157
MESA: info: udroid gfxstream-get-semaphore-fd externalSync samples=120 vkGetSemaphoreGOOGLE-ns=579458.6 vkGetSemaphoreGOOGLE-us=579.459 acquireSync-ns=714450.1 acquireSync-us=714.450 vkGetSemaphoreGOOGLEFailures=0 acquireSyncFailures=0
MESA: info: udroid gfxstream-submit samples=120 staging-us=1537.2 encode-us=907.6 prepare-us=341.9 submit-us=332.0 post-us=273.0 postLookup-ns=272063.5 postLookup-us=272.063 vkQueueWaitIdle-ns=0.0 vkQueueWaitIdle-us=0.000 vkQueueWaitIdle-called-ns=0.0 vkQueueWaitIdle-called-us=0.000 signalFinalize-ns=0.0 signalFinalize-us=0.000 bytes=897.5 command-buffers=1.21 externalFenceFdReason=0/0.000 post_wait_events=0/0.000 post_wait_sync_fds=0/0.000 waitIdleSubmits=0/0.000 temporarySyncFdWaits=115/0.958 temporarySyncFdConsumes=115/0.958 syncFdWaitErrors=0/0.000 async=1 aux=0
MESA: info: udroid Zink submit count=2640 setup-us(avg)=5 end-cmdbuf-us(avg)=8 queue-lock-us(avg)=0 queue-submit-us(avg)=2592 housekeeping-us(avg)=4058 finish-us(avg)=6
MESA: info: udroid Zink sync batch count=2640 pre-end-us(avg)=5 end-batch-us(avg)=1972 submit-wait-us(avg)=6880 restart-us(avg)=1232
MESA: info: udroid gfxstream-get-semaphore-fd externalSync samples=120 vkGetSemaphoreGOOGLE-ns=2235881.9 vkGetSemaphoreGOOGLE-us=2235.882 acquireSync-ns=966562.6 acquireSync-us=966.563 vkGetSemaphoreGOOGLEFailures=0 acquireSyncFailures=0
MESA: info: udroid Zink dmabuf-semaphore-import samples=120 GetSemaphoreFdKHR-ns=3217139.7 GetSemaphoreFdKHR-us=3217.140 dmabufFdAcquire-ns=33653.7 dmabufFdAcquire-us=33.654 DMA_BUF_IOCTL_IMPORT_SYNC_FILE-ns=411521.8 DMA_BUF_IOCTL_IMPORT_SYNC_FILE-us=411.522 getSemaphoreFdFailures=0/0.000 dmabufFdAcquireAttempts=120/1.000 dmabufFdAcquireSuccesses=120/1.000 resourceExportAttempts=120/1.000 importSyncFileCalls=120/1.000 importSyncFileFailures=0/0.000
MESA: info: udroid Zink fence flush count=2520 prepare-us(avg)=0 semaphore-us(avg)=632 dispatch-us(avg)=10057 fence-setup-us(avg)=4 trailing-wait-us(avg)=0
MESA: info: udroid DRI native-fence create count=2520 glthread-us(avg)=1 st-flush-us(avg)=12140
MESA: info: udroid gfxstream-get-semaphore-fd externalSync samples=120 vkGetSemaphoreGOOGLE-ns=623657.9 vkGetSemaphoreGOOGLE-us=623.658 acquireSync-ns=762558.3 acquireSync-us=762.558 vkGetSemaphoreGOOGLEFailures=0 acquireSyncFailures=0
MESA: info: udroid gfxstream-submit samples=120 staging-us=1513.8 encode-us=889.6 prepare-us=365.9 submit-us=432.6 post-us=303.0 postLookup-ns=301895.1 postLookup-us=301.895 vkQueueWaitIdle-ns=0.0 vkQueueWaitIdle-us=0.000 vkQueueWaitIdle-called-ns=0.0 vkQueueWaitIdle-called-us=0.000 signalFinalize-ns=0.0 signalFinalize-us=0.000 bytes=889.4 command-buffers=1.19 externalFenceFdReason=0/0.000 post_wait_events=0/0.000 post_wait_sync_fds=0/0.000 waitIdleSubmits=0/0.000 temporarySyncFdWaits=114/0.950 temporarySyncFdConsumes=114/0.950 syncFdWaitErrors=0/0.000 async=1 aux=0
MESA: info: udroid Zink submit count=2760 setup-us(avg)=5 end-cmdbuf-us(avg)=8 queue-lock-us(avg)=0 queue-submit-us(avg)=2595 housekeeping-us(avg)=4071 finish-us(avg)=6
MESA: info: udroid Zink sync batch count=2760 pre-end-us(avg)=5 end-batch-us(avg)=1996 submit-wait-us(avg)=6898 restart-us(avg)=1230
MESA: info: udroid gfxstream-get-semaphore-fd externalSync samples=120 vkGetSemaphoreGOOGLE-ns=2553195.8 vkGetSemaphoreGOOGLE-us=2553.196 acquireSync-ns=998670.8 acquireSync-us=998.671 vkGetSemaphoreGOOGLEFailures=0 acquireSyncFailures=0
MESA: info: udroid Zink dmabuf-semaphore-import samples=120 GetSemaphoreFdKHR-ns=3572425.3 GetSemaphoreFdKHR-us=3572.425 dmabufFdAcquire-ns=23811.3 dmabufFdAcquire-us=23.811 DMA_BUF_IOCTL_IMPORT_SYNC_FILE-ns=517478.1 DMA_BUF_IOCTL_IMPORT_SYNC_FILE-us=517.478 getSemaphoreFdFailures=0/0.000 dmabufFdAcquireAttempts=120/1.000 dmabufFdAcquireSuccesses=120/1.000 resourceExportAttempts=120/1.000 importSyncFileCalls=120/1.000 importSyncFileFailures=0/0.000
MESA: info: udroid Zink fence flush count=2640 prepare-us(avg)=0 semaphore-us(avg)=634 dispatch-us(avg)=10110 fence-setup-us(avg)=4 trailing-wait-us(avg)=0
MESA: info: udroid DRI native-fence create count=2640 glthread-us(avg)=1 st-flush-us(avg)=12195
MESA: info: udroid gfxstream-get-semaphore-fd externalSync samples=120 vkGetSemaphoreGOOGLE-ns=614615.8 vkGetSemaphoreGOOGLE-us=614.616 acquireSync-ns=810782.2 acquireSync-us=810.782 vkGetSemaphoreGOOGLEFailures=0 acquireSyncFailures=0
MESA: info: udroid gfxstream-submit samples=120 staging-us=1810.4 encode-us=1049.2 prepare-us=302.7 submit-us=347.9 post-us=329.9 postLookup-ns=328877.4 postLookup-us=328.877 vkQueueWaitIdle-ns=0.0 vkQueueWaitIdle-us=0.000 vkQueueWaitIdle-called-ns=0.0 vkQueueWaitIdle-called-us=0.000 signalFinalize-ns=0.0 signalFinalize-us=0.000 bytes=889.0 command-buffers=1.18 externalFenceFdReason=0/0.000 post_wait_events=0/0.000 post_wait_sync_fds=0/0.000 waitIdleSubmits=0/0.000 temporarySyncFdWaits=114/0.950 temporarySyncFdConsumes=114/0.950 syncFdWaitErrors=0/0.000 async=1 aux=0
MESA: info: udroid Zink submit count=2880 setup-us(avg)=5 end-cmdbuf-us(avg)=8 queue-lock-us(avg)=0 queue-submit-us(avg)=2605 housekeeping-us(avg)=4081 finish-us(avg)=6
MESA: info: udroid Zink sync batch count=2880 pre-end-us(avg)=5 end-batch-us(avg)=1990 submit-wait-us(avg)=6917 restart-us(avg)=1239
MESA: info: udroid gfxstream-get-semaphore-fd externalSync samples=120 vkGetSemaphoreGOOGLE-ns=2544210.4 vkGetSemaphoreGOOGLE-us=2544.210 acquireSync-ns=906963.7 acquireSync-us=906.964 vkGetSemaphoreGOOGLEFailures=0 acquireSyncFailures=0
MESA: info: udroid Zink dmabuf-semaphore-import samples=120 GetSemaphoreFdKHR-ns=3466239.5 GetSemaphoreFdKHR-us=3466.239 dmabufFdAcquire-ns=30491.5 dmabufFdAcquire-us=30.492 DMA_BUF_IOCTL_IMPORT_SYNC_FILE-ns=440264.2 DMA_BUF_IOCTL_IMPORT_SYNC_FILE-us=440.264 getSemaphoreFdFailures=0/0.000 dmabufFdAcquireAttempts=120/1.000 dmabufFdAcquireSuccesses=120/1.000 resourceExportAttempts=120/1.000 importSyncFileCalls=120/1.000 importSyncFileFailures=0/0.000
MESA: info: udroid Zink fence flush count=2760 prepare-us(avg)=0 semaphore-us(avg)=635 dispatch-us(avg)=10143 fence-setup-us(avg)=4 trailing-wait-us(avg)=0
MESA: info: udroid DRI native-fence create count=2760 glthread-us(avg)=1 st-flush-us(avg)=12229
MESA: info: udroid gfxstream-get-semaphore-fd externalSync samples=120 vkGetSemaphoreGOOGLE-ns=619738.1 vkGetSemaphoreGOOGLE-us=619.738 acquireSync-ns=750142.1 acquireSync-us=750.142 vkGetSemaphoreGOOGLEFailures=0 acquireSyncFailures=0
MESA: info: udroid gfxstream-submit samples=120 staging-us=1598.4 encode-us=944.2 prepare-us=318.3 submit-us=337.8 post-us=272.8 postLookup-ns=271708.6 postLookup-us=271.709 vkQueueWaitIdle-ns=0.0 vkQueueWaitIdle-us=0.000 vkQueueWaitIdle-called-ns=0.0 vkQueueWaitIdle-called-us=0.000 signalFinalize-ns=0.0 signalFinalize-us=0.000 bytes=897.9 command-buffers=1.22 externalFenceFdReason=0/0.000 post_wait_events=0/0.000 post_wait_sync_fds=0/0.000 waitIdleSubmits=0/0.000 temporarySyncFdWaits=115/0.958 temporarySyncFdConsumes=115/0.958 syncFdWaitErrors=0/0.000 async=1 aux=0
MESA: info: udroid Zink submit count=3000 setup-us(avg)=5 end-cmdbuf-us(avg)=8 queue-lock-us(avg)=0 queue-submit-us(avg)=2604 housekeeping-us(avg)=4084 finish-us(avg)=6
MESA: info: udroid Zink sync batch count=3000 pre-end-us(avg)=5 end-batch-us(avg)=2008 submit-wait-us(avg)=6919 restart-us(avg)=1239
MESA: info: udroid gfxstream-get-semaphore-fd externalSync samples=120 vkGetSemaphoreGOOGLE-ns=2437773.6 vkGetSemaphoreGOOGLE-us=2437.774 acquireSync-ns=918392.3 acquireSync-us=918.392 vkGetSemaphoreGOOGLEFailures=0 acquireSyncFailures=0
MESA: info: udroid Zink dmabuf-semaphore-import samples=120 GetSemaphoreFdKHR-ns=3372223.6 GetSemaphoreFdKHR-us=3372.224 dmabufFdAcquire-ns=22071.6 dmabufFdAcquire-us=22.072 DMA_BUF_IOCTL_IMPORT_SYNC_FILE-ns=503098.6 DMA_BUF_IOCTL_IMPORT_SYNC_FILE-us=503.099 getSemaphoreFdFailures=0/0.000 dmabufFdAcquireAttempts=120/1.000 dmabufFdAcquireSuccesses=120/1.000 resourceExportAttempts=120/1.000 importSyncFileCalls=120/1.000 importSyncFileFailures=0/0.000
MESA: info: udroid Zink fence flush count=2880 prepare-us(avg)=0 semaphore-us(avg)=637 dispatch-us(avg)=10167 fence-setup-us(avg)=4 trailing-wait-us(avg)=0
MESA: info: udroid DRI native-fence create count=2880 glthread-us(avg)=1 st-flush-us(avg)=12248
MESA: info: udroid gfxstream-get-semaphore-fd externalSync samples=120 vkGetSemaphoreGOOGLE-ns=688855.1 vkGetSemaphoreGOOGLE-us=688.855 acquireSync-ns=836869.6 acquireSync-us=836.870 vkGetSemaphoreGOOGLEFailures=0 acquireSyncFailures=0
MESA: info: udroid gfxstream-submit samples=120 staging-us=1811.0 encode-us=1039.4 prepare-us=331.7 submit-us=369.1 post-us=325.0 postLookup-ns=323865.1 postLookup-us=323.865 vkQueueWaitIdle-ns=0.0 vkQueueWaitIdle-us=0.000 vkQueueWaitIdle-called-ns=0.0 vkQueueWaitIdle-called-us=0.000 signalFinalize-ns=0.0 signalFinalize-us=0.000 bytes=888.2 command-buffers=1.17 externalFenceFdReason=0/0.000 post_wait_events=0/0.000 post_wait_sync_fds=0/0.000 waitIdleSubmits=0/0.000 temporarySyncFdWaits=114/0.950 temporarySyncFdConsumes=114/0.950 syncFdWaitErrors=0/0.000 async=1 aux=0
MESA: info: udroid Zink submit count=3120 setup-us(avg)=5 end-cmdbuf-us(avg)=8 queue-lock-us(avg)=0 queue-submit-us(avg)=2615 housekeeping-us(avg)=4098 finish-us(avg)=6
MESA: info: udroid Zink sync batch count=3120 pre-end-us(avg)=5 end-batch-us(avg)=2006 submit-wait-us(avg)=6945 restart-us(avg)=1239
MESA: info: udroid gfxstream-get-semaphore-fd externalSync samples=120 vkGetSemaphoreGOOGLE-ns=2634152.9 vkGetSemaphoreGOOGLE-us=2634.153 acquireSync-ns=854268.1 acquireSync-us=854.268 vkGetSemaphoreGOOGLEFailures=0 acquireSyncFailures=0
MESA: info: udroid Zink dmabuf-semaphore-import samples=120 GetSemaphoreFdKHR-ns=3505681.6 GetSemaphoreFdKHR-us=3505.682 dmabufFdAcquire-ns=22786.5 dmabufFdAcquire-us=22.786 DMA_BUF_IOCTL_IMPORT_SYNC_FILE-ns=420284.0 DMA_BUF_IOCTL_IMPORT_SYNC_FILE-us=420.284 getSemaphoreFdFailures=0/0.000 dmabufFdAcquireAttempts=120/1.000 dmabufFdAcquireSuccesses=120/1.000 resourceExportAttempts=120/1.000 importSyncFileCalls=120/1.000 importSyncFileFailures=0/0.000
MESA: info: udroid Zink fence flush count=3000 prepare-us(avg)=0 semaphore-us(avg)=641 dispatch-us(avg)=10167 fence-setup-us(avg)=4 trailing-wait-us(avg)=0
MESA: info: udroid DRI native-fence create count=3000 glthread-us(avg)=1 st-flush-us(avg)=12262
MESA: info: udroid gfxstream-get-semaphore-fd externalSync samples=120 vkGetSemaphoreGOOGLE-ns=681161.5 vkGetSemaphoreGOOGLE-us=681.162 acquireSync-ns=823287.7 acquireSync-us=823.288 vkGetSemaphoreGOOGLEFailures=0 acquireSyncFailures=0
MESA: info: udroid gfxstream-submit samples=120 staging-us=1289.0 encode-us=795.3 prepare-us=211.5 submit-us=215.8 post-us=201.8 postLookup-ns=201231.9 postLookup-us=201.232 vkQueueWaitIdle-ns=0.0 vkQueueWaitIdle-us=0.000 vkQueueWaitIdle-called-ns=0.0 vkQueueWaitIdle-called-us=0.000 signalFinalize-ns=0.0 signalFinalize-us=0.000 bytes=890.2 command-buffers=1.21 externalFenceFdReason=0/0.000 post_wait_events=0/0.000 post_wait_sync_fds=0/0.000 waitIdleSubmits=0/0.000 temporarySyncFdWaits=114/0.950 temporarySyncFdConsumes=114/0.950 syncFdWaitErrors=0/0.000 async=1 aux=0
MESA: info: udroid Zink submit count=3240 setup-us(avg)=5 end-cmdbuf-us(avg)=8 queue-lock-us(avg)=0 queue-submit-us(avg)=2590 housekeeping-us(avg)=4063 finish-us(avg)=6
MESA: info: udroid Zink sync batch count=3240 pre-end-us(avg)=5 end-batch-us(avg)=1984 submit-wait-us(avg)=6882 restart-us(avg)=1225
MESA: info: udroid gfxstream-get-semaphore-fd externalSync samples=120 vkGetSemaphoreGOOGLE-ns=2103264.0 vkGetSemaphoreGOOGLE-us=2103.264 acquireSync-ns=675678.5 acquireSync-us=675.679 vkGetSemaphoreGOOGLEFailures=0 acquireSyncFailures=0
MESA: info: udroid Zink dmabuf-semaphore-import samples=120 GetSemaphoreFdKHR-ns=2792425.5 GetSemaphoreFdKHR-us=2792.426 dmabufFdAcquire-ns=18007.0 dmabufFdAcquire-us=18.007 DMA_BUF_IOCTL_IMPORT_SYNC_FILE-ns=390497.9 DMA_BUF_IOCTL_IMPORT_SYNC_FILE-us=390.498 getSemaphoreFdFailures=0/0.000 dmabufFdAcquireAttempts=120/1.000 dmabufFdAcquireSuccesses=120/1.000 resourceExportAttempts=120/1.000 importSyncFileCalls=120/1.000 importSyncFileFailures=0/0.000
MESA: info: udroid Zink fence flush count=3120 prepare-us(avg)=0 semaphore-us(avg)=640 dispatch-us(avg)=10080 fence-setup-us(avg)=4 trailing-wait-us(avg)=0
MESA: info: udroid DRI native-fence create count=3120 glthread-us(avg)=1 st-flush-us(avg)=12158
MESA: info: udroid gfxstream-get-semaphore-fd externalSync samples=120 vkGetSemaphoreGOOGLE-ns=486588.2 vkGetSemaphoreGOOGLE-us=486.588 acquireSync-ns=566500.3 acquireSync-us=566.500 vkGetSemaphoreGOOGLEFailures=0 acquireSyncFailures=0
MESA: info: udroid gfxstream-submit samples=120 staging-us=1751.7 encode-us=978.4 prepare-us=386.3 submit-us=443.0 post-us=281.9 postLookup-ns=280844.5 postLookup-us=280.844 vkQueueWaitIdle-ns=0.0 vkQueueWaitIdle-us=0.000 vkQueueWaitIdle-called-ns=0.0 vkQueueWaitIdle-called-us=0.000 signalFinalize-ns=0.0 signalFinalize-us=0.000 bytes=889.8 command-buffers=1.20 externalFenceFdReason=0/0.000 post_wait_events=0/0.000 post_wait_sync_fds=0/0.000 waitIdleSubmits=0/0.000 temporarySyncFdWaits=114/0.950 temporarySyncFdConsumes=114/0.950 syncFdWaitErrors=0/0.000 async=1 aux=0
MESA: info: udroid Zink submit count=3360 setup-us(avg)=5 end-cmdbuf-us(avg)=8 queue-lock-us(avg)=0 queue-submit-us(avg)=2602 housekeeping-us(avg)=4068 finish-us(avg)=6
MESA: info: udroid Zink sync batch count=3360 pre-end-us(avg)=5 end-batch-us(avg)=2009 submit-wait-us(avg)=6901 restart-us(avg)=1227
MESA: info: udroid gfxstream-get-semaphore-fd externalSync samples=120 vkGetSemaphoreGOOGLE-ns=2681567.7 vkGetSemaphoreGOOGLE-us=2681.568 acquireSync-ns=981872.6 acquireSync-us=981.873 vkGetSemaphoreGOOGLEFailures=0 acquireSyncFailures=0
MESA: info: udroid Zink dmabuf-semaphore-import samples=120 GetSemaphoreFdKHR-ns=3679559.0 GetSemaphoreFdKHR-us=3679.559 dmabufFdAcquire-ns=23738.6 dmabufFdAcquire-us=23.739 DMA_BUF_IOCTL_IMPORT_SYNC_FILE-ns=477537.4 DMA_BUF_IOCTL_IMPORT_SYNC_FILE-us=477.537 getSemaphoreFdFailures=0/0.000 dmabufFdAcquireAttempts=120/1.000 dmabufFdAcquireSuccesses=120/1.000 resourceExportAttempts=120/1.000 importSyncFileCalls=120/1.000 importSyncFileFailures=0/0.000
MESA: info: udroid Zink fence flush count=3240 prepare-us(avg)=0 semaphore-us(avg)=640 dispatch-us(avg)=10141 fence-setup-us(avg)=4 trailing-wait-us(avg)=0
MESA: info: udroid DRI native-fence create count=3240 glthread-us(avg)=1 st-flush-us(avg)=12218
MESA: info: udroid gfxstream-get-semaphore-fd externalSync samples=120 vkGetSemaphoreGOOGLE-ns=726084.0 vkGetSemaphoreGOOGLE-us=726.084 acquireSync-ns=812529.4 acquireSync-us=812.529 vkGetSemaphoreGOOGLEFailures=0 acquireSyncFailures=0
MESA: info: udroid gfxstream-submit samples=120 staging-us=1922.1 encode-us=1073.4 prepare-us=431.6 submit-us=437.2 post-us=352.3 postLookup-ns=351164.1 postLookup-us=351.164 vkQueueWaitIdle-ns=0.0 vkQueueWaitIdle-us=0.000 vkQueueWaitIdle-called-ns=0.0 vkQueueWaitIdle-called-us=0.000 signalFinalize-ns=0.0 signalFinalize-us=0.000 bytes=895.9 command-buffers=1.18 externalFenceFdReason=0/0.000 post_wait_events=0/0.000 post_wait_sync_fds=0/0.000 waitIdleSubmits=0/0.000 temporarySyncFdWaits=115/0.958 temporarySyncFdConsumes=115/0.958 syncFdWaitErrors=0/0.000 async=1 aux=0
MESA: info: udroid Zink submit count=3480 setup-us(avg)=4 end-cmdbuf-us(avg)=8 queue-lock-us(avg)=0 queue-submit-us(avg)=2622 housekeeping-us(avg)=4092 finish-us(avg)=6
MESA: info: udroid Zink sync batch count=3480 pre-end-us(avg)=5 end-batch-us(avg)=2000 submit-wait-us(avg)=6945 restart-us(avg)=1227
MESA: info: udroid gfxstream-get-semaphore-fd externalSync samples=120 vkGetSemaphoreGOOGLE-ns=2687530.2 vkGetSemaphoreGOOGLE-us=2687.530 acquireSync-ns=1028543.9 acquireSync-us=1028.544 vkGetSemaphoreGOOGLEFailures=0 acquireSyncFailures=0
MESA: info: udroid Zink dmabuf-semaphore-import samples=120 GetSemaphoreFdKHR-ns=3736481.4 GetSemaphoreFdKHR-us=3736.481 dmabufFdAcquire-ns=26410.9 dmabufFdAcquire-us=26.411 DMA_BUF_IOCTL_IMPORT_SYNC_FILE-ns=518890.1 DMA_BUF_IOCTL_IMPORT_SYNC_FILE-us=518.890 getSemaphoreFdFailures=0/0.000 dmabufFdAcquireAttempts=120/1.000 dmabufFdAcquireSuccesses=120/1.000 resourceExportAttempts=120/1.000 importSyncFileCalls=120/1.000 importSyncFileFailures=0/0.000
MESA: info: udroid Zink fence flush count=3360 prepare-us(avg)=0 semaphore-us(avg)=642 dispatch-us(avg)=10183 fence-setup-us(avg)=4 trailing-wait-us(avg)=0
MESA: info: udroid DRI native-fence create count=3360 glthread-us(avg)=1 st-flush-us(avg)=12260
MESA: info: udroid gfxstream-get-semaphore-fd externalSync samples=120 vkGetSemaphoreGOOGLE-ns=652189.1 vkGetSemaphoreGOOGLE-us=652.189 acquireSync-ns=967023.1 acquireSync-us=967.023 vkGetSemaphoreGOOGLEFailures=0 acquireSyncFailures=0
MESA: info: udroid gfxstream-submit samples=120 staging-us=1721.6 encode-us=971.9 prepare-us=391.2 submit-us=359.7 post-us=279.2 postLookup-ns=278125.7 postLookup-us=278.126 vkQueueWaitIdle-ns=0.0 vkQueueWaitIdle-us=0.000 vkQueueWaitIdle-called-ns=0.0 vkQueueWaitIdle-called-us=0.000 signalFinalize-ns=0.0 signalFinalize-us=0.000 bytes=890.6 command-buffers=1.22 externalFenceFdReason=0/0.000 post_wait_events=0/0.000 post_wait_sync_fds=0/0.000 waitIdleSubmits=0/0.000 temporarySyncFdWaits=114/0.950 temporarySyncFdConsumes=114/0.950 syncFdWaitErrors=0/0.000 async=1 aux=0
MESA: info: udroid Zink submit count=3600 setup-us(avg)=5 end-cmdbuf-us(avg)=8 queue-lock-us(avg)=0 queue-submit-us(avg)=2628 housekeeping-us(avg)=4105 finish-us(avg)=6
MESA: info: udroid Zink sync batch count=3600 pre-end-us(avg)=5 end-batch-us(avg)=2015 submit-wait-us(avg)=6966 restart-us(avg)=1225
MESA: info: udroid gfxstream-get-semaphore-fd externalSync samples=120 vkGetSemaphoreGOOGLE-ns=2702716.4 vkGetSemaphoreGOOGLE-us=2702.716 acquireSync-ns=999402.2 acquireSync-us=999.402 vkGetSemaphoreGOOGLEFailures=0 acquireSyncFailures=0
MESA: info: udroid Zink dmabuf-semaphore-import samples=120 GetSemaphoreFdKHR-ns=3721306.0 GetSemaphoreFdKHR-us=3721.306 dmabufFdAcquire-ns=26313.2 dmabufFdAcquire-us=26.313 DMA_BUF_IOCTL_IMPORT_SYNC_FILE-ns=501596.7 DMA_BUF_IOCTL_IMPORT_SYNC_FILE-us=501.597 getSemaphoreFdFailures=0/0.000 dmabufFdAcquireAttempts=120/1.000 dmabufFdAcquireSuccesses=120/1.000 resourceExportAttempts=120/1.000 importSyncFileCalls=120/1.000 importSyncFileFailures=0/0.000
MESA: info: udroid Zink fence flush count=3480 prepare-us(avg)=0 semaphore-us(avg)=644 dispatch-us(avg)=10218 fence-setup-us(avg)=4 trailing-wait-us(avg)=0
MESA: info: udroid DRI native-fence create count=3480 glthread-us(avg)=1 st-flush-us(avg)=12315
MESA: info: udroid gfxstream-get-semaphore-fd externalSync samples=120 vkGetSemaphoreGOOGLE-ns=623341.9 vkGetSemaphoreGOOGLE-us=623.342 acquireSync-ns=777519.1 acquireSync-us=777.519 vkGetSemaphoreGOOGLEFailures=0 acquireSyncFailures=0
MESA: info: udroid gfxstream-submit samples=120 staging-us=1777.2 encode-us=1042.3 prepare-us=398.7 submit-us=420.3 post-us=323.5 postLookup-ns=322308.0 postLookup-us=322.308 vkQueueWaitIdle-ns=0.0 vkQueueWaitIdle-us=0.000 vkQueueWaitIdle-called-ns=0.0 vkQueueWaitIdle-called-us=0.000 signalFinalize-ns=0.0 signalFinalize-us=0.000 bytes=888.6 command-buffers=1.18 externalFenceFdReason=0/0.000 post_wait_events=0/0.000 post_wait_sync_fds=0/0.000 waitIdleSubmits=0/0.000 temporarySyncFdWaits=114/0.950 temporarySyncFdConsumes=114/0.950 syncFdWaitErrors=0/0.000 async=1 aux=0
MESA: info: udroid Zink submit count=3720 setup-us(avg)=5 end-cmdbuf-us(avg)=8 queue-lock-us(avg)=0 queue-submit-us(avg)=2639 housekeeping-us(avg)=4112 finish-us(avg)=6
MESA: info: udroid Zink sync batch count=3720 pre-end-us(avg)=5 end-batch-us(avg)=2033 submit-wait-us(avg)=6987 restart-us(avg)=1229
MESA: info: udroid gfxstream-get-semaphore-fd externalSync samples=120 vkGetSemaphoreGOOGLE-ns=2618603.8 vkGetSemaphoreGOOGLE-us=2618.604 acquireSync-ns=901361.4 acquireSync-us=901.361 vkGetSemaphoreGOOGLEFailures=0 acquireSyncFailures=0
MESA: info: udroid Zink dmabuf-semaphore-import samples=120 GetSemaphoreFdKHR-ns=3535297.4 GetSemaphoreFdKHR-us=3535.297 dmabufFdAcquire-ns=25229.2 dmabufFdAcquire-us=25.229 DMA_BUF_IOCTL_IMPORT_SYNC_FILE-ns=557854.6 DMA_BUF_IOCTL_IMPORT_SYNC_FILE-us=557.855 getSemaphoreFdFailures=0/0.000 dmabufFdAcquireAttempts=120/1.000 dmabufFdAcquireSuccesses=120/1.000 resourceExportAttempts=120/1.000 importSyncFileCalls=120/1.000 importSyncFileFailures=0/0.000
MESA: info: udroid Zink fence flush count=3600 prepare-us(avg)=0 semaphore-us(avg)=646 dispatch-us(avg)=10251 fence-setup-us(avg)=4 trailing-wait-us(avg)=0
MESA: info: udroid DRI native-fence create count=3600 glthread-us(avg)=1 st-flush-us(avg)=12349
MESA: info: udroid gfxstream-get-semaphore-fd externalSync samples=120 vkGetSemaphoreGOOGLE-ns=706756.7 vkGetSemaphoreGOOGLE-us=706.757 acquireSync-ns=797015.0 acquireSync-us=797.015 vkGetSemaphoreGOOGLEFailures=0 acquireSyncFailures=0
MESA: info: udroid gfxstream-submit samples=120 staging-us=1752.5 encode-us=1013.2 prepare-us=355.0 submit-us=371.3 post-us=308.1 postLookup-ns=306898.0 postLookup-us=306.898 vkQueueWaitIdle-ns=0.0 vkQueueWaitIdle-us=0.000 vkQueueWaitIdle-called-ns=0.0 vkQueueWaitIdle-called-us=0.000 signalFinalize-ns=0.0 signalFinalize-us=0.000 bytes=897.1 command-buffers=1.20 externalFenceFdReason=0/0.000 post_wait_events=0/0.000 post_wait_sync_fds=0/0.000 waitIdleSubmits=0/0.000 temporarySyncFdWaits=115/0.958 temporarySyncFdConsumes=115/0.958 syncFdWaitErrors=0/0.000 async=1 aux=0
MESA: info: udroid Zink submit count=3840 setup-us(avg)=5 end-cmdbuf-us(avg)=8 queue-lock-us(avg)=0 queue-submit-us(avg)=2645 housekeeping-us(avg)=4129 finish-us(avg)=6
MESA: info: udroid Zink sync batch count=3840 pre-end-us(avg)=5 end-batch-us(avg)=2026 submit-wait-us(avg)=7013 restart-us(avg)=1234
MESA: info: udroid gfxstream-get-semaphore-fd externalSync samples=120 vkGetSemaphoreGOOGLE-ns=2381903.0 vkGetSemaphoreGOOGLE-us=2381.903 acquireSync-ns=1022892.6 acquireSync-us=1022.893 vkGetSemaphoreGOOGLEFailures=0 acquireSyncFailures=0
MESA: info: udroid Zink dmabuf-semaphore-import samples=120 GetSemaphoreFdKHR-ns=3418546.9 GetSemaphoreFdKHR-us=3418.547 dmabufFdAcquire-ns=20742.1 dmabufFdAcquire-us=20.742 DMA_BUF_IOCTL_IMPORT_SYNC_FILE-ns=526917.1 DMA_BUF_IOCTL_IMPORT_SYNC_FILE-us=526.917 getSemaphoreFdFailures=0/0.000 dmabufFdAcquireAttempts=120/1.000 dmabufFdAcquireSuccesses=120/1.000 resourceExportAttempts=120/1.000 importSyncFileCalls=120/1.000 importSyncFileFailures=0/0.000
MESA: info: udroid Zink fence flush count=3720 prepare-us(avg)=0 semaphore-us(avg)=645 dispatch-us(avg)=10238 fence-setup-us(avg)=4 trailing-wait-us(avg)=0
MESA: info: udroid DRI native-fence create count=3720 glthread-us(avg)=1 st-flush-us(avg)=12328
MESA: info: udroid gfxstream-get-semaphore-fd externalSync samples=120 vkGetSemaphoreGOOGLE-ns=679254.5 vkGetSemaphoreGOOGLE-us=679.254 acquireSync-ns=694554.3 acquireSync-us=694.554 vkGetSemaphoreGOOGLEFailures=0 acquireSyncFailures=0
MESA: info: udroid gfxstream-submit samples=120 staging-us=1403.4 encode-us=827.9 prepare-us=325.8 submit-us=355.6 post-us=266.6 postLookup-ns=265766.1 postLookup-us=265.766 vkQueueWaitIdle-ns=0.0 vkQueueWaitIdle-us=0.000 vkQueueWaitIdle-called-ns=0.0 vkQueueWaitIdle-called-us=0.000 signalFinalize-ns=0.0 signalFinalize-us=0.000 bytes=890.2 command-buffers=1.21 externalFenceFdReason=0/0.000 post_wait_events=0/0.000 post_wait_sync_fds=0/0.000 waitIdleSubmits=0/0.000 temporarySyncFdWaits=114/0.950 temporarySyncFdConsumes=114/0.950 syncFdWaitErrors=0/0.000 async=1 aux=0
MESA: info: udroid Zink submit count=3960 setup-us(avg)=5 end-cmdbuf-us(avg)=8 queue-lock-us(avg)=0 queue-submit-us(avg)=2637 housekeeping-us(avg)=4122 finish-us(avg)=6
MESA: info: udroid Zink sync batch count=3960 pre-end-us(avg)=5 end-batch-us(avg)=2021 submit-wait-us(avg)=6997 restart-us(avg)=1227
MESA: info: udroid gfxstream-get-semaphore-fd externalSync samples=120 vkGetSemaphoreGOOGLE-ns=2304649.8 vkGetSemaphoreGOOGLE-us=2304.650 acquireSync-ns=934911.1 acquireSync-us=934.911 vkGetSemaphoreGOOGLEFailures=0 acquireSyncFailures=0
MESA: info: udroid Zink dmabuf-semaphore-import samples=120 GetSemaphoreFdKHR-ns=3254486.4 GetSemaphoreFdKHR-us=3254.486 dmabufFdAcquire-ns=20702.1 dmabufFdAcquire-us=20.702 DMA_BUF_IOCTL_IMPORT_SYNC_FILE-ns=422206.2 DMA_BUF_IOCTL_IMPORT_SYNC_FILE-us=422.206 getSemaphoreFdFailures=0/0.000 dmabufFdAcquireAttempts=120/1.000 dmabufFdAcquireSuccesses=120/1.000 resourceExportAttempts=120/1.000 importSyncFileCalls=120/1.000 importSyncFileFailures=0/0.000
MESA: info: udroid Zink fence flush count=3840 prepare-us(avg)=0 semaphore-us(avg)=645 dispatch-us(avg)=10235 fence-setup-us(avg)=4 trailing-wait-us(avg)=0
MESA: info: udroid DRI native-fence create count=3840 glthread-us(avg)=1 st-flush-us(avg)=12322
MESA: info: udroid gfxstream-get-semaphore-fd externalSync samples=120 vkGetSemaphoreGOOGLE-ns=464943.8 vkGetSemaphoreGOOGLE-us=464.944 acquireSync-ns=789377.5 acquireSync-us=789.378 vkGetSemaphoreGOOGLEFailures=0 acquireSyncFailures=0
MESA: info: udroid gfxstream-submit samples=120 staging-us=1668.7 encode-us=1022.7 prepare-us=348.9 submit-us=356.7 post-us=284.6 postLookup-ns=283682.9 postLookup-us=283.683 vkQueueWaitIdle-ns=0.0 vkQueueWaitIdle-us=0.000 vkQueueWaitIdle-called-ns=0.0 vkQueueWaitIdle-called-us=0.000 signalFinalize-ns=0.0 signalFinalize-us=0.000 bytes=888.6 command-buffers=1.18 externalFenceFdReason=0/0.000 post_wait_events=0/0.000 post_wait_sync_fds=0/0.000 waitIdleSubmits=0/0.000 temporarySyncFdWaits=114/0.950 temporarySyncFdConsumes=114/0.950 syncFdWaitErrors=0/0.000 async=1 aux=0
MESA: info: udroid Zink submit count=4080 setup-us(avg)=5 end-cmdbuf-us(avg)=8 queue-lock-us(avg)=0 queue-submit-us(avg)=2639 housekeeping-us(avg)=4119 finish-us(avg)=6
MESA: info: udroid Zink sync batch count=4080 pre-end-us(avg)=5 end-batch-us(avg)=2014 submit-wait-us(avg)=6996 restart-us(avg)=1223
MESA: info: udroid gfxstream-get-semaphore-fd externalSync samples=120 vkGetSemaphoreGOOGLE-ns=2560924.2 vkGetSemaphoreGOOGLE-us=2560.924 acquireSync-ns=974803.7 acquireSync-us=974.804 vkGetSemaphoreGOOGLEFailures=0 acquireSyncFailures=0
MESA: info: udroid Zink dmabuf-semaphore-import samples=120 GetSemaphoreFdKHR-ns=3552108.1 GetSemaphoreFdKHR-us=3552.108 dmabufFdAcquire-ns=22535.2 dmabufFdAcquire-us=22.535 DMA_BUF_IOCTL_IMPORT_SYNC_FILE-ns=556704.4 DMA_BUF_IOCTL_IMPORT_SYNC_FILE-us=556.704 getSemaphoreFdFailures=0/0.000 dmabufFdAcquireAttempts=120/1.000 dmabufFdAcquireSuccesses=120/1.000 resourceExportAttempts=120/1.000 importSyncFileCalls=120/1.000 importSyncFileFailures=0/0.000
MESA: info: udroid Zink fence flush count=3960 prepare-us(avg)=0 semaphore-us(avg)=647 dispatch-us(avg)=10230 fence-setup-us(avg)=4 trailing-wait-us(avg)=0
MESA: info: udroid DRI native-fence create count=3960 glthread-us(avg)=1 st-flush-us(avg)=12332
MESA: info: udroid gfxstream-get-semaphore-fd externalSync samples=120 vkGetSemaphoreGOOGLE-ns=618731.3 vkGetSemaphoreGOOGLE-us=618.731 acquireSync-ns=784014.9 acquireSync-us=784.015 vkGetSemaphoreGOOGLEFailures=0 acquireSyncFailures=0
MESA: info: udroid gfxstream-submit samples=120 staging-us=1537.0 encode-us=898.0 prepare-us=296.7 submit-us=345.7 post-us=265.4 postLookup-ns=264355.1 postLookup-us=264.355 vkQueueWaitIdle-ns=0.0 vkQueueWaitIdle-us=0.000 vkQueueWaitIdle-called-ns=0.0 vkQueueWaitIdle-called-us=0.000 signalFinalize-ns=0.0 signalFinalize-us=0.000 bytes=890.2 command-buffers=1.21 externalFenceFdReason=0/0.000 post_wait_events=0/0.000 post_wait_sync_fds=0/0.000 waitIdleSubmits=0/0.000 temporarySyncFdWaits=114/0.950 temporarySyncFdConsumes=114/0.950 syncFdWaitErrors=0/0.000 async=1 aux=0
MESA: info: udroid Zink submit count=4200 setup-us(avg)=5 end-cmdbuf-us(avg)=8 queue-lock-us(avg)=0 queue-submit-us(avg)=2636 housekeeping-us(avg)=4126 finish-us(avg)=6
MESA: info: udroid Zink sync batch count=4200 pre-end-us(avg)=5 end-batch-us(avg)=2027 submit-wait-us(avg)=7000 restart-us(avg)=1223
MESA: info: udroid gfxstream-get-semaphore-fd externalSync samples=120 vkGetSemaphoreGOOGLE-ns=2536292.5 vkGetSemaphoreGOOGLE-us=2536.292 acquireSync-ns=1013611.5 acquireSync-us=1013.612 vkGetSemaphoreGOOGLEFailures=0 acquireSyncFailures=0
MESA: info: udroid Zink dmabuf-semaphore-import samples=120 GetSemaphoreFdKHR-ns=3566216.7 GetSemaphoreFdKHR-us=3566.217 dmabufFdAcquire-ns=24250.0 dmabufFdAcquire-us=24.250 DMA_BUF_IOCTL_IMPORT_SYNC_FILE-ns=437039.8 DMA_BUF_IOCTL_IMPORT_SYNC_FILE-us=437.040 getSemaphoreFdFailures=0/0.000 dmabufFdAcquireAttempts=120/1.000 dmabufFdAcquireSuccesses=120/1.000 resourceExportAttempts=120/1.000 importSyncFileCalls=120/1.000 importSyncFileFailures=0/0.000
MESA: info: udroid Zink fence flush count=4080 prepare-us(avg)=0 semaphore-us(avg)=647 dispatch-us(avg)=10258 fence-setup-us(avg)=4 trailing-wait-us(avg)=0
MESA: info: udroid DRI native-fence create count=4080 glthread-us(avg)=1 st-flush-us(avg)=12359
MESA: info: udroid gfxstream-get-semaphore-fd externalSync samples=120 vkGetSemaphoreGOOGLE-ns=706203.3 vkGetSemaphoreGOOGLE-us=706.203 acquireSync-ns=811405.8 acquireSync-us=811.406 vkGetSemaphoreGOOGLEFailures=0 acquireSyncFailures=0
MESA: info: udroid gfxstream-submit samples=120 staging-us=1839.4 encode-us=1063.5 prepare-us=386.2 submit-us=444.6 post-us=338.2 postLookup-ns=337081.9 postLookup-us=337.082 vkQueueWaitIdle-ns=0.0 vkQueueWaitIdle-us=0.000 vkQueueWaitIdle-called-ns=0.0 vkQueueWaitIdle-called-us=0.000 signalFinalize-ns=0.0 signalFinalize-us=0.000 bytes=896.7 command-buffers=1.19 externalFenceFdReason=0/0.000 post_wait_events=0/0.000 post_wait_sync_fds=0/0.000 waitIdleSubmits=0/0.000 temporarySyncFdWaits=115/0.958 temporarySyncFdConsumes=115/0.958 syncFdWaitErrors=0/0.000 async=1 aux=0
MESA: info: udroid Zink submit count=4320 setup-us(avg)=5 end-cmdbuf-us(avg)=8 queue-lock-us(avg)=0 queue-submit-us(avg)=2648 housekeeping-us(avg)=4132 finish-us(avg)=5
MESA: info: udroid Zink sync batch count=4320 pre-end-us(avg)=5 end-batch-us(avg)=2037 submit-wait-us(avg)=7020 restart-us(avg)=1225
MESA: info: udroid gfxstream-get-semaphore-fd externalSync samples=120 vkGetSemaphoreGOOGLE-ns=2484458.4 vkGetSemaphoreGOOGLE-us=2484.458 acquireSync-ns=892491.3 acquireSync-us=892.491 vkGetSemaphoreGOOGLEFailures=0 acquireSyncFailures=0
MESA: info: udroid Zink dmabuf-semaphore-import samples=120 GetSemaphoreFdKHR-ns=3396823.1 GetSemaphoreFdKHR-us=3396.823 dmabufFdAcquire-ns=25387.9 dmabufFdAcquire-us=25.388 DMA_BUF_IOCTL_IMPORT_SYNC_FILE-ns=423912.6 DMA_BUF_IOCTL_IMPORT_SYNC_FILE-us=423.913 getSemaphoreFdFailures=0/0.000 dmabufFdAcquireAttempts=120/1.000 dmabufFdAcquireSuccesses=120/1.000 resourceExportAttempts=120/1.000 importSyncFileCalls=120/1.000 importSyncFileFailures=0/0.000
MESA: info: udroid Zink fence flush count=4200 prepare-us(avg)=0 semaphore-us(avg)=647 dispatch-us(avg)=10277 fence-setup-us(avg)=4 trailing-wait-us(avg)=0
MESA: info: udroid DRI native-fence create count=4200 glthread-us(avg)=1 st-flush-us(avg)=12375
MESA: info: udroid gfxstream-get-semaphore-fd externalSync samples=120 vkGetSemaphoreGOOGLE-ns=693963.3 vkGetSemaphoreGOOGLE-us=693.963 acquireSync-ns=852635.7 acquireSync-us=852.636 vkGetSemaphoreGOOGLEFailures=0 acquireSyncFailures=0
MESA: info: udroid gfxstream-submit samples=120 staging-us=1581.3 encode-us=874.0 prepare-us=312.3 submit-us=330.1 post-us=311.5 postLookup-ns=310329.5 postLookup-us=310.330 vkQueueWaitIdle-ns=0.0 vkQueueWaitIdle-us=0.000 vkQueueWaitIdle-called-ns=0.0 vkQueueWaitIdle-called-us=0.000 signalFinalize-ns=0.0 signalFinalize-us=0.000 bytes=889.0 command-buffers=1.18 externalFenceFdReason=0/0.000 post_wait_events=0/0.000 post_wait_sync_fds=0/0.000 waitIdleSubmits=0/0.000 temporarySyncFdWaits=114/0.950 temporarySyncFdConsumes=114/0.950 syncFdWaitErrors=0/0.000 async=1 aux=0
MESA: info: udroid Zink submit count=4440 setup-us(avg)=5 end-cmdbuf-us(avg)=8 queue-lock-us(avg)=0 queue-submit-us(avg)=2646 housekeeping-us(avg)=4134 finish-us(avg)=5
MESA: info: udroid Zink sync batch count=4440 pre-end-us(avg)=5 end-batch-us(avg)=2035 submit-wait-us(avg)=7019 restart-us(avg)=1229
simple-shm exiting
